metric,treatment_a,treatment_b,delta,p_value
avg_waiting,a2c__mask_false,maskable_ppo__mask_true,49.467980,0.003906
avg_waiting,a2c__mask_false,maskable_ppo__mask_true,110.473295,0.003906
avg_waiting,a2c__mask_false,maskable_ppo__mask_true,171.478610,0.003906
avg_waiting,a2c__mask_false,maskable_ppo__mask_true,232.483926,0.003906
avg_waiting,a2c__mask_false,maskable_ppo__mask_true,293.489241,0.003906
avg_waiting,a2c__mask_false,maskable_ppo__mask_true,354.494556,0.019531
avg_waiting,a2c__mask_false,maskable_ppo__mask_true,415.499872,0.037109
avg_waiting,a2c__mask_false,maskable_ppo__mask_true,476.505187,0.037109
avg_waiting,a2c__mask_false,maskable_ppo__mask_true,537.510503,0.037109
avg_waiting,a2c__mask_false,maskable_ppo__mask_true,598.515818,0.037109
avg_waiting,a2c__mask_false,maskable_ppo__mask_true,659.521133,0.130859
avg_waiting,a2c__mask_false,maskable_ppo__mask_true,720.526449,0.921875
avg_waiting,a2c__mask_false,maskable_ppo__mask_true,781.531764,1.000000
avg_waiting,a2c__mask_false,maskable_ppo__mask_true,842.537080,1.000000
avg_waiting,a2c__mask_false,maskable_ppo__mask_true,903.542395,1.000000
avg_waiting,a2c__mask_false,maskable_ppo__mask_true,964.547710,1.000000
avg_waiting,a2c__mask_false,maskable_ppo__mask_true,1025.553026,1.000000
avg_waiting,a2c__mask_false,maskable_ppo__mask_true,1086.558341,1.000000
avg_waiting,a2c__mask_false,maskable_ppo__mask_true,1147.563656,1.000000
avg_waiting,a2c__mask_false,maskable_ppo__mask_true,1208.568972,1.000000
avg_waiting,a2c__mask_false,maskable_ppo__mask_true,1269.574287,1.000000
avg_waiting,a2c__mask_false,maskable_ppo__mask_true,1330.579603,1.000000
avg_waiting,a2c__mask_false,maskable_ppo__mask_true,1391.584918,1.000000
avg_waiting,a2c__mask_false,maskable_ppo__mask_true,1452.590233,1.000000
avg_waiting,a2c__mask_false,maskable_ppo__mask_true,1513.595549,1.000000
avg_waiting,a2c__mask_false,maskable_ppo__mask_true,1574.600864,1.000000
avg_waiting,a2c__mask_false,maskable_ppo__mask_true,1635.606180,1.000000
avg_waiting,a2c__mask_false,maskable_ppo__mask_true,1696.611495,1.000000
avg_waiting,a2c__mask_false,maskable_ppo__mask_true,1757.616810,1.000000
avg_waiting,a2c__mask_false,maskable_ppo__mask_true,1818.622126,1.000000
avg_waiting,a2c__mask_false,maskable_ppo__mask_true,1879.627441,1.000000
avg_waiting,a2c__mask_false,maskable_ppo__mask_true,1940.632756,1.000000
avg_waiting,a2c__mask_false,maskable_ppo__mask_true,2001.638072,1.000000
avg_waiting,a2c__mask_false,maskable_ppo__mask_true,2062.643387,1.000000
avg_waiting,a2c__mask_false,maskable_ppo__mask_true,2123.648703,0.921875
avg_waiting,a2c__mask_false,maskable_ppo__mask_true,2184.654018,0.921875
avg_waiting,a2c__mask_false,maskable_ppo__mask_true,2245.659333,0.921875
avg_waiting,a2c__mask_false,maskable_ppo__mask_true,2306.664649,0.921875
avg_waiting,a2c__mask_false,maskable_ppo__mask_true,2367.669964,0.921875
avg_waiting,a2c__mask_false,maskable_ppo__mask_true,2428.675280,0.695312
avg_waiting,a2c__mask_false,maskable_ppo__mask_true,2489.680595,0.492188
avg_waiting,a2c__mask_false,maskable_ppo__mask_true,2550.685910,0.492188
avg_waiting,a2c__mask_false,maskable_ppo__mask_true,2611.691226,0.492188
avg_waiting,a2c__mask_false,maskable_ppo__mask_true,2672.696541,0.492188
avg_waiting,a2c__mask_false,maskable_ppo__mask_true,2733.701856,0.492188
avg_waiting,a2c__mask_false,maskable_ppo__mask_true,2794.707172,0.492188
avg_waiting,a2c__mask_false,maskable_ppo__mask_true,2855.712487,0.492188
avg_waiting,a2c__mask_false,maskable_ppo__mask_true,2916.717803,0.492188
avg_waiting,a2c__mask_false,maskable_ppo__mask_true,2977.723118,0.492188
avg_waiting,a2c__mask_false,maskable_ppo__mask_true,3038.728433,0.492188
avg_waiting,a2c__mask_false,maskable_ppo__mask_true,3099.733749,0.492188
avg_waiting,a2c__mask_false,maskable_ppo__mask_true,3160.739064,0.492188
avg_waiting,a2c__mask_false,maskable_ppo__mask_true,3221.744380,0.492188
avg_waiting,a2c__mask_false,maskable_ppo__mask_true,3282.749695,0.492188
avg_waiting,a2c__mask_false,maskable_ppo__mask_true,3343.755010,0.492188
avg_waiting,a2c__mask_false,maskable_ppo__mask_true,3404.760326,0.492188
avg_waiting,a2c__mask_false,maskable_ppo__mask_true,3465.765641,0.492188
avg_waiting,a2c__mask_false,maskable_ppo__mask_true,3526.770956,0.492188
avg_waiting,a2c__mask_false,maskable_ppo__mask_true,3587.776272,0.492188
avg_waiting,a2c__mask_false,maskable_ppo__mask_true,3648.781587,0.492188
avg_waiting,a2c__mask_false,maskable_ppo__mask_true,3709.786903,0.492188
avg_waiting,a2c__mask_false,maskable_ppo__mask_true,3770.792218,0.492188
avg_waiting,a2c__mask_false,maskable_ppo__mask_true,3831.797533,0.492188
avg_waiting,a2c__mask_false,maskable_ppo__mask_true,3892.802849,0.492188
avg_waiting,a2c__mask_false,maskable_ppo__mask_true,3953.808164,0.492188
avg_waiting,a2c__mask_false,maskable_ppo__mask_true,4014.813480,0.492188
avg_waiting,a2c__mask_false,maskable_ppo__mask_true,4075.818795,0.492188
avg_waiting,a2c__mask_false,maskable_ppo__mask_true,4136.824110,0.492188
avg_waiting,a2c__mask_false,maskable_ppo__mask_true,4197.829426,0.431641
avg_waiting,a2c__mask_false,maskable_ppo__mask_true,4258.834741,0.431641
avg_waiting,a2c__mask_false,maskable_ppo__mask_true,4319.840056,0.431641
avg_waiting,a2c__mask_false,maskable_ppo__mask_true,4380.845372,0.431641
avg_waiting,a2c__mask_false,maskable_ppo__mask_true,4441.850687,0.431641
avg_waiting,a2c__mask_false,maskable_ppo__mask_true,4502.856003,0.431641
avg_waiting,a2c__mask_false,maskable_ppo__mask_true,4563.861318,0.431641
avg_waiting,a2c__mask_false,maskable_ppo__mask_true,4624.866633,0.431641
avg_waiting,a2c__mask_false,maskable_ppo__mask_true,4685.871949,0.431641
avg_waiting,a2c__mask_false,maskable_ppo__mask_true,4746.877264,0.431641
avg_waiting,a2c__mask_false,maskable_ppo__mask_true,4807.882580,0.431641
avg_waiting,a2c__mask_false,maskable_ppo__mask_true,4868.887895,0.431641
avg_waiting,a2c__mask_false,maskable_ppo__mask_true,4929.893210,0.431641
avg_waiting,a2c__mask_false,maskable_ppo__mask_true,4990.898526,0.431641
avg_waiting,a2c__mask_false,maskable_ppo__mask_true,5051.903841,0.431641
avg_waiting,a2c__mask_false,maskable_ppo__mask_true,5112.909156,0.431641
avg_waiting,a2c__mask_false,maskable_ppo__mask_true,5173.914472,0.431641
avg_waiting,a2c__mask_false,maskable_ppo__mask_true,5234.919787,0.431641
avg_waiting,a2c__mask_false,maskable_ppo__mask_true,5295.925103,0.431641
avg_waiting,a2c__mask_false,maskable_ppo__mask_true,5356.930418,0.431641
avg_waiting,a2c__mask_false,maskable_ppo__mask_true,5417.935733,0.431641
avg_waiting,a2c__mask_false,maskable_ppo__mask_true,5478.941049,0.431641
avg_waiting,a2c__mask_false,maskable_ppo__mask_true,5539.946364,0.431641
avg_waiting,a2c__mask_false,maskable_ppo__mask_true,5600.951680,0.431641
avg_waiting,a2c__mask_false,maskable_ppo__mask_true,5661.956995,0.431641
avg_waiting,a2c__mask_false,maskable_ppo__mask_true,5722.962310,0.431641
avg_waiting,a2c__mask_false,maskable_ppo__mask_true,5783.967626,0.431641
avg_waiting,a2c__mask_false,maskable_ppo__mask_true,5844.972941,0.431641
avg_waiting,a2c__mask_false,maskable_ppo__mask_true,5905.978256,0.431641
avg_waiting,a2c__mask_false,maskable_ppo__mask_true,5966.983572,0.431641
avg_waiting,a2c__mask_false,maskable_ppo__mask_true,6027.988887,0.431641
avg_waiting,a2c__mask_false,maskable_ppo__mask_true,6088.994203,0.375000
avg_waiting,a2c__mask_false,maskable_ppo__mask_true,6149.999518,0.322266
avg_waiting,a2c__mask_false,maskable_ppo__mask_true,6211.004833,0.322266
avg_waiting,a2c__mask_false,maskable_ppo__mask_true,6272.010149,0.322266
avg_waiting,a2c__mask_false,maskable_ppo__mask_true,6333.015464,0.322266
avg_waiting,a2c__mask_false,maskable_ppo__mask_true,6394.020780,0.232422
avg_waiting,a2c__mask_false,maskable_ppo__mask_true,6455.026095,0.037109
avg_waiting,a2c__mask_false,maskable_ppo__mask_true,6516.031410,0.019531
avg_waiting,a2c__mask_false,maskable_ppo__mask_true,6577.036726,0.019531
avg_waiting,a2c__mask_false,maskable_ppo__mask_true,6638.042041,0.019531
avg_waiting,a2c__mask_false,maskable_ppo__mask_true,6699.047357,0.019531
avg_waiting,a2c__mask_false,maskable_ppo__mask_true,6760.052672,0.019531
avg_waiting,a2c__mask_false,maskable_ppo__mask_true,6821.057987,0.019531
avg_waiting,a2c__mask_false,maskable_ppo__mask_true,6882.063303,0.019531
avg_waiting,a2c__mask_false,maskable_ppo__mask_true,6943.068618,0.019531
avg_waiting,a2c__mask_false,maskable_ppo__mask_true,7004.073933,0.019531
avg_waiting,a2c__mask_false,maskable_ppo__mask_true,7065.079249,0.019531
avg_waiting,a2c__mask_false,maskable_ppo__mask_true,7126.084564,0.019531
avg_waiting,a2c__mask_false,maskable_ppo__mask_true,7187.089880,0.019531
avg_waiting,a2c__mask_false,maskable_ppo__mask_true,7248.095195,0.019531
avg_waiting,a2c__mask_false,maskable_ppo__mask_true,7309.100510,0.019531
avg_waiting,a2c__mask_false,maskable_ppo__mask_true,7370.105826,0.019531
avg_waiting,a2c__mask_false,maskable_ppo__mask_true,7431.111141,0.019531
avg_waiting,a2c__mask_false,maskable_ppo__mask_true,7492.116457,0.019531
avg_waiting,a2c__mask_false,maskable_ppo__mask_true,7553.121772,0.019531
avg_waiting,a2c__mask_false,maskable_ppo__mask_true,7614.127087,0.019531
avg_waiting,a2c__mask_false,maskable_ppo__mask_true,7675.132403,0.019531
avg_waiting,a2c__mask_false,maskable_ppo__mask_true,7736.137718,0.019531
avg_waiting,a2c__mask_false,maskable_ppo__mask_true,7797.143033,0.019531
avg_waiting,a2c__mask_false,maskable_ppo__mask_true,7858.148349,0.019531
avg_waiting,a2c__mask_false,maskable_ppo__mask_true,7919.153664,0.019531
avg_waiting,a2c__mask_false,maskable_ppo__mask_true,7980.158980,0.019531
avg_waiting,a2c__mask_false,maskable_ppo__mask_true,8041.164295,0.019531
avg_waiting,a2c__mask_false,maskable_ppo__mask_true,8102.169610,0.019531
avg_waiting,a2c__mask_false,maskable_ppo__mask_true,8163.174926,0.013672
avg_waiting,a2c__mask_false,maskable_ppo__mask_true,8224.180241,0.009766
avg_waiting,a2c__mask_false,maskable_ppo__mask_true,8285.185557,0.009766
avg_waiting,a2c__mask_false,maskable_ppo__mask_true,8346.190872,0.009766
avg_waiting,a2c__mask_false,maskable_ppo__mask_true,8407.196187,0.009766
avg_waiting,a2c__mask_false,maskable_ppo__mask_true,8468.201503,0.009766
avg_waiting,a2c__mask_false,maskable_ppo__mask_true,8529.206818,0.009766
avg_waiting,a2c__mask_false,maskable_ppo__mask_true,8590.212133,0.009766
avg_waiting,a2c__mask_false,maskable_ppo__mask_true,8651.217449,0.009766
avg_waiting,a2c__mask_false,maskable_ppo__mask_true,8712.222764,0.009766
avg_waiting,a2c__mask_false,maskable_ppo__mask_true,8773.228080,0.009766
avg_waiting,a2c__mask_false,maskable_ppo__mask_true,8834.233395,0.009766
avg_waiting,a2c__mask_false,maskable_ppo__mask_true,8895.238710,0.009766
avg_waiting,a2c__mask_false,maskable_ppo__mask_true,8956.244026,0.009766
avg_waiting,a2c__mask_false,maskable_ppo__mask_true,9017.249341,0.009766
avg_waiting,a2c__mask_false,maskable_ppo__mask_true,9078.254657,0.009766
avg_waiting,a2c__mask_false,maskable_ppo__mask_true,9139.259972,0.009766
avg_waiting,a2c__mask_false,maskable_ppo__mask_true,9200.265287,0.009766
avg_waiting,a2c__mask_false,maskable_ppo__mask_true,9261.270603,0.009766
avg_waiting,a2c__mask_false,maskable_ppo__mask_true,9322.275918,0.009766
avg_waiting,a2c__mask_false,maskable_ppo__mask_true,9383.281233,0.009766
avg_waiting,a2c__mask_false,maskable_ppo__mask_true,9444.286549,0.009766
avg_waiting,a2c__mask_false,maskable_ppo__mask_true,9505.291864,0.009766
avg_waiting,a2c__mask_false,maskable_ppo__mask_true,9566.297180,0.009766
avg_waiting,a2c__mask_false,maskable_ppo__mask_true,9627.302495,0.009766
avg_waiting,a2c__mask_false,maskable_ppo__mask_true,9688.307810,0.009766
avg_waiting,a2c__mask_false,maskable_ppo__mask_true,9749.313126,0.009766
avg_waiting,a2c__mask_false,maskable_ppo__mask_true,9810.318441,0.009766
avg_waiting,a2c__mask_false,maskable_ppo__mask_true,9871.323757,0.009766
avg_waiting,a2c__mask_false,maskable_ppo__mask_true,9932.329072,0.009766
avg_waiting,a2c__mask_false,maskable_ppo__mask_true,9993.334387,0.009766
avg_waiting,a2c__mask_false,maskable_ppo__mask_true,10054.339703,0.009766
avg_waiting,a2c__mask_false,maskable_ppo__mask_true,10115.345018,0.009766
avg_waiting,a2c__mask_false,maskable_ppo__mask_true,10176.350333,0.009766
avg_waiting,a2c__mask_false,maskable_ppo__mask_true,10237.355649,0.009766
avg_waiting,a2c__mask_false,maskable_ppo__mask_true,10298.360964,0.009766
avg_waiting,a2c__mask_false,maskable_ppo__mask_true,10359.366280,0.009766
avg_waiting,a2c__mask_false,maskable_ppo__mask_true,10420.371595,0.009766
avg_waiting,a2c__mask_false,maskable_ppo__mask_true,10481.376910,0.009766
avg_waiting,a2c__mask_false,maskable_ppo__mask_true,10542.382226,0.009766
avg_waiting,a2c__mask_false,maskable_ppo__mask_true,10603.387541,0.009766
avg_waiting,a2c__mask_false,maskable_ppo__mask_true,10664.392857,0.009766
avg_waiting,a2c__mask_false,maskable_ppo__mask_true,10725.398172,0.009766
avg_waiting,a2c__mask_false,maskable_ppo__mask_true,10786.403487,0.009766
avg_waiting,a2c__mask_false,maskable_ppo__mask_true,10847.408803,0.009766
avg_waiting,a2c__mask_false,maskable_ppo__mask_true,10908.414118,0.009766
avg_waiting,a2c__mask_false,maskable_ppo__mask_true,10969.419433,0.009766
avg_waiting,a2c__mask_false,maskable_ppo__mask_true,11030.424749,0.009766
avg_waiting,a2c__mask_false,maskable_ppo__mask_true,11091.430064,0.009766
avg_waiting,a2c__mask_false,maskable_ppo__mask_true,11152.435380,0.009766
avg_waiting,a2c__mask_false,maskable_ppo__mask_true,11213.440695,0.009766
avg_waiting,a2c__mask_false,maskable_ppo__mask_true,11274.446010,0.009766
avg_waiting,a2c__mask_false,maskable_ppo__mask_true,11335.451326,0.009766
avg_waiting,a2c__mask_false,maskable_ppo__mask_true,11396.456641,0.009766
avg_waiting,a2c__mask_false,maskable_ppo__mask_true,11457.461957,0.009766
avg_waiting,a2c__mask_false,maskable_ppo__mask_true,11518.467272,0.009766
avg_waiting,a2c__mask_false,maskable_ppo__mask_true,11579.472587,0.009766
avg_waiting,a2c__mask_false,maskable_ppo__mask_true,11640.477903,0.009766
avg_waiting,a2c__mask_false,maskable_ppo__mask_true,11701.483218,0.009766
avg_waiting,a2c__mask_false,maskable_ppo__mask_true,11762.488533,0.009766
avg_waiting,a2c__mask_false,maskable_ppo__mask_true,11823.493849,0.009766
avg_waiting,a2c__mask_false,maskable_ppo__mask_true,11884.499164,0.009766
avg_waiting,a2c__mask_false,maskable_ppo__mask_true,11945.504480,0.009766
avg_waiting,a2c__mask_false,maskable_ppo__mask_true,12006.509795,0.009766
avg_waiting,a2c__mask_false,maskable_ppo__mask_true,12067.515110,0.009766
avg_waiting,a2c__mask_false,maskable_ppo__mask_true,12128.520426,0.009766
avg_waiting,a2c__mask_false,maskable_ppo__mask_true,12189.525741,0.003906
avg_waiting,dqn__mask_false,maskable_a2c__mask_true,563.122656,0.003906
avg_waiting,dqn__mask_false,maskable_a2c__mask_true,621.225026,0.009766
avg_waiting,dqn__mask_false,maskable_a2c__mask_true,679.327395,0.013672
avg_waiting,dqn__mask_false,maskable_a2c__mask_true,737.429764,0.027344
avg_waiting,dqn__mask_false,maskable_a2c__mask_true,795.532134,0.048828
avg_waiting,dqn__mask_false,maskable_a2c__mask_true,853.634503,0.064453
avg_waiting,dqn__mask_false,maskable_a2c__mask_true,911.736873,0.083984
avg_waiting,dqn__mask_false,maskable_a2c__mask_true,969.839242,0.083984
avg_waiting,dqn__mask_false,maskable_a2c__mask_true,1027.941611,0.130859
avg_waiting,dqn__mask_false,maskable_a2c__mask_true,1086.043981,0.130859
avg_waiting,dqn__mask_false,maskable_a2c__mask_true,1144.146350,0.160156
avg_waiting,dqn__mask_false,maskable_a2c__mask_true,1202.248720,0.193359
avg_waiting,dqn__mask_false,maskable_a2c__mask_true,1260.351089,0.193359
avg_waiting,dqn__mask_false,maskable_a2c__mask_true,1318.453458,0.193359
avg_waiting,dqn__mask_false,maskable_a2c__mask_true,1376.555828,0.193359
avg_waiting,dqn__mask_false,maskable_a2c__mask_true,1434.658197,0.232422
avg_waiting,dqn__mask_false,maskable_a2c__mask_true,1492.760567,0.232422
avg_waiting,dqn__mask_false,maskable_a2c__mask_true,1550.862936,0.232422
avg_waiting,dqn__mask_false,maskable_a2c__mask_true,1608.965305,0.232422
avg_waiting,dqn__mask_false,maskable_a2c__mask_true,1667.067675,0.232422
avg_waiting,dqn__mask_false,maskable_a2c__mask_true,1725.170044,0.232422
avg_waiting,dqn__mask_false,maskable_a2c__mask_true,1783.272414,0.232422
avg_waiting,dqn__mask_false,maskable_a2c__mask_true,1841.374783,0.322266
avg_waiting,dqn__mask_false,maskable_a2c__mask_true,1899.477152,0.322266
avg_waiting,dqn__mask_false,maskable_a2c__mask_true,1957.579522,0.375000
avg_waiting,dqn__mask_false,maskable_a2c__mask_true,2015.681891,0.431641
avg_waiting,dqn__mask_false,maskable_a2c__mask_true,2073.784261,0.431641
avg_waiting,dqn__mask_false,maskable_a2c__mask_true,2131.886630,0.431641
avg_waiting,dqn__mask_false,maskable_a2c__mask_true,2189.988999,0.431641
avg_waiting,dqn__mask_false,maskable_a2c__mask_true,2248.091369,0.625000
avg_waiting,dqn__mask_false,maskable_a2c__mask_true,2306.193738,0.625000
avg_waiting,dqn__mask_false,maskable_a2c__mask_true,2364.296108,0.695312
avg_waiting,dqn__mask_false,maskable_a2c__mask_true,2422.398477,0.769531
avg_waiting,dqn__mask_false,maskable_a2c__mask_true,2480.500846,0.769531
avg_waiting,dqn__mask_false,maskable_a2c__mask_true,2538.603216,0.769531
avg_waiting,dqn__mask_false,maskable_a2c__mask_true,2596.705585,0.769531
avg_waiting,dqn__mask_false,maskable_a2c__mask_true,2654.807955,0.845703
avg_waiting,dqn__mask_false,maskable_a2c__mask_true,2712.910324,0.845703
avg_waiting,dqn__mask_false,maskable_a2c__mask_true,2771.012693,0.921875
avg_waiting,dqn__mask_false,maskable_a2c__mask_true,2829.115063,1.000000
avg_waiting,dqn__mask_false,maskable_a2c__mask_true,2887.217432,1.000000
avg_waiting,dqn__mask_false,maskable_a2c__mask_true,2945.319802,0.921875
avg_waiting,dqn__mask_false,maskable_a2c__mask_true,3003.422171,0.921875
avg_waiting,dqn__mask_false,maskable_a2c__mask_true,3061.524540,0.845703
avg_waiting,dqn__mask_false,maskable_a2c__mask_true,3119.626910,0.845703
avg_waiting,dqn__mask_false,maskable_a2c__mask_true,3177.729279,0.769531
avg_waiting,dqn__mask_false,maskable_a2c__mask_true,3235.831649,0.769531
avg_waiting,dqn__mask_false,maskable_a2c__mask_true,3293.934018,0.769531
avg_waiting,dqn__mask_false,maskable_a2c__mask_true,3352.036387,0.769531
avg_waiting,dqn__mask_false,maskable_a2c__mask_true,3410.138757,0.769531
avg_waiting,dqn__mask_false,maskable_a2c__mask_true,3468.241126,0.695312
avg_waiting,dqn__mask_false,maskable_a2c__mask_true,3526.343496,0.695312
avg_waiting,dqn__mask_false,maskable_a2c__mask_true,3584.445865,0.695312
avg_waiting,dqn__mask_false,maskable_a2c__mask_true,3642.548234,0.695312
avg_waiting,dqn__mask_false,maskable_a2c__mask_true,3700.650604,0.695312
avg_waiting,dqn__mask_false,maskable_a2c__mask_true,3758.752973,0.695312
avg_waiting,dqn__mask_false,maskable_a2c__mask_true,3816.855343,0.695312
avg_waiting,dqn__mask_false,maskable_a2c__mask_true,3874.957712,0.625000
avg_waiting,dqn__mask_false,maskable_a2c__mask_true,3933.060081,0.625000
avg_waiting,dqn__mask_false,maskable_a2c__mask_true,3991.162451,0.556641
avg_waiting,dqn__mask_false,maskable_a2c__mask_true,4049.264820,0.556641
avg_waiting,dqn__mask_false,maskable_a2c__mask_true,4107.367189,0.556641
avg_waiting,dqn__mask_false,maskable_a2c__mask_true,4165.469559,0.556641
avg_waiting,dqn__mask_false,maskable_a2c__mask_true,4223.571928,0.556641
avg_waiting,dqn__mask_false,maskable_a2c__mask_true,4281.674298,0.556641
avg_waiting,dqn__mask_false,maskable_a2c__mask_true,4339.776667,0.556641
avg_waiting,dqn__mask_false,maskable_a2c__mask_true,4397.879036,0.492188
avg_waiting,dqn__mask_false,maskable_a2c__mask_true,4455.981406,0.492188
avg_waiting,dqn__mask_false,maskable_a2c__mask_true,4514.083775,0.492188
avg_waiting,dqn__mask_false,maskable_a2c__mask_true,4572.186145,0.492188
avg_waiting,dqn__mask_false,maskable_a2c__mask_true,4630.288514,0.492188
avg_waiting,dqn__mask_false,maskable_a2c__mask_true,4688.390883,0.492188
avg_waiting,dqn__mask_false,maskable_a2c__mask_true,4746.493253,0.492188
avg_waiting,dqn__mask_false,maskable_a2c__mask_true,4804.595622,0.492188
avg_waiting,dqn__mask_false,maskable_a2c__mask_true,4862.697992,0.492188
avg_waiting,dqn__mask_false,maskable_a2c__mask_true,4920.800361,0.492188
avg_waiting,dqn__mask_false,maskable_a2c__mask_true,4978.902730,0.431641
avg_waiting,dqn__mask_false,maskable_a2c__mask_true,5037.005100,0.431641
avg_waiting,dqn__mask_false,maskable_a2c__mask_true,5095.107469,0.431641
avg_waiting,dqn__mask_false,maskable_a2c__mask_true,5153.209839,0.431641
avg_waiting,dqn__mask_false,maskable_a2c__mask_true,5211.312208,0.431641
avg_waiting,dqn__mask_false,maskable_a2c__mask_true,5269.414577,0.431641
avg_waiting,dqn__mask_false,maskable_a2c__mask_true,5327.516947,0.431641
avg_waiting,dqn__mask_false,maskable_a2c__mask_true,5385.619316,0.431641
avg_waiting,dqn__mask_false,maskable_a2c__mask_true,5443.721686,0.431641
avg_waiting,dqn__mask_false,maskable_a2c__mask_true,5501.824055,0.431641
avg_waiting,dqn__mask_false,maskable_a2c__mask_true,5559.926424,0.431641
avg_waiting,dqn__mask_false,maskable_a2c__mask_true,5618.028794,0.431641
avg_waiting,dqn__mask_false,maskable_a2c__mask_true,5676.131163,0.431641
avg_waiting,dqn__mask_false,maskable_a2c__mask_true,5734.233533,0.431641
avg_waiting,dqn__mask_false,maskable_a2c__mask_true,5792.335902,0.431641
avg_waiting,dqn__mask_false,maskable_a2c__mask_true,5850.438271,0.431641
avg_waiting,dqn__mask_false,maskable_a2c__mask_true,5908.540641,0.431641
avg_waiting,dqn__mask_false,maskable_a2c__mask_true,5966.643010,0.431641
avg_waiting,dqn__mask_false,maskable_a2c__mask_true,6024.745380,0.431641
avg_waiting,dqn__mask_false,maskable_a2c__mask_true,6082.847749,0.431641
avg_waiting,dqn__mask_false,maskable_a2c__mask_true,6140.950118,0.431641
avg_waiting,dqn__mask_false,maskable_a2c__mask_true,6199.052488,0.431641
avg_waiting,dqn__mask_false,maskable_a2c__mask_true,6257.154857,0.322266
avg_waiting,dqn__mask_false,maskable_a2c__mask_true,6315.257227,0.275391
avg_waiting,dqn__mask_false,maskable_a2c__mask_true,6373.359596,0.193359
avg_waiting,dqn__mask_false,maskable_a2c__mask_true,6431.461965,0.160156
avg_waiting,dqn__mask_false,maskable_a2c__mask_true,6489.564335,0.130859
avg_waiting,dqn__mask_false,maskable_a2c__mask_true,6547.666704,0.105469
avg_waiting,dqn__mask_false,maskable_a2c__mask_true,6605.769074,0.105469
avg_waiting,dqn__mask_false,maskable_a2c__mask_true,6663.871443,0.083984
avg_waiting,dqn__mask_false,maskable_a2c__mask_true,6721.973812,0.083984
avg_waiting,dqn__mask_false,maskable_a2c__mask_true,6780.076182,0.064453
avg_waiting,dqn__mask_false,maskable_a2c__mask_true,6838.178551,0.064453
avg_waiting,dqn__mask_false,maskable_a2c__mask_true,6896.280921,0.064453
avg_waiting,dqn__mask_false,maskable_a2c__mask_true,6954.383290,0.064453
avg_waiting,dqn__mask_false,maskable_a2c__mask_true,7012.485659,0.064453
avg_waiting,dqn__mask_false,maskable_a2c__mask_true,7070.588029,0.064453
avg_waiting,dqn__mask_false,maskable_a2c__mask_true,7128.690398,0.064453
avg_waiting,dqn__mask_false,maskable_a2c__mask_true,7186.792768,0.064453
avg_waiting,dqn__mask_false,maskable_a2c__mask_true,7244.895137,0.064453
avg_waiting,dqn__mask_false,maskable_a2c__mask_true,7302.997506,0.064453
avg_waiting,dqn__mask_false,maskable_a2c__mask_true,7361.099876,0.064453
avg_waiting,dqn__mask_false,maskable_a2c__mask_true,7419.202245,0.064453
avg_waiting,dqn__mask_false,maskable_a2c__mask_true,7477.304615,0.048828
avg_waiting,dqn__mask_false,maskable_a2c__mask_true,7535.406984,0.048828
avg_waiting,dqn__mask_false,maskable_a2c__mask_true,7593.509353,0.048828
avg_waiting,dqn__mask_false,maskable_a2c__mask_true,7651.611723,0.037109
avg_waiting,dqn__mask_false,maskable_a2c__mask_true,7709.714092,0.037109
avg_waiting,dqn__mask_false,maskable_a2c__mask_true,7767.816462,0.037109
avg_waiting,dqn__mask_false,maskable_a2c__mask_true,7825.918831,0.037109
avg_waiting,dqn__mask_false,maskable_a2c__mask_true,7884.021200,0.027344
avg_waiting,dqn__mask_false,maskable_a2c__mask_true,7942.123570,0.027344
avg_waiting,dqn__mask_false,maskable_a2c__mask_true,8000.225939,0.027344
avg_waiting,dqn__mask_false,maskable_a2c__mask_true,8058.328309,0.019531
avg_waiting,dqn__mask_false,maskable_a2c__mask_true,8116.430678,0.019531
avg_waiting,dqn__mask_false,maskable_a2c__mask_true,8174.533047,0.019531
avg_waiting,dqn__mask_false,maskable_a2c__mask_true,8232.635417,0.019531
avg_waiting,dqn__mask_false,maskable_a2c__mask_true,8290.737786,0.019531
avg_waiting,dqn__mask_false,maskable_a2c__mask_true,8348.840156,0.019531
avg_waiting,dqn__mask_false,maskable_a2c__mask_true,8406.942525,0.013672
avg_waiting,dqn__mask_false,maskable_a2c__mask_true,8465.044894,0.013672
avg_waiting,dqn__mask_false,maskable_a2c__mask_true,8523.147264,0.013672
avg_waiting,dqn__mask_false,maskable_a2c__mask_true,8581.249633,0.009766
avg_waiting,dqn__mask_false,maskable_a2c__mask_true,8639.352003,0.009766
avg_waiting,dqn__mask_false,maskable_a2c__mask_true,8697.454372,0.009766
avg_waiting,dqn__mask_false,maskable_a2c__mask_true,8755.556741,0.009766
avg_waiting,dqn__mask_false,maskable_a2c__mask_true,8813.659111,0.009766
avg_waiting,dqn__mask_false,maskable_a2c__mask_true,8871.761480,0.009766
avg_waiting,dqn__mask_false,maskable_a2c__mask_true,8929.863850,0.009766
avg_waiting,dqn__mask_false,maskable_a2c__mask_true,8987.966219,0.009766
avg_waiting,dqn__mask_false,maskable_a2c__mask_true,9046.068588,0.009766
avg_waiting,dqn__mask_false,maskable_a2c__mask_true,9104.170958,0.009766
avg_waiting,dqn__mask_false,maskable_a2c__mask_true,9162.273327,0.009766
avg_waiting,dqn__mask_false,maskable_a2c__mask_true,9220.375697,0.009766
avg_waiting,dqn__mask_false,maskable_a2c__mask_true,9278.478066,0.009766
avg_waiting,dqn__mask_false,maskable_a2c__mask_true,9336.580435,0.009766
avg_waiting,dqn__mask_false,maskable_a2c__mask_true,9394.682805,0.009766
avg_waiting,dqn__mask_false,maskable_a2c__mask_true,9452.785174,0.009766
avg_waiting,dqn__mask_false,maskable_a2c__mask_true,9510.887544,0.009766
avg_waiting,dqn__mask_false,maskable_a2c__mask_true,9568.989913,0.009766
avg_waiting,dqn__mask_false,maskable_a2c__mask_true,9627.092282,0.009766
avg_waiting,dqn__mask_false,maskable_a2c__mask_true,9685.194652,0.009766
avg_waiting,dqn__mask_false,maskable_a2c__mask_true,9743.297021,0.009766
avg_waiting,dqn__mask_false,maskable_a2c__mask_true,9801.399391,0.009766
avg_waiting,dqn__mask_false,maskable_a2c__mask_true,9859.501760,0.009766
avg_waiting,dqn__mask_false,maskable_a2c__mask_true,9917.604129,0.009766
avg_waiting,dqn__mask_false,maskable_a2c__mask_true,9975.706499,0.009766
avg_waiting,dqn__mask_false,maskable_a2c__mask_true,10033.808868,0.009766
avg_waiting,dqn__mask_false,maskable_a2c__mask_true,10091.911238,0.009766
avg_waiting,dqn__mask_false,maskable_a2c__mask_true,10150.013607,0.009766
avg_waiting,dqn__mask_false,maskable_a2c__mask_true,10208.115976,0.009766
avg_waiting,dqn__mask_false,maskable_a2c__mask_true,10266.218346,0.009766
avg_waiting,dqn__mask_false,maskable_a2c__mask_true,10324.320715,0.009766
avg_waiting,dqn__mask_false,maskable_a2c__mask_true,10382.423085,0.009766
avg_waiting,dqn__mask_false,maskable_a2c__mask_true,10440.525454,0.009766
avg_waiting,dqn__mask_false,maskable_a2c__mask_true,10498.627823,0.009766
avg_waiting,dqn__mask_false,maskable_a2c__mask_true,10556.730193,0.009766
avg_waiting,dqn__mask_false,maskable_a2c__mask_true,10614.832562,0.009766
avg_waiting,dqn__mask_false,maskable_a2c__mask_true,10672.934932,0.009766
avg_waiting,dqn__mask_false,maskable_a2c__mask_true,10731.037301,0.009766
avg_waiting,dqn__mask_false,maskable_a2c__mask_true,10789.139670,0.009766
avg_waiting,dqn__mask_false,maskable_a2c__mask_true,10847.242040,0.009766
avg_waiting,dqn__mask_false,maskable_a2c__mask_true,10905.344409,0.009766
avg_waiting,dqn__mask_false,maskable_a2c__mask_true,10963.446778,0.009766
avg_waiting,dqn__mask_false,maskable_a2c__mask_true,11021.549148,0.009766
avg_waiting,dqn__mask_false,maskable_a2c__mask_true,11079.651517,0.009766
avg_waiting,dqn__mask_false,maskable_a2c__mask_true,11137.753887,0.009766
avg_waiting,dqn__mask_false,maskable_a2c__mask_true,11195.856256,0.009766
avg_waiting,dqn__mask_false,maskable_a2c__mask_true,11253.958625,0.009766
avg_waiting,dqn__mask_false,maskable_a2c__mask_true,11312.060995,0.009766
avg_waiting,dqn__mask_false,maskable_a2c__mask_true,11370.163364,0.009766
avg_waiting,dqn__mask_false,maskable_a2c__mask_true,11428.265734,0.009766
avg_waiting,dqn__mask_false,maskable_a2c__mask_true,11486.368103,0.009766
avg_waiting,dqn__mask_false,maskable_a2c__mask_true,11544.470472,0.009766
avg_waiting,dqn__mask_false,maskable_a2c__mask_true,11602.572842,0.009766
avg_waiting,dqn__mask_false,maskable_a2c__mask_true,11660.675211,0.009766
avg_waiting,dqn__mask_false,maskable_a2c__mask_true,11718.777581,0.009766
avg_waiting,dqn__mask_false,maskable_a2c__mask_true,11776.879950,0.009766
avg_waiting,dqn__mask_false,maskable_a2c__mask_true,11834.982319,0.009766
avg_waiting,dqn__mask_false,maskable_a2c__mask_true,11893.084689,0.005859
avg_waiting,dqn__mask_false,maskable_a2c__mask_true,11951.187058,0.005859
avg_waiting,dqn__mask_false,maskable_a2c__mask_true,12009.289428,0.003906
avg_waiting,dqn__mask_false,maskable_a2c__mask_true,12067.391797,0.003906
avg_waiting,dqn__mask_false,maskable_a2c__mask_true,12125.494166,0.003906
avg_waiting,dqn__mask_false,maskable_ppo__mask_true,570.227430,0.003906
avg_waiting,dqn__mask_false,maskable_ppo__mask_true,627.984891,0.009766
avg_waiting,dqn__mask_false,maskable_ppo__mask_true,685.742352,0.027344
avg_waiting,dqn__mask_false,maskable_ppo__mask_true,743.499813,0.064453
avg_waiting,dqn__mask_false,maskable_ppo__mask_true,801.257274,0.083984
avg_waiting,dqn__mask_false,maskable_ppo__mask_true,859.014735,0.083984
avg_waiting,dqn__mask_false,maskable_ppo__mask_true,916.772196,0.083984
avg_waiting,dqn__mask_false,maskable_ppo__mask_true,974.529657,0.083984
avg_waiting,dqn__mask_false,maskable_ppo__mask_true,1032.287118,0.130859
avg_waiting,dqn__mask_false,maskable_ppo__mask_true,1090.044579,0.193359
avg_waiting,dqn__mask_false,maskable_ppo__mask_true,1147.802040,0.193359
avg_waiting,dqn__mask_false,maskable_ppo__mask_true,1205.559501,0.193359
avg_waiting,dqn__mask_false,maskable_ppo__mask_true,1263.316962,0.193359
avg_waiting,dqn__mask_false,maskable_ppo__mask_true,1321.074423,0.193359
avg_waiting,dqn__mask_false,maskable_ppo__mask_true,1378.831884,0.193359
avg_waiting,dqn__mask_false,maskable_ppo__mask_true,1436.589345,0.232422
avg_waiting,dqn__mask_false,maskable_ppo__mask_true,1494.346806,0.232422
avg_waiting,dqn__mask_false,maskable_ppo__mask_true,1552.104267,0.232422
avg_waiting,dqn__mask_false,maskable_ppo__mask_true,1609.861728,0.232422
avg_waiting,dqn__mask_false,maskable_ppo__mask_true,1667.619189,0.232422
avg_waiting,dqn__mask_false,maskable_ppo__mask_true,1725.376650,0.232422
avg_waiting,dqn__mask_false,maskable_ppo__mask_true,1783.134111,0.232422
avg_waiting,dqn__mask_false,maskable_ppo__mask_true,1840.891572,0.322266
avg_waiting,dqn__mask_false,maskable_ppo__mask_true,1898.649033,0.375000
avg_waiting,dqn__mask_false,maskable_ppo__mask_true,1956.406493,0.431641
avg_waiting,dqn__mask_false,maskable_ppo__mask_true,2014.163954,0.431641
avg_waiting,dqn__mask_false,maskable_ppo__mask_true,2071.921415,0.431641
avg_waiting,dqn__mask_false,maskable_ppo__mask_true,2129.678876,0.431641
avg_waiting,dqn__mask_false,maskable_ppo__mask_true,2187.436337,0.431641
avg_waiting,dqn__mask_false,maskable_ppo__mask_true,2245.193798,0.625000
avg_waiting,dqn__mask_false,maskable_ppo__mask_true,2302.951259,0.695312
avg_waiting,dqn__mask_false,maskable_ppo__mask_true,2360.708720,0.769531
avg_waiting,dqn__mask_false,maskable_ppo__mask_true,2418.466181,0.769531
avg_waiting,dqn__mask_false,maskable_ppo__mask_true,2476.223642,0.769531
avg_waiting,dqn__mask_false,maskable_ppo__mask_true,2533.981103,0.769531
avg_waiting,dqn__mask_false,maskable_ppo__mask_true,2591.738564,0.769531
avg_waiting,dqn__mask_false,maskable_ppo__mask_true,2649.496025,0.845703
avg_waiting,dqn__mask_false,maskable_ppo__mask_true,2707.253486,0.845703
avg_waiting,dqn__mask_false,maskable_ppo__mask_true,2765.010947,0.921875
avg_waiting,dqn__mask_false,maskable_ppo__mask_true,2822.768408,1.000000
avg_waiting,dqn__mask_false,maskable_ppo__mask_true,2880.525869,0.921875
avg_waiting,dqn__mask_false,maskable_ppo__mask_true,2938.283330,0.921875
avg_waiting,dqn__mask_false,maskable_ppo__mask_true,2996.040791,0.921875
avg_waiting,dqn__mask_false,maskable_ppo__mask_true,3053.798252,0.845703
avg_waiting,dqn__mask_false,maskable_ppo__mask_true,3111.555713,0.845703
avg_waiting,dqn__mask_false,maskable_ppo__mask_true,3169.313174,0.769531
avg_waiting,dqn__mask_false,maskable_ppo__mask_true,3227.070635,0.769531
avg_waiting,dqn__mask_false,maskable_ppo__mask_true,3284.828096,0.769531
avg_waiting,dqn__mask_false,maskable_ppo__mask_true,3342.585557,0.769531
avg_waiting,dqn__mask_false,maskable_ppo__mask_true,3400.343018,0.769531
avg_waiting,dqn__mask_false,maskable_ppo__mask_true,3458.100479,0.695312
avg_waiting,dqn__mask_false,maskable_ppo__mask_true,3515.857939,0.695312
avg_waiting,dqn__mask_false,maskable_ppo__mask_true,3573.615400,0.695312
avg_waiting,dqn__mask_false,maskable_ppo__mask_true,3631.372861,0.695312
avg_waiting,dqn__mask_false,maskable_ppo__mask_true,3689.130322,0.695312
avg_waiting,dqn__mask_false,maskable_ppo__mask_true,3746.887783,0.695312
avg_waiting,dqn__mask_false,maskable_ppo__mask_true,3804.645244,0.695312
avg_waiting,dqn__mask_false,maskable_ppo__mask_true,3862.402705,0.625000
avg_waiting,dqn__mask_false,maskable_ppo__mask_true,3920.160166,0.625000
avg_waiting,dqn__mask_false,maskable_ppo__mask_true,3977.917627,0.625000
avg_waiting,dqn__mask_false,maskable_ppo__mask_true,4035.675088,0.556641
avg_waiting,dqn__mask_false,maskable_ppo__mask_true,4093.432549,0.556641
avg_waiting,dqn__mask_false,maskable_ppo__mask_true,4151.190010,0.556641
avg_waiting,dqn__mask_false,maskable_ppo__mask_true,4208.947471,0.556641
avg_waiting,dqn__mask_false,maskable_ppo__mask_true,4266.704932,0.556641
avg_waiting,dqn__mask_false,maskable_ppo__mask_true,4324.462393,0.556641
avg_waiting,dqn__mask_false,maskable_ppo__mask_true,4382.219854,0.556641
avg_waiting,dqn__mask_false,maskable_ppo__mask_true,4439.977315,0.492188
avg_waiting,dqn__mask_false,maskable_ppo__mask_true,4497.734776,0.492188
avg_waiting,dqn__mask_false,maskable_ppo__mask_true,4555.492237,0.492188
avg_waiting,dqn__mask_false,maskable_ppo__mask_true,4613.249698,0.492188
avg_waiting,dqn__mask_false,maskable_ppo__mask_true,4671.007159,0.492188
avg_waiting,dqn__mask_false,maskable_ppo__mask_true,4728.764620,0.492188
avg_waiting,dqn__mask_false,maskable_ppo__mask_true,4786.522081,0.492188
avg_waiting,dqn__mask_false,maskable_ppo__mask_true,4844.279542,0.492188
avg_waiting,dqn__mask_false,maskable_ppo__mask_true,4902.037003,0.492188
avg_waiting,dqn__mask_false,maskable_ppo__mask_true,4959.794464,0.431641
avg_waiting,dqn__mask_false,maskable_ppo__mask_true,5017.551925,0.431641
avg_waiting,dqn__mask_false,maskable_ppo__mask_true,5075.309386,0.431641
avg_waiting,dqn__mask_false,maskable_ppo__mask_true,5133.066846,0.431641
avg_waiting,dqn__mask_false,maskable_ppo__mask_true,5190.824307,0.431641
avg_waiting,dqn__mask_false,maskable_ppo__mask_true,5248.581768,0.431641
avg_waiting,dqn__mask_false,maskable_ppo__mask_true,5306.339229,0.431641
avg_waiting,dqn__mask_false,maskable_ppo__mask_true,5364.096690,0.431641
avg_waiting,dqn__mask_false,maskable_ppo__mask_true,5421.854151,0.431641
avg_waiting,dqn__mask_false,maskable_ppo__mask_true,5479.611612,0.431641
avg_waiting,dqn__mask_false,maskable_ppo__mask_true,5537.369073,0.431641
avg_waiting,dqn__mask_false,maskable_ppo__mask_true,5595.126534,0.431641
avg_waiting,dqn__mask_false,maskable_ppo__mask_true,5652.883995,0.431641
avg_waiting,dqn__mask_false,maskable_ppo__mask_true,5710.641456,0.431641
avg_waiting,dqn__mask_false,maskable_ppo__mask_true,5768.398917,0.431641
avg_waiting,dqn__mask_false,maskable_ppo__mask_true,5826.156378,0.431641
avg_waiting,dqn__mask_false,maskable_ppo__mask_true,5883.913839,0.431641
avg_waiting,dqn__mask_false,maskable_ppo__mask_true,5941.671300,0.431641
avg_waiting,dqn__mask_false,maskable_ppo__mask_true,5999.428761,0.431641
avg_waiting,dqn__mask_false,maskable_ppo__mask_true,6057.186222,0.431641
avg_waiting,dqn__mask_false,maskable_ppo__mask_true,6114.943683,0.431641
avg_waiting,dqn__mask_false,maskable_ppo__mask_true,6172.701144,0.431641
avg_waiting,dqn__mask_false,maskable_ppo__mask_true,6230.458605,0.375000
avg_waiting,dqn__mask_false,maskable_ppo__mask_true,6288.216066,0.322266
avg_waiting,dqn__mask_false,maskable_ppo__mask_true,6345.973527,0.193359
avg_waiting,dqn__mask_false,maskable_ppo__mask_true,6403.730988,0.160156
avg_waiting,dqn__mask_false,maskable_ppo__mask_true,6461.488449,0.105469
avg_waiting,dqn__mask_false,maskable_ppo__mask_true,6519.245910,0.105469
avg_waiting,dqn__mask_false,maskable_ppo__mask_true,6577.003371,0.105469
avg_waiting,dqn__mask_false,maskable_ppo__mask_true,6634.760832,0.083984
avg_waiting,dqn__mask_false,maskable_ppo__mask_true,6692.518292,0.083984
avg_waiting,dqn__mask_false,maskable_ppo__mask_true,6750.275753,0.064453
avg_waiting,dqn__mask_false,maskable_ppo__mask_true,6808.033214,0.064453
avg_waiting,dqn__mask_false,maskable_ppo__mask_true,6865.790675,0.064453
avg_waiting,dqn__mask_false,maskable_ppo__mask_true,6923.548136,0.064453
avg_waiting,dqn__mask_false,maskable_ppo__mask_true,6981.305597,0.064453
avg_waiting,dqn__mask_false,maskable_ppo__mask_true,7039.063058,0.064453
avg_waiting,dqn__mask_false,maskable_ppo__mask_true,7096.820519,0.064453
avg_waiting,dqn__mask_false,maskable_ppo__mask_true,7154.577980,0.064453
avg_waiting,dqn__mask_false,maskable_ppo__mask_true,7212.335441,0.064453
avg_waiting,dqn__mask_false,maskable_ppo__mask_true,7270.092902,0.064453
avg_waiting,dqn__mask_false,maskable_ppo__mask_true,7327.850363,0.064453
avg_waiting,dqn__mask_false,maskable_ppo__mask_true,7385.607824,0.064453
avg_waiting,dqn__mask_false,maskable_ppo__mask_true,7443.365285,0.064453
avg_waiting,dqn__mask_false,maskable_ppo__mask_true,7501.122746,0.048828
avg_waiting,dqn__mask_false,maskable_ppo__mask_true,7558.880207,0.048828
avg_waiting,dqn__mask_false,maskable_ppo__mask_true,7616.637668,0.037109
avg_waiting,dqn__mask_false,maskable_ppo__mask_true,7674.395129,0.037109
avg_waiting,dqn__mask_false,maskable_ppo__mask_true,7732.152590,0.037109
avg_waiting,dqn__mask_false,maskable_ppo__mask_true,7789.910051,0.037109
avg_waiting,dqn__mask_false,maskable_ppo__mask_true,7847.667512,0.037109
avg_waiting,dqn__mask_false,maskable_ppo__mask_true,7905.424973,0.027344
avg_waiting,dqn__mask_false,maskable_ppo__mask_true,7963.182434,0.027344
avg_waiting,dqn__mask_false,maskable_ppo__mask_true,8020.939895,0.019531
avg_waiting,dqn__mask_false,maskable_ppo__mask_true,8078.697356,0.019531
avg_waiting,dqn__mask_false,maskable_ppo__mask_true,8136.454817,0.019531
avg_waiting,dqn__mask_false,maskable_ppo__mask_true,8194.212278,0.019531
avg_waiting,dqn__mask_false,maskable_ppo__mask_true,8251.969739,0.019531
avg_waiting,dqn__mask_false,maskable_ppo__mask_true,8309.727199,0.019531
avg_waiting,dqn__mask_false,maskable_ppo__mask_true,8367.484660,0.019531
avg_waiting,dqn__mask_false,maskable_ppo__mask_true,8425.242121,0.013672
avg_waiting,dqn__mask_false,maskable_ppo__mask_true,8482.999582,0.013672
avg_waiting,dqn__mask_false,maskable_ppo__mask_true,8540.757043,0.009766
avg_waiting,dqn__mask_false,maskable_ppo__mask_true,8598.514504,0.009766
avg_waiting,dqn__mask_false,maskable_ppo__mask_true,8656.271965,0.009766
avg_waiting,dqn__mask_false,maskable_ppo__mask_true,8714.029426,0.009766
avg_waiting,dqn__mask_false,maskable_ppo__mask_true,8771.786887,0.009766
avg_waiting,dqn__mask_false,maskable_ppo__mask_true,8829.544348,0.009766
avg_waiting,dqn__mask_false,maskable_ppo__mask_true,8887.301809,0.009766
avg_waiting,dqn__mask_false,maskable_ppo__mask_true,8945.059270,0.009766
avg_waiting,dqn__mask_false,maskable_ppo__mask_true,9002.816731,0.009766
avg_waiting,dqn__mask_false,maskable_ppo__mask_true,9060.574192,0.009766
avg_waiting,dqn__mask_false,maskable_ppo__mask_true,9118.331653,0.009766
avg_waiting,dqn__mask_false,maskable_ppo__mask_true,9176.089114,0.009766
avg_waiting,dqn__mask_false,maskable_ppo__mask_true,9233.846575,0.009766
avg_waiting,dqn__mask_false,maskable_ppo__mask_true,9291.604036,0.009766
avg_waiting,dqn__mask_false,maskable_ppo__mask_true,9349.361497,0.009766
avg_waiting,dqn__mask_false,maskable_ppo__mask_true,9407.118958,0.009766
avg_waiting,dqn__mask_false,maskable_ppo__mask_true,9464.876419,0.009766
avg_waiting,dqn__mask_false,maskable_ppo__mask_true,9522.633880,0.009766
avg_waiting,dqn__mask_false,maskable_ppo__mask_true,9580.391341,0.009766
avg_waiting,dqn__mask_false,maskable_ppo__mask_true,9638.148802,0.009766
avg_waiting,dqn__mask_false,maskable_ppo__mask_true,9695.906263,0.009766
avg_waiting,dqn__mask_false,maskable_ppo__mask_true,9753.663724,0.009766
avg_waiting,dqn__mask_false,maskable_ppo__mask_true,9811.421185,0.009766
avg_waiting,dqn__mask_false,maskable_ppo__mask_true,9869.178645,0.009766
avg_waiting,dqn__mask_false,maskable_ppo__mask_true,9926.936106,0.009766
avg_waiting,dqn__mask_false,maskable_ppo__mask_true,9984.693567,0.009766
avg_waiting,dqn__mask_false,maskable_ppo__mask_true,10042.451028,0.009766
avg_waiting,dqn__mask_false,maskable_ppo__mask_true,10100.208489,0.009766
avg_waiting,dqn__mask_false,maskable_ppo__mask_true,10157.965950,0.009766
avg_waiting,dqn__mask_false,maskable_ppo__mask_true,10215.723411,0.009766
avg_waiting,dqn__mask_false,maskable_ppo__mask_true,10273.480872,0.009766
avg_waiting,dqn__mask_false,maskable_ppo__mask_true,10331.238333,0.009766
avg_waiting,dqn__mask_false,maskable_ppo__mask_true,10388.995794,0.009766
avg_waiting,dqn__mask_false,maskable_ppo__mask_true,10446.753255,0.009766
avg_waiting,dqn__mask_false,maskable_ppo__mask_true,10504.510716,0.009766
avg_waiting,dqn__mask_false,maskable_ppo__mask_true,10562.268177,0.009766
avg_waiting,dqn__mask_false,maskable_ppo__mask_true,10620.025638,0.009766
avg_waiting,dqn__mask_false,maskable_ppo__mask_true,10677.783099,0.009766
avg_waiting,dqn__mask_false,maskable_ppo__mask_true,10735.540560,0.009766
avg_waiting,dqn__mask_false,maskable_ppo__mask_true,10793.298021,0.009766
avg_waiting,dqn__mask_false,maskable_ppo__mask_true,10851.055482,0.009766
avg_waiting,dqn__mask_false,maskable_ppo__mask_true,10908.812943,0.009766
avg_waiting,dqn__mask_false,maskable_ppo__mask_true,10966.570404,0.009766
avg_waiting,dqn__mask_false,maskable_ppo__mask_true,11024.327865,0.009766
avg_waiting,dqn__mask_false,maskable_ppo__mask_true,11082.085326,0.009766
avg_waiting,dqn__mask_false,maskable_ppo__mask_true,11139.842787,0.009766
avg_waiting,dqn__mask_false,maskable_ppo__mask_true,11197.600248,0.009766
avg_waiting,dqn__mask_false,maskable_ppo__mask_true,11255.357709,0.009766
avg_waiting,dqn__mask_false,maskable_ppo__mask_true,11313.115170,0.009766
avg_waiting,dqn__mask_false,maskable_ppo__mask_true,11370.872631,0.009766
avg_waiting,dqn__mask_false,maskable_ppo__mask_true,11428.630092,0.009766
avg_waiting,dqn__mask_false,maskable_ppo__mask_true,11486.387552,0.009766
avg_waiting,dqn__mask_false,maskable_ppo__mask_true,11544.145013,0.009766
avg_waiting,dqn__mask_false,maskable_ppo__mask_true,11601.902474,0.009766
avg_waiting,dqn__mask_false,maskable_ppo__mask_true,11659.659935,0.009766
avg_waiting,dqn__mask_false,maskable_ppo__mask_true,11717.417396,0.009766
avg_waiting,dqn__mask_false,maskable_ppo__mask_true,11775.174857,0.009766
avg_waiting,dqn__mask_false,maskable_ppo__mask_true,11832.932318,0.009766
avg_waiting,dqn__mask_false,maskable_ppo__mask_true,11890.689779,0.005859
avg_waiting,dqn__mask_false,maskable_ppo__mask_true,11948.447240,0.005859
avg_waiting,dqn__mask_false,maskable_ppo__mask_true,12006.204701,0.003906
avg_waiting,dqn__mask_false,maskable_ppo__mask_true,12063.962162,0.003906
avg_waiting,maskable_a2c__mask_true,maskable_dqn__mask_true,-4547.819605,0.003906
avg_waiting,maskable_a2c__mask_true,maskable_dqn__mask_true,-4524.601839,0.003906
avg_waiting,maskable_a2c__mask_true,maskable_dqn__mask_true,-4501.384074,0.003906
avg_waiting,maskable_a2c__mask_true,maskable_dqn__mask_true,-4478.166309,0.003906
avg_waiting,maskable_a2c__mask_true,maskable_dqn__mask_true,-4454.948544,0.003906
avg_waiting,maskable_a2c__mask_true,maskable_dqn__mask_true,-4431.730779,0.003906
avg_waiting,maskable_a2c__mask_true,maskable_dqn__mask_true,-4408.513014,0.003906
avg_waiting,maskable_a2c__mask_true,maskable_dqn__mask_true,-4385.295249,0.003906
avg_waiting,maskable_a2c__mask_true,maskable_dqn__mask_true,-4362.077484,0.003906
avg_waiting,maskable_a2c__mask_true,maskable_dqn__mask_true,-4338.859719,0.003906
avg_waiting,maskable_a2c__mask_true,maskable_dqn__mask_true,-4315.641954,0.003906
avg_waiting,maskable_a2c__mask_true,maskable_dqn__mask_true,-4292.424189,0.003906
avg_waiting,maskable_a2c__mask_true,maskable_dqn__mask_true,-4269.206424,0.003906
avg_waiting,maskable_a2c__mask_true,maskable_dqn__mask_true,-4245.988659,0.003906
avg_waiting,maskable_a2c__mask_true,maskable_dqn__mask_true,-4222.770894,0.003906
avg_waiting,maskable_a2c__mask_true,maskable_dqn__mask_true,-4199.553129,0.003906
avg_waiting,maskable_a2c__mask_true,maskable_dqn__mask_true,-4176.335364,0.005859
avg_waiting,maskable_a2c__mask_true,maskable_dqn__mask_true,-4153.117598,0.009766
avg_waiting,maskable_a2c__mask_true,maskable_dqn__mask_true,-4129.899833,0.009766
avg_waiting,maskable_a2c__mask_true,maskable_dqn__mask_true,-4106.682068,0.009766
avg_waiting,maskable_a2c__mask_true,maskable_dqn__mask_true,-4083.464303,0.009766
avg_waiting,maskable_a2c__mask_true,maskable_dqn__mask_true,-4060.246538,0.009766
avg_waiting,maskable_a2c__mask_true,maskable_dqn__mask_true,-4037.028773,0.009766
avg_waiting,maskable_a2c__mask_true,maskable_dqn__mask_true,-4013.811008,0.009766
avg_waiting,maskable_a2c__mask_true,maskable_dqn__mask_true,-3990.593243,0.009766
avg_waiting,maskable_a2c__mask_true,maskable_dqn__mask_true,-3967.375478,0.013672
avg_waiting,maskable_a2c__mask_true,maskable_dqn__mask_true,-3944.157713,0.013672
avg_waiting,maskable_a2c__mask_true,maskable_dqn__mask_true,-3920.939948,0.013672
avg_waiting,maskable_a2c__mask_true,maskable_dqn__mask_true,-3897.722183,0.013672
avg_waiting,maskable_a2c__mask_true,maskable_dqn__mask_true,-3874.504418,0.019531
avg_waiting,maskable_a2c__mask_true,maskable_dqn__mask_true,-3851.286653,0.019531
avg_waiting,maskable_a2c__mask_true,maskable_dqn__mask_true,-3828.068888,0.019531
avg_waiting,maskable_a2c__mask_true,maskable_dqn__mask_true,-3804.851123,0.019531
avg_waiting,maskable_a2c__mask_true,maskable_dqn__mask_true,-3781.633358,0.019531
avg_waiting,maskable_a2c__mask_true,maskable_dqn__mask_true,-3758.415592,0.027344
avg_waiting,maskable_a2c__mask_true,maskable_dqn__mask_true,-3735.197827,0.027344
avg_waiting,maskable_a2c__mask_true,maskable_dqn__mask_true,-3711.980062,0.037109
avg_waiting,maskable_a2c__mask_true,maskable_dqn__mask_true,-3688.762297,0.037109
avg_waiting,maskable_a2c__mask_true,maskable_dqn__mask_true,-3665.544532,0.048828
avg_waiting,maskable_a2c__mask_true,maskable_dqn__mask_true,-3642.326767,0.048828
avg_waiting,maskable_a2c__mask_true,maskable_dqn__mask_true,-3619.109002,0.048828
avg_waiting,maskable_a2c__mask_true,maskable_dqn__mask_true,-3595.891237,0.048828
avg_waiting,maskable_a2c__mask_true,maskable_dqn__mask_true,-3572.673472,0.048828
avg_waiting,maskable_a2c__mask_true,maskable_dqn__mask_true,-3549.455707,0.048828
avg_waiting,maskable_a2c__mask_true,maskable_dqn__mask_true,-3526.237942,0.064453
avg_waiting,maskable_a2c__mask_true,maskable_dqn__mask_true,-3503.020177,0.105469
avg_waiting,maskable_a2c__mask_true,maskable_dqn__mask_true,-3479.802412,0.105469
avg_waiting,maskable_a2c__mask_true,maskable_dqn__mask_true,-3456.584647,0.105469
avg_waiting,maskable_a2c__mask_true,maskable_dqn__mask_true,-3433.366882,0.130859
avg_waiting,maskable_a2c__mask_true,maskable_dqn__mask_true,-3410.149117,0.160156
avg_waiting,maskable_a2c__mask_true,maskable_dqn__mask_true,-3386.931351,0.160156
avg_waiting,maskable_a2c__mask_true,maskable_dqn__mask_true,-3363.713586,0.160156
avg_waiting,maskable_a2c__mask_true,maskable_dqn__mask_true,-3340.495821,0.160156
avg_waiting,maskable_a2c__mask_true,maskable_dqn__mask_true,-3317.278056,0.193359
avg_waiting,maskable_a2c__mask_true,maskable_dqn__mask_true,-3294.060291,0.193359
avg_waiting,maskable_a2c__mask_true,maskable_dqn__mask_true,-3270.842526,0.193359
avg_waiting,maskable_a2c__mask_true,maskable_dqn__mask_true,-3247.624761,0.193359
avg_waiting,maskable_a2c__mask_true,maskable_dqn__mask_true,-3224.406996,0.232422
avg_waiting,maskable_a2c__mask_true,maskable_dqn__mask_true,-3201.189231,0.232422
avg_waiting,maskable_a2c__mask_true,maskable_dqn__mask_true,-3177.971466,0.232422
avg_waiting,maskable_a2c__mask_true,maskable_dqn__mask_true,-3154.753701,0.232422
avg_waiting,maskable_a2c__mask_true,maskable_dqn__mask_true,-3131.535936,0.275391
avg_waiting,maskable_a2c__mask_true,maskable_dqn__mask_true,-3108.318171,0.275391
avg_waiting,maskable_a2c__mask_true,maskable_dqn__mask_true,-3085.100406,0.275391
avg_waiting,maskable_a2c__mask_true,maskable_dqn__mask_true,-3061.882641,0.322266
avg_waiting,maskable_a2c__mask_true,maskable_dqn__mask_true,-3038.664876,0.375000
avg_waiting,maskable_a2c__mask_true,maskable_dqn__mask_true,-3015.447111,0.375000
avg_waiting,maskable_a2c__mask_true,maskable_dqn__mask_true,-2992.229345,0.375000
avg_waiting,maskable_a2c__mask_true,maskable_dqn__mask_true,-2969.011580,0.375000
avg_waiting,maskable_a2c__mask_true,maskable_dqn__mask_true,-2945.793815,0.375000
avg_waiting,maskable_a2c__mask_true,maskable_dqn__mask_true,-2922.576050,0.375000
avg_waiting,maskable_a2c__mask_true,maskable_dqn__mask_true,-2899.358285,0.375000
avg_waiting,maskable_a2c__mask_true,maskable_dqn__mask_true,-2876.140520,0.375000
avg_waiting,maskable_a2c__mask_true,maskable_dqn__mask_true,-2852.922755,0.431641
avg_waiting,maskable_a2c__mask_true,maskable_dqn__mask_true,-2829.704990,0.431641
avg_waiting,maskable_a2c__mask_true,maskable_dqn__mask_true,-2806.487225,0.431641
avg_waiting,maskable_a2c__mask_true,maskable_dqn__mask_true,-2783.269460,0.431641
avg_waiting,maskable_a2c__mask_true,maskable_dqn__mask_true,-2760.051695,0.492188
avg_waiting,maskable_a2c__mask_true,maskable_dqn__mask_true,-2736.833930,0.492188
avg_waiting,maskable_a2c__mask_true,maskable_dqn__mask_true,-2713.616165,0.492188
avg_waiting,maskable_a2c__mask_true,maskable_dqn__mask_true,-2690.398400,0.492188
avg_waiting,maskable_a2c__mask_true,maskable_dqn__mask_true,-2667.180635,0.556641
avg_waiting,maskable_a2c__mask_true,maskable_dqn__mask_true,-2643.962870,0.625000
avg_waiting,maskable_a2c__mask_true,maskable_dqn__mask_true,-2620.745104,0.625000
avg_waiting,maskable_a2c__mask_true,maskable_dqn__mask_true,-2597.527339,0.625000
avg_waiting,maskable_a2c__mask_true,maskable_dqn__mask_true,-2574.309574,0.625000
avg_waiting,maskable_a2c__mask_true,maskable_dqn__mask_true,-2551.091809,0.625000
avg_waiting,maskable_a2c__mask_true,maskable_dqn__mask_true,-2527.874044,0.625000
avg_waiting,maskable_a2c__mask_true,maskable_dqn__mask_true,-2504.656279,0.625000
avg_waiting,maskable_a2c__mask_true,maskable_dqn__mask_true,-2481.438514,0.625000
avg_waiting,maskable_a2c__mask_true,maskable_dqn__mask_true,-2458.220749,0.625000
avg_waiting,maskable_a2c__mask_true,maskable_dqn__mask_true,-2435.002984,0.695312
avg_waiting,maskable_a2c__mask_true,maskable_dqn__mask_true,-2411.785219,0.695312
avg_waiting,maskable_a2c__mask_true,maskable_dqn__mask_true,-2388.567454,0.769531
avg_waiting,maskable_a2c__mask_true,maskable_dqn__mask_true,-2365.349689,0.769531
avg_waiting,maskable_a2c__mask_true,maskable_dqn__mask_true,-2342.131924,0.769531
avg_waiting,maskable_a2c__mask_true,maskable_dqn__mask_true,-2318.914159,0.769531
avg_waiting,maskable_a2c__mask_true,maskable_dqn__mask_true,-2295.696394,0.769531
avg_waiting,maskable_a2c__mask_true,maskable_dqn__mask_true,-2272.478629,0.769531
avg_waiting,maskable_a2c__mask_true,maskable_dqn__mask_true,-2249.260864,0.845703
avg_waiting,maskable_a2c__mask_true,maskable_dqn__mask_true,-2226.043098,0.921875
avg_waiting,maskable_a2c__mask_true,maskable_dqn__mask_true,-2202.825333,1.000000
avg_waiting,maskable_a2c__mask_true,maskable_dqn__mask_true,-2179.607568,0.921875
avg_waiting,maskable_a2c__mask_true,maskable_dqn__mask_true,-2156.389803,0.921875
avg_waiting,maskable_a2c__mask_true,maskable_dqn__mask_true,-2133.172038,0.921875
avg_waiting,maskable_a2c__mask_true,maskable_dqn__mask_true,-2109.954273,0.921875
avg_waiting,maskable_a2c__mask_true,maskable_dqn__mask_true,-2086.736508,0.921875
avg_waiting,maskable_a2c__mask_true,maskable_dqn__mask_true,-2063.518743,0.921875
avg_waiting,maskable_a2c__mask_true,maskable_dqn__mask_true,-2040.300978,0.921875
avg_waiting,maskable_a2c__mask_true,maskable_dqn__mask_true,-2017.083213,0.845703
avg_waiting,maskable_a2c__mask_true,maskable_dqn__mask_true,-1993.865448,0.695312
avg_waiting,maskable_a2c__mask_true,maskable_dqn__mask_true,-1970.647683,0.625000
avg_waiting,maskable_a2c__mask_true,maskable_dqn__mask_true,-1947.429918,0.625000
avg_waiting,maskable_a2c__mask_true,maskable_dqn__mask_true,-1924.212153,0.556641
avg_waiting,maskable_a2c__mask_true,maskable_dqn__mask_true,-1900.994388,0.492188
avg_waiting,maskable_a2c__mask_true,maskable_dqn__mask_true,-1877.776623,0.492188
avg_waiting,maskable_a2c__mask_true,maskable_dqn__mask_true,-1854.558857,0.492188
avg_waiting,maskable_a2c__mask_true,maskable_dqn__mask_true,-1831.341092,0.492188
avg_waiting,maskable_a2c__mask_true,maskable_dqn__mask_true,-1808.123327,0.431641
avg_waiting,maskable_a2c__mask_true,maskable_dqn__mask_true,-1784.905562,0.322266
avg_waiting,maskable_a2c__mask_true,maskable_dqn__mask_true,-1761.687797,0.322266
avg_waiting,maskable_a2c__mask_true,maskable_dqn__mask_true,-1738.470032,0.322266
avg_waiting,maskable_a2c__mask_true,maskable_dqn__mask_true,-1715.252267,0.322266
avg_waiting,maskable_a2c__mask_true,maskable_dqn__mask_true,-1692.034502,0.275391
avg_waiting,maskable_a2c__mask_true,maskable_dqn__mask_true,-1668.816737,0.275391
avg_waiting,maskable_a2c__mask_true,maskable_dqn__mask_true,-1645.598972,0.275391
avg_waiting,maskable_a2c__mask_true,maskable_dqn__mask_true,-1622.381207,0.275391
avg_waiting,maskable_a2c__mask_true,maskable_dqn__mask_true,-1599.163442,0.232422
avg_waiting,maskable_a2c__mask_true,maskable_dqn__mask_true,-1575.945677,0.232422
avg_waiting,maskable_a2c__mask_true,maskable_dqn__mask_true,-1552.727912,0.193359
avg_waiting,maskable_a2c__mask_true,maskable_dqn__mask_true,-1529.510147,0.160156
avg_waiting,maskable_a2c__mask_true,maskable_dqn__mask_true,-1506.292382,0.130859
avg_waiting,maskable_a2c__mask_true,maskable_dqn__mask_true,-1483.074616,0.130859
avg_waiting,maskable_a2c__mask_true,maskable_dqn__mask_true,-1459.856851,0.130859
avg_waiting,maskable_a2c__mask_true,maskable_dqn__mask_true,-1436.639086,0.130859
avg_waiting,maskable_a2c__mask_true,maskable_dqn__mask_true,-1413.421321,0.130859
avg_waiting,maskable_a2c__mask_true,maskable_dqn__mask_true,-1390.203556,0.130859
avg_waiting,maskable_a2c__mask_true,maskable_dqn__mask_true,-1366.985791,0.130859
avg_waiting,maskable_a2c__mask_true,maskable_dqn__mask_true,-1343.768026,0.130859
avg_waiting,maskable_a2c__mask_true,maskable_dqn__mask_true,-1320.550261,0.105469
avg_waiting,maskable_a2c__mask_true,maskable_dqn__mask_true,-1297.332496,0.105469
avg_waiting,maskable_a2c__mask_true,maskable_dqn__mask_true,-1274.114731,0.105469
avg_waiting,maskable_a2c__mask_true,maskable_dqn__mask_true,-1250.896966,0.105469
avg_waiting,maskable_a2c__mask_true,maskable_dqn__mask_true,-1227.679201,0.105469
avg_waiting,maskable_a2c__mask_true,maskable_dqn__mask_true,-1204.461436,0.105469
avg_waiting,maskable_a2c__mask_true,maskable_dqn__mask_true,-1181.243671,0.105469
avg_waiting,maskable_a2c__mask_true,maskable_dqn__mask_true,-1158.025906,0.105469
avg_waiting,maskable_a2c__mask_true,maskable_dqn__mask_true,-1134.808141,0.083984
avg_waiting,maskable_a2c__mask_true,maskable_dqn__mask_true,-1111.590376,0.083984
avg_waiting,maskable_a2c__mask_true,maskable_dqn__mask_true,-1088.372610,0.083984
avg_waiting,maskable_a2c__mask_true,maskable_dqn__mask_true,-1065.154845,0.083984
avg_waiting,maskable_a2c__mask_true,maskable_dqn__mask_true,-1041.937080,0.083984
avg_waiting,maskable_a2c__mask_true,maskable_dqn__mask_true,-1018.719315,0.083984
avg_waiting,maskable_a2c__mask_true,maskable_dqn__mask_true,-995.501550,0.083984
avg_waiting,maskable_a2c__mask_true,maskable_dqn__mask_true,-972.283785,0.083984
avg_waiting,maskable_a2c__mask_true,maskable_dqn__mask_true,-949.066020,0.083984
avg_waiting,maskable_a2c__mask_true,maskable_dqn__mask_true,-925.848255,0.083984
avg_waiting,maskable_a2c__mask_true,maskable_dqn__mask_true,-902.630490,0.083984
avg_waiting,maskable_a2c__mask_true,maskable_dqn__mask_true,-879.412725,0.083984
avg_waiting,maskable_a2c__mask_true,maskable_dqn__mask_true,-856.194960,0.083984
avg_waiting,maskable_a2c__mask_true,maskable_dqn__mask_true,-832.977195,0.083984
avg_waiting,maskable_a2c__mask_true,maskable_dqn__mask_true,-809.759430,0.083984
avg_waiting,maskable_a2c__mask_true,maskable_dqn__mask_true,-786.541665,0.083984
avg_waiting,maskable_a2c__mask_true,maskable_dqn__mask_true,-763.323900,0.083984
avg_waiting,maskable_a2c__mask_true,maskable_dqn__mask_true,-740.106135,0.083984
avg_waiting,maskable_a2c__mask_true,maskable_dqn__mask_true,-716.888369,0.064453
avg_waiting,maskable_a2c__mask_true,maskable_dqn__mask_true,-693.670604,0.048828
avg_waiting,maskable_a2c__mask_true,maskable_dqn__mask_true,-670.452839,0.037109
avg_waiting,maskable_a2c__mask_true,maskable_dqn__mask_true,-647.235074,0.037109
avg_waiting,maskable_a2c__mask_true,maskable_dqn__mask_true,-624.017309,0.037109
avg_waiting,maskable_a2c__mask_true,maskable_dqn__mask_true,-600.799544,0.037109
avg_waiting,maskable_a2c__mask_true,maskable_dqn__mask_true,-577.581779,0.037109
avg_waiting,maskable_a2c__mask_true,maskable_dqn__mask_true,-554.364014,0.037109
avg_waiting,maskable_a2c__mask_true,maskable_dqn__mask_true,-531.146249,0.037109
avg_waiting,maskable_a2c__mask_true,maskable_dqn__mask_true,-507.928484,0.037109
avg_waiting,maskable_a2c__mask_true,maskable_dqn__mask_true,-484.710719,0.027344
avg_waiting,maskable_a2c__mask_true,maskable_dqn__mask_true,-461.492954,0.019531
avg_waiting,maskable_a2c__mask_true,maskable_dqn__mask_true,-438.275189,0.019531
avg_waiting,maskable_a2c__mask_true,maskable_dqn__mask_true,-415.057424,0.019531
avg_waiting,maskable_a2c__mask_true,maskable_dqn__mask_true,-391.839659,0.019531
avg_waiting,maskable_a2c__mask_true,maskable_dqn__mask_true,-368.621894,0.019531
avg_waiting,maskable_a2c__mask_true,maskable_dqn__mask_true,-345.404129,0.019531
avg_waiting,maskable_a2c__mask_true,maskable_dqn__mask_true,-322.186363,0.019531
avg_waiting,maskable_a2c__mask_true,maskable_dqn__mask_true,-298.968598,0.013672
avg_waiting,maskable_a2c__mask_true,maskable_dqn__mask_true,-275.750833,0.009766
avg_waiting,maskable_a2c__mask_true,maskable_dqn__mask_true,-252.533068,0.005859
avg_waiting,maskable_a2c__mask_true,maskable_dqn__mask_true,-229.315303,0.005859
avg_waiting,maskable_a2c__mask_true,maskable_dqn__mask_true,-206.097538,0.005859
avg_waiting,maskable_a2c__mask_true,maskable_dqn__mask_true,-182.879773,0.005859
avg_waiting,maskable_a2c__mask_true,maskable_dqn__mask_true,-159.662008,0.005859
avg_waiting,maskable_a2c__mask_true,maskable_dqn__mask_true,-136.444243,0.005859
avg_waiting,maskable_a2c__mask_true,maskable_dqn__mask_true,-113.226478,0.005859
avg_waiting,maskable_a2c__mask_true,maskable_dqn__mask_true,-90.008713,0.005859
avg_waiting,maskable_a2c__mask_true,maskable_dqn__mask_true,-66.790948,0.003906
avg_waiting,maskable_a2c__mask_true,maskable_dqn__mask_true,-43.573183,0.003906
avg_waiting,maskable_a2c__mask_true,maskable_dqn__mask_true,-20.355418,0.003906
avg_waiting,maskable_a2c__mask_true,maskable_dqn__mask_true,2.862347,0.003906
avg_waiting,maskable_a2c__mask_true,maskable_dqn__mask_true,26.080112,0.003906
avg_waiting,maskable_a2c__mask_true,maskable_dqn__mask_true,49.297878,0.003906
avg_waiting,maskable_a2c__mask_true,maskable_dqn__mask_true,72.515643,0.003906
avg_waiting,maskable_a2c__mask_true,ppo__mask_false,-12147.532926,0.003906
avg_waiting,maskable_a2c__mask_true,ppo__mask_false,-12085.862494,0.064453
avg_waiting,maskable_a2c__mask_true,ppo__mask_false,-12024.192062,0.232422
avg_waiting,maskable_a2c__mask_true,ppo__mask_false,-11962.521630,0.232422
avg_waiting,maskable_a2c__mask_true,ppo__mask_false,-11900.851197,0.232422
avg_waiting,maskable_a2c__mask_true,ppo__mask_false,-11839.180765,0.232422
avg_waiting,maskable_a2c__mask_true,ppo__mask_false,-11777.510333,0.232422
avg_waiting,maskable_a2c__mask_true,ppo__mask_false,-11715.839901,0.232422
avg_waiting,maskable_a2c__mask_true,ppo__mask_false,-11654.169469,0.232422
avg_waiting,maskable_a2c__mask_true,ppo__mask_false,-11592.499036,0.232422
avg_waiting,maskable_a2c__mask_true,ppo__mask_false,-11530.828604,0.232422
avg_waiting,maskable_a2c__mask_true,ppo__mask_false,-11469.158172,0.232422
avg_waiting,maskable_a2c__mask_true,ppo__mask_false,-11407.487740,0.232422
avg_waiting,maskable_a2c__mask_true,ppo__mask_false,-11345.817307,0.232422
avg_waiting,maskable_a2c__mask_true,ppo__mask_false,-11284.146875,0.232422
avg_waiting,maskable_a2c__mask_true,ppo__mask_false,-11222.476443,0.232422
avg_waiting,maskable_a2c__mask_true,ppo__mask_false,-11160.806011,0.232422
avg_waiting,maskable_a2c__mask_true,ppo__mask_false,-11099.135579,0.232422
avg_waiting,maskable_a2c__mask_true,ppo__mask_false,-11037.465146,0.232422
avg_waiting,maskable_a2c__mask_true,ppo__mask_false,-10975.794714,0.232422
avg_waiting,maskable_a2c__mask_true,ppo__mask_false,-10914.124282,0.232422
avg_waiting,maskable_a2c__mask_true,ppo__mask_false,-10852.453850,0.232422
avg_waiting,maskable_a2c__mask_true,ppo__mask_false,-10790.783417,0.232422
avg_waiting,maskable_a2c__mask_true,ppo__mask_false,-10729.112985,0.232422
avg_waiting,maskable_a2c__mask_true,ppo__mask_false,-10667.442553,0.232422
avg_waiting,maskable_a2c__mask_true,ppo__mask_false,-10605.772121,0.232422
avg_waiting,maskable_a2c__mask_true,ppo__mask_false,-10544.101689,0.232422
avg_waiting,maskable_a2c__mask_true,ppo__mask_false,-10482.431256,0.232422
avg_waiting,maskable_a2c__mask_true,ppo__mask_false,-10420.760824,0.232422
avg_waiting,maskable_a2c__mask_true,ppo__mask_false,-10359.090392,0.232422
avg_waiting,maskable_a2c__mask_true,ppo__mask_false,-10297.419960,0.232422
avg_waiting,maskable_a2c__mask_true,ppo__mask_false,-10235.749527,0.232422
avg_waiting,maskable_a2c__mask_true,ppo__mask_false,-10174.079095,0.232422
avg_waiting,maskable_a2c__mask_true,ppo__mask_false,-10112.408663,0.232422
avg_waiting,maskable_a2c__mask_true,ppo__mask_false,-10050.738231,0.232422
avg_waiting,maskable_a2c__mask_true,ppo__mask_false,-9989.067799,0.232422
avg_waiting,maskable_a2c__mask_true,ppo__mask_false,-9927.397366,0.232422
avg_waiting,maskable_a2c__mask_true,ppo__mask_false,-9865.726934,0.232422
avg_waiting,maskable_a2c__mask_true,ppo__mask_false,-9804.056502,0.232422
avg_waiting,maskable_a2c__mask_true,ppo__mask_false,-9742.386070,0.232422
avg_waiting,maskable_a2c__mask_true,ppo__mask_false,-9680.715638,0.232422
avg_waiting,maskable_a2c__mask_true,ppo__mask_false,-9619.045205,0.232422
avg_waiting,maskable_a2c__mask_true,ppo__mask_false,-9557.374773,0.232422
avg_waiting,maskable_a2c__mask_true,ppo__mask_false,-9495.704341,0.232422
avg_waiting,maskable_a2c__mask_true,ppo__mask_false,-9434.033909,0.232422
avg_waiting,maskable_a2c__mask_true,ppo__mask_false,-9372.363476,0.232422
avg_waiting,maskable_a2c__mask_true,ppo__mask_false,-9310.693044,0.232422
avg_waiting,maskable_a2c__mask_true,ppo__mask_false,-9249.022612,0.232422
avg_waiting,maskable_a2c__mask_true,ppo__mask_false,-9187.352180,0.232422
avg_waiting,maskable_a2c__mask_true,ppo__mask_false,-9125.681748,0.232422
avg_waiting,maskable_a2c__mask_true,ppo__mask_false,-9064.011315,0.232422
avg_waiting,maskable_a2c__mask_true,ppo__mask_false,-9002.340883,0.232422
avg_waiting,maskable_a2c__mask_true,ppo__mask_false,-8940.670451,0.232422
avg_waiting,maskable_a2c__mask_true,ppo__mask_false,-8879.000019,0.232422
avg_waiting,maskable_a2c__mask_true,ppo__mask_false,-8817.329586,0.232422
avg_waiting,maskable_a2c__mask_true,ppo__mask_false,-8755.659154,0.232422
avg_waiting,maskable_a2c__mask_true,ppo__mask_false,-8693.988722,0.232422
avg_waiting,maskable_a2c__mask_true,ppo__mask_false,-8632.318290,0.232422
avg_waiting,maskable_a2c__mask_true,ppo__mask_false,-8570.647858,0.232422
avg_waiting,maskable_a2c__mask_true,ppo__mask_false,-8508.977425,0.232422
avg_waiting,maskable_a2c__mask_true,ppo__mask_false,-8447.306993,0.232422
avg_waiting,maskable_a2c__mask_true,ppo__mask_false,-8385.636561,0.232422
avg_waiting,maskable_a2c__mask_true,ppo__mask_false,-8323.966129,0.232422
avg_waiting,maskable_a2c__mask_true,ppo__mask_false,-8262.295696,0.232422
avg_waiting,maskable_a2c__mask_true,ppo__mask_false,-8200.625264,0.232422
avg_waiting,maskable_a2c__mask_true,ppo__mask_false,-8138.954832,0.232422
avg_waiting,maskable_a2c__mask_true,ppo__mask_false,-8077.284400,0.232422
avg_waiting,maskable_a2c__mask_true,ppo__mask_false,-8015.613968,0.232422
avg_waiting,maskable_a2c__mask_true,ppo__mask_false,-7953.943535,0.232422
avg_waiting,maskable_a2c__mask_true,ppo__mask_false,-7892.273103,0.232422
avg_waiting,maskable_a2c__mask_true,ppo__mask_false,-7830.602671,0.232422
avg_waiting,maskable_a2c__mask_true,ppo__mask_false,-7768.932239,0.232422
avg_waiting,maskable_a2c__mask_true,ppo__mask_false,-7707.261806,0.232422
avg_waiting,maskable_a2c__mask_true,ppo__mask_false,-7645.591374,0.232422
avg_waiting,maskable_a2c__mask_true,ppo__mask_false,-7583.920942,0.232422
avg_waiting,maskable_a2c__mask_true,ppo__mask_false,-7522.250510,0.232422
avg_waiting,maskable_a2c__mask_true,ppo__mask_false,-7460.580078,0.232422
avg_waiting,maskable_a2c__mask_true,ppo__mask_false,-7398.909645,0.232422
avg_waiting,maskable_a2c__mask_true,ppo__mask_false,-7337.239213,0.232422
avg_waiting,maskable_a2c__mask_true,ppo__mask_false,-7275.568781,0.232422
avg_waiting,maskable_a2c__mask_true,ppo__mask_false,-7213.898349,0.232422
avg_waiting,maskable_a2c__mask_true,ppo__mask_false,-7152.227916,0.232422
avg_waiting,maskable_a2c__mask_true,ppo__mask_false,-7090.557484,0.232422
avg_waiting,maskable_a2c__mask_true,ppo__mask_false,-7028.887052,0.232422
avg_waiting,maskable_a2c__mask_true,ppo__mask_false,-6967.216620,0.232422
avg_waiting,maskable_a2c__mask_true,ppo__mask_false,-6905.546188,0.232422
avg_waiting,maskable_a2c__mask_true,ppo__mask_false,-6843.875755,0.232422
avg_waiting,maskable_a2c__mask_true,ppo__mask_false,-6782.205323,0.232422
avg_waiting,maskable_a2c__mask_true,ppo__mask_false,-6720.534891,0.232422
avg_waiting,maskable_a2c__mask_true,ppo__mask_false,-6658.864459,0.232422
avg_waiting,maskable_a2c__mask_true,ppo__mask_false,-6597.194026,0.232422
avg_waiting,maskable_a2c__mask_true,ppo__mask_false,-6535.523594,0.232422
avg_waiting,maskable_a2c__mask_true,ppo__mask_false,-6473.853162,0.232422
avg_waiting,maskable_a2c__mask_true,ppo__mask_false,-6412.182730,0.431641
avg_waiting,maskable_a2c__mask_true,ppo__mask_false,-6350.512298,1.000000
avg_waiting,maskable_a2c__mask_true,ppo__mask_false,-6288.841865,0.845703
avg_waiting,maskable_a2c__mask_true,ppo__mask_false,-6227.171433,0.845703
avg_waiting,maskable_a2c__mask_true,ppo__mask_false,-6165.501001,0.845703
avg_waiting,maskable_a2c__mask_true,ppo__mask_false,-6103.830569,0.845703
avg_waiting,maskable_a2c__mask_true,ppo__mask_false,-6042.160136,0.492188
avg_waiting,maskable_a2c__mask_true,ppo__mask_false,-5980.489704,0.375000
avg_waiting,maskable_a2c__mask_true,ppo__mask_false,-5918.819272,0.232422
avg_waiting,maskable_a2c__mask_true,ppo__mask_false,-5857.148840,0.232422
avg_waiting,maskable_a2c__mask_true,ppo__mask_false,-5795.478408,0.232422
avg_waiting,maskable_a2c__mask_true,ppo__mask_false,-5733.807975,0.232422
avg_waiting,maskable_a2c__mask_true,ppo__mask_false,-5672.137543,0.232422
avg_waiting,maskable_a2c__mask_true,ppo__mask_false,-5610.467111,0.232422
avg_waiting,maskable_a2c__mask_true,ppo__mask_false,-5548.796679,0.232422
avg_waiting,maskable_a2c__mask_true,ppo__mask_false,-5487.126246,0.232422
avg_waiting,maskable_a2c__mask_true,ppo__mask_false,-5425.455814,0.232422
avg_waiting,maskable_a2c__mask_true,ppo__mask_false,-5363.785382,0.232422
avg_waiting,maskable_a2c__mask_true,ppo__mask_false,-5302.114950,0.232422
avg_waiting,maskable_a2c__mask_true,ppo__mask_false,-5240.444518,0.232422
avg_waiting,maskable_a2c__mask_true,ppo__mask_false,-5178.774085,0.232422
avg_waiting,maskable_a2c__mask_true,ppo__mask_false,-5117.103653,0.232422
avg_waiting,maskable_a2c__mask_true,ppo__mask_false,-5055.433221,0.232422
avg_waiting,maskable_a2c__mask_true,ppo__mask_false,-4993.762789,0.232422
avg_waiting,maskable_a2c__mask_true,ppo__mask_false,-4932.092357,0.232422
avg_waiting,maskable_a2c__mask_true,ppo__mask_false,-4870.421924,0.232422
avg_waiting,maskable_a2c__mask_true,ppo__mask_false,-4808.751492,0.232422
avg_waiting,maskable_a2c__mask_true,ppo__mask_false,-4747.081060,0.232422
avg_waiting,maskable_a2c__mask_true,ppo__mask_false,-4685.410628,0.232422
avg_waiting,maskable_a2c__mask_true,ppo__mask_false,-4623.740195,0.232422
avg_waiting,maskable_a2c__mask_true,ppo__mask_false,-4562.069763,0.232422
avg_waiting,maskable_a2c__mask_true,ppo__mask_false,-4500.399331,0.232422
avg_waiting,maskable_a2c__mask_true,ppo__mask_false,-4438.728899,0.232422
avg_waiting,maskable_a2c__mask_true,ppo__mask_false,-4377.058467,0.232422
avg_waiting,maskable_a2c__mask_true,ppo__mask_false,-4315.388034,0.232422
avg_waiting,maskable_a2c__mask_true,ppo__mask_false,-4253.717602,0.232422
avg_waiting,maskable_a2c__mask_true,ppo__mask_false,-4192.047170,0.232422
avg_waiting,maskable_a2c__mask_true,ppo__mask_false,-4130.376738,0.232422
avg_waiting,maskable_a2c__mask_true,ppo__mask_false,-4068.706305,0.232422
avg_waiting,maskable_a2c__mask_true,ppo__mask_false,-4007.035873,0.232422
avg_waiting,maskable_a2c__mask_true,ppo__mask_false,-3945.365441,0.232422
avg_waiting,maskable_a2c__mask_true,ppo__mask_false,-3883.695009,0.232422
avg_waiting,maskable_a2c__mask_true,ppo__mask_false,-3822.024577,0.232422
avg_waiting,maskable_a2c__mask_true,ppo__mask_false,-3760.354144,0.232422
avg_waiting,maskable_a2c__mask_true,ppo__mask_false,-3698.683712,0.232422
avg_waiting,maskable_a2c__mask_true,ppo__mask_false,-3637.013280,0.232422
avg_waiting,maskable_a2c__mask_true,ppo__mask_false,-3575.342848,0.232422
avg_waiting,maskable_a2c__mask_true,ppo__mask_false,-3513.672415,0.232422
avg_waiting,maskable_a2c__mask_true,ppo__mask_false,-3452.001983,0.232422
avg_waiting,maskable_a2c__mask_true,ppo__mask_false,-3390.331551,0.232422
avg_waiting,maskable_a2c__mask_true,ppo__mask_false,-3328.661119,0.232422
avg_waiting,maskable_a2c__mask_true,ppo__mask_false,-3266.990687,0.232422
avg_waiting,maskable_a2c__mask_true,ppo__mask_false,-3205.320254,0.232422
avg_waiting,maskable_a2c__mask_true,ppo__mask_false,-3143.649822,0.232422
avg_waiting,maskable_a2c__mask_true,ppo__mask_false,-3081.979390,0.232422
avg_waiting,maskable_a2c__mask_true,ppo__mask_false,-3020.308958,0.232422
avg_waiting,maskable_a2c__mask_true,ppo__mask_false,-2958.638525,0.232422
avg_waiting,maskable_a2c__mask_true,ppo__mask_false,-2896.968093,0.232422
avg_waiting,maskable_a2c__mask_true,ppo__mask_false,-2835.297661,0.232422
avg_waiting,maskable_a2c__mask_true,ppo__mask_false,-2773.627229,0.232422
avg_waiting,maskable_a2c__mask_true,ppo__mask_false,-2711.956797,0.232422
avg_waiting,maskable_a2c__mask_true,ppo__mask_false,-2650.286364,0.232422
avg_waiting,maskable_a2c__mask_true,ppo__mask_false,-2588.615932,0.232422
avg_waiting,maskable_a2c__mask_true,ppo__mask_false,-2526.945500,0.232422
avg_waiting,maskable_a2c__mask_true,ppo__mask_false,-2465.275068,0.232422
avg_waiting,maskable_a2c__mask_true,ppo__mask_false,-2403.604635,0.232422
avg_waiting,maskable_a2c__mask_true,ppo__mask_false,-2341.934203,0.232422
avg_waiting,maskable_a2c__mask_true,ppo__mask_false,-2280.263771,0.232422
avg_waiting,maskable_a2c__mask_true,ppo__mask_false,-2218.593339,0.232422
avg_waiting,maskable_a2c__mask_true,ppo__mask_false,-2156.922907,0.232422
avg_waiting,maskable_a2c__mask_true,ppo__mask_false,-2095.252474,0.232422
avg_waiting,maskable_a2c__mask_true,ppo__mask_false,-2033.582042,0.232422
avg_waiting,maskable_a2c__mask_true,ppo__mask_false,-1971.911610,0.232422
avg_waiting,maskable_a2c__mask_true,ppo__mask_false,-1910.241178,0.232422
avg_waiting,maskable_a2c__mask_true,ppo__mask_false,-1848.570745,0.232422
avg_waiting,maskable_a2c__mask_true,ppo__mask_false,-1786.900313,0.232422
avg_waiting,maskable_a2c__mask_true,ppo__mask_false,-1725.229881,0.232422
avg_waiting,maskable_a2c__mask_true,ppo__mask_false,-1663.559449,0.232422
avg_waiting,maskable_a2c__mask_true,ppo__mask_false,-1601.889017,0.232422
avg_waiting,maskable_a2c__mask_true,ppo__mask_false,-1540.218584,0.232422
avg_waiting,maskable_a2c__mask_true,ppo__mask_false,-1478.548152,0.232422
avg_waiting,maskable_a2c__mask_true,ppo__mask_false,-1416.877720,0.232422
avg_waiting,maskable_a2c__mask_true,ppo__mask_false,-1355.207288,0.232422
avg_waiting,maskable_a2c__mask_true,ppo__mask_false,-1293.536855,0.232422
avg_waiting,maskable_a2c__mask_true,ppo__mask_false,-1231.866423,0.232422
avg_waiting,maskable_a2c__mask_true,ppo__mask_false,-1170.195991,0.232422
avg_waiting,maskable_a2c__mask_true,ppo__mask_false,-1108.525559,0.232422
avg_waiting,maskable_a2c__mask_true,ppo__mask_false,-1046.855127,0.232422
avg_waiting,maskable_a2c__mask_true,ppo__mask_false,-985.184694,0.232422
avg_waiting,maskable_a2c__mask_true,ppo__mask_false,-923.514262,0.232422
avg_waiting,maskable_a2c__mask_true,ppo__mask_false,-861.843830,0.232422
avg_waiting,maskable_a2c__mask_true,ppo__mask_false,-800.173398,0.232422
avg_waiting,maskable_a2c__mask_true,ppo__mask_false,-738.502965,0.193359
avg_waiting,maskable_a2c__mask_true,ppo__mask_false,-676.832533,0.105469
avg_waiting,maskable_a2c__mask_true,ppo__mask_false,-615.162101,0.064453
avg_waiting,maskable_a2c__mask_true,ppo__mask_false,-553.491669,0.064453
avg_waiting,maskable_a2c__mask_true,ppo__mask_false,-491.821237,0.064453
avg_waiting,maskable_a2c__mask_true,ppo__mask_false,-430.150804,0.064453
avg_waiting,maskable_a2c__mask_true,ppo__mask_false,-368.480372,0.037109
avg_waiting,maskable_a2c__mask_true,ppo__mask_false,-306.809940,0.027344
avg_waiting,maskable_a2c__mask_true,ppo__mask_false,-245.139508,0.013672
avg_waiting,maskable_a2c__mask_true,ppo__mask_false,-183.469076,0.009766
avg_waiting,maskable_a2c__mask_true,ppo__mask_false,-121.798643,0.009766
avg_waiting,maskable_a2c__mask_true,ppo__mask_false,-60.128211,0.009766
avg_waiting,maskable_a2c__mask_true,ppo__mask_false,1.542221,0.005859
avg_waiting,maskable_a2c__mask_true,ppo__mask_false,63.212653,0.003906
avg_waiting,maskable_a2c__mask_true,ppo__mask_false,124.883086,0.003906
avg_waiting,maskable_dqn__mask_true,maskable_ppo__mask_true,-56.355736,0.003906
avg_waiting,maskable_dqn__mask_true,maskable_ppo__mask_true,-33.914135,0.003906
avg_waiting,maskable_dqn__mask_true,maskable_ppo__mask_true,-11.472533,0.003906
avg_waiting,maskable_dqn__mask_true,maskable_ppo__mask_true,10.969068,0.003906
avg_waiting,maskable_dqn__mask_true,maskable_ppo__mask_true,33.410669,0.003906
avg_waiting,maskable_dqn__mask_true,maskable_ppo__mask_true,55.852271,0.003906
avg_waiting,maskable_dqn__mask_true,maskable_ppo__mask_true,78.293872,0.003906
avg_waiting,maskable_dqn__mask_true,maskable_ppo__mask_true,100.735474,0.005859
avg_waiting,maskable_dqn__mask_true,maskable_ppo__mask_true,123.177075,0.005859
avg_waiting,maskable_dqn__mask_true,maskable_ppo__mask_true,145.618677,0.005859
avg_waiting,maskable_dqn__mask_true,maskable_ppo__mask_true,168.060278,0.005859
avg_waiting,maskable_dqn__mask_true,maskable_ppo__mask_true,190.501879,0.005859
avg_waiting,maskable_dqn__mask_true,maskable_ppo__mask_true,212.943481,0.005859
avg_waiting,maskable_dqn__mask_true,maskable_ppo__mask_true,235.385082,0.005859
avg_waiting,maskable_dqn__mask_true,maskable_ppo__mask_true,257.826684,0.005859
avg_waiting,maskable_dqn__mask_true,maskable_ppo__mask_true,280.268285,0.009766
avg_waiting,maskable_dqn__mask_true,maskable_ppo__mask_true,302.709887,0.013672
avg_waiting,maskable_dqn__mask_true,maskable_ppo__mask_true,325.151488,0.019531
avg_waiting,maskable_dqn__mask_true,maskable_ppo__mask_true,347.593089,0.019531
avg_waiting,maskable_dqn__mask_true,maskable_ppo__mask_true,370.034691,0.019531
avg_waiting,maskable_dqn__mask_true,maskable_ppo__mask_true,392.476292,0.019531
avg_waiting,maskable_dqn__mask_true,maskable_ppo__mask_true,414.917894,0.019531
avg_waiting,maskable_dqn__mask_true,maskable_ppo__mask_true,437.359495,0.019531
avg_waiting,maskable_dqn__mask_true,maskable_ppo__mask_true,459.801096,0.019531
avg_waiting,maskable_dqn__mask_true,maskable_ppo__mask_true,482.242698,0.027344
avg_waiting,maskable_dqn__mask_true,maskable_ppo__mask_true,504.684299,0.037109
avg_waiting,maskable_dqn__mask_true,maskable_ppo__mask_true,527.125901,0.037109
avg_waiting,maskable_dqn__mask_true,maskable_ppo__mask_true,549.567502,0.037109
avg_waiting,maskable_dqn__mask_true,maskable_ppo__mask_true,572.009104,0.037109
avg_waiting,maskable_dqn__mask_true,maskable_ppo__mask_true,594.450705,0.037109
avg_waiting,maskable_dqn__mask_true,maskable_ppo__mask_true,616.892306,0.037109
avg_waiting,maskable_dqn__mask_true,maskable_ppo__mask_true,639.333908,0.037109
avg_waiting,maskable_dqn__mask_true,maskable_ppo__mask_true,661.775509,0.037109
avg_waiting,maskable_dqn__mask_true,maskable_ppo__mask_true,684.217111,0.048828
avg_waiting,maskable_dqn__mask_true,maskable_ppo__mask_true,706.658712,0.048828
avg_waiting,maskable_dqn__mask_true,maskable_ppo__mask_true,729.100314,0.064453
avg_waiting,maskable_dqn__mask_true,maskable_ppo__mask_true,751.541915,0.083984
avg_waiting,maskable_dqn__mask_true,maskable_ppo__mask_true,773.983516,0.083984
avg_waiting,maskable_dqn__mask_true,maskable_ppo__mask_true,796.425118,0.083984
avg_waiting,maskable_dqn__mask_true,maskable_ppo__mask_true,818.866719,0.083984
avg_waiting,maskable_dqn__mask_true,maskable_ppo__mask_true,841.308321,0.083984
avg_waiting,maskable_dqn__mask_true,maskable_ppo__mask_true,863.749922,0.083984
avg_waiting,maskable_dqn__mask_true,maskable_ppo__mask_true,886.191524,0.083984
avg_waiting,maskable_dqn__mask_true,maskable_ppo__mask_true,908.633125,0.083984
avg_waiting,maskable_dqn__mask_true,maskable_ppo__mask_true,931.074726,0.083984
avg_waiting,maskable_dqn__mask_true,maskable_ppo__mask_true,953.516328,0.083984
avg_waiting,maskable_dqn__mask_true,maskable_ppo__mask_true,975.957929,0.083984
avg_waiting,maskable_dqn__mask_true,maskable_ppo__mask_true,998.399531,0.083984
avg_waiting,maskable_dqn__mask_true,maskable_ppo__mask_true,1020.841132,0.083984
avg_waiting,maskable_dqn__mask_true,maskable_ppo__mask_true,1043.282734,0.083984
avg_waiting,maskable_dqn__mask_true,maskable_ppo__mask_true,1065.724335,0.083984
avg_waiting,maskable_dqn__mask_true,maskable_ppo__mask_true,1088.165936,0.083984
avg_waiting,maskable_dqn__mask_true,maskable_ppo__mask_true,1110.607538,0.083984
avg_waiting,maskable_dqn__mask_true,maskable_ppo__mask_true,1133.049139,0.105469
avg_waiting,maskable_dqn__mask_true,maskable_ppo__mask_true,1155.490741,0.105469
avg_waiting,maskable_dqn__mask_true,maskable_ppo__mask_true,1177.932342,0.105469
avg_waiting,maskable_dqn__mask_true,maskable_ppo__mask_true,1200.373944,0.105469
avg_waiting,maskable_dqn__mask_true,maskable_ppo__mask_true,1222.815545,0.105469
avg_waiting,maskable_dqn__mask_true,maskable_ppo__mask_true,1245.257146,0.105469
avg_waiting,maskable_dqn__mask_true,maskable_ppo__mask_true,1267.698748,0.105469
avg_waiting,maskable_dqn__mask_true,maskable_ppo__mask_true,1290.140349,0.105469
avg_waiting,maskable_dqn__mask_true,maskable_ppo__mask_true,1312.581951,0.105469
avg_waiting,maskable_dqn__mask_true,maskable_ppo__mask_true,1335.023552,0.130859
avg_waiting,maskable_dqn__mask_true,maskable_ppo__mask_true,1357.465154,0.130859
avg_waiting,maskable_dqn__mask_true,maskable_ppo__mask_true,1379.906755,0.130859
avg_waiting,maskable_dqn__mask_true,maskable_ppo__mask_true,1402.348356,0.130859
avg_waiting,maskable_dqn__mask_true,maskable_ppo__mask_true,1424.789958,0.130859
avg_waiting,maskable_dqn__mask_true,maskable_ppo__mask_true,1447.231559,0.130859
avg_waiting,maskable_dqn__mask_true,maskable_ppo__mask_true,1469.673161,0.130859
avg_waiting,maskable_dqn__mask_true,maskable_ppo__mask_true,1492.114762,0.130859
avg_waiting,maskable_dqn__mask_true,maskable_ppo__mask_true,1514.556363,0.130859
avg_waiting,maskable_dqn__mask_true,maskable_ppo__mask_true,1536.997965,0.193359
avg_waiting,maskable_dqn__mask_true,maskable_ppo__mask_true,1559.439566,0.232422
avg_waiting,maskable_dqn__mask_true,maskable_ppo__mask_true,1581.881168,0.232422
avg_waiting,maskable_dqn__mask_true,maskable_ppo__mask_true,1604.322769,0.232422
avg_waiting,maskable_dqn__mask_true,maskable_ppo__mask_true,1626.764371,0.232422
avg_waiting,maskable_dqn__mask_true,maskable_ppo__mask_true,1649.205972,0.275391
avg_waiting,maskable_dqn__mask_true,maskable_ppo__mask_true,1671.647573,0.275391
avg_waiting,maskable_dqn__mask_true,maskable_ppo__mask_true,1694.089175,0.275391
avg_waiting,maskable_dqn__mask_true,maskable_ppo__mask_true,1716.530776,0.322266
avg_waiting,maskable_dqn__mask_true,maskable_ppo__mask_true,1738.972378,0.322266
avg_waiting,maskable_dqn__mask_true,maskable_ppo__mask_true,1761.413979,0.322266
avg_waiting,maskable_dqn__mask_true,maskable_ppo__mask_true,1783.855581,0.322266
avg_waiting,maskable_dqn__mask_true,maskable_ppo__mask_true,1806.297182,0.431641
avg_waiting,maskable_dqn__mask_true,maskable_ppo__mask_true,1828.738783,0.492188
avg_waiting,maskable_dqn__mask_true,maskable_ppo__mask_true,1851.180385,0.492188
avg_waiting,maskable_dqn__mask_true,maskable_ppo__mask_true,1873.621986,0.492188
avg_waiting,maskable_dqn__mask_true,maskable_ppo__mask_true,1896.063588,0.492188
avg_waiting,maskable_dqn__mask_true,maskable_ppo__mask_true,1918.505189,0.556641
avg_waiting,maskable_dqn__mask_true,maskable_ppo__mask_true,1940.946791,0.556641
avg_waiting,maskable_dqn__mask_true,maskable_ppo__mask_true,1963.388392,0.625000
avg_waiting,maskable_dqn__mask_true,maskable_ppo__mask_true,1985.829993,0.769531
avg_waiting,maskable_dqn__mask_true,maskable_ppo__mask_true,2008.271595,0.769531
avg_waiting,maskable_dqn__mask_true,maskable_ppo__mask_true,2030.713196,0.845703
avg_waiting,maskable_dqn__mask_true,maskable_ppo__mask_true,2053.154798,0.921875
avg_waiting,maskable_dqn__mask_true,maskable_ppo__mask_true,2075.596399,0.921875
avg_waiting,maskable_dqn__mask_true,maskable_ppo__mask_true,2098.038001,0.921875
avg_waiting,maskable_dqn__mask_true,maskable_ppo__mask_true,2120.479602,0.921875
avg_waiting,maskable_dqn__mask_true,maskable_ppo__mask_true,2142.921203,0.921875
avg_waiting,maskable_dqn__mask_true,maskable_ppo__mask_true,2165.362805,0.921875
avg_waiting,maskable_dqn__mask_true,maskable_ppo__mask_true,2187.804406,1.000000
avg_waiting,maskable_dqn__mask_true,maskable_ppo__mask_true,2210.246008,0.845703
avg_waiting,maskable_dqn__mask_true,maskable_ppo__mask_true,2232.687609,0.769531
avg_waiting,maskable_dqn__mask_true,maskable_ppo__mask_true,2255.129211,0.769531
avg_waiting,maskable_dqn__mask_true,maskable_ppo__mask_true,2277.570812,0.769531
avg_waiting,maskable_dqn__mask_true,maskable_ppo__mask_true,2300.012413,0.769531
avg_waiting,maskable_dqn__mask_true,maskable_ppo__mask_true,2322.454015,0.769531
avg_waiting,maskable_dqn__mask_true,maskable_ppo__mask_true,2344.895616,0.769531
avg_waiting,maskable_dqn__mask_true,maskable_ppo__mask_true,2367.337218,0.695312
avg_waiting,maskable_dqn__mask_true,maskable_ppo__mask_true,2389.778819,0.625000
avg_waiting,maskable_dqn__mask_true,maskable_ppo__mask_true,2412.220421,0.625000
avg_waiting,maskable_dqn__mask_true,maskable_ppo__mask_true,2434.662022,0.625000
avg_waiting,maskable_dqn__mask_true,maskable_ppo__mask_true,2457.103623,0.625000
avg_waiting,maskable_dqn__mask_true,maskable_ppo__mask_true,2479.545225,0.625000
avg_waiting,maskable_dqn__mask_true,maskable_ppo__mask_true,2501.986826,0.625000
avg_waiting,maskable_dqn__mask_true,maskable_ppo__mask_true,2524.428428,0.625000
avg_waiting,maskable_dqn__mask_true,maskable_ppo__mask_true,2546.870029,0.625000
avg_waiting,maskable_dqn__mask_true,maskable_ppo__mask_true,2569.311630,0.625000
avg_waiting,maskable_dqn__mask_true,maskable_ppo__mask_true,2591.753232,0.556641
avg_waiting,maskable_dqn__mask_true,maskable_ppo__mask_true,2614.194833,0.492188
avg_waiting,maskable_dqn__mask_true,maskable_ppo__mask_true,2636.636435,0.492188
avg_waiting,maskable_dqn__mask_true,maskable_ppo__mask_true,2659.078036,0.492188
avg_waiting,maskable_dqn__mask_true,maskable_ppo__mask_true,2681.519638,0.492188
avg_waiting,maskable_dqn__mask_true,maskable_ppo__mask_true,2703.961239,0.492188
avg_waiting,maskable_dqn__mask_true,maskable_ppo__mask_true,2726.402840,0.492188
avg_waiting,maskable_dqn__mask_true,maskable_ppo__mask_true,2748.844442,0.492188
avg_waiting,maskable_dqn__mask_true,maskable_ppo__mask_true,2771.286043,0.431641
avg_waiting,maskable_dqn__mask_true,maskable_ppo__mask_true,2793.727645,0.431641
avg_waiting,maskable_dqn__mask_true,maskable_ppo__mask_true,2816.169246,0.431641
avg_waiting,maskable_dqn__mask_true,maskable_ppo__mask_true,2838.610848,0.431641
avg_waiting,maskable_dqn__mask_true,maskable_ppo__mask_true,2861.052449,0.375000
avg_waiting,maskable_dqn__mask_true,maskable_ppo__mask_true,2883.494050,0.375000
avg_waiting,maskable_dqn__mask_true,maskable_ppo__mask_true,2905.935652,0.375000
avg_waiting,maskable_dqn__mask_true,maskable_ppo__mask_true,2928.377253,0.375000
avg_waiting,maskable_dqn__mask_true,maskable_ppo__mask_true,2950.818855,0.375000
avg_waiting,maskable_dqn__mask_true,maskable_ppo__mask_true,2973.260456,0.375000
avg_waiting,maskable_dqn__mask_true,maskable_ppo__mask_true,2995.702058,0.375000
avg_waiting,maskable_dqn__mask_true,maskable_ppo__mask_true,3018.143659,0.322266
avg_waiting,maskable_dqn__mask_true,maskable_ppo__mask_true,3040.585260,0.275391
avg_waiting,maskable_dqn__mask_true,maskable_ppo__mask_true,3063.026862,0.275391
avg_waiting,maskable_dqn__mask_true,maskable_ppo__mask_true,3085.468463,0.275391
avg_waiting,maskable_dqn__mask_true,maskable_ppo__mask_true,3107.910065,0.275391
avg_waiting,maskable_dqn__mask_true,maskable_ppo__mask_true,3130.351666,0.275391
avg_waiting,maskable_dqn__mask_true,maskable_ppo__mask_true,3152.793268,0.275391
avg_waiting,maskable_dqn__mask_true,maskable_ppo__mask_true,3175.234869,0.232422
avg_waiting,maskable_dqn__mask_true,maskable_ppo__mask_true,3197.676470,0.232422
avg_waiting,maskable_dqn__mask_true,maskable_ppo__mask_true,3220.118072,0.232422
avg_waiting,maskable_dqn__mask_true,maskable_ppo__mask_true,3242.559673,0.232422
avg_waiting,maskable_dqn__mask_true,maskable_ppo__mask_true,3265.001275,0.193359
avg_waiting,maskable_dqn__mask_true,maskable_ppo__mask_true,3287.442876,0.193359
avg_waiting,maskable_dqn__mask_true,maskable_ppo__mask_true,3309.884478,0.193359
avg_waiting,maskable_dqn__mask_true,maskable_ppo__mask_true,3332.326079,0.193359
avg_waiting,maskable_dqn__mask_true,maskable_ppo__mask_true,3354.767680,0.160156
avg_waiting,maskable_dqn__mask_true,maskable_ppo__mask_true,3377.209282,0.160156
avg_waiting,maskable_dqn__mask_true,maskable_ppo__mask_true,3399.650883,0.160156
avg_waiting,maskable_dqn__mask_true,maskable_ppo__mask_true,3422.092485,0.105469
avg_waiting,maskable_dqn__mask_true,maskable_ppo__mask_true,3444.534086,0.083984
avg_waiting,maskable_dqn__mask_true,maskable_ppo__mask_true,3466.975687,0.083984
avg_waiting,maskable_dqn__mask_true,maskable_ppo__mask_true,3489.417289,0.083984
avg_waiting,maskable_dqn__mask_true,maskable_ppo__mask_true,3511.858890,0.083984
avg_waiting,maskable_dqn__mask_true,maskable_ppo__mask_true,3534.300492,0.048828
avg_waiting,maskable_dqn__mask_true,maskable_ppo__mask_true,3556.742093,0.048828
avg_waiting,maskable_dqn__mask_true,maskable_ppo__mask_true,3579.183695,0.048828
avg_waiting,maskable_dqn__mask_true,maskable_ppo__mask_true,3601.625296,0.048828
avg_waiting,maskable_dqn__mask_true,maskable_ppo__mask_true,3624.066897,0.048828
avg_waiting,maskable_dqn__mask_true,maskable_ppo__mask_true,3646.508499,0.048828
avg_waiting,maskable_dqn__mask_true,maskable_ppo__mask_true,3668.950100,0.048828
avg_waiting,maskable_dqn__mask_true,maskable_ppo__mask_true,3691.391702,0.027344
avg_waiting,maskable_dqn__mask_true,maskable_ppo__mask_true,3713.833303,0.019531
avg_waiting,maskable_dqn__mask_true,maskable_ppo__mask_true,3736.274905,0.019531
avg_waiting,maskable_dqn__mask_true,maskable_ppo__mask_true,3758.716506,0.019531
avg_waiting,maskable_dqn__mask_true,maskable_ppo__mask_true,3781.158107,0.019531
avg_waiting,maskable_dqn__mask_true,maskable_ppo__mask_true,3803.599709,0.019531
avg_waiting,maskable_dqn__mask_true,maskable_ppo__mask_true,3826.041310,0.013672
avg_waiting,maskable_dqn__mask_true,maskable_ppo__mask_true,3848.482912,0.013672
avg_waiting,maskable_dqn__mask_true,maskable_ppo__mask_true,3870.924513,0.013672
avg_waiting,maskable_dqn__mask_true,maskable_ppo__mask_true,3893.366115,0.013672
avg_waiting,maskable_dqn__mask_true,maskable_ppo__mask_true,3915.807716,0.009766
avg_waiting,maskable_dqn__mask_true,maskable_ppo__mask_true,3938.249317,0.009766
avg_waiting,maskable_dqn__mask_true,maskable_ppo__mask_true,3960.690919,0.009766
avg_waiting,maskable_dqn__mask_true,maskable_ppo__mask_true,3983.132520,0.009766
avg_waiting,maskable_dqn__mask_true,maskable_ppo__mask_true,4005.574122,0.009766
avg_waiting,maskable_dqn__mask_true,maskable_ppo__mask_true,4028.015723,0.009766
avg_waiting,maskable_dqn__mask_true,maskable_ppo__mask_true,4050.457325,0.009766
avg_waiting,maskable_dqn__mask_true,maskable_ppo__mask_true,4072.898926,0.009766
avg_waiting,maskable_dqn__mask_true,maskable_ppo__mask_true,4095.340527,0.003906
avg_waiting,maskable_dqn__mask_true,maskable_ppo__mask_true,4117.782129,0.003906
avg_waiting,maskable_dqn__mask_true,maskable_ppo__mask_true,4140.223730,0.003906
avg_waiting,maskable_dqn__mask_true,maskable_ppo__mask_true,4162.665332,0.003906
avg_waiting,maskable_dqn__mask_true,maskable_ppo__mask_true,4185.106933,0.003906
avg_waiting,maskable_dqn__mask_true,maskable_ppo__mask_true,4207.548535,0.003906
avg_waiting,maskable_dqn__mask_true,maskable_ppo__mask_true,4229.990136,0.003906
avg_waiting,maskable_dqn__mask_true,maskable_ppo__mask_true,4252.431737,0.003906
avg_waiting,maskable_dqn__mask_true,maskable_ppo__mask_true,4274.873339,0.003906
avg_waiting,maskable_dqn__mask_true,maskable_ppo__mask_true,4297.314940,0.003906
avg_waiting,maskable_dqn__mask_true,maskable_ppo__mask_true,4319.756542,0.003906
avg_waiting,maskable_dqn__mask_true,maskable_ppo__mask_true,4342.198143,0.003906
avg_waiting,maskable_dqn__mask_true,maskable_ppo__mask_true,4364.639745,0.003906
avg_waiting,maskable_dqn__mask_true,maskable_ppo__mask_true,4387.081346,0.003906
avg_waiting,maskable_dqn__mask_true,maskable_ppo__mask_true,4409.522947,0.003906
avg_waiting,maskable_ppo__mask_true,ppo__mask_false,-12134.358724,0.003906
avg_waiting,maskable_ppo__mask_true,ppo__mask_false,-12072.797043,0.048828
avg_waiting,maskable_ppo__mask_true,ppo__mask_false,-12011.235362,0.193359
avg_waiting,maskable_ppo__mask_true,ppo__mask_false,-11949.673681,0.232422
avg_waiting,maskable_ppo__mask_true,ppo__mask_false,-11888.112000,0.232422
avg_waiting,maskable_ppo__mask_true,ppo__mask_false,-11826.550319,0.232422
avg_waiting,maskable_ppo__mask_true,ppo__mask_false,-11764.988638,0.232422
avg_waiting,maskable_ppo__mask_true,ppo__mask_false,-11703.426957,0.232422
avg_waiting,maskable_ppo__mask_true,ppo__mask_false,-11641.865276,0.232422
avg_waiting,maskable_ppo__mask_true,ppo__mask_false,-11580.303594,0.232422
avg_waiting,maskable_ppo__mask_true,ppo__mask_false,-11518.741913,0.232422
avg_waiting,maskable_ppo__mask_true,ppo__mask_false,-11457.180232,0.232422
avg_waiting,maskable_ppo__mask_true,ppo__mask_false,-11395.618551,0.232422
avg_waiting,maskable_ppo__mask_true,ppo__mask_false,-11334.056870,0.232422
avg_waiting,maskable_ppo__mask_true,ppo__mask_false,-11272.495189,0.232422
avg_waiting,maskable_ppo__mask_true,ppo__mask_false,-11210.933508,0.232422
avg_waiting,maskable_ppo__mask_true,ppo__mask_false,-11149.371827,0.232422
avg_waiting,maskable_ppo__mask_true,ppo__mask_false,-11087.810146,0.232422
avg_waiting,maskable_ppo__mask_true,ppo__mask_false,-11026.248464,0.232422
avg_waiting,maskable_ppo__mask_true,ppo__mask_false,-10964.686783,0.232422
avg_waiting,maskable_ppo__mask_true,ppo__mask_false,-10903.125102,0.232422
avg_waiting,maskable_ppo__mask_true,ppo__mask_false,-10841.563421,0.232422
avg_waiting,maskable_ppo__mask_true,ppo__mask_false,-10780.001740,0.232422
avg_waiting,maskable_ppo__mask_true,ppo__mask_false,-10718.440059,0.232422
avg_waiting,maskable_ppo__mask_true,ppo__mask_false,-10656.878378,0.232422
avg_waiting,maskable_ppo__mask_true,ppo__mask_false,-10595.316697,0.232422
avg_waiting,maskable_ppo__mask_true,ppo__mask_false,-10533.755016,0.232422
avg_waiting,maskable_ppo__mask_true,ppo__mask_false,-10472.193335,0.232422
avg_waiting,maskable_ppo__mask_true,ppo__mask_false,-10410.631653,0.232422
avg_waiting,maskable_ppo__mask_true,ppo__mask_false,-10349.069972,0.232422
avg_waiting,maskable_ppo__mask_true,ppo__mask_false,-10287.508291,0.232422
avg_waiting,maskable_ppo__mask_true,ppo__mask_false,-10225.946610,0.232422
avg_waiting,maskable_ppo__mask_true,ppo__mask_false,-10164.384929,0.232422
avg_waiting,maskable_ppo__mask_true,ppo__mask_false,-10102.823248,0.232422
avg_waiting,maskable_ppo__mask_true,ppo__mask_false,-10041.261567,0.232422
avg_waiting,maskable_ppo__mask_true,ppo__mask_false,-9979.699886,0.232422
avg_waiting,maskable_ppo__mask_true,ppo__mask_false,-9918.138205,0.232422
avg_waiting,maskable_ppo__mask_true,ppo__mask_false,-9856.576523,0.232422
avg_waiting,maskable_ppo__mask_true,ppo__mask_false,-9795.014842,0.232422
avg_waiting,maskable_ppo__mask_true,ppo__mask_false,-9733.453161,0.232422
avg_waiting,maskable_ppo__mask_true,ppo__mask_false,-9671.891480,0.232422
avg_waiting,maskable_ppo__mask_true,ppo__mask_false,-9610.329799,0.232422
avg_waiting,maskable_ppo__mask_true,ppo__mask_false,-9548.768118,0.232422
avg_waiting,maskable_ppo__mask_true,ppo__mask_false,-9487.206437,0.232422
avg_waiting,maskable_ppo__mask_true,ppo__mask_false,-9425.644756,0.232422
avg_waiting,maskable_ppo__mask_true,ppo__mask_false,-9364.083075,0.232422
avg_waiting,maskable_ppo__mask_true,ppo__mask_false,-9302.521393,0.232422
avg_waiting,maskable_ppo__mask_true,ppo__mask_false,-9240.959712,0.232422
avg_waiting,maskable_ppo__mask_true,ppo__mask_false,-9179.398031,0.232422
avg_waiting,maskable_ppo__mask_true,ppo__mask_false,-9117.836350,0.232422
avg_waiting,maskable_ppo__mask_true,ppo__mask_false,-9056.274669,0.232422
avg_waiting,maskable_ppo__mask_true,ppo__mask_false,-8994.712988,0.232422
avg_waiting,maskable_ppo__mask_true,ppo__mask_false,-8933.151307,0.232422
avg_waiting,maskable_ppo__mask_true,ppo__mask_false,-8871.589626,0.232422
avg_waiting,maskable_ppo__mask_true,ppo__mask_false,-8810.027945,0.232422
avg_waiting,maskable_ppo__mask_true,ppo__mask_false,-8748.466264,0.232422
avg_waiting,maskable_ppo__mask_true,ppo__mask_false,-8686.904582,0.232422
avg_waiting,maskable_ppo__mask_true,ppo__mask_false,-8625.342901,0.232422
avg_waiting,maskable_ppo__mask_true,ppo__mask_false,-8563.781220,0.232422
avg_waiting,maskable_ppo__mask_true,ppo__mask_false,-8502.219539,0.232422
avg_waiting,maskable_ppo__mask_true,ppo__mask_false,-8440.657858,0.232422
avg_waiting,maskable_ppo__mask_true,ppo__mask_false,-8379.096177,0.232422
avg_waiting,maskable_ppo__mask_true,ppo__mask_false,-8317.534496,0.232422
avg_waiting,maskable_ppo__mask_true,ppo__mask_false,-8255.972815,0.232422
avg_waiting,maskable_ppo__mask_true,ppo__mask_false,-8194.411134,0.232422
avg_waiting,maskable_ppo__mask_true,ppo__mask_false,-8132.849452,0.232422
avg_waiting,maskable_ppo__mask_true,ppo__mask_false,-8071.287771,0.232422
avg_waiting,maskable_ppo__mask_true,ppo__mask_false,-8009.726090,0.232422
avg_waiting,maskable_ppo__mask_true,ppo__mask_false,-7948.164409,0.232422
avg_waiting,maskable_ppo__mask_true,ppo__mask_false,-7886.602728,0.232422
avg_waiting,maskable_ppo__mask_true,ppo__mask_false,-7825.041047,0.232422
avg_waiting,maskable_ppo__mask_true,ppo__mask_false,-7763.479366,0.232422
avg_waiting,maskable_ppo__mask_true,ppo__mask_false,-7701.917685,0.232422
avg_waiting,maskable_ppo__mask_true,ppo__mask_false,-7640.356004,0.232422
avg_waiting,maskable_ppo__mask_true,ppo__mask_false,-7578.794323,0.232422
avg_waiting,maskable_ppo__mask_true,ppo__mask_false,-7517.232641,0.232422
avg_waiting,maskable_ppo__mask_true,ppo__mask_false,-7455.670960,0.232422
avg_waiting,maskable_ppo__mask_true,ppo__mask_false,-7394.109279,0.232422
avg_waiting,maskable_ppo__mask_true,ppo__mask_false,-7332.547598,0.232422
avg_waiting,maskable_ppo__mask_true,ppo__mask_false,-7270.985917,0.232422
avg_waiting,maskable_ppo__mask_true,ppo__mask_false,-7209.424236,0.232422
avg_waiting,maskable_ppo__mask_true,ppo__mask_false,-7147.862555,0.232422
avg_waiting,maskable_ppo__mask_true,ppo__mask_false,-7086.300874,0.232422
avg_waiting,maskable_ppo__mask_true,ppo__mask_false,-7024.739193,0.232422
avg_waiting,maskable_ppo__mask_true,ppo__mask_false,-6963.177511,0.232422
avg_waiting,maskable_ppo__mask_true,ppo__mask_false,-6901.615830,0.232422
avg_waiting,maskable_ppo__mask_true,ppo__mask_false,-6840.054149,0.232422
avg_waiting,maskable_ppo__mask_true,ppo__mask_false,-6778.492468,0.232422
avg_waiting,maskable_ppo__mask_true,ppo__mask_false,-6716.930787,0.232422
avg_waiting,maskable_ppo__mask_true,ppo__mask_false,-6655.369106,0.232422
avg_waiting,maskable_ppo__mask_true,ppo__mask_false,-6593.807425,0.232422
avg_waiting,maskable_ppo__mask_true,ppo__mask_false,-6532.245744,0.232422
avg_waiting,maskable_ppo__mask_true,ppo__mask_false,-6470.684063,0.232422
avg_waiting,maskable_ppo__mask_true,ppo__mask_false,-6409.122381,0.275391
avg_waiting,maskable_ppo__mask_true,ppo__mask_false,-6347.560700,1.000000
avg_waiting,maskable_ppo__mask_true,ppo__mask_false,-6285.999019,0.845703
avg_waiting,maskable_ppo__mask_true,ppo__mask_false,-6224.437338,0.845703
avg_waiting,maskable_ppo__mask_true,ppo__mask_false,-6162.875657,0.845703
avg_waiting,maskable_ppo__mask_true,ppo__mask_false,-6101.313976,0.845703
avg_waiting,maskable_ppo__mask_true,ppo__mask_false,-6039.752295,0.625000
avg_waiting,maskable_ppo__mask_true,ppo__mask_false,-5978.190614,0.375000
avg_waiting,maskable_ppo__mask_true,ppo__mask_false,-5916.628933,0.232422
avg_waiting,maskable_ppo__mask_true,ppo__mask_false,-5855.067252,0.232422
avg_waiting,maskable_ppo__mask_true,ppo__mask_false,-5793.505570,0.232422
avg_waiting,maskable_ppo__mask_true,ppo__mask_false,-5731.943889,0.232422
avg_waiting,maskable_ppo__mask_true,ppo__mask_false,-5670.382208,0.232422
avg_waiting,maskable_ppo__mask_true,ppo__mask_false,-5608.820527,0.232422
avg_waiting,maskable_ppo__mask_true,ppo__mask_false,-5547.258846,0.232422
avg_waiting,maskable_ppo__mask_true,ppo__mask_false,-5485.697165,0.232422
avg_waiting,maskable_ppo__mask_true,ppo__mask_false,-5424.135484,0.232422
avg_waiting,maskable_ppo__mask_true,ppo__mask_false,-5362.573803,0.232422
avg_waiting,maskable_ppo__mask_true,ppo__mask_false,-5301.012122,0.232422
avg_waiting,maskable_ppo__mask_true,ppo__mask_false,-5239.450440,0.232422
avg_waiting,maskable_ppo__mask_true,ppo__mask_false,-5177.888759,0.232422
avg_waiting,maskable_ppo__mask_true,ppo__mask_false,-5116.327078,0.232422
avg_waiting,maskable_ppo__mask_true,ppo__mask_false,-5054.765397,0.232422
avg_waiting,maskable_ppo__mask_true,ppo__mask_false,-4993.203716,0.232422
avg_waiting,maskable_ppo__mask_true,ppo__mask_false,-4931.642035,0.232422
avg_waiting,maskable_ppo__mask_true,ppo__mask_false,-4870.080354,0.232422
avg_waiting,maskable_ppo__mask_true,ppo__mask_false,-4808.518673,0.232422
avg_waiting,maskable_ppo__mask_true,ppo__mask_false,-4746.956992,0.232422
avg_waiting,maskable_ppo__mask_true,ppo__mask_false,-4685.395310,0.232422
avg_waiting,maskable_ppo__mask_true,ppo__mask_false,-4623.833629,0.232422
avg_waiting,maskable_ppo__mask_true,ppo__mask_false,-4562.271948,0.232422
avg_waiting,maskable_ppo__mask_true,ppo__mask_false,-4500.710267,0.232422
avg_waiting,maskable_ppo__mask_true,ppo__mask_false,-4439.148586,0.232422
avg_waiting,maskable_ppo__mask_true,ppo__mask_false,-4377.586905,0.232422
avg_waiting,maskable_ppo__mask_true,ppo__mask_false,-4316.025224,0.232422
avg_waiting,maskable_ppo__mask_true,ppo__mask_false,-4254.463543,0.232422
avg_waiting,maskable_ppo__mask_true,ppo__mask_false,-4192.901862,0.232422
avg_waiting,maskable_ppo__mask_true,ppo__mask_false,-4131.340181,0.232422
avg_waiting,maskable_ppo__mask_true,ppo__mask_false,-4069.778499,0.232422
avg_waiting,maskable_ppo__mask_true,ppo__mask_false,-4008.216818,0.232422
avg_waiting,maskable_ppo__mask_true,ppo__mask_false,-3946.655137,0.232422
avg_waiting,maskable_ppo__mask_true,ppo__mask_false,-3885.093456,0.232422
avg_waiting,maskable_ppo__mask_true,ppo__mask_false,-3823.531775,0.232422
avg_waiting,maskable_ppo__mask_true,ppo__mask_false,-3761.970094,0.232422
avg_waiting,maskable_ppo__mask_true,ppo__mask_false,-3700.408413,0.232422
avg_waiting,maskable_ppo__mask_true,ppo__mask_false,-3638.846732,0.232422
avg_waiting,maskable_ppo__mask_true,ppo__mask_false,-3577.285051,0.232422
avg_waiting,maskable_ppo__mask_true,ppo__mask_false,-3515.723369,0.232422
avg_waiting,maskable_ppo__mask_true,ppo__mask_false,-3454.161688,0.232422
avg_waiting,maskable_ppo__mask_true,ppo__mask_false,-3392.600007,0.232422
avg_waiting,maskable_ppo__mask_true,ppo__mask_false,-3331.038326,0.232422
avg_waiting,maskable_ppo__mask_true,ppo__mask_false,-3269.476645,0.232422
avg_waiting,maskable_ppo__mask_true,ppo__mask_false,-3207.914964,0.232422
avg_waiting,maskable_ppo__mask_true,ppo__mask_false,-3146.353283,0.232422
avg_waiting,maskable_ppo__mask_true,ppo__mask_false,-3084.791602,0.232422
avg_waiting,maskable_ppo__mask_true,ppo__mask_false,-3023.229921,0.232422
avg_waiting,maskable_ppo__mask_true,ppo__mask_false,-2961.668240,0.232422
avg_waiting,maskable_ppo__mask_true,ppo__mask_false,-2900.106558,0.232422
avg_waiting,maskable_ppo__mask_true,ppo__mask_false,-2838.544877,0.232422
avg_waiting,maskable_ppo__mask_true,ppo__mask_false,-2776.983196,0.232422
avg_waiting,maskable_ppo__mask_true,ppo__mask_false,-2715.421515,0.232422
avg_waiting,maskable_ppo__mask_true,ppo__mask_false,-2653.859834,0.232422
avg_waiting,maskable_ppo__mask_true,ppo__mask_false,-2592.298153,0.232422
avg_waiting,maskable_ppo__mask_true,ppo__mask_false,-2530.736472,0.232422
avg_waiting,maskable_ppo__mask_true,ppo__mask_false,-2469.174791,0.232422
avg_waiting,maskable_ppo__mask_true,ppo__mask_false,-2407.613110,0.232422
avg_waiting,maskable_ppo__mask_true,ppo__mask_false,-2346.051428,0.232422
avg_waiting,maskable_ppo__mask_true,ppo__mask_false,-2284.489747,0.232422
avg_waiting,maskable_ppo__mask_true,ppo__mask_false,-2222.928066,0.232422
avg_waiting,maskable_ppo__mask_true,ppo__mask_false,-2161.366385,0.232422
avg_waiting,maskable_ppo__mask_true,ppo__mask_false,-2099.804704,0.232422
avg_waiting,maskable_ppo__mask_true,ppo__mask_false,-2038.243023,0.232422
avg_waiting,maskable_ppo__mask_true,ppo__mask_false,-1976.681342,0.232422
avg_waiting,maskable_ppo__mask_true,ppo__mask_false,-1915.119661,0.232422
avg_waiting,maskable_ppo__mask_true,ppo__mask_false,-1853.557980,0.232422
avg_waiting,maskable_ppo__mask_true,ppo__mask_false,-1791.996298,0.232422
avg_waiting,maskable_ppo__mask_true,ppo__mask_false,-1730.434617,0.232422
avg_waiting,maskable_ppo__mask_true,ppo__mask_false,-1668.872936,0.232422
avg_waiting,maskable_ppo__mask_true,ppo__mask_false,-1607.311255,0.232422
avg_waiting,maskable_ppo__mask_true,ppo__mask_false,-1545.749574,0.232422
avg_waiting,maskable_ppo__mask_true,ppo__mask_false,-1484.187893,0.232422
avg_waiting,maskable_ppo__mask_true,ppo__mask_false,-1422.626212,0.232422
avg_waiting,maskable_ppo__mask_true,ppo__mask_false,-1361.064531,0.232422
avg_waiting,maskable_ppo__mask_true,ppo__mask_false,-1299.502850,0.232422
avg_waiting,maskable_ppo__mask_true,ppo__mask_false,-1237.941169,0.232422
avg_waiting,maskable_ppo__mask_true,ppo__mask_false,-1176.379487,0.232422
avg_waiting,maskable_ppo__mask_true,ppo__mask_false,-1114.817806,0.232422
avg_waiting,maskable_ppo__mask_true,ppo__mask_false,-1053.256125,0.232422
avg_waiting,maskable_ppo__mask_true,ppo__mask_false,-991.694444,0.232422
avg_waiting,maskable_ppo__mask_true,ppo__mask_false,-930.132763,0.232422
avg_waiting,maskable_ppo__mask_true,ppo__mask_false,-868.571082,0.232422
avg_waiting,maskable_ppo__mask_true,ppo__mask_false,-807.009401,0.232422
avg_waiting,maskable_ppo__mask_true,ppo__mask_false,-745.447720,0.232422
avg_waiting,maskable_ppo__mask_true,ppo__mask_false,-683.886039,0.160156
avg_waiting,maskable_ppo__mask_true,ppo__mask_false,-622.324357,0.064453
avg_waiting,maskable_ppo__mask_true,ppo__mask_false,-560.762676,0.064453
avg_waiting,maskable_ppo__mask_true,ppo__mask_false,-499.200995,0.064453
avg_waiting,maskable_ppo__mask_true,ppo__mask_false,-437.639314,0.064453
avg_waiting,maskable_ppo__mask_true,ppo__mask_false,-376.077633,0.064453
avg_waiting,maskable_ppo__mask_true,ppo__mask_false,-314.515952,0.027344
avg_waiting,maskable_ppo__mask_true,ppo__mask_false,-252.954271,0.013672
avg_waiting,maskable_ppo__mask_true,ppo__mask_false,-191.392590,0.009766
avg_waiting,maskable_ppo__mask_true,ppo__mask_false,-129.830909,0.009766
avg_waiting,maskable_ppo__mask_true,ppo__mask_false,-68.269227,0.009766
avg_waiting,maskable_ppo__mask_true,ppo__mask_false,-6.707546,0.009766
avg_waiting,maskable_ppo__mask_true,ppo__mask_false,54.854135,0.005859
avg_waiting,maskable_ppo__mask_true,ppo__mask_false,116.415816,0.003906
avg_slowdown,a2c__mask_false,maskable_a2c__mask_true,1.716166,0.003906
avg_slowdown,a2c__mask_false,maskable_a2c__mask_true,2.869442,0.003906
avg_slowdown,a2c__mask_false,maskable_a2c__mask_true,4.022718,0.037109
avg_slowdown,a2c__mask_false,maskable_a2c__mask_true,5.175993,0.037109
avg_slowdown,a2c__mask_false,maskable_a2c__mask_true,6.329269,1.000000
avg_slowdown,a2c__mask_false,maskable_a2c__mask_true,7.482545,1.000000
avg_slowdown,a2c__mask_false,maskable_a2c__mask_true,8.635821,1.000000
avg_slowdown,a2c__mask_false,maskable_a2c__mask_true,9.789096,1.000000
avg_slowdown,a2c__mask_false,maskable_a2c__mask_true,10.942372,1.000000
avg_slowdown,a2c__mask_false,maskable_a2c__mask_true,12.095648,1.000000
avg_slowdown,a2c__mask_false,maskable_a2c__mask_true,13.248924,1.000000
avg_slowdown,a2c__mask_false,maskable_a2c__mask_true,14.402200,1.000000
avg_slowdown,a2c__mask_false,maskable_a2c__mask_true,15.555475,1.000000
avg_slowdown,a2c__mask_false,maskable_a2c__mask_true,16.708751,1.000000
avg_slowdown,a2c__mask_false,maskable_a2c__mask_true,17.862027,1.000000
avg_slowdown,a2c__mask_false,maskable_a2c__mask_true,19.015303,1.000000
avg_slowdown,a2c__mask_false,maskable_a2c__mask_true,20.168578,1.000000
avg_slowdown,a2c__mask_false,maskable_a2c__mask_true,21.321854,1.000000
avg_slowdown,a2c__mask_false,maskable_a2c__mask_true,22.475130,1.000000
avg_slowdown,a2c__mask_false,maskable_a2c__mask_true,23.628406,1.000000
avg_slowdown,a2c__mask_false,maskable_a2c__mask_true,24.781682,1.000000
avg_slowdown,a2c__mask_false,maskable_a2c__mask_true,25.934957,1.000000
avg_slowdown,a2c__mask_false,maskable_a2c__mask_true,27.088233,1.000000
avg_slowdown,a2c__mask_false,maskable_a2c__mask_true,28.241509,1.000000
avg_slowdown,a2c__mask_false,maskable_a2c__mask_true,29.394785,1.000000
avg_slowdown,a2c__mask_false,maskable_a2c__mask_true,30.548060,1.000000
avg_slowdown,a2c__mask_false,maskable_a2c__mask_true,31.701336,1.000000
avg_slowdown,a2c__mask_false,maskable_a2c__mask_true,32.854612,1.000000
avg_slowdown,a2c__mask_false,maskable_a2c__mask_true,34.007888,1.000000
avg_slowdown,a2c__mask_false,maskable_a2c__mask_true,35.161164,1.000000
avg_slowdown,a2c__mask_false,maskable_a2c__mask_true,36.314439,1.000000
avg_slowdown,a2c__mask_false,maskable_a2c__mask_true,37.467715,1.000000
avg_slowdown,a2c__mask_false,maskable_a2c__mask_true,38.620991,1.000000
avg_slowdown,a2c__mask_false,maskable_a2c__mask_true,39.774267,1.000000
avg_slowdown,a2c__mask_false,maskable_a2c__mask_true,40.927542,0.921875
avg_slowdown,a2c__mask_false,maskable_a2c__mask_true,42.080818,0.921875
avg_slowdown,a2c__mask_false,maskable_a2c__mask_true,43.234094,0.492188
avg_slowdown,a2c__mask_false,maskable_a2c__mask_true,44.387370,0.492188
avg_slowdown,a2c__mask_false,maskable_a2c__mask_true,45.540646,0.492188
avg_slowdown,a2c__mask_false,maskable_a2c__mask_true,46.693921,0.492188
avg_slowdown,a2c__mask_false,maskable_a2c__mask_true,47.847197,0.492188
avg_slowdown,a2c__mask_false,maskable_a2c__mask_true,49.000473,0.492188
avg_slowdown,a2c__mask_false,maskable_a2c__mask_true,50.153749,0.492188
avg_slowdown,a2c__mask_false,maskable_a2c__mask_true,51.307024,0.492188
avg_slowdown,a2c__mask_false,maskable_a2c__mask_true,52.460300,0.492188
avg_slowdown,a2c__mask_false,maskable_a2c__mask_true,53.613576,0.492188
avg_slowdown,a2c__mask_false,maskable_a2c__mask_true,54.766852,0.492188
avg_slowdown,a2c__mask_false,maskable_a2c__mask_true,55.920128,0.492188
avg_slowdown,a2c__mask_false,maskable_a2c__mask_true,57.073403,0.492188
avg_slowdown,a2c__mask_false,maskable_a2c__mask_true,58.226679,0.492188
avg_slowdown,a2c__mask_false,maskable_a2c__mask_true,59.379955,0.492188
avg_slowdown,a2c__mask_false,maskable_a2c__mask_true,60.533231,0.492188
avg_slowdown,a2c__mask_false,maskable_a2c__mask_true,61.686506,0.492188
avg_slowdown,a2c__mask_false,maskable_a2c__mask_true,62.839782,0.492188
avg_slowdown,a2c__mask_false,maskable_a2c__mask_true,63.993058,0.492188
avg_slowdown,a2c__mask_false,maskable_a2c__mask_true,65.146334,0.492188
avg_slowdown,a2c__mask_false,maskable_a2c__mask_true,66.299610,0.492188
avg_slowdown,a2c__mask_false,maskable_a2c__mask_true,67.452885,0.492188
avg_slowdown,a2c__mask_false,maskable_a2c__mask_true,68.606161,0.492188
avg_slowdown,a2c__mask_false,maskable_a2c__mask_true,69.759437,0.492188
avg_slowdown,a2c__mask_false,maskable_a2c__mask_true,70.912713,0.492188
avg_slowdown,a2c__mask_false,maskable_a2c__mask_true,72.065988,0.492188
avg_slowdown,a2c__mask_false,maskable_a2c__mask_true,73.219264,0.492188
avg_slowdown,a2c__mask_false,maskable_a2c__mask_true,74.372540,0.492188
avg_slowdown,a2c__mask_false,maskable_a2c__mask_true,75.525816,0.492188
avg_slowdown,a2c__mask_false,maskable_a2c__mask_true,76.679092,0.492188
avg_slowdown,a2c__mask_false,maskable_a2c__mask_true,77.832367,0.492188
avg_slowdown,a2c__mask_false,maskable_a2c__mask_true,78.985643,0.492188
avg_slowdown,a2c__mask_false,maskable_a2c__mask_true,80.138919,0.431641
avg_slowdown,a2c__mask_false,maskable_a2c__mask_true,81.292195,0.431641
avg_slowdown,a2c__mask_false,maskable_a2c__mask_true,82.445470,0.431641
avg_slowdown,a2c__mask_false,maskable_a2c__mask_true,83.598746,0.431641
avg_slowdown,a2c__mask_false,maskable_a2c__mask_true,84.752022,0.431641
avg_slowdown,a2c__mask_false,maskable_a2c__mask_true,85.905298,0.431641
avg_slowdown,a2c__mask_false,maskable_a2c__mask_true,87.058574,0.431641
avg_slowdown,a2c__mask_false,maskable_a2c__mask_true,88.211849,0.431641
avg_slowdown,a2c__mask_false,maskable_a2c__mask_true,89.365125,0.431641
avg_slowdown,a2c__mask_false,maskable_a2c__mask_true,90.518401,0.431641
avg_slowdown,a2c__mask_false,maskable_a2c__mask_true,91.671677,0.431641
avg_slowdown,a2c__mask_false,maskable_a2c__mask_true,92.824952,0.431641
avg_slowdown,a2c__mask_false,maskable_a2c__mask_true,93.978228,0.431641
avg_slowdown,a2c__mask_false,maskable_a2c__mask_true,95.131504,0.431641
avg_slowdown,a2c__mask_false,maskable_a2c__mask_true,96.284780,0.431641
avg_slowdown,a2c__mask_false,maskable_a2c__mask_true,97.438056,0.431641
avg_slowdown,a2c__mask_false,maskable_a2c__mask_true,98.591331,0.431641
avg_slowdown,a2c__mask_false,maskable_a2c__mask_true,99.744607,0.431641
avg_slowdown,a2c__mask_false,maskable_a2c__mask_true,100.897883,0.431641
avg_slowdown,a2c__mask_false,maskable_a2c__mask_true,102.051159,0.431641
avg_slowdown,a2c__mask_false,maskable_a2c__mask_true,103.204434,0.431641
avg_slowdown,a2c__mask_false,maskable_a2c__mask_true,104.357710,0.431641
avg_slowdown,a2c__mask_false,maskable_a2c__mask_true,105.510986,0.431641
avg_slowdown,a2c__mask_false,maskable_a2c__mask_true,106.664262,0.431641
avg_slowdown,a2c__mask_false,maskable_a2c__mask_true,107.817538,0.431641
avg_slowdown,a2c__mask_false,maskable_a2c__mask_true,108.970813,0.431641
avg_slowdown,a2c__mask_false,maskable_a2c__mask_true,110.124089,0.431641
avg_slowdown,a2c__mask_false,maskable_a2c__mask_true,111.277365,0.375000
avg_slowdown,a2c__mask_false,maskable_a2c__mask_true,112.430641,0.375000
avg_slowdown,a2c__mask_false,maskable_a2c__mask_true,113.583916,0.130859
avg_slowdown,a2c__mask_false,maskable_a2c__mask_true,114.737192,0.130859
avg_slowdown,a2c__mask_false,maskable_a2c__mask_true,115.890468,0.130859
avg_slowdown,a2c__mask_false,maskable_a2c__mask_true,117.043744,0.105469
avg_slowdown,a2c__mask_false,maskable_a2c__mask_true,118.197020,0.105469
avg_slowdown,a2c__mask_false,maskable_a2c__mask_true,119.350295,0.019531
avg_slowdown,a2c__mask_false,maskable_a2c__mask_true,120.503571,0.019531
avg_slowdown,a2c__mask_false,maskable_a2c__mask_true,121.656847,0.019531
avg_slowdown,a2c__mask_false,maskable_a2c__mask_true,122.810123,0.019531
avg_slowdown,a2c__mask_false,maskable_a2c__mask_true,123.963398,0.019531
avg_slowdown,a2c__mask_false,maskable_a2c__mask_true,125.116674,0.019531
avg_slowdown,a2c__mask_false,maskable_a2c__mask_true,126.269950,0.019531
avg_slowdown,a2c__mask_false,maskable_a2c__mask_true,127.423226,0.019531
avg_slowdown,a2c__mask_false,maskable_a2c__mask_true,128.576502,0.019531
avg_slowdown,a2c__mask_false,maskable_a2c__mask_true,129.729777,0.019531
avg_slowdown,a2c__mask_false,maskable_a2c__mask_true,130.883053,0.019531
avg_slowdown,a2c__mask_false,maskable_a2c__mask_true,132.036329,0.019531
avg_slowdown,a2c__mask_false,maskable_a2c__mask_true,133.189605,0.019531
avg_slowdown,a2c__mask_false,maskable_a2c__mask_true,134.342880,0.019531
avg_slowdown,a2c__mask_false,maskable_a2c__mask_true,135.496156,0.019531
avg_slowdown,a2c__mask_false,maskable_a2c__mask_true,136.649432,0.019531
avg_slowdown,a2c__mask_false,maskable_a2c__mask_true,137.802708,0.019531
avg_slowdown,a2c__mask_false,maskable_a2c__mask_true,138.955984,0.019531
avg_slowdown,a2c__mask_false,maskable_a2c__mask_true,140.109259,0.019531
avg_slowdown,a2c__mask_false,maskable_a2c__mask_true,141.262535,0.019531
avg_slowdown,a2c__mask_false,maskable_a2c__mask_true,142.415811,0.019531
avg_slowdown,a2c__mask_false,maskable_a2c__mask_true,143.569087,0.019531
avg_slowdown,a2c__mask_false,maskable_a2c__mask_true,144.722362,0.019531
avg_slowdown,a2c__mask_false,maskable_a2c__mask_true,145.875638,0.019531
avg_slowdown,a2c__mask_false,maskable_a2c__mask_true,147.028914,0.019531
avg_slowdown,a2c__mask_false,maskable_a2c__mask_true,148.182190,0.019531
avg_slowdown,a2c__mask_false,maskable_a2c__mask_true,149.335466,0.019531
avg_slowdown,a2c__mask_false,maskable_a2c__mask_true,150.488741,0.013672
avg_slowdown,a2c__mask_false,maskable_a2c__mask_true,151.642017,0.013672
avg_slowdown,a2c__mask_false,maskable_a2c__mask_true,152.795293,0.013672
avg_slowdown,a2c__mask_false,maskable_a2c__mask_true,153.948569,0.013672
avg_slowdown,a2c__mask_false,maskable_a2c__mask_true,155.101844,0.013672
avg_slowdown,a2c__mask_false,maskable_a2c__mask_true,156.255120,0.009766
avg_slowdown,a2c__mask_false,maskable_a2c__mask_true,157.408396,0.009766
avg_slowdown,a2c__mask_false,maskable_a2c__mask_true,158.561672,0.009766
avg_slowdown,a2c__mask_false,maskable_a2c__mask_true,159.714948,0.009766
avg_slowdown,a2c__mask_false,maskable_a2c__mask_true,160.868223,0.009766
avg_slowdown,a2c__mask_false,maskable_a2c__mask_true,162.021499,0.009766
avg_slowdown,a2c__mask_false,maskable_a2c__mask_true,163.174775,0.009766
avg_slowdown,a2c__mask_false,maskable_a2c__mask_true,164.328051,0.009766
avg_slowdown,a2c__mask_false,maskable_a2c__mask_true,165.481326,0.009766
avg_slowdown,a2c__mask_false,maskable_a2c__mask_true,166.634602,0.009766
avg_slowdown,a2c__mask_false,maskable_a2c__mask_true,167.787878,0.009766
avg_slowdown,a2c__mask_false,maskable_a2c__mask_true,168.941154,0.009766
avg_slowdown,a2c__mask_false,maskable_a2c__mask_true,170.094430,0.009766
avg_slowdown,a2c__mask_false,maskable_a2c__mask_true,171.247705,0.009766
avg_slowdown,a2c__mask_false,maskable_a2c__mask_true,172.400981,0.009766
avg_slowdown,a2c__mask_false,maskable_a2c__mask_true,173.554257,0.009766
avg_slowdown,a2c__mask_false,maskable_a2c__mask_true,174.707533,0.009766
avg_slowdown,a2c__mask_false,maskable_a2c__mask_true,175.860808,0.009766
avg_slowdown,a2c__mask_false,maskable_a2c__mask_true,177.014084,0.009766
avg_slowdown,a2c__mask_false,maskable_a2c__mask_true,178.167360,0.009766
avg_slowdown,a2c__mask_false,maskable_a2c__mask_true,179.320636,0.009766
avg_slowdown,a2c__mask_false,maskable_a2c__mask_true,180.473912,0.009766
avg_slowdown,a2c__mask_false,maskable_a2c__mask_true,181.627187,0.009766
avg_slowdown,a2c__mask_false,maskable_a2c__mask_true,182.780463,0.009766
avg_slowdown,a2c__mask_false,maskable_a2c__mask_true,183.933739,0.009766
avg_slowdown,a2c__mask_false,maskable_a2c__mask_true,185.087015,0.009766
avg_slowdown,a2c__mask_false,maskable_a2c__mask_true,186.240290,0.009766
avg_slowdown,a2c__mask_false,maskable_a2c__mask_true,187.393566,0.009766
avg_slowdown,a2c__mask_false,maskable_a2c__mask_true,188.546842,0.009766
avg_slowdown,a2c__mask_false,maskable_a2c__mask_true,189.700118,0.009766
avg_slowdown,a2c__mask_false,maskable_a2c__mask_true,190.853394,0.009766
avg_slowdown,a2c__mask_false,maskable_a2c__mask_true,192.006669,0.009766
avg_slowdown,a2c__mask_false,maskable_a2c__mask_true,193.159945,0.009766
avg_slowdown,a2c__mask_false,maskable_a2c__mask_true,194.313221,0.009766
avg_slowdown,a2c__mask_false,maskable_a2c__mask_true,195.466497,0.009766
avg_slowdown,a2c__mask_false,maskable_a2c__mask_true,196.619772,0.009766
avg_slowdown,a2c__mask_false,maskable_a2c__mask_true,197.773048,0.009766
avg_slowdown,a2c__mask_false,maskable_a2c__mask_true,198.926324,0.009766
avg_slowdown,a2c__mask_false,maskable_a2c__mask_true,200.079600,0.009766
avg_slowdown,a2c__mask_false,maskable_a2c__mask_true,201.232876,0.009766
avg_slowdown,a2c__mask_false,maskable_a2c__mask_true,202.386151,0.009766
avg_slowdown,a2c__mask_false,maskable_a2c__mask_true,203.539427,0.009766
avg_slowdown,a2c__mask_false,maskable_a2c__mask_true,204.692703,0.009766
avg_slowdown,a2c__mask_false,maskable_a2c__mask_true,205.845979,0.009766
avg_slowdown,a2c__mask_false,maskable_a2c__mask_true,206.999254,0.009766
avg_slowdown,a2c__mask_false,maskable_a2c__mask_true,208.152530,0.009766
avg_slowdown,a2c__mask_false,maskable_a2c__mask_true,209.305806,0.009766
avg_slowdown,a2c__mask_false,maskable_a2c__mask_true,210.459082,0.009766
avg_slowdown,a2c__mask_false,maskable_a2c__mask_true,211.612358,0.009766
avg_slowdown,a2c__mask_false,maskable_a2c__mask_true,212.765633,0.009766
avg_slowdown,a2c__mask_false,maskable_a2c__mask_true,213.918909,0.009766
avg_slowdown,a2c__mask_false,maskable_a2c__mask_true,215.072185,0.009766
avg_slowdown,a2c__mask_false,maskable_a2c__mask_true,216.225461,0.009766
avg_slowdown,a2c__mask_false,maskable_a2c__mask_true,217.378736,0.009766
avg_slowdown,a2c__mask_false,maskable_a2c__mask_true,218.532012,0.009766
avg_slowdown,a2c__mask_false,maskable_a2c__mask_true,219.685288,0.009766
avg_slowdown,a2c__mask_false,maskable_a2c__mask_true,220.838564,0.005859
avg_slowdown,a2c__mask_false,maskable_a2c__mask_true,221.991840,0.005859
avg_slowdown,a2c__mask_false,maskable_a2c__mask_true,223.145115,0.005859
avg_slowdown,a2c__mask_false,maskable_a2c__mask_true,224.298391,0.005859
avg_slowdown,a2c__mask_false,maskable_a2c__mask_true,225.451667,0.005859
avg_slowdown,a2c__mask_false,maskable_a2c__mask_true,226.604943,0.003906
avg_slowdown,a2c__mask_false,maskable_a2c__mask_true,227.758218,0.003906
avg_slowdown,a2c__mask_false,maskable_a2c__mask_true,228.911494,0.003906
avg_slowdown,a2c__mask_false,maskable_a2c__mask_true,230.064770,0.003906
avg_slowdown,a2c__mask_false,maskable_a2c__mask_true,231.218046,0.003906
avg_slowdown,a2c__mask_false,maskable_ppo__mask_true,1.744379,0.003906
avg_slowdown,a2c__mask_false,maskable_ppo__mask_true,2.897851,0.003906
avg_slowdown,a2c__mask_false,maskable_ppo__mask_true,4.051324,0.037109
avg_slowdown,a2c__mask_false,maskable_ppo__mask_true,5.204796,0.275391
avg_slowdown,a2c__mask_false,maskable_ppo__mask_true,6.358269,1.000000
avg_slowdown,a2c__mask_false,maskable_ppo__mask_true,7.511741,1.000000
avg_slowdown,a2c__mask_false,maskable_ppo__mask_true,8.665214,1.000000
avg_slowdown,a2c__mask_false,maskable_ppo__mask_true,9.818686,1.000000
avg_slowdown,a2c__mask_false,maskable_ppo__mask_true,10.972159,1.000000
avg_slowdown,a2c__mask_false,maskable_ppo__mask_true,12.125631,1.000000
avg_slowdown,a2c__mask_false,maskable_ppo__mask_true,13.279104,1.000000
avg_slowdown,a2c__mask_false,maskable_ppo__mask_true,14.432576,1.000000
avg_slowdown,a2c__mask_false,maskable_ppo__mask_true,15.586049,1.000000
avg_slowdown,a2c__mask_false,maskable_ppo__mask_true,16.739521,1.000000
avg_slowdown,a2c__mask_false,maskable_ppo__mask_true,17.892994,1.000000
avg_slowdown,a2c__mask_false,maskable_ppo__mask_true,19.046466,1.000000
avg_slowdown,a2c__mask_false,maskable_ppo__mask_true,20.199939,1.000000
avg_slowdown,a2c__mask_false,maskable_ppo__mask_true,21.353411,1.000000
avg_slowdown,a2c__mask_false,maskable_ppo__mask_true,22.506884,1.000000
avg_slowdown,a2c__mask_false,maskable_ppo__mask_true,23.660356,1.000000
avg_slowdown,a2c__mask_false,maskable_ppo__mask_true,24.813829,1.000000
avg_slowdown,a2c__mask_false,maskable_ppo__mask_true,25.967301,1.000000
avg_slowdown,a2c__mask_false,maskable_ppo__mask_true,27.120774,1.000000
avg_slowdown,a2c__mask_false,maskable_ppo__mask_true,28.274246,1.000000
avg_slowdown,a2c__mask_false,maskable_ppo__mask_true,29.427719,1.000000
avg_slowdown,a2c__mask_false,maskable_ppo__mask_true,30.581191,1.000000
avg_slowdown,a2c__mask_false,maskable_ppo__mask_true,31.734663,1.000000
avg_slowdown,a2c__mask_false,maskable_ppo__mask_true,32.888136,1.000000
avg_slowdown,a2c__mask_false,maskable_ppo__mask_true,34.041608,1.000000
avg_slowdown,a2c__mask_false,maskable_ppo__mask_true,35.195081,1.000000
avg_slowdown,a2c__mask_false,maskable_ppo__mask_true,36.348553,1.000000
avg_slowdown,a2c__mask_false,maskable_ppo__mask_true,37.502026,1.000000
avg_slowdown,a2c__mask_false,maskable_ppo__mask_true,38.655498,1.000000
avg_slowdown,a2c__mask_false,maskable_ppo__mask_true,39.808971,1.000000
avg_slowdown,a2c__mask_false,maskable_ppo__mask_true,40.962443,0.921875
avg_slowdown,a2c__mask_false,maskable_ppo__mask_true,42.115916,0.769531
avg_slowdown,a2c__mask_false,maskable_ppo__mask_true,43.269388,0.492188
avg_slowdown,a2c__mask_false,maskable_ppo__mask_true,44.422861,0.492188
avg_slowdown,a2c__mask_false,maskable_ppo__mask_true,45.576333,0.492188
avg_slowdown,a2c__mask_false,maskable_ppo__mask_true,46.729806,0.492188
avg_slowdown,a2c__mask_false,maskable_ppo__mask_true,47.883278,0.492188
avg_slowdown,a2c__mask_false,maskable_ppo__mask_true,49.036751,0.492188
avg_slowdown,a2c__mask_false,maskable_ppo__mask_true,50.190223,0.492188
avg_slowdown,a2c__mask_false,maskable_ppo__mask_true,51.343696,0.492188
avg_slowdown,a2c__mask_false,maskable_ppo__mask_true,52.497168,0.492188
avg_slowdown,a2c__mask_false,maskable_ppo__mask_true,53.650641,0.492188
avg_slowdown,a2c__mask_false,maskable_ppo__mask_true,54.804113,0.492188
avg_slowdown,a2c__mask_false,maskable_ppo__mask_true,55.957586,0.492188
avg_slowdown,a2c__mask_false,maskable_ppo__mask_true,57.111058,0.492188
avg_slowdown,a2c__mask_false,maskable_ppo__mask_true,58.264531,0.492188
avg_slowdown,a2c__mask_false,maskable_ppo__mask_true,59.418003,0.492188
avg_slowdown,a2c__mask_false,maskable_ppo__mask_true,60.571476,0.492188
avg_slowdown,a2c__mask_false,maskable_ppo__mask_true,61.724948,0.492188
avg_slowdown,a2c__mask_false,maskable_ppo__mask_true,62.878421,0.492188
avg_slowdown,a2c__mask_false,maskable_ppo__mask_true,64.031893,0.492188
avg_slowdown,a2c__mask_false,maskable_ppo__mask_true,65.185366,0.492188
avg_slowdown,a2c__mask_false,maskable_ppo__mask_true,66.338838,0.492188
avg_slowdown,a2c__mask_false,maskable_ppo__mask_true,67.492311,0.492188
avg_slowdown,a2c__mask_false,maskable_ppo__mask_true,68.645783,0.492188
avg_slowdown,a2c__mask_false,maskable_ppo__mask_true,69.799256,0.492188
avg_slowdown,a2c__mask_false,maskable_ppo__mask_true,70.952728,0.492188
avg_slowdown,a2c__mask_false,maskable_ppo__mask_true,72.106200,0.492188
avg_slowdown,a2c__mask_false,maskable_ppo__mask_true,73.259673,0.492188
avg_slowdown,a2c__mask_false,maskable_ppo__mask_true,74.413145,0.492188
avg_slowdown,a2c__mask_false,maskable_ppo__mask_true,75.566618,0.492188
avg_slowdown,a2c__mask_false,maskable_ppo__mask_true,76.720090,0.492188
avg_slowdown,a2c__mask_false,maskable_ppo__mask_true,77.873563,0.492188
avg_slowdown,a2c__mask_false,maskable_ppo__mask_true,79.027035,0.492188
avg_slowdown,a2c__mask_false,maskable_ppo__mask_true,80.180508,0.431641
avg_slowdown,a2c__mask_false,maskable_ppo__mask_true,81.333980,0.431641
avg_slowdown,a2c__mask_false,maskable_ppo__mask_true,82.487453,0.431641
avg_slowdown,a2c__mask_false,maskable_ppo__mask_true,83.640925,0.431641
avg_slowdown,a2c__mask_false,maskable_ppo__mask_true,84.794398,0.431641
avg_slowdown,a2c__mask_false,maskable_ppo__mask_true,85.947870,0.431641
avg_slowdown,a2c__mask_false,maskable_ppo__mask_true,87.101343,0.431641
avg_slowdown,a2c__mask_false,maskable_ppo__mask_true,88.254815,0.431641
avg_slowdown,a2c__mask_false,maskable_ppo__mask_true,89.408288,0.431641
avg_slowdown,a2c__mask_false,maskable_ppo__mask_true,90.561760,0.431641
avg_slowdown,a2c__mask_false,maskable_ppo__mask_true,91.715233,0.431641
avg_slowdown,a2c__mask_false,maskable_ppo__mask_true,92.868705,0.431641
avg_slowdown,a2c__mask_false,maskable_ppo__mask_true,94.022178,0.431641
avg_slowdown,a2c__mask_false,maskable_ppo__mask_true,95.175650,0.431641
avg_slowdown,a2c__mask_false,maskable_ppo__mask_true,96.329123,0.431641
avg_slowdown,a2c__mask_false,maskable_ppo__mask_true,97.482595,0.431641
avg_slowdown,a2c__mask_false,maskable_ppo__mask_true,98.636068,0.431641
avg_slowdown,a2c__mask_false,maskable_ppo__mask_true,99.789540,0.431641
avg_slowdown,a2c__mask_false,maskable_ppo__mask_true,100.943013,0.431641
avg_slowdown,a2c__mask_false,maskable_ppo__mask_true,102.096485,0.431641
avg_slowdown,a2c__mask_false,maskable_ppo__mask_true,103.249958,0.431641
avg_slowdown,a2c__mask_false,maskable_ppo__mask_true,104.403430,0.431641
avg_slowdown,a2c__mask_false,maskable_ppo__mask_true,105.556903,0.431641
avg_slowdown,a2c__mask_false,maskable_ppo__mask_true,106.710375,0.431641
avg_slowdown,a2c__mask_false,maskable_ppo__mask_true,107.863848,0.431641
avg_slowdown,a2c__mask_false,maskable_ppo__mask_true,109.017320,0.431641
avg_slowdown,a2c__mask_false,maskable_ppo__mask_true,110.170793,0.431641
avg_slowdown,a2c__mask_false,maskable_ppo__mask_true,111.324265,0.375000
avg_slowdown,a2c__mask_false,maskable_ppo__mask_true,112.477737,0.275391
avg_slowdown,a2c__mask_false,maskable_ppo__mask_true,113.631210,0.130859
avg_slowdown,a2c__mask_false,maskable_ppo__mask_true,114.784682,0.130859
avg_slowdown,a2c__mask_false,maskable_ppo__mask_true,115.938155,0.130859
avg_slowdown,a2c__mask_false,maskable_ppo__mask_true,117.091627,0.105469
avg_slowdown,a2c__mask_false,maskable_ppo__mask_true,118.245100,0.105469
avg_slowdown,a2c__mask_false,maskable_ppo__mask_true,119.398572,0.019531
avg_slowdown,a2c__mask_false,maskable_ppo__mask_true,120.552045,0.019531
avg_slowdown,a2c__mask_false,maskable_ppo__mask_true,121.705517,0.019531
avg_slowdown,a2c__mask_false,maskable_ppo__mask_true,122.858990,0.019531
avg_slowdown,a2c__mask_false,maskable_ppo__mask_true,124.012462,0.019531
avg_slowdown,a2c__mask_false,maskable_ppo__mask_true,125.165935,0.019531
avg_slowdown,a2c__mask_false,maskable_ppo__mask_true,126.319407,0.019531
avg_slowdown,a2c__mask_false,maskable_ppo__mask_true,127.472880,0.019531
avg_slowdown,a2c__mask_false,maskable_ppo__mask_true,128.626352,0.019531
avg_slowdown,a2c__mask_false,maskable_ppo__mask_true,129.779825,0.019531
avg_slowdown,a2c__mask_false,maskable_ppo__mask_true,130.933297,0.019531
avg_slowdown,a2c__mask_false,maskable_ppo__mask_true,132.086770,0.019531
avg_slowdown,a2c__mask_false,maskable_ppo__mask_true,133.240242,0.019531
avg_slowdown,a2c__mask_false,maskable_ppo__mask_true,134.393715,0.019531
avg_slowdown,a2c__mask_false,maskable_ppo__mask_true,135.547187,0.019531
avg_slowdown,a2c__mask_false,maskable_ppo__mask_true,136.700660,0.019531
avg_slowdown,a2c__mask_false,maskable_ppo__mask_true,137.854132,0.019531
avg_slowdown,a2c__mask_false,maskable_ppo__mask_true,139.007605,0.019531
avg_slowdown,a2c__mask_false,maskable_ppo__mask_true,140.161077,0.019531
avg_slowdown,a2c__mask_false,maskable_ppo__mask_true,141.314550,0.019531
avg_slowdown,a2c__mask_false,maskable_ppo__mask_true,142.468022,0.019531
avg_slowdown,a2c__mask_false,maskable_ppo__mask_true,143.621495,0.019531
avg_slowdown,a2c__mask_false,maskable_ppo__mask_true,144.774967,0.019531
avg_slowdown,a2c__mask_false,maskable_ppo__mask_true,145.928440,0.019531
avg_slowdown,a2c__mask_false,maskable_ppo__mask_true,147.081912,0.019531
avg_slowdown,a2c__mask_false,maskable_ppo__mask_true,148.235385,0.019531
avg_slowdown,a2c__mask_false,maskable_ppo__mask_true,149.388857,0.019531
avg_slowdown,a2c__mask_false,maskable_ppo__mask_true,150.542330,0.013672
avg_slowdown,a2c__mask_false,maskable_ppo__mask_true,151.695802,0.013672
avg_slowdown,a2c__mask_false,maskable_ppo__mask_true,152.849275,0.013672
avg_slowdown,a2c__mask_false,maskable_ppo__mask_true,154.002747,0.013672
avg_slowdown,a2c__mask_false,maskable_ppo__mask_true,155.156219,0.013672
avg_slowdown,a2c__mask_false,maskable_ppo__mask_true,156.309692,0.009766
avg_slowdown,a2c__mask_false,maskable_ppo__mask_true,157.463164,0.009766
avg_slowdown,a2c__mask_false,maskable_ppo__mask_true,158.616637,0.009766
avg_slowdown,a2c__mask_false,maskable_ppo__mask_true,159.770109,0.009766
avg_slowdown,a2c__mask_false,maskable_ppo__mask_true,160.923582,0.009766
avg_slowdown,a2c__mask_false,maskable_ppo__mask_true,162.077054,0.009766
avg_slowdown,a2c__mask_false,maskable_ppo__mask_true,163.230527,0.009766
avg_slowdown,a2c__mask_false,maskable_ppo__mask_true,164.383999,0.009766
avg_slowdown,a2c__mask_false,maskable_ppo__mask_true,165.537472,0.009766
avg_slowdown,a2c__mask_false,maskable_ppo__mask_true,166.690944,0.009766
avg_slowdown,a2c__mask_false,maskable_ppo__mask_true,167.844417,0.009766
avg_slowdown,a2c__mask_false,maskable_ppo__mask_true,168.997889,0.009766
avg_slowdown,a2c__mask_false,maskable_ppo__mask_true,170.151362,0.009766
avg_slowdown,a2c__mask_false,maskable_ppo__mask_true,171.304834,0.009766
avg_slowdown,a2c__mask_false,maskable_ppo__mask_true,172.458307,0.009766
avg_slowdown,a2c__mask_false,maskable_ppo__mask_true,173.611779,0.009766
avg_slowdown,a2c__mask_false,maskable_ppo__mask_true,174.765252,0.009766
avg_slowdown,a2c__mask_false,maskable_ppo__mask_true,175.918724,0.009766
avg_slowdown,a2c__mask_false,maskable_ppo__mask_true,177.072197,0.009766
avg_slowdown,a2c__mask_false,maskable_ppo__mask_true,178.225669,0.009766
avg_slowdown,a2c__mask_false,maskable_ppo__mask_true,179.379142,0.009766
avg_slowdown,a2c__mask_false,maskable_ppo__mask_true,180.532614,0.009766
avg_slowdown,a2c__mask_false,maskable_ppo__mask_true,181.686087,0.009766
avg_slowdown,a2c__mask_false,maskable_ppo__mask_true,182.839559,0.009766
avg_slowdown,a2c__mask_false,maskable_ppo__mask_true,183.993032,0.009766
avg_slowdown,a2c__mask_false,maskable_ppo__mask_true,185.146504,0.009766
avg_slowdown,a2c__mask_false,maskable_ppo__mask_true,186.299977,0.009766
avg_slowdown,a2c__mask_false,maskable_ppo__mask_true,187.453449,0.009766
avg_slowdown,a2c__mask_false,maskable_ppo__mask_true,188.606922,0.009766
avg_slowdown,a2c__mask_false,maskable_ppo__mask_true,189.760394,0.009766
avg_slowdown,a2c__mask_false,maskable_ppo__mask_true,190.913867,0.009766
avg_slowdown,a2c__mask_false,maskable_ppo__mask_true,192.067339,0.009766
avg_slowdown,a2c__mask_false,maskable_ppo__mask_true,193.220812,0.009766
avg_slowdown,a2c__mask_false,maskable_ppo__mask_true,194.374284,0.009766
avg_slowdown,a2c__mask_false,maskable_ppo__mask_true,195.527756,0.009766
avg_slowdown,a2c__mask_false,maskable_ppo__mask_true,196.681229,0.009766
avg_slowdown,a2c__mask_false,maskable_ppo__mask_true,197.834701,0.009766
avg_slowdown,a2c__mask_false,maskable_ppo__mask_true,198.988174,0.009766
avg_slowdown,a2c__mask_false,maskable_ppo__mask_true,200.141646,0.009766
avg_slowdown,a2c__mask_false,maskable_ppo__mask_true,201.295119,0.009766
avg_slowdown,a2c__mask_false,maskable_ppo__mask_true,202.448591,0.009766
avg_slowdown,a2c__mask_false,maskable_ppo__mask_true,203.602064,0.009766
avg_slowdown,a2c__mask_false,maskable_ppo__mask_true,204.755536,0.009766
avg_slowdown,a2c__mask_false,maskable_ppo__mask_true,205.909009,0.009766
avg_slowdown,a2c__mask_false,maskable_ppo__mask_true,207.062481,0.009766
avg_slowdown,a2c__mask_false,maskable_ppo__mask_true,208.215954,0.009766
avg_slowdown,a2c__mask_false,maskable_ppo__mask_true,209.369426,0.009766
avg_slowdown,a2c__mask_false,maskable_ppo__mask_true,210.522899,0.009766
avg_slowdown,a2c__mask_false,maskable_ppo__mask_true,211.676371,0.009766
avg_slowdown,a2c__mask_false,maskable_ppo__mask_true,212.829844,0.009766
avg_slowdown,a2c__mask_false,maskable_ppo__mask_true,213.983316,0.009766
avg_slowdown,a2c__mask_false,maskable_ppo__mask_true,215.136789,0.009766
avg_slowdown,a2c__mask_false,maskable_ppo__mask_true,216.290261,0.009766
avg_slowdown,a2c__mask_false,maskable_ppo__mask_true,217.443734,0.009766
avg_slowdown,a2c__mask_false,maskable_ppo__mask_true,218.597206,0.009766
avg_slowdown,a2c__mask_false,maskable_ppo__mask_true,219.750679,0.009766
avg_slowdown,a2c__mask_false,maskable_ppo__mask_true,220.904151,0.005859
avg_slowdown,a2c__mask_false,maskable_ppo__mask_true,222.057624,0.005859
avg_slowdown,a2c__mask_false,maskable_ppo__mask_true,223.211096,0.005859
avg_slowdown,a2c__mask_false,maskable_ppo__mask_true,224.364569,0.005859
avg_slowdown,a2c__mask_false,maskable_ppo__mask_true,225.518041,0.005859
avg_slowdown,a2c__mask_false,maskable_ppo__mask_true,226.671514,0.003906
avg_slowdown,a2c__mask_false,maskable_ppo__mask_true,227.824986,0.003906
avg_slowdown,a2c__mask_false,maskable_ppo__mask_true,228.978459,0.003906
avg_slowdown,a2c__mask_false,maskable_ppo__mask_true,230.131931,0.003906
avg_slowdown,a2c__mask_false,maskable_ppo__mask_true,231.285404,0.003906
avg_slowdown,dqn__mask_false,maskable_a2c__mask_true,5.177270,0.003906
avg_slowdown,dqn__mask_false,maskable_a2c__mask_true,6.319217,0.027344
avg_slowdown,dqn__mask_false,maskable_a2c__mask_true,7.461165,0.027344
avg_slowdown,dqn__mask_false,maskable_a2c__mask_true,8.603112,0.027344
avg_slowdown,dqn__mask_false,maskable_a2c__mask_true,9.745060,0.027344
avg_slowdown,dqn__mask_false,maskable_a2c__mask_true,10.887007,0.027344
avg_slowdown,dqn__mask_false,maskable_a2c__mask_true,12.028955,0.027344
avg_slowdown,dqn__mask_false,maskable_a2c__mask_true,13.170902,0.027344
avg_slowdown,dqn__mask_false,maskable_a2c__mask_true,14.312850,0.027344
avg_slowdown,dqn__mask_false,maskable_a2c__mask_true,15.454797,0.027344
avg_slowdown,dqn__mask_false,maskable_a2c__mask_true,16.596745,0.027344
avg_slowdown,dqn__mask_false,maskable_a2c__mask_true,17.738692,0.027344
avg_slowdown,dqn__mask_false,maskable_a2c__mask_true,18.880640,0.027344
avg_slowdown,dqn__mask_false,maskable_a2c__mask_true,20.022588,0.027344
avg_slowdown,dqn__mask_false,maskable_a2c__mask_true,21.164535,0.027344
avg_slowdown,dqn__mask_false,maskable_a2c__mask_true,22.306483,0.027344
avg_slowdown,dqn__mask_false,maskable_a2c__mask_true,23.448430,0.027344
avg_slowdown,dqn__mask_false,maskable_a2c__mask_true,24.590378,0.064453
avg_slowdown,dqn__mask_false,maskable_a2c__mask_true,25.732325,0.064453
avg_slowdown,dqn__mask_false,maskable_a2c__mask_true,26.874273,0.064453
avg_slowdown,dqn__mask_false,maskable_a2c__mask_true,28.016220,0.083984
avg_slowdown,dqn__mask_false,maskable_a2c__mask_true,29.158168,0.130859
avg_slowdown,dqn__mask_false,maskable_a2c__mask_true,30.300115,0.130859
avg_slowdown,dqn__mask_false,maskable_a2c__mask_true,31.442063,0.130859
avg_slowdown,dqn__mask_false,maskable_a2c__mask_true,32.584010,0.130859
avg_slowdown,dqn__mask_false,maskable_a2c__mask_true,33.725958,0.130859
avg_slowdown,dqn__mask_false,maskable_a2c__mask_true,34.867906,0.130859
avg_slowdown,dqn__mask_false,maskable_a2c__mask_true,36.009853,0.130859
avg_slowdown,dqn__mask_false,maskable_a2c__mask_true,37.151801,0.193359
avg_slowdown,dqn__mask_false,maskable_a2c__mask_true,38.293748,0.232422
avg_slowdown,dqn__mask_false,maskable_a2c__mask_true,39.435696,0.232422
avg_slowdown,dqn__mask_false,maskable_a2c__mask_true,40.577643,0.375000
avg_slowdown,dqn__mask_false,maskable_a2c__mask_true,41.719591,0.375000
avg_slowdown,dqn__mask_false,maskable_a2c__mask_true,42.861538,0.431641
avg_slowdown,dqn__mask_false,maskable_a2c__mask_true,44.003486,0.431641
avg_slowdown,dqn__mask_false,maskable_a2c__mask_true,45.145433,0.625000
avg_slowdown,dqn__mask_false,maskable_a2c__mask_true,46.287381,0.625000
avg_slowdown,dqn__mask_false,maskable_a2c__mask_true,47.429328,0.695312
avg_slowdown,dqn__mask_false,maskable_a2c__mask_true,48.571276,0.695312
avg_slowdown,dqn__mask_false,maskable_a2c__mask_true,49.713224,0.695312
avg_slowdown,dqn__mask_false,maskable_a2c__mask_true,50.855171,0.769531
avg_slowdown,dqn__mask_false,maskable_a2c__mask_true,51.997119,0.769531
avg_slowdown,dqn__mask_false,maskable_a2c__mask_true,53.139066,0.769531
avg_slowdown,dqn__mask_false,maskable_a2c__mask_true,54.281014,0.769531
avg_slowdown,dqn__mask_false,maskable_a2c__mask_true,55.422961,0.845703
avg_slowdown,dqn__mask_false,maskable_a2c__mask_true,56.564909,0.845703
avg_slowdown,dqn__mask_false,maskable_a2c__mask_true,57.706856,0.845703
avg_slowdown,dqn__mask_false,maskable_a2c__mask_true,58.848804,0.921875
avg_slowdown,dqn__mask_false,maskable_a2c__mask_true,59.990751,1.000000
avg_slowdown,dqn__mask_false,maskable_a2c__mask_true,61.132699,1.000000
avg_slowdown,dqn__mask_false,maskable_a2c__mask_true,62.274646,1.000000
avg_slowdown,dqn__mask_false,maskable_a2c__mask_true,63.416594,0.921875
avg_slowdown,dqn__mask_false,maskable_a2c__mask_true,64.558542,0.921875
avg_slowdown,dqn__mask_false,maskable_a2c__mask_true,65.700489,0.921875
avg_slowdown,dqn__mask_false,maskable_a2c__mask_true,66.842437,0.921875
avg_slowdown,dqn__mask_false,maskable_a2c__mask_true,67.984384,0.845703
avg_slowdown,dqn__mask_false,maskable_a2c__mask_true,69.126332,0.769531
avg_slowdown,dqn__mask_false,maskable_a2c__mask_true,70.268279,0.769531
avg_slowdown,dqn__mask_false,maskable_a2c__mask_true,71.410227,0.769531
avg_slowdown,dqn__mask_false,maskable_a2c__mask_true,72.552174,0.695312
avg_slowdown,dqn__mask_false,maskable_a2c__mask_true,73.694122,0.695312
avg_slowdown,dqn__mask_false,maskable_a2c__mask_true,74.836069,0.625000
avg_slowdown,dqn__mask_false,maskable_a2c__mask_true,75.978017,0.625000
avg_slowdown,dqn__mask_false,maskable_a2c__mask_true,77.119964,0.556641
avg_slowdown,dqn__mask_false,maskable_a2c__mask_true,78.261912,0.556641
avg_slowdown,dqn__mask_false,maskable_a2c__mask_true,79.403859,0.492188
avg_slowdown,dqn__mask_false,maskable_a2c__mask_true,80.545807,0.492188
avg_slowdown,dqn__mask_false,maskable_a2c__mask_true,81.687755,0.492188
avg_slowdown,dqn__mask_false,maskable_a2c__mask_true,82.829702,0.492188
avg_slowdown,dqn__mask_false,maskable_a2c__mask_true,83.971650,0.492188
avg_slowdown,dqn__mask_false,maskable_a2c__mask_true,85.113597,0.431641
avg_slowdown,dqn__mask_false,maskable_a2c__mask_true,86.255545,0.431641
avg_slowdown,dqn__mask_false,maskable_a2c__mask_true,87.397492,0.431641
avg_slowdown,dqn__mask_false,maskable_a2c__mask_true,88.539440,0.431641
avg_slowdown,dqn__mask_false,maskable_a2c__mask_true,89.681387,0.431641
avg_slowdown,dqn__mask_false,maskable_a2c__mask_true,90.823335,0.431641
avg_slowdown,dqn__mask_false,maskable_a2c__mask_true,91.965282,0.431641
avg_slowdown,dqn__mask_false,maskable_a2c__mask_true,93.107230,0.431641
avg_slowdown,dqn__mask_false,maskable_a2c__mask_true,94.249177,0.431641
avg_slowdown,dqn__mask_false,maskable_a2c__mask_true,95.391125,0.431641
avg_slowdown,dqn__mask_false,maskable_a2c__mask_true,96.533073,0.431641
avg_slowdown,dqn__mask_false,maskable_a2c__mask_true,97.675020,0.431641
avg_slowdown,dqn__mask_false,maskable_a2c__mask_true,98.816968,0.431641
avg_slowdown,dqn__mask_false,maskable_a2c__mask_true,99.958915,0.431641
avg_slowdown,dqn__mask_false,maskable_a2c__mask_true,101.100863,0.431641
avg_slowdown,dqn__mask_false,maskable_a2c__mask_true,102.242810,0.431641
avg_slowdown,dqn__mask_false,maskable_a2c__mask_true,103.384758,0.431641
avg_slowdown,dqn__mask_false,maskable_a2c__mask_true,104.526705,0.431641
avg_slowdown,dqn__mask_false,maskable_a2c__mask_true,105.668653,0.431641
avg_slowdown,dqn__mask_false,maskable_a2c__mask_true,106.810600,0.431641
avg_slowdown,dqn__mask_false,maskable_a2c__mask_true,107.952548,0.431641
avg_slowdown,dqn__mask_false,maskable_a2c__mask_true,109.094495,0.431641
avg_slowdown,dqn__mask_false,maskable_a2c__mask_true,110.236443,0.431641
avg_slowdown,dqn__mask_false,maskable_a2c__mask_true,111.378391,0.431641
avg_slowdown,dqn__mask_false,maskable_a2c__mask_true,112.520338,0.431641
avg_slowdown,dqn__mask_false,maskable_a2c__mask_true,113.662286,0.431641
avg_slowdown,dqn__mask_false,maskable_a2c__mask_true,114.804233,0.431641
avg_slowdown,dqn__mask_false,maskable_a2c__mask_true,115.946181,0.431641
avg_slowdown,dqn__mask_false,maskable_a2c__mask_true,117.088128,0.431641
avg_slowdown,dqn__mask_false,maskable_a2c__mask_true,118.230076,0.275391
avg_slowdown,dqn__mask_false,maskable_a2c__mask_true,119.372023,0.160156
avg_slowdown,dqn__mask_false,maskable_a2c__mask_true,120.513971,0.160156
avg_slowdown,dqn__mask_false,maskable_a2c__mask_true,121.655918,0.160156
avg_slowdown,dqn__mask_false,maskable_a2c__mask_true,122.797866,0.160156
avg_slowdown,dqn__mask_false,maskable_a2c__mask_true,123.939813,0.160156
avg_slowdown,dqn__mask_false,maskable_a2c__mask_true,125.081761,0.160156
avg_slowdown,dqn__mask_false,maskable_a2c__mask_true,126.223709,0.160156
avg_slowdown,dqn__mask_false,maskable_a2c__mask_true,127.365656,0.160156
avg_slowdown,dqn__mask_false,maskable_a2c__mask_true,128.507604,0.160156
avg_slowdown,dqn__mask_false,maskable_a2c__mask_true,129.649551,0.160156
avg_slowdown,dqn__mask_false,maskable_a2c__mask_true,130.791499,0.160156
avg_slowdown,dqn__mask_false,maskable_a2c__mask_true,131.933446,0.160156
avg_slowdown,dqn__mask_false,maskable_a2c__mask_true,133.075394,0.160156
avg_slowdown,dqn__mask_false,maskable_a2c__mask_true,134.217341,0.160156
avg_slowdown,dqn__mask_false,maskable_a2c__mask_true,135.359289,0.160156
avg_slowdown,dqn__mask_false,maskable_a2c__mask_true,136.501236,0.130859
avg_slowdown,dqn__mask_false,maskable_a2c__mask_true,137.643184,0.105469
avg_slowdown,dqn__mask_false,maskable_a2c__mask_true,138.785131,0.105469
avg_slowdown,dqn__mask_false,maskable_a2c__mask_true,139.927079,0.105469
avg_slowdown,dqn__mask_false,maskable_a2c__mask_true,141.069026,0.083984
avg_slowdown,dqn__mask_false,maskable_a2c__mask_true,142.210974,0.064453
avg_slowdown,dqn__mask_false,maskable_a2c__mask_true,143.352922,0.064453
avg_slowdown,dqn__mask_false,maskable_a2c__mask_true,144.494869,0.064453
avg_slowdown,dqn__mask_false,maskable_a2c__mask_true,145.636817,0.064453
avg_slowdown,dqn__mask_false,maskable_a2c__mask_true,146.778764,0.064453
avg_slowdown,dqn__mask_false,maskable_a2c__mask_true,147.920712,0.064453
avg_slowdown,dqn__mask_false,maskable_a2c__mask_true,149.062659,0.064453
avg_slowdown,dqn__mask_false,maskable_a2c__mask_true,150.204607,0.048828
avg_slowdown,dqn__mask_false,maskable_a2c__mask_true,151.346554,0.037109
avg_slowdown,dqn__mask_false,maskable_a2c__mask_true,152.488502,0.027344
avg_slowdown,dqn__mask_false,maskable_a2c__mask_true,153.630449,0.019531
avg_slowdown,dqn__mask_false,maskable_a2c__mask_true,154.772397,0.019531
avg_slowdown,dqn__mask_false,maskable_a2c__mask_true,155.914344,0.019531
avg_slowdown,dqn__mask_false,maskable_a2c__mask_true,157.056292,0.013672
avg_slowdown,dqn__mask_false,maskable_a2c__mask_true,158.198240,0.013672
avg_slowdown,dqn__mask_false,maskable_a2c__mask_true,159.340187,0.009766
avg_slowdown,dqn__mask_false,maskable_a2c__mask_true,160.482135,0.009766
avg_slowdown,dqn__mask_false,maskable_a2c__mask_true,161.624082,0.009766
avg_slowdown,dqn__mask_false,maskable_a2c__mask_true,162.766030,0.009766
avg_slowdown,dqn__mask_false,maskable_a2c__mask_true,163.907977,0.009766
avg_slowdown,dqn__mask_false,maskable_a2c__mask_true,165.049925,0.009766
avg_slowdown,dqn__mask_false,maskable_a2c__mask_true,166.191872,0.009766
avg_slowdown,dqn__mask_false,maskable_a2c__mask_true,167.333820,0.009766
avg_slowdown,dqn__mask_false,maskable_a2c__mask_true,168.475767,0.009766
avg_slowdown,dqn__mask_false,maskable_a2c__mask_true,169.617715,0.009766
avg_slowdown,dqn__mask_false,maskable_a2c__mask_true,170.759662,0.009766
avg_slowdown,dqn__mask_false,maskable_a2c__mask_true,171.901610,0.009766
avg_slowdown,dqn__mask_false,maskable_a2c__mask_true,173.043558,0.009766
avg_slowdown,dqn__mask_false,maskable_a2c__mask_true,174.185505,0.009766
avg_slowdown,dqn__mask_false,maskable_a2c__mask_true,175.327453,0.009766
avg_slowdown,dqn__mask_false,maskable_a2c__mask_true,176.469400,0.009766
avg_slowdown,dqn__mask_false,maskable_a2c__mask_true,177.611348,0.009766
avg_slowdown,dqn__mask_false,maskable_a2c__mask_true,178.753295,0.009766
avg_slowdown,dqn__mask_false,maskable_a2c__mask_true,179.895243,0.009766
avg_slowdown,dqn__mask_false,maskable_a2c__mask_true,181.037190,0.009766
avg_slowdown,dqn__mask_false,maskable_a2c__mask_true,182.179138,0.009766
avg_slowdown,dqn__mask_false,maskable_a2c__mask_true,183.321085,0.009766
avg_slowdown,dqn__mask_false,maskable_a2c__mask_true,184.463033,0.009766
avg_slowdown,dqn__mask_false,maskable_a2c__mask_true,185.604980,0.009766
avg_slowdown,dqn__mask_false,maskable_a2c__mask_true,186.746928,0.009766
avg_slowdown,dqn__mask_false,maskable_a2c__mask_true,187.888876,0.009766
avg_slowdown,dqn__mask_false,maskable_a2c__mask_true,189.030823,0.009766
avg_slowdown,dqn__mask_false,maskable_a2c__mask_true,190.172771,0.009766
avg_slowdown,dqn__mask_false,maskable_a2c__mask_true,191.314718,0.009766
avg_slowdown,dqn__mask_false,maskable_a2c__mask_true,192.456666,0.009766
avg_slowdown,dqn__mask_false,maskable_a2c__mask_true,193.598613,0.009766
avg_slowdown,dqn__mask_false,maskable_a2c__mask_true,194.740561,0.009766
avg_slowdown,dqn__mask_false,maskable_a2c__mask_true,195.882508,0.009766
avg_slowdown,dqn__mask_false,maskable_a2c__mask_true,197.024456,0.009766
avg_slowdown,dqn__mask_false,maskable_a2c__mask_true,198.166403,0.009766
avg_slowdown,dqn__mask_false,maskable_a2c__mask_true,199.308351,0.009766
avg_slowdown,dqn__mask_false,maskable_a2c__mask_true,200.450298,0.009766
avg_slowdown,dqn__mask_false,maskable_a2c__mask_true,201.592246,0.009766
avg_slowdown,dqn__mask_false,maskable_a2c__mask_true,202.734194,0.009766
avg_slowdown,dqn__mask_false,maskable_a2c__mask_true,203.876141,0.009766
avg_slowdown,dqn__mask_false,maskable_a2c__mask_true,205.018089,0.009766
avg_slowdown,dqn__mask_false,maskable_a2c__mask_true,206.160036,0.009766
avg_slowdown,dqn__mask_false,maskable_a2c__mask_true,207.301984,0.009766
avg_slowdown,dqn__mask_false,maskable_a2c__mask_true,208.443931,0.009766
avg_slowdown,dqn__mask_false,maskable_a2c__mask_true,209.585879,0.009766
avg_slowdown,dqn__mask_false,maskable_a2c__mask_true,210.727826,0.009766
avg_slowdown,dqn__mask_false,maskable_a2c__mask_true,211.869774,0.009766
avg_slowdown,dqn__mask_false,maskable_a2c__mask_true,213.011721,0.009766
avg_slowdown,dqn__mask_false,maskable_a2c__mask_true,214.153669,0.009766
avg_slowdown,dqn__mask_false,maskable_a2c__mask_true,215.295616,0.009766
avg_slowdown,dqn__mask_false,maskable_a2c__mask_true,216.437564,0.009766
avg_slowdown,dqn__mask_false,maskable_a2c__mask_true,217.579511,0.009766
avg_slowdown,dqn__mask_false,maskable_a2c__mask_true,218.721459,0.009766
avg_slowdown,dqn__mask_false,maskable_a2c__mask_true,219.863407,0.009766
avg_slowdown,dqn__mask_false,maskable_a2c__mask_true,221.005354,0.009766
avg_slowdown,dqn__mask_false,maskable_a2c__mask_true,222.147302,0.009766
avg_slowdown,dqn__mask_false,maskable_a2c__mask_true,223.289249,0.009766
avg_slowdown,dqn__mask_false,maskable_a2c__mask_true,224.431197,0.009766
avg_slowdown,dqn__mask_false,maskable_a2c__mask_true,225.573144,0.009766
avg_slowdown,dqn__mask_false,maskable_a2c__mask_true,226.715092,0.009766
avg_slowdown,dqn__mask_false,maskable_a2c__mask_true,227.857039,0.009766
avg_slowdown,dqn__mask_false,maskable_a2c__mask_true,228.998987,0.009766
avg_slowdown,dqn__mask_false,maskable_a2c__mask_true,230.140934,0.005859
avg_slowdown,dqn__mask_false,maskable_a2c__mask_true,231.282882,0.003906
avg_slowdown,dqn__mask_false,maskable_a2c__mask_true,232.424829,0.003906
avg_slowdown,dqn__mask_false,maskable_ppo__mask_true,4.666346,0.003906
avg_slowdown,dqn__mask_false,maskable_ppo__mask_true,5.810788,0.027344
avg_slowdown,dqn__mask_false,maskable_ppo__mask_true,6.955229,0.027344
avg_slowdown,dqn__mask_false,maskable_ppo__mask_true,8.099670,0.027344
avg_slowdown,dqn__mask_false,maskable_ppo__mask_true,9.244111,0.027344
avg_slowdown,dqn__mask_false,maskable_ppo__mask_true,10.388552,0.027344
avg_slowdown,dqn__mask_false,maskable_ppo__mask_true,11.532993,0.027344
avg_slowdown,dqn__mask_false,maskable_ppo__mask_true,12.677434,0.027344
avg_slowdown,dqn__mask_false,maskable_ppo__mask_true,13.821875,0.027344
avg_slowdown,dqn__mask_false,maskable_ppo__mask_true,14.966316,0.027344
avg_slowdown,dqn__mask_false,maskable_ppo__mask_true,16.110758,0.027344
avg_slowdown,dqn__mask_false,maskable_ppo__mask_true,17.255199,0.027344
avg_slowdown,dqn__mask_false,maskable_ppo__mask_true,18.399640,0.027344
avg_slowdown,dqn__mask_false,maskable_ppo__mask_true,19.544081,0.027344
avg_slowdown,dqn__mask_false,maskable_ppo__mask_true,20.688522,0.027344
avg_slowdown,dqn__mask_false,maskable_ppo__mask_true,21.832963,0.027344
avg_slowdown,dqn__mask_false,maskable_ppo__mask_true,22.977404,0.037109
avg_slowdown,dqn__mask_false,maskable_ppo__mask_true,24.121845,0.064453
avg_slowdown,dqn__mask_false,maskable_ppo__mask_true,25.266286,0.064453
avg_slowdown,dqn__mask_false,maskable_ppo__mask_true,26.410728,0.064453
avg_slowdown,dqn__mask_false,maskable_ppo__mask_true,27.555169,0.064453
avg_slowdown,dqn__mask_false,maskable_ppo__mask_true,28.699610,0.130859
avg_slowdown,dqn__mask_false,maskable_ppo__mask_true,29.844051,0.130859
avg_slowdown,dqn__mask_false,maskable_ppo__mask_true,30.988492,0.130859
avg_slowdown,dqn__mask_false,maskable_ppo__mask_true,32.132933,0.130859
avg_slowdown,dqn__mask_false,maskable_ppo__mask_true,33.277374,0.130859
avg_slowdown,dqn__mask_false,maskable_ppo__mask_true,34.421815,0.130859
avg_slowdown,dqn__mask_false,maskable_ppo__mask_true,35.566256,0.130859
avg_slowdown,dqn__mask_false,maskable_ppo__mask_true,36.710697,0.130859
avg_slowdown,dqn__mask_false,maskable_ppo__mask_true,37.855139,0.232422
avg_slowdown,dqn__mask_false,maskable_ppo__mask_true,38.999580,0.232422
avg_slowdown,dqn__mask_false,maskable_ppo__mask_true,40.144021,0.375000
avg_slowdown,dqn__mask_false,maskable_ppo__mask_true,41.288462,0.431641
avg_slowdown,dqn__mask_false,maskable_ppo__mask_true,42.432903,0.431641
avg_slowdown,dqn__mask_false,maskable_ppo__mask_true,43.577344,0.431641
avg_slowdown,dqn__mask_false,maskable_ppo__mask_true,44.721785,0.492188
avg_slowdown,dqn__mask_false,maskable_ppo__mask_true,45.866226,0.625000
avg_slowdown,dqn__mask_false,maskable_ppo__mask_true,47.010667,0.695312
avg_slowdown,dqn__mask_false,maskable_ppo__mask_true,48.155109,0.695312
avg_slowdown,dqn__mask_false,maskable_ppo__mask_true,49.299550,0.695312
avg_slowdown,dqn__mask_false,maskable_ppo__mask_true,50.443991,0.695312
avg_slowdown,dqn__mask_false,maskable_ppo__mask_true,51.588432,0.769531
avg_slowdown,dqn__mask_false,maskable_ppo__mask_true,52.732873,0.769531
avg_slowdown,dqn__mask_false,maskable_ppo__mask_true,53.877314,0.769531
avg_slowdown,dqn__mask_false,maskable_ppo__mask_true,55.021755,0.769531
avg_slowdown,dqn__mask_false,maskable_ppo__mask_true,56.166196,0.845703
avg_slowdown,dqn__mask_false,maskable_ppo__mask_true,57.310637,0.845703
avg_slowdown,dqn__mask_false,maskable_ppo__mask_true,58.455079,0.921875
avg_slowdown,dqn__mask_false,maskable_ppo__mask_true,59.599520,0.921875
avg_slowdown,dqn__mask_false,maskable_ppo__mask_true,60.743961,1.000000
avg_slowdown,dqn__mask_false,maskable_ppo__mask_true,61.888402,1.000000
avg_slowdown,dqn__mask_false,maskable_ppo__mask_true,63.032843,0.921875
avg_slowdown,dqn__mask_false,maskable_ppo__mask_true,64.177284,0.921875
avg_slowdown,dqn__mask_false,maskable_ppo__mask_true,65.321725,0.921875
avg_slowdown,dqn__mask_false,maskable_ppo__mask_true,66.466166,0.921875
avg_slowdown,dqn__mask_false,maskable_ppo__mask_true,67.610607,0.845703
avg_slowdown,dqn__mask_false,maskable_ppo__mask_true,68.755049,0.845703
avg_slowdown,dqn__mask_false,maskable_ppo__mask_true,69.899490,0.769531
avg_slowdown,dqn__mask_false,maskable_ppo__mask_true,71.043931,0.769531
avg_slowdown,dqn__mask_false,maskable_ppo__mask_true,72.188372,0.695312
avg_slowdown,dqn__mask_false,maskable_ppo__mask_true,73.332813,0.695312
avg_slowdown,dqn__mask_false,maskable_ppo__mask_true,74.477254,0.625000
avg_slowdown,dqn__mask_false,maskable_ppo__mask_true,75.621695,0.625000
avg_slowdown,dqn__mask_false,maskable_ppo__mask_true,76.766136,0.556641
avg_slowdown,dqn__mask_false,maskable_ppo__mask_true,77.910577,0.556641
avg_slowdown,dqn__mask_false,maskable_ppo__mask_true,79.055019,0.556641
avg_slowdown,dqn__mask_false,maskable_ppo__mask_true,80.199460,0.492188
avg_slowdown,dqn__mask_false,maskable_ppo__mask_true,81.343901,0.492188
avg_slowdown,dqn__mask_false,maskable_ppo__mask_true,82.488342,0.492188
avg_slowdown,dqn__mask_false,maskable_ppo__mask_true,83.632783,0.492188
avg_slowdown,dqn__mask_false,maskable_ppo__mask_true,84.777224,0.431641
avg_slowdown,dqn__mask_false,maskable_ppo__mask_true,85.921665,0.431641
avg_slowdown,dqn__mask_false,maskable_ppo__mask_true,87.066106,0.431641
avg_slowdown,dqn__mask_false,maskable_ppo__mask_true,88.210547,0.431641
avg_slowdown,dqn__mask_false,maskable_ppo__mask_true,89.354989,0.431641
avg_slowdown,dqn__mask_false,maskable_ppo__mask_true,90.499430,0.431641
avg_slowdown,dqn__mask_false,maskable_ppo__mask_true,91.643871,0.431641
avg_slowdown,dqn__mask_false,maskable_ppo__mask_true,92.788312,0.431641
avg_slowdown,dqn__mask_false,maskable_ppo__mask_true,93.932753,0.431641
avg_slowdown,dqn__mask_false,maskable_ppo__mask_true,95.077194,0.431641
avg_slowdown,dqn__mask_false,maskable_ppo__mask_true,96.221635,0.431641
avg_slowdown,dqn__mask_false,maskable_ppo__mask_true,97.366076,0.431641
avg_slowdown,dqn__mask_false,maskable_ppo__mask_true,98.510517,0.431641
avg_slowdown,dqn__mask_false,maskable_ppo__mask_true,99.654958,0.431641
avg_slowdown,dqn__mask_false,maskable_ppo__mask_true,100.799400,0.431641
avg_slowdown,dqn__mask_false,maskable_ppo__mask_true,101.943841,0.431641
avg_slowdown,dqn__mask_false,maskable_ppo__mask_true,103.088282,0.431641
avg_slowdown,dqn__mask_false,maskable_ppo__mask_true,104.232723,0.431641
avg_slowdown,dqn__mask_false,maskable_ppo__mask_true,105.377164,0.431641
avg_slowdown,dqn__mask_false,maskable_ppo__mask_true,106.521605,0.431641
avg_slowdown,dqn__mask_false,maskable_ppo__mask_true,107.666046,0.431641
avg_slowdown,dqn__mask_false,maskable_ppo__mask_true,108.810487,0.431641
avg_slowdown,dqn__mask_false,maskable_ppo__mask_true,109.954928,0.431641
avg_slowdown,dqn__mask_false,maskable_ppo__mask_true,111.099370,0.431641
avg_slowdown,dqn__mask_false,maskable_ppo__mask_true,112.243811,0.431641
avg_slowdown,dqn__mask_false,maskable_ppo__mask_true,113.388252,0.431641
avg_slowdown,dqn__mask_false,maskable_ppo__mask_true,114.532693,0.431641
avg_slowdown,dqn__mask_false,maskable_ppo__mask_true,115.677134,0.431641
avg_slowdown,dqn__mask_false,maskable_ppo__mask_true,116.821575,0.431641
avg_slowdown,dqn__mask_false,maskable_ppo__mask_true,117.966016,0.275391
avg_slowdown,dqn__mask_false,maskable_ppo__mask_true,119.110457,0.193359
avg_slowdown,dqn__mask_false,maskable_ppo__mask_true,120.254898,0.160156
avg_slowdown,dqn__mask_false,maskable_ppo__mask_true,121.399340,0.160156
avg_slowdown,dqn__mask_false,maskable_ppo__mask_true,122.543781,0.160156
avg_slowdown,dqn__mask_false,maskable_ppo__mask_true,123.688222,0.160156
avg_slowdown,dqn__mask_false,maskable_ppo__mask_true,124.832663,0.160156
avg_slowdown,dqn__mask_false,maskable_ppo__mask_true,125.977104,0.160156
avg_slowdown,dqn__mask_false,maskable_ppo__mask_true,127.121545,0.160156
avg_slowdown,dqn__mask_false,maskable_ppo__mask_true,128.265986,0.160156
avg_slowdown,dqn__mask_false,maskable_ppo__mask_true,129.410427,0.160156
avg_slowdown,dqn__mask_false,maskable_ppo__mask_true,130.554868,0.160156
avg_slowdown,dqn__mask_false,maskable_ppo__mask_true,131.699310,0.160156
avg_slowdown,dqn__mask_false,maskable_ppo__mask_true,132.843751,0.160156
avg_slowdown,dqn__mask_false,maskable_ppo__mask_true,133.988192,0.160156
avg_slowdown,dqn__mask_false,maskable_ppo__mask_true,135.132633,0.160156
avg_slowdown,dqn__mask_false,maskable_ppo__mask_true,136.277074,0.130859
avg_slowdown,dqn__mask_false,maskable_ppo__mask_true,137.421515,0.105469
avg_slowdown,dqn__mask_false,maskable_ppo__mask_true,138.565956,0.105469
avg_slowdown,dqn__mask_false,maskable_ppo__mask_true,139.710397,0.105469
avg_slowdown,dqn__mask_false,maskable_ppo__mask_true,140.854838,0.083984
avg_slowdown,dqn__mask_false,maskable_ppo__mask_true,141.999280,0.064453
avg_slowdown,dqn__mask_false,maskable_ppo__mask_true,143.143721,0.064453
avg_slowdown,dqn__mask_false,maskable_ppo__mask_true,144.288162,0.064453
avg_slowdown,dqn__mask_false,maskable_ppo__mask_true,145.432603,0.064453
avg_slowdown,dqn__mask_false,maskable_ppo__mask_true,146.577044,0.064453
avg_slowdown,dqn__mask_false,maskable_ppo__mask_true,147.721485,0.064453
avg_slowdown,dqn__mask_false,maskable_ppo__mask_true,148.865926,0.064453
avg_slowdown,dqn__mask_false,maskable_ppo__mask_true,150.010367,0.048828
avg_slowdown,dqn__mask_false,maskable_ppo__mask_true,151.154808,0.037109
avg_slowdown,dqn__mask_false,maskable_ppo__mask_true,152.299250,0.027344
avg_slowdown,dqn__mask_false,maskable_ppo__mask_true,153.443691,0.027344
avg_slowdown,dqn__mask_false,maskable_ppo__mask_true,154.588132,0.019531
avg_slowdown,dqn__mask_false,maskable_ppo__mask_true,155.732573,0.019531
avg_slowdown,dqn__mask_false,maskable_ppo__mask_true,156.877014,0.019531
avg_slowdown,dqn__mask_false,maskable_ppo__mask_true,158.021455,0.013672
avg_slowdown,dqn__mask_false,maskable_ppo__mask_true,159.165896,0.009766
avg_slowdown,dqn__mask_false,maskable_ppo__mask_true,160.310337,0.009766
avg_slowdown,dqn__mask_false,maskable_ppo__mask_true,161.454778,0.009766
avg_slowdown,dqn__mask_false,maskable_ppo__mask_true,162.599219,0.009766
avg_slowdown,dqn__mask_false,maskable_ppo__mask_true,163.743661,0.009766
avg_slowdown,dqn__mask_false,maskable_ppo__mask_true,164.888102,0.009766
avg_slowdown,dqn__mask_false,maskable_ppo__mask_true,166.032543,0.009766
avg_slowdown,dqn__mask_false,maskable_ppo__mask_true,167.176984,0.009766
avg_slowdown,dqn__mask_false,maskable_ppo__mask_true,168.321425,0.009766
avg_slowdown,dqn__mask_false,maskable_ppo__mask_true,169.465866,0.009766
avg_slowdown,dqn__mask_false,maskable_ppo__mask_true,170.610307,0.009766
avg_slowdown,dqn__mask_false,maskable_ppo__mask_true,171.754748,0.009766
avg_slowdown,dqn__mask_false,maskable_ppo__mask_true,172.899189,0.009766
avg_slowdown,dqn__mask_false,maskable_ppo__mask_true,174.043631,0.009766
avg_slowdown,dqn__mask_false,maskable_ppo__mask_true,175.188072,0.009766
avg_slowdown,dqn__mask_false,maskable_ppo__mask_true,176.332513,0.009766
avg_slowdown,dqn__mask_false,maskable_ppo__mask_true,177.476954,0.009766
avg_slowdown,dqn__mask_false,maskable_ppo__mask_true,178.621395,0.009766
avg_slowdown,dqn__mask_false,maskable_ppo__mask_true,179.765836,0.009766
avg_slowdown,dqn__mask_false,maskable_ppo__mask_true,180.910277,0.009766
avg_slowdown,dqn__mask_false,maskable_ppo__mask_true,182.054718,0.009766
avg_slowdown,dqn__mask_false,maskable_ppo__mask_true,183.199159,0.009766
avg_slowdown,dqn__mask_false,maskable_ppo__mask_true,184.343601,0.009766
avg_slowdown,dqn__mask_false,maskable_ppo__mask_true,185.488042,0.009766
avg_slowdown,dqn__mask_false,maskable_ppo__mask_true,186.632483,0.009766
avg_slowdown,dqn__mask_false,maskable_ppo__mask_true,187.776924,0.009766
avg_slowdown,dqn__mask_false,maskable_ppo__mask_true,188.921365,0.009766
avg_slowdown,dqn__mask_false,maskable_ppo__mask_true,190.065806,0.009766
avg_slowdown,dqn__mask_false,maskable_ppo__mask_true,191.210247,0.009766
avg_slowdown,dqn__mask_false,maskable_ppo__mask_true,192.354688,0.009766
avg_slowdown,dqn__mask_false,maskable_ppo__mask_true,193.499129,0.009766
avg_slowdown,dqn__mask_false,maskable_ppo__mask_true,194.643571,0.009766
avg_slowdown,dqn__mask_false,maskable_ppo__mask_true,195.788012,0.009766
avg_slowdown,dqn__mask_false,maskable_ppo__mask_true,196.932453,0.009766
avg_slowdown,dqn__mask_false,maskable_ppo__mask_true,198.076894,0.009766
avg_slowdown,dqn__mask_false,maskable_ppo__mask_true,199.221335,0.009766
avg_slowdown,dqn__mask_false,maskable_ppo__mask_true,200.365776,0.009766
avg_slowdown,dqn__mask_false,maskable_ppo__mask_true,201.510217,0.009766
avg_slowdown,dqn__mask_false,maskable_ppo__mask_true,202.654658,0.009766
avg_slowdown,dqn__mask_false,maskable_ppo__mask_true,203.799099,0.009766
avg_slowdown,dqn__mask_false,maskable_ppo__mask_true,204.943541,0.009766
avg_slowdown,dqn__mask_false,maskable_ppo__mask_true,206.087982,0.009766
avg_slowdown,dqn__mask_false,maskable_ppo__mask_true,207.232423,0.009766
avg_slowdown,dqn__mask_false,maskable_ppo__mask_true,208.376864,0.009766
avg_slowdown,dqn__mask_false,maskable_ppo__mask_true,209.521305,0.009766
avg_slowdown,dqn__mask_false,maskable_ppo__mask_true,210.665746,0.009766
avg_slowdown,dqn__mask_false,maskable_ppo__mask_true,211.810187,0.009766
avg_slowdown,dqn__mask_false,maskable_ppo__mask_true,212.954628,0.009766
avg_slowdown,dqn__mask_false,maskable_ppo__mask_true,214.099069,0.009766
avg_slowdown,dqn__mask_false,maskable_ppo__mask_true,215.243511,0.009766
avg_slowdown,dqn__mask_false,maskable_ppo__mask_true,216.387952,0.009766
avg_slowdown,dqn__mask_false,maskable_ppo__mask_true,217.532393,0.009766
avg_slowdown,dqn__mask_false,maskable_ppo__mask_true,218.676834,0.009766
avg_slowdown,dqn__mask_false,maskable_ppo__mask_true,219.821275,0.009766
avg_slowdown,dqn__mask_false,maskable_ppo__mask_true,220.965716,0.009766
avg_slowdown,dqn__mask_false,maskable_ppo__mask_true,222.110157,0.009766
avg_slowdown,dqn__mask_false,maskable_ppo__mask_true,223.254598,0.009766
avg_slowdown,dqn__mask_false,maskable_ppo__mask_true,224.399039,0.009766
avg_slowdown,dqn__mask_false,maskable_ppo__mask_true,225.543480,0.009766
avg_slowdown,dqn__mask_false,maskable_ppo__mask_true,226.687922,0.009766
avg_slowdown,dqn__mask_false,maskable_ppo__mask_true,227.832363,0.009766
avg_slowdown,dqn__mask_false,maskable_ppo__mask_true,228.976804,0.009766
avg_slowdown,dqn__mask_false,maskable_ppo__mask_true,230.121245,0.005859
avg_slowdown,dqn__mask_false,maskable_ppo__mask_true,231.265686,0.003906
avg_slowdown,dqn__mask_false,maskable_ppo__mask_true,232.410127,0.003906
avg_slowdown,maskable_a2c__mask_true,maskable_dqn__mask_true,-210.560012,0.003906
avg_slowdown,maskable_a2c__mask_true,maskable_dqn__mask_true,-209.504607,0.003906
avg_slowdown,maskable_a2c__mask_true,maskable_dqn__mask_true,-208.449203,0.003906
avg_slowdown,maskable_a2c__mask_true,maskable_dqn__mask_true,-207.393798,0.005859
avg_slowdown,maskable_a2c__mask_true,maskable_dqn__mask_true,-206.338393,0.005859
avg_slowdown,maskable_a2c__mask_true,maskable_dqn__mask_true,-205.282988,0.005859
avg_slowdown,maskable_a2c__mask_true,maskable_dqn__mask_true,-204.227584,0.009766
avg_slowdown,maskable_a2c__mask_true,maskable_dqn__mask_true,-203.172179,0.009766
avg_slowdown,maskable_a2c__mask_true,maskable_dqn__mask_true,-202.116774,0.009766
avg_slowdown,maskable_a2c__mask_true,maskable_dqn__mask_true,-201.061369,0.009766
avg_slowdown,maskable_a2c__mask_true,maskable_dqn__mask_true,-200.005964,0.009766
avg_slowdown,maskable_a2c__mask_true,maskable_dqn__mask_true,-198.950560,0.013672
avg_slowdown,maskable_a2c__mask_true,maskable_dqn__mask_true,-197.895155,0.013672
avg_slowdown,maskable_a2c__mask_true,maskable_dqn__mask_true,-196.839750,0.013672
avg_slowdown,maskable_a2c__mask_true,maskable_dqn__mask_true,-195.784345,0.027344
avg_slowdown,maskable_a2c__mask_true,maskable_dqn__mask_true,-194.728941,0.027344
avg_slowdown,maskable_a2c__mask_true,maskable_dqn__mask_true,-193.673536,0.027344
avg_slowdown,maskable_a2c__mask_true,maskable_dqn__mask_true,-192.618131,0.037109
avg_slowdown,maskable_a2c__mask_true,maskable_dqn__mask_true,-191.562726,0.037109
avg_slowdown,maskable_a2c__mask_true,maskable_dqn__mask_true,-190.507322,0.037109
avg_slowdown,maskable_a2c__mask_true,maskable_dqn__mask_true,-189.451917,0.037109
avg_slowdown,maskable_a2c__mask_true,maskable_dqn__mask_true,-188.396512,0.037109
avg_slowdown,maskable_a2c__mask_true,maskable_dqn__mask_true,-187.341107,0.037109
avg_slowdown,maskable_a2c__mask_true,maskable_dqn__mask_true,-186.285702,0.048828
avg_slowdown,maskable_a2c__mask_true,maskable_dqn__mask_true,-185.230298,0.048828
avg_slowdown,maskable_a2c__mask_true,maskable_dqn__mask_true,-184.174893,0.064453
avg_slowdown,maskable_a2c__mask_true,maskable_dqn__mask_true,-183.119488,0.064453
avg_slowdown,maskable_a2c__mask_true,maskable_dqn__mask_true,-182.064083,0.083984
avg_slowdown,maskable_a2c__mask_true,maskable_dqn__mask_true,-181.008679,0.083984
avg_slowdown,maskable_a2c__mask_true,maskable_dqn__mask_true,-179.953274,0.083984
avg_slowdown,maskable_a2c__mask_true,maskable_dqn__mask_true,-178.897869,0.083984
avg_slowdown,maskable_a2c__mask_true,maskable_dqn__mask_true,-177.842464,0.083984
avg_slowdown,maskable_a2c__mask_true,maskable_dqn__mask_true,-176.787060,0.083984
avg_slowdown,maskable_a2c__mask_true,maskable_dqn__mask_true,-175.731655,0.083984
avg_slowdown,maskable_a2c__mask_true,maskable_dqn__mask_true,-174.676250,0.083984
avg_slowdown,maskable_a2c__mask_true,maskable_dqn__mask_true,-173.620845,0.083984
avg_slowdown,maskable_a2c__mask_true,maskable_dqn__mask_true,-172.565441,0.083984
avg_slowdown,maskable_a2c__mask_true,maskable_dqn__mask_true,-171.510036,0.083984
avg_slowdown,maskable_a2c__mask_true,maskable_dqn__mask_true,-170.454631,0.083984
avg_slowdown,maskable_a2c__mask_true,maskable_dqn__mask_true,-169.399226,0.083984
avg_slowdown,maskable_a2c__mask_true,maskable_dqn__mask_true,-168.343821,0.083984
avg_slowdown,maskable_a2c__mask_true,maskable_dqn__mask_true,-167.288417,0.105469
avg_slowdown,maskable_a2c__mask_true,maskable_dqn__mask_true,-166.233012,0.105469
avg_slowdown,maskable_a2c__mask_true,maskable_dqn__mask_true,-165.177607,0.105469
avg_slowdown,maskable_a2c__mask_true,maskable_dqn__mask_true,-164.122202,0.130859
avg_slowdown,maskable_a2c__mask_true,maskable_dqn__mask_true,-163.066798,0.130859
avg_slowdown,maskable_a2c__mask_true,maskable_dqn__mask_true,-162.011393,0.130859
avg_slowdown,maskable_a2c__mask_true,maskable_dqn__mask_true,-160.955988,0.160156
avg_slowdown,maskable_a2c__mask_true,maskable_dqn__mask_true,-159.900583,0.160156
avg_slowdown,maskable_a2c__mask_true,maskable_dqn__mask_true,-158.845179,0.160156
avg_slowdown,maskable_a2c__mask_true,maskable_dqn__mask_true,-157.789774,0.193359
avg_slowdown,maskable_a2c__mask_true,maskable_dqn__mask_true,-156.734369,0.193359
avg_slowdown,maskable_a2c__mask_true,maskable_dqn__mask_true,-155.678964,0.193359
avg_slowdown,maskable_a2c__mask_true,maskable_dqn__mask_true,-154.623559,0.232422
avg_slowdown,maskable_a2c__mask_true,maskable_dqn__mask_true,-153.568155,0.232422
avg_slowdown,maskable_a2c__mask_true,maskable_dqn__mask_true,-152.512750,0.275391
avg_slowdown,maskable_a2c__mask_true,maskable_dqn__mask_true,-151.457345,0.275391
avg_slowdown,maskable_a2c__mask_true,maskable_dqn__mask_true,-150.401940,0.275391
avg_slowdown,maskable_a2c__mask_true,maskable_dqn__mask_true,-149.346536,0.322266
avg_slowdown,maskable_a2c__mask_true,maskable_dqn__mask_true,-148.291131,0.322266
avg_slowdown,maskable_a2c__mask_true,maskable_dqn__mask_true,-147.235726,0.375000
avg_slowdown,maskable_a2c__mask_true,maskable_dqn__mask_true,-146.180321,0.375000
avg_slowdown,maskable_a2c__mask_true,maskable_dqn__mask_true,-145.124917,0.375000
avg_slowdown,maskable_a2c__mask_true,maskable_dqn__mask_true,-144.069512,0.375000
avg_slowdown,maskable_a2c__mask_true,maskable_dqn__mask_true,-143.014107,0.375000
avg_slowdown,maskable_a2c__mask_true,maskable_dqn__mask_true,-141.958702,0.375000
avg_slowdown,maskable_a2c__mask_true,maskable_dqn__mask_true,-140.903298,0.375000
avg_slowdown,maskable_a2c__mask_true,maskable_dqn__mask_true,-139.847893,0.375000
avg_slowdown,maskable_a2c__mask_true,maskable_dqn__mask_true,-138.792488,0.375000
avg_slowdown,maskable_a2c__mask_true,maskable_dqn__mask_true,-137.737083,0.375000
avg_slowdown,maskable_a2c__mask_true,maskable_dqn__mask_true,-136.681678,0.375000
avg_slowdown,maskable_a2c__mask_true,maskable_dqn__mask_true,-135.626274,0.375000
avg_slowdown,maskable_a2c__mask_true,maskable_dqn__mask_true,-134.570869,0.375000
avg_slowdown,maskable_a2c__mask_true,maskable_dqn__mask_true,-133.515464,0.375000
avg_slowdown,maskable_a2c__mask_true,maskable_dqn__mask_true,-132.460059,0.375000
avg_slowdown,maskable_a2c__mask_true,maskable_dqn__mask_true,-131.404655,0.375000
avg_slowdown,maskable_a2c__mask_true,maskable_dqn__mask_true,-130.349250,0.375000
avg_slowdown,maskable_a2c__mask_true,maskable_dqn__mask_true,-129.293845,0.375000
avg_slowdown,maskable_a2c__mask_true,maskable_dqn__mask_true,-128.238440,0.375000
avg_slowdown,maskable_a2c__mask_true,maskable_dqn__mask_true,-127.183036,0.375000
avg_slowdown,maskable_a2c__mask_true,maskable_dqn__mask_true,-126.127631,0.375000
avg_slowdown,maskable_a2c__mask_true,maskable_dqn__mask_true,-125.072226,0.375000
avg_slowdown,maskable_a2c__mask_true,maskable_dqn__mask_true,-124.016821,0.375000
avg_slowdown,maskable_a2c__mask_true,maskable_dqn__mask_true,-122.961416,0.431641
avg_slowdown,maskable_a2c__mask_true,maskable_dqn__mask_true,-121.906012,0.431641
avg_slowdown,maskable_a2c__mask_true,maskable_dqn__mask_true,-120.850607,0.492188
avg_slowdown,maskable_a2c__mask_true,maskable_dqn__mask_true,-119.795202,0.556641
avg_slowdown,maskable_a2c__mask_true,maskable_dqn__mask_true,-118.739797,0.556641
avg_slowdown,maskable_a2c__mask_true,maskable_dqn__mask_true,-117.684393,0.695312
avg_slowdown,maskable_a2c__mask_true,maskable_dqn__mask_true,-116.628988,0.769531
avg_slowdown,maskable_a2c__mask_true,maskable_dqn__mask_true,-115.573583,0.769531
avg_slowdown,maskable_a2c__mask_true,maskable_dqn__mask_true,-114.518178,0.769531
avg_slowdown,maskable_a2c__mask_true,maskable_dqn__mask_true,-113.462774,0.769531
avg_slowdown,maskable_a2c__mask_true,maskable_dqn__mask_true,-112.407369,0.845703
avg_slowdown,maskable_a2c__mask_true,maskable_dqn__mask_true,-111.351964,0.845703
avg_slowdown,maskable_a2c__mask_true,maskable_dqn__mask_true,-110.296559,0.845703
avg_slowdown,maskable_a2c__mask_true,maskable_dqn__mask_true,-109.241155,0.921875
avg_slowdown,maskable_a2c__mask_true,maskable_dqn__mask_true,-108.185750,1.000000
avg_slowdown,maskable_a2c__mask_true,maskable_dqn__mask_true,-107.130345,1.000000
avg_slowdown,maskable_a2c__mask_true,maskable_dqn__mask_true,-106.074940,0.845703
avg_slowdown,maskable_a2c__mask_true,maskable_dqn__mask_true,-105.019535,0.695312
avg_slowdown,maskable_a2c__mask_true,maskable_dqn__mask_true,-103.964131,0.695312
avg_slowdown,maskable_a2c__mask_true,maskable_dqn__mask_true,-102.908726,0.695312
avg_slowdown,maskable_a2c__mask_true,maskable_dqn__mask_true,-101.853321,0.625000
avg_slowdown,maskable_a2c__mask_true,maskable_dqn__mask_true,-100.797916,0.625000
avg_slowdown,maskable_a2c__mask_true,maskable_dqn__mask_true,-99.742512,0.625000
avg_slowdown,maskable_a2c__mask_true,maskable_dqn__mask_true,-98.687107,0.625000
avg_slowdown,maskable_a2c__mask_true,maskable_dqn__mask_true,-97.631702,0.556641
avg_slowdown,maskable_a2c__mask_true,maskable_dqn__mask_true,-96.576297,0.556641
avg_slowdown,maskable_a2c__mask_true,maskable_dqn__mask_true,-95.520893,0.556641
avg_slowdown,maskable_a2c__mask_true,maskable_dqn__mask_true,-94.465488,0.492188
avg_slowdown,maskable_a2c__mask_true,maskable_dqn__mask_true,-93.410083,0.492188
avg_slowdown,maskable_a2c__mask_true,maskable_dqn__mask_true,-92.354678,0.431641
avg_slowdown,maskable_a2c__mask_true,maskable_dqn__mask_true,-91.299273,0.431641
avg_slowdown,maskable_a2c__mask_true,maskable_dqn__mask_true,-90.243869,0.375000
avg_slowdown,maskable_a2c__mask_true,maskable_dqn__mask_true,-89.188464,0.375000
avg_slowdown,maskable_a2c__mask_true,maskable_dqn__mask_true,-88.133059,0.375000
avg_slowdown,maskable_a2c__mask_true,maskable_dqn__mask_true,-87.077654,0.375000
avg_slowdown,maskable_a2c__mask_true,maskable_dqn__mask_true,-86.022250,0.375000
avg_slowdown,maskable_a2c__mask_true,maskable_dqn__mask_true,-84.966845,0.375000
avg_slowdown,maskable_a2c__mask_true,maskable_dqn__mask_true,-83.911440,0.375000
avg_slowdown,maskable_a2c__mask_true,maskable_dqn__mask_true,-82.856035,0.375000
avg_slowdown,maskable_a2c__mask_true,maskable_dqn__mask_true,-81.800631,0.375000
avg_slowdown,maskable_a2c__mask_true,maskable_dqn__mask_true,-80.745226,0.375000
avg_slowdown,maskable_a2c__mask_true,maskable_dqn__mask_true,-79.689821,0.375000
avg_slowdown,maskable_a2c__mask_true,maskable_dqn__mask_true,-78.634416,0.375000
avg_slowdown,maskable_a2c__mask_true,maskable_dqn__mask_true,-77.579012,0.375000
avg_slowdown,maskable_a2c__mask_true,maskable_dqn__mask_true,-76.523607,0.275391
avg_slowdown,maskable_a2c__mask_true,maskable_dqn__mask_true,-75.468202,0.275391
avg_slowdown,maskable_a2c__mask_true,maskable_dqn__mask_true,-74.412797,0.275391
avg_slowdown,maskable_a2c__mask_true,maskable_dqn__mask_true,-73.357392,0.275391
avg_slowdown,maskable_a2c__mask_true,maskable_dqn__mask_true,-72.301988,0.275391
avg_slowdown,maskable_a2c__mask_true,maskable_dqn__mask_true,-71.246583,0.232422
avg_slowdown,maskable_a2c__mask_true,maskable_dqn__mask_true,-70.191178,0.193359
avg_slowdown,maskable_a2c__mask_true,maskable_dqn__mask_true,-69.135773,0.193359
avg_slowdown,maskable_a2c__mask_true,maskable_dqn__mask_true,-68.080369,0.193359
avg_slowdown,maskable_a2c__mask_true,maskable_dqn__mask_true,-67.024964,0.193359
avg_slowdown,maskable_a2c__mask_true,maskable_dqn__mask_true,-65.969559,0.160156
avg_slowdown,maskable_a2c__mask_true,maskable_dqn__mask_true,-64.914154,0.160156
avg_slowdown,maskable_a2c__mask_true,maskable_dqn__mask_true,-63.858750,0.160156
avg_slowdown,maskable_a2c__mask_true,maskable_dqn__mask_true,-62.803345,0.160156
avg_slowdown,maskable_a2c__mask_true,maskable_dqn__mask_true,-61.747940,0.130859
avg_slowdown,maskable_a2c__mask_true,maskable_dqn__mask_true,-60.692535,0.105469
avg_slowdown,maskable_a2c__mask_true,maskable_dqn__mask_true,-59.637130,0.105469
avg_slowdown,maskable_a2c__mask_true,maskable_dqn__mask_true,-58.581726,0.105469
avg_slowdown,maskable_a2c__mask_true,maskable_dqn__mask_true,-57.526321,0.105469
avg_slowdown,maskable_a2c__mask_true,maskable_dqn__mask_true,-56.470916,0.105469
avg_slowdown,maskable_a2c__mask_true,maskable_dqn__mask_true,-55.415511,0.083984
avg_slowdown,maskable_a2c__mask_true,maskable_dqn__mask_true,-54.360107,0.083984
avg_slowdown,maskable_a2c__mask_true,maskable_dqn__mask_true,-53.304702,0.083984
avg_slowdown,maskable_a2c__mask_true,maskable_dqn__mask_true,-52.249297,0.083984
avg_slowdown,maskable_a2c__mask_true,maskable_dqn__mask_true,-51.193892,0.083984
avg_slowdown,maskable_a2c__mask_true,maskable_dqn__mask_true,-50.138488,0.083984
avg_slowdown,maskable_a2c__mask_true,maskable_dqn__mask_true,-49.083083,0.083984
avg_slowdown,maskable_a2c__mask_true,maskable_dqn__mask_true,-48.027678,0.083984
avg_slowdown,maskable_a2c__mask_true,maskable_dqn__mask_true,-46.972273,0.083984
avg_slowdown,maskable_a2c__mask_true,maskable_dqn__mask_true,-45.916869,0.083984
avg_slowdown,maskable_a2c__mask_true,maskable_dqn__mask_true,-44.861464,0.083984
avg_slowdown,maskable_a2c__mask_true,maskable_dqn__mask_true,-43.806059,0.083984
avg_slowdown,maskable_a2c__mask_true,maskable_dqn__mask_true,-42.750654,0.083984
avg_slowdown,maskable_a2c__mask_true,maskable_dqn__mask_true,-41.695249,0.083984
avg_slowdown,maskable_a2c__mask_true,maskable_dqn__mask_true,-40.639845,0.083984
avg_slowdown,maskable_a2c__mask_true,maskable_dqn__mask_true,-39.584440,0.083984
avg_slowdown,maskable_a2c__mask_true,maskable_dqn__mask_true,-38.529035,0.083984
avg_slowdown,maskable_a2c__mask_true,maskable_dqn__mask_true,-37.473630,0.083984
avg_slowdown,maskable_a2c__mask_true,maskable_dqn__mask_true,-36.418226,0.083984
avg_slowdown,maskable_a2c__mask_true,maskable_dqn__mask_true,-35.362821,0.083984
avg_slowdown,maskable_a2c__mask_true,maskable_dqn__mask_true,-34.307416,0.083984
avg_slowdown,maskable_a2c__mask_true,maskable_dqn__mask_true,-33.252011,0.083984
avg_slowdown,maskable_a2c__mask_true,maskable_dqn__mask_true,-32.196607,0.083984
avg_slowdown,maskable_a2c__mask_true,maskable_dqn__mask_true,-31.141202,0.083984
avg_slowdown,maskable_a2c__mask_true,maskable_dqn__mask_true,-30.085797,0.064453
avg_slowdown,maskable_a2c__mask_true,maskable_dqn__mask_true,-29.030392,0.037109
avg_slowdown,maskable_a2c__mask_true,maskable_dqn__mask_true,-27.974987,0.037109
avg_slowdown,maskable_a2c__mask_true,maskable_dqn__mask_true,-26.919583,0.037109
avg_slowdown,maskable_a2c__mask_true,maskable_dqn__mask_true,-25.864178,0.037109
avg_slowdown,maskable_a2c__mask_true,maskable_dqn__mask_true,-24.808773,0.037109
avg_slowdown,maskable_a2c__mask_true,maskable_dqn__mask_true,-23.753368,0.037109
avg_slowdown,maskable_a2c__mask_true,maskable_dqn__mask_true,-22.697964,0.037109
avg_slowdown,maskable_a2c__mask_true,maskable_dqn__mask_true,-21.642559,0.037109
avg_slowdown,maskable_a2c__mask_true,maskable_dqn__mask_true,-20.587154,0.037109
avg_slowdown,maskable_a2c__mask_true,maskable_dqn__mask_true,-19.531749,0.027344
avg_slowdown,maskable_a2c__mask_true,maskable_dqn__mask_true,-18.476345,0.019531
avg_slowdown,maskable_a2c__mask_true,maskable_dqn__mask_true,-17.420940,0.019531
avg_slowdown,maskable_a2c__mask_true,maskable_dqn__mask_true,-16.365535,0.019531
avg_slowdown,maskable_a2c__mask_true,maskable_dqn__mask_true,-15.310130,0.019531
avg_slowdown,maskable_a2c__mask_true,maskable_dqn__mask_true,-14.254726,0.009766
avg_slowdown,maskable_a2c__mask_true,maskable_dqn__mask_true,-13.199321,0.009766
avg_slowdown,maskable_a2c__mask_true,maskable_dqn__mask_true,-12.143916,0.009766
avg_slowdown,maskable_a2c__mask_true,maskable_dqn__mask_true,-11.088511,0.009766
avg_slowdown,maskable_a2c__mask_true,maskable_dqn__mask_true,-10.033106,0.009766
avg_slowdown,maskable_a2c__mask_true,maskable_dqn__mask_true,-8.977702,0.009766
avg_slowdown,maskable_a2c__mask_true,maskable_dqn__mask_true,-7.922297,0.005859
avg_slowdown,maskable_a2c__mask_true,maskable_dqn__mask_true,-6.866892,0.005859
avg_slowdown,maskable_a2c__mask_true,maskable_dqn__mask_true,-5.811487,0.005859
avg_slowdown,maskable_a2c__mask_true,maskable_dqn__mask_true,-4.756083,0.005859
avg_slowdown,maskable_a2c__mask_true,maskable_dqn__mask_true,-3.700678,0.003906
avg_slowdown,maskable_a2c__mask_true,maskable_dqn__mask_true,-2.645273,0.003906
avg_slowdown,maskable_a2c__mask_true,maskable_dqn__mask_true,-1.589868,0.003906
avg_slowdown,maskable_a2c__mask_true,maskable_dqn__mask_true,-0.534464,0.003906
avg_slowdown,maskable_a2c__mask_true,ppo__mask_false,-232.453344,0.003906
avg_slowdown,maskable_a2c__mask_true,ppo__mask_false,-231.278555,0.232422
avg_slowdown,maskable_a2c__mask_true,ppo__mask_false,-230.103766,0.232422
avg_slowdown,maskable_a2c__mask_true,ppo__mask_false,-228.928977,0.232422
avg_slowdown,maskable_a2c__mask_true,ppo__mask_false,-227.754187,0.232422
avg_slowdown,maskable_a2c__mask_true,ppo__mask_false,-226.579398,0.232422
avg_slowdown,maskable_a2c__mask_true,ppo__mask_false,-225.404609,0.232422
avg_slowdown,maskable_a2c__mask_true,ppo__mask_false,-224.229820,0.232422
avg_slowdown,maskable_a2c__mask_true,ppo__mask_false,-223.055031,0.232422
avg_slowdown,maskable_a2c__mask_true,ppo__mask_false,-221.880242,0.232422
avg_slowdown,maskable_a2c__mask_true,ppo__mask_false,-220.705452,0.232422
avg_slowdown,maskable_a2c__mask_true,ppo__mask_false,-219.530663,0.232422
avg_slowdown,maskable_a2c__mask_true,ppo__mask_false,-218.355874,0.232422
avg_slowdown,maskable_a2c__mask_true,ppo__mask_false,-217.181085,0.232422
avg_slowdown,maskable_a2c__mask_true,ppo__mask_false,-216.006296,0.232422
avg_slowdown,maskable_a2c__mask_true,ppo__mask_false,-214.831507,0.232422
avg_slowdown,maskable_a2c__mask_true,ppo__mask_false,-213.656717,0.232422
avg_slowdown,maskable_a2c__mask_true,ppo__mask_false,-212.481928,0.232422
avg_slowdown,maskable_a2c__mask_true,ppo__mask_false,-211.307139,0.232422
avg_slowdown,maskable_a2c__mask_true,ppo__mask_false,-210.132350,0.232422
avg_slowdown,maskable_a2c__mask_true,ppo__mask_false,-208.957561,0.232422
avg_slowdown,maskable_a2c__mask_true,ppo__mask_false,-207.782772,0.232422
avg_slowdown,maskable_a2c__mask_true,ppo__mask_false,-206.607982,0.232422
avg_slowdown,maskable_a2c__mask_true,ppo__mask_false,-205.433193,0.232422
avg_slowdown,maskable_a2c__mask_true,ppo__mask_false,-204.258404,0.232422
avg_slowdown,maskable_a2c__mask_true,ppo__mask_false,-203.083615,0.232422
avg_slowdown,maskable_a2c__mask_true,ppo__mask_false,-201.908826,0.232422
avg_slowdown,maskable_a2c__mask_true,ppo__mask_false,-200.734037,0.232422
avg_slowdown,maskable_a2c__mask_true,ppo__mask_false,-199.559247,0.232422
avg_slowdown,maskable_a2c__mask_true,ppo__mask_false,-198.384458,0.232422
avg_slowdown,maskable_a2c__mask_true,ppo__mask_false,-197.209669,0.232422
avg_slowdown,maskable_a2c__mask_true,ppo__mask_false,-196.034880,0.232422
avg_slowdown,maskable_a2c__mask_true,ppo__mask_false,-194.860091,0.232422
avg_slowdown,maskable_a2c__mask_true,ppo__mask_false,-193.685302,0.232422
avg_slowdown,maskable_a2c__mask_true,ppo__mask_false,-192.510512,0.232422
avg_slowdown,maskable_a2c__mask_true,ppo__mask_false,-191.335723,0.232422
avg_slowdown,maskable_a2c__mask_true,ppo__mask_false,-190.160934,0.232422
avg_slowdown,maskable_a2c__mask_true,ppo__mask_false,-188.986145,0.232422
avg_slowdown,maskable_a2c__mask_true,ppo__mask_false,-187.811356,0.232422
avg_slowdown,maskable_a2c__mask_true,ppo__mask_false,-186.636567,0.232422
avg_slowdown,maskable_a2c__mask_true,ppo__mask_false,-185.461778,0.232422
avg_slowdown,maskable_a2c__mask_true,ppo__mask_false,-184.286988,0.232422
avg_slowdown,maskable_a2c__mask_true,ppo__mask_false,-183.112199,0.232422
avg_slowdown,maskable_a2c__mask_true,ppo__mask_false,-181.937410,0.232422
avg_slowdown,maskable_a2c__mask_true,ppo__mask_false,-180.762621,0.232422
avg_slowdown,maskable_a2c__mask_true,ppo__mask_false,-179.587832,0.232422
avg_slowdown,maskable_a2c__mask_true,ppo__mask_false,-178.413043,0.232422
avg_slowdown,maskable_a2c__mask_true,ppo__mask_false,-177.238253,0.232422
avg_slowdown,maskable_a2c__mask_true,ppo__mask_false,-176.063464,0.232422
avg_slowdown,maskable_a2c__mask_true,ppo__mask_false,-174.888675,0.232422
avg_slowdown,maskable_a2c__mask_true,ppo__mask_false,-173.713886,0.232422
avg_slowdown,maskable_a2c__mask_true,ppo__mask_false,-172.539097,0.232422
avg_slowdown,maskable_a2c__mask_true,ppo__mask_false,-171.364308,0.232422
avg_slowdown,maskable_a2c__mask_true,ppo__mask_false,-170.189518,0.232422
avg_slowdown,maskable_a2c__mask_true,ppo__mask_false,-169.014729,0.232422
avg_slowdown,maskable_a2c__mask_true,ppo__mask_false,-167.839940,0.232422
avg_slowdown,maskable_a2c__mask_true,ppo__mask_false,-166.665151,0.232422
avg_slowdown,maskable_a2c__mask_true,ppo__mask_false,-165.490362,0.232422
avg_slowdown,maskable_a2c__mask_true,ppo__mask_false,-164.315573,0.232422
avg_slowdown,maskable_a2c__mask_true,ppo__mask_false,-163.140783,0.232422
avg_slowdown,maskable_a2c__mask_true,ppo__mask_false,-161.965994,0.232422
avg_slowdown,maskable_a2c__mask_true,ppo__mask_false,-160.791205,0.232422
avg_slowdown,maskable_a2c__mask_true,ppo__mask_false,-159.616416,0.232422
avg_slowdown,maskable_a2c__mask_true,ppo__mask_false,-158.441627,0.232422
avg_slowdown,maskable_a2c__mask_true,ppo__mask_false,-157.266838,0.232422
avg_slowdown,maskable_a2c__mask_true,ppo__mask_false,-156.092048,0.232422
avg_slowdown,maskable_a2c__mask_true,ppo__mask_false,-154.917259,0.232422
avg_slowdown,maskable_a2c__mask_true,ppo__mask_false,-153.742470,0.232422
avg_slowdown,maskable_a2c__mask_true,ppo__mask_false,-152.567681,0.232422
avg_slowdown,maskable_a2c__mask_true,ppo__mask_false,-151.392892,0.232422
avg_slowdown,maskable_a2c__mask_true,ppo__mask_false,-150.218103,0.232422
avg_slowdown,maskable_a2c__mask_true,ppo__mask_false,-149.043313,0.232422
avg_slowdown,maskable_a2c__mask_true,ppo__mask_false,-147.868524,0.232422
avg_slowdown,maskable_a2c__mask_true,ppo__mask_false,-146.693735,0.232422
avg_slowdown,maskable_a2c__mask_true,ppo__mask_false,-145.518946,0.232422
avg_slowdown,maskable_a2c__mask_true,ppo__mask_false,-144.344157,0.232422
avg_slowdown,maskable_a2c__mask_true,ppo__mask_false,-143.169368,0.232422
avg_slowdown,maskable_a2c__mask_true,ppo__mask_false,-141.994578,0.232422
avg_slowdown,maskable_a2c__mask_true,ppo__mask_false,-140.819789,0.232422
avg_slowdown,maskable_a2c__mask_true,ppo__mask_false,-139.645000,0.232422
avg_slowdown,maskable_a2c__mask_true,ppo__mask_false,-138.470211,0.232422
avg_slowdown,maskable_a2c__mask_true,ppo__mask_false,-137.295422,0.232422
avg_slowdown,maskable_a2c__mask_true,ppo__mask_false,-136.120633,0.232422
avg_slowdown,maskable_a2c__mask_true,ppo__mask_false,-134.945844,0.232422
avg_slowdown,maskable_a2c__mask_true,ppo__mask_false,-133.771054,0.232422
avg_slowdown,maskable_a2c__mask_true,ppo__mask_false,-132.596265,0.232422
avg_slowdown,maskable_a2c__mask_true,ppo__mask_false,-131.421476,0.232422
avg_slowdown,maskable_a2c__mask_true,ppo__mask_false,-130.246687,0.232422
avg_slowdown,maskable_a2c__mask_true,ppo__mask_false,-129.071898,0.232422
avg_slowdown,maskable_a2c__mask_true,ppo__mask_false,-127.897109,0.232422
avg_slowdown,maskable_a2c__mask_true,ppo__mask_false,-126.722319,0.232422
avg_slowdown,maskable_a2c__mask_true,ppo__mask_false,-125.547530,0.232422
avg_slowdown,maskable_a2c__mask_true,ppo__mask_false,-124.372741,0.232422
avg_slowdown,maskable_a2c__mask_true,ppo__mask_false,-123.197952,0.232422
avg_slowdown,maskable_a2c__mask_true,ppo__mask_false,-122.023163,0.232422
avg_slowdown,maskable_a2c__mask_true,ppo__mask_false,-120.848374,0.232422
avg_slowdown,maskable_a2c__mask_true,ppo__mask_false,-119.673584,0.492188
avg_slowdown,maskable_a2c__mask_true,ppo__mask_false,-118.498795,0.845703
avg_slowdown,maskable_a2c__mask_true,ppo__mask_false,-117.324006,0.845703
avg_slowdown,maskable_a2c__mask_true,ppo__mask_false,-116.149217,0.492188
avg_slowdown,maskable_a2c__mask_true,ppo__mask_false,-114.974428,0.232422
avg_slowdown,maskable_a2c__mask_true,ppo__mask_false,-113.799639,0.232422
avg_slowdown,maskable_a2c__mask_true,ppo__mask_false,-112.624849,0.232422
avg_slowdown,maskable_a2c__mask_true,ppo__mask_false,-111.450060,0.232422
avg_slowdown,maskable_a2c__mask_true,ppo__mask_false,-110.275271,0.232422
avg_slowdown,maskable_a2c__mask_true,ppo__mask_false,-109.100482,0.232422
avg_slowdown,maskable_a2c__mask_true,ppo__mask_false,-107.925693,0.232422
avg_slowdown,maskable_a2c__mask_true,ppo__mask_false,-106.750904,0.232422
avg_slowdown,maskable_a2c__mask_true,ppo__mask_false,-105.576114,0.232422
avg_slowdown,maskable_a2c__mask_true,ppo__mask_false,-104.401325,0.232422
avg_slowdown,maskable_a2c__mask_true,ppo__mask_false,-103.226536,0.232422
avg_slowdown,maskable_a2c__mask_true,ppo__mask_false,-102.051747,0.232422
avg_slowdown,maskable_a2c__mask_true,ppo__mask_false,-100.876958,0.232422
avg_slowdown,maskable_a2c__mask_true,ppo__mask_false,-99.702169,0.232422
avg_slowdown,maskable_a2c__mask_true,ppo__mask_false,-98.527379,0.232422
avg_slowdown,maskable_a2c__mask_true,ppo__mask_false,-97.352590,0.232422
avg_slowdown,maskable_a2c__mask_true,ppo__mask_false,-96.177801,0.232422
avg_slowdown,maskable_a2c__mask_true,ppo__mask_false,-95.003012,0.232422
avg_slowdown,maskable_a2c__mask_true,ppo__mask_false,-93.828223,0.232422
avg_slowdown,maskable_a2c__mask_true,ppo__mask_false,-92.653434,0.232422
avg_slowdown,maskable_a2c__mask_true,ppo__mask_false,-91.478644,0.232422
avg_slowdown,maskable_a2c__mask_true,ppo__mask_false,-90.303855,0.232422
avg_slowdown,maskable_a2c__mask_true,ppo__mask_false,-89.129066,0.232422
avg_slowdown,maskable_a2c__mask_true,ppo__mask_false,-87.954277,0.232422
avg_slowdown,maskable_a2c__mask_true,ppo__mask_false,-86.779488,0.232422
avg_slowdown,maskable_a2c__mask_true,ppo__mask_false,-85.604699,0.232422
avg_slowdown,maskable_a2c__mask_true,ppo__mask_false,-84.429909,0.232422
avg_slowdown,maskable_a2c__mask_true,ppo__mask_false,-83.255120,0.232422
avg_slowdown,maskable_a2c__mask_true,ppo__mask_false,-82.080331,0.232422
avg_slowdown,maskable_a2c__mask_true,ppo__mask_false,-80.905542,0.232422
avg_slowdown,maskable_a2c__mask_true,ppo__mask_false,-79.730753,0.232422
avg_slowdown,maskable_a2c__mask_true,ppo__mask_false,-78.555964,0.232422
avg_slowdown,maskable_a2c__mask_true,ppo__mask_false,-77.381175,0.232422
avg_slowdown,maskable_a2c__mask_true,ppo__mask_false,-76.206385,0.232422
avg_slowdown,maskable_a2c__mask_true,ppo__mask_false,-75.031596,0.232422
avg_slowdown,maskable_a2c__mask_true,ppo__mask_false,-73.856807,0.232422
avg_slowdown,maskable_a2c__mask_true,ppo__mask_false,-72.682018,0.232422
avg_slowdown,maskable_a2c__mask_true,ppo__mask_false,-71.507229,0.232422
avg_slowdown,maskable_a2c__mask_true,ppo__mask_false,-70.332440,0.232422
avg_slowdown,maskable_a2c__mask_true,ppo__mask_false,-69.157650,0.232422
avg_slowdown,maskable_a2c__mask_true,ppo__mask_false,-67.982861,0.232422
avg_slowdown,maskable_a2c__mask_true,ppo__mask_false,-66.808072,0.232422
avg_slowdown,maskable_a2c__mask_true,ppo__mask_false,-65.633283,0.232422
avg_slowdown,maskable_a2c__mask_true,ppo__mask_false,-64.458494,0.232422
avg_slowdown,maskable_a2c__mask_true,ppo__mask_false,-63.283705,0.232422
avg_slowdown,maskable_a2c__mask_true,ppo__mask_false,-62.108915,0.232422
avg_slowdown,maskable_a2c__mask_true,ppo__mask_false,-60.934126,0.232422
avg_slowdown,maskable_a2c__mask_true,ppo__mask_false,-59.759337,0.232422
avg_slowdown,maskable_a2c__mask_true,ppo__mask_false,-58.584548,0.232422
avg_slowdown,maskable_a2c__mask_true,ppo__mask_false,-57.409759,0.232422
avg_slowdown,maskable_a2c__mask_true,ppo__mask_false,-56.234970,0.232422
avg_slowdown,maskable_a2c__mask_true,ppo__mask_false,-55.060180,0.232422
avg_slowdown,maskable_a2c__mask_true,ppo__mask_false,-53.885391,0.232422
avg_slowdown,maskable_a2c__mask_true,ppo__mask_false,-52.710602,0.232422
avg_slowdown,maskable_a2c__mask_true,ppo__mask_false,-51.535813,0.232422
avg_slowdown,maskable_a2c__mask_true,ppo__mask_false,-50.361024,0.232422
avg_slowdown,maskable_a2c__mask_true,ppo__mask_false,-49.186235,0.232422
avg_slowdown,maskable_a2c__mask_true,ppo__mask_false,-48.011445,0.232422
avg_slowdown,maskable_a2c__mask_true,ppo__mask_false,-46.836656,0.232422
avg_slowdown,maskable_a2c__mask_true,ppo__mask_false,-45.661867,0.232422
avg_slowdown,maskable_a2c__mask_true,ppo__mask_false,-44.487078,0.232422
avg_slowdown,maskable_a2c__mask_true,ppo__mask_false,-43.312289,0.232422
avg_slowdown,maskable_a2c__mask_true,ppo__mask_false,-42.137500,0.232422
avg_slowdown,maskable_a2c__mask_true,ppo__mask_false,-40.962710,0.232422
avg_slowdown,maskable_a2c__mask_true,ppo__mask_false,-39.787921,0.232422
avg_slowdown,maskable_a2c__mask_true,ppo__mask_false,-38.613132,0.232422
avg_slowdown,maskable_a2c__mask_true,ppo__mask_false,-37.438343,0.232422
avg_slowdown,maskable_a2c__mask_true,ppo__mask_false,-36.263554,0.232422
avg_slowdown,maskable_a2c__mask_true,ppo__mask_false,-35.088765,0.232422
avg_slowdown,maskable_a2c__mask_true,ppo__mask_false,-33.913975,0.232422
avg_slowdown,maskable_a2c__mask_true,ppo__mask_false,-32.739186,0.232422
avg_slowdown,maskable_a2c__mask_true,ppo__mask_false,-31.564397,0.232422
avg_slowdown,maskable_a2c__mask_true,ppo__mask_false,-30.389608,0.232422
avg_slowdown,maskable_a2c__mask_true,ppo__mask_false,-29.214819,0.232422
avg_slowdown,maskable_a2c__mask_true,ppo__mask_false,-28.040030,0.232422
avg_slowdown,maskable_a2c__mask_true,ppo__mask_false,-26.865241,0.232422
avg_slowdown,maskable_a2c__mask_true,ppo__mask_false,-25.690451,0.232422
avg_slowdown,maskable_a2c__mask_true,ppo__mask_false,-24.515662,0.232422
avg_slowdown,maskable_a2c__mask_true,ppo__mask_false,-23.340873,0.232422
avg_slowdown,maskable_a2c__mask_true,ppo__mask_false,-22.166084,0.232422
avg_slowdown,maskable_a2c__mask_true,ppo__mask_false,-20.991295,0.232422
avg_slowdown,maskable_a2c__mask_true,ppo__mask_false,-19.816506,0.232422
avg_slowdown,maskable_a2c__mask_true,ppo__mask_false,-18.641716,0.232422
avg_slowdown,maskable_a2c__mask_true,ppo__mask_false,-17.466927,0.232422
avg_slowdown,maskable_a2c__mask_true,ppo__mask_false,-16.292138,0.232422
avg_slowdown,maskable_a2c__mask_true,ppo__mask_false,-15.117349,0.232422
avg_slowdown,maskable_a2c__mask_true,ppo__mask_false,-13.942560,0.232422
avg_slowdown,maskable_a2c__mask_true,ppo__mask_false,-12.767771,0.232422
avg_slowdown,maskable_a2c__mask_true,ppo__mask_false,-11.592981,0.232422
avg_slowdown,maskable_a2c__mask_true,ppo__mask_false,-10.418192,0.232422
avg_slowdown,maskable_a2c__mask_true,ppo__mask_false,-9.243403,0.232422
avg_slowdown,maskable_a2c__mask_true,ppo__mask_false,-8.068614,0.232422
avg_slowdown,maskable_a2c__mask_true,ppo__mask_false,-6.893825,0.193359
avg_slowdown,maskable_a2c__mask_true,ppo__mask_false,-5.719036,0.130859
avg_slowdown,maskable_a2c__mask_true,ppo__mask_false,-4.544246,0.048828
avg_slowdown,maskable_a2c__mask_true,ppo__mask_false,-3.369457,0.027344
avg_slowdown,maskable_a2c__mask_true,ppo__mask_false,-2.194668,0.019531
avg_slowdown,maskable_a2c__mask_true,ppo__mask_false,-1.019879,0.005859
avg_slowdown,maskable_a2c__mask_true,ppo__mask_false,0.154910,0.003906
avg_slowdown,maskable_a2c__mask_true,ppo__mask_false,1.329699,0.003906
avg_slowdown,maskable_dqn__mask_true,maskable_ppo__mask_true,0.640855,0.003906
avg_slowdown,maskable_dqn__mask_true,maskable_ppo__mask_true,1.695641,0.003906
avg_slowdown,maskable_dqn__mask_true,maskable_ppo__mask_true,2.750427,0.003906
avg_slowdown,maskable_dqn__mask_true,maskable_ppo__mask_true,3.805213,0.003906
avg_slowdown,maskable_dqn__mask_true,maskable_ppo__mask_true,4.859998,0.005859
avg_slowdown,maskable_dqn__mask_true,maskable_ppo__mask_true,5.914784,0.005859
avg_slowdown,maskable_dqn__mask_true,maskable_ppo__mask_true,6.969570,0.005859
avg_slowdown,maskable_dqn__mask_true,maskable_ppo__mask_true,8.024356,0.005859
avg_slowdown,maskable_dqn__mask_true,maskable_ppo__mask_true,9.079142,0.009766
avg_slowdown,maskable_dqn__mask_true,maskable_ppo__mask_true,10.133927,0.009766
avg_slowdown,maskable_dqn__mask_true,maskable_ppo__mask_true,11.188713,0.009766
avg_slowdown,maskable_dqn__mask_true,maskable_ppo__mask_true,12.243499,0.009766
avg_slowdown,maskable_dqn__mask_true,maskable_ppo__mask_true,13.298285,0.009766
avg_slowdown,maskable_dqn__mask_true,maskable_ppo__mask_true,14.353071,0.009766
avg_slowdown,maskable_dqn__mask_true,maskable_ppo__mask_true,15.407857,0.019531
avg_slowdown,maskable_dqn__mask_true,maskable_ppo__mask_true,16.462642,0.019531
avg_slowdown,maskable_dqn__mask_true,maskable_ppo__mask_true,17.517428,0.019531
avg_slowdown,maskable_dqn__mask_true,maskable_ppo__mask_true,18.572214,0.019531
avg_slowdown,maskable_dqn__mask_true,maskable_ppo__mask_true,19.627000,0.027344
avg_slowdown,maskable_dqn__mask_true,maskable_ppo__mask_true,20.681786,0.037109
avg_slowdown,maskable_dqn__mask_true,maskable_ppo__mask_true,21.736571,0.037109
avg_slowdown,maskable_dqn__mask_true,maskable_ppo__mask_true,22.791357,0.037109
avg_slowdown,maskable_dqn__mask_true,maskable_ppo__mask_true,23.846143,0.037109
avg_slowdown,maskable_dqn__mask_true,maskable_ppo__mask_true,24.900929,0.037109
avg_slowdown,maskable_dqn__mask_true,maskable_ppo__mask_true,25.955715,0.037109
avg_slowdown,maskable_dqn__mask_true,maskable_ppo__mask_true,27.010500,0.037109
avg_slowdown,maskable_dqn__mask_true,maskable_ppo__mask_true,28.065286,0.037109
avg_slowdown,maskable_dqn__mask_true,maskable_ppo__mask_true,29.120072,0.037109
avg_slowdown,maskable_dqn__mask_true,maskable_ppo__mask_true,30.174858,0.064453
avg_slowdown,maskable_dqn__mask_true,maskable_ppo__mask_true,31.229644,0.083984
avg_slowdown,maskable_dqn__mask_true,maskable_ppo__mask_true,32.284429,0.083984
avg_slowdown,maskable_dqn__mask_true,maskable_ppo__mask_true,33.339215,0.083984
avg_slowdown,maskable_dqn__mask_true,maskable_ppo__mask_true,34.394001,0.083984
avg_slowdown,maskable_dqn__mask_true,maskable_ppo__mask_true,35.448787,0.083984
avg_slowdown,maskable_dqn__mask_true,maskable_ppo__mask_true,36.503573,0.083984
avg_slowdown,maskable_dqn__mask_true,maskable_ppo__mask_true,37.558359,0.083984
avg_slowdown,maskable_dqn__mask_true,maskable_ppo__mask_true,38.613144,0.083984
avg_slowdown,maskable_dqn__mask_true,maskable_ppo__mask_true,39.667930,0.083984
avg_slowdown,maskable_dqn__mask_true,maskable_ppo__mask_true,40.722716,0.083984
avg_slowdown,maskable_dqn__mask_true,maskable_ppo__mask_true,41.777502,0.083984
avg_slowdown,maskable_dqn__mask_true,maskable_ppo__mask_true,42.832288,0.083984
avg_slowdown,maskable_dqn__mask_true,maskable_ppo__mask_true,43.887073,0.083984
avg_slowdown,maskable_dqn__mask_true,maskable_ppo__mask_true,44.941859,0.083984
avg_slowdown,maskable_dqn__mask_true,maskable_ppo__mask_true,45.996645,0.083984
avg_slowdown,maskable_dqn__mask_true,maskable_ppo__mask_true,47.051431,0.083984
avg_slowdown,maskable_dqn__mask_true,maskable_ppo__mask_true,48.106217,0.083984
avg_slowdown,maskable_dqn__mask_true,maskable_ppo__mask_true,49.161002,0.083984
avg_slowdown,maskable_dqn__mask_true,maskable_ppo__mask_true,50.215788,0.083984
avg_slowdown,maskable_dqn__mask_true,maskable_ppo__mask_true,51.270574,0.083984
avg_slowdown,maskable_dqn__mask_true,maskable_ppo__mask_true,52.325360,0.083984
avg_slowdown,maskable_dqn__mask_true,maskable_ppo__mask_true,53.380146,0.083984
avg_slowdown,maskable_dqn__mask_true,maskable_ppo__mask_true,54.434931,0.083984
avg_slowdown,maskable_dqn__mask_true,maskable_ppo__mask_true,55.489717,0.083984
avg_slowdown,maskable_dqn__mask_true,maskable_ppo__mask_true,56.544503,0.105469
avg_slowdown,maskable_dqn__mask_true,maskable_ppo__mask_true,57.599289,0.105469
avg_slowdown,maskable_dqn__mask_true,maskable_ppo__mask_true,58.654075,0.105469
avg_slowdown,maskable_dqn__mask_true,maskable_ppo__mask_true,59.708860,0.105469
avg_slowdown,maskable_dqn__mask_true,maskable_ppo__mask_true,60.763646,0.130859
avg_slowdown,maskable_dqn__mask_true,maskable_ppo__mask_true,61.818432,0.160156
avg_slowdown,maskable_dqn__mask_true,maskable_ppo__mask_true,62.873218,0.160156
avg_slowdown,maskable_dqn__mask_true,maskable_ppo__mask_true,63.928004,0.160156
avg_slowdown,maskable_dqn__mask_true,maskable_ppo__mask_true,64.982790,0.160156
avg_slowdown,maskable_dqn__mask_true,maskable_ppo__mask_true,66.037575,0.160156
avg_slowdown,maskable_dqn__mask_true,maskable_ppo__mask_true,67.092361,0.193359
avg_slowdown,maskable_dqn__mask_true,maskable_ppo__mask_true,68.147147,0.193359
avg_slowdown,maskable_dqn__mask_true,maskable_ppo__mask_true,69.201933,0.193359
avg_slowdown,maskable_dqn__mask_true,maskable_ppo__mask_true,70.256719,0.193359
avg_slowdown,maskable_dqn__mask_true,maskable_ppo__mask_true,71.311504,0.232422
avg_slowdown,maskable_dqn__mask_true,maskable_ppo__mask_true,72.366290,0.275391
avg_slowdown,maskable_dqn__mask_true,maskable_ppo__mask_true,73.421076,0.275391
avg_slowdown,maskable_dqn__mask_true,maskable_ppo__mask_true,74.475862,0.275391
avg_slowdown,maskable_dqn__mask_true,maskable_ppo__mask_true,75.530648,0.275391
avg_slowdown,maskable_dqn__mask_true,maskable_ppo__mask_true,76.585433,0.322266
avg_slowdown,maskable_dqn__mask_true,maskable_ppo__mask_true,77.640219,0.375000
avg_slowdown,maskable_dqn__mask_true,maskable_ppo__mask_true,78.695005,0.375000
avg_slowdown,maskable_dqn__mask_true,maskable_ppo__mask_true,79.749791,0.375000
avg_slowdown,maskable_dqn__mask_true,maskable_ppo__mask_true,80.804577,0.375000
avg_slowdown,maskable_dqn__mask_true,maskable_ppo__mask_true,81.859362,0.375000
avg_slowdown,maskable_dqn__mask_true,maskable_ppo__mask_true,82.914148,0.375000
avg_slowdown,maskable_dqn__mask_true,maskable_ppo__mask_true,83.968934,0.375000
avg_slowdown,maskable_dqn__mask_true,maskable_ppo__mask_true,85.023720,0.375000
avg_slowdown,maskable_dqn__mask_true,maskable_ppo__mask_true,86.078506,0.375000
avg_slowdown,maskable_dqn__mask_true,maskable_ppo__mask_true,87.133292,0.375000
avg_slowdown,maskable_dqn__mask_true,maskable_ppo__mask_true,88.188077,0.375000
avg_slowdown,maskable_dqn__mask_true,maskable_ppo__mask_true,89.242863,0.375000
avg_slowdown,maskable_dqn__mask_true,maskable_ppo__mask_true,90.297649,0.375000
avg_slowdown,maskable_dqn__mask_true,maskable_ppo__mask_true,91.352435,0.431641
avg_slowdown,maskable_dqn__mask_true,maskable_ppo__mask_true,92.407221,0.431641
avg_slowdown,maskable_dqn__mask_true,maskable_ppo__mask_true,93.462006,0.492188
avg_slowdown,maskable_dqn__mask_true,maskable_ppo__mask_true,94.516792,0.492188
avg_slowdown,maskable_dqn__mask_true,maskable_ppo__mask_true,95.571578,0.556641
avg_slowdown,maskable_dqn__mask_true,maskable_ppo__mask_true,96.626364,0.556641
avg_slowdown,maskable_dqn__mask_true,maskable_ppo__mask_true,97.681150,0.556641
avg_slowdown,maskable_dqn__mask_true,maskable_ppo__mask_true,98.735935,0.625000
avg_slowdown,maskable_dqn__mask_true,maskable_ppo__mask_true,99.790721,0.625000
avg_slowdown,maskable_dqn__mask_true,maskable_ppo__mask_true,100.845507,0.625000
avg_slowdown,maskable_dqn__mask_true,maskable_ppo__mask_true,101.900293,0.625000
avg_slowdown,maskable_dqn__mask_true,maskable_ppo__mask_true,102.955079,0.695312
avg_slowdown,maskable_dqn__mask_true,maskable_ppo__mask_true,104.009864,0.695312
avg_slowdown,maskable_dqn__mask_true,maskable_ppo__mask_true,105.064650,0.695312
avg_slowdown,maskable_dqn__mask_true,maskable_ppo__mask_true,106.119436,0.845703
avg_slowdown,maskable_dqn__mask_true,maskable_ppo__mask_true,107.174222,1.000000
avg_slowdown,maskable_dqn__mask_true,maskable_ppo__mask_true,108.229008,1.000000
avg_slowdown,maskable_dqn__mask_true,maskable_ppo__mask_true,109.283794,0.921875
avg_slowdown,maskable_dqn__mask_true,maskable_ppo__mask_true,110.338579,0.845703
avg_slowdown,maskable_dqn__mask_true,maskable_ppo__mask_true,111.393365,0.845703
avg_slowdown,maskable_dqn__mask_true,maskable_ppo__mask_true,112.448151,0.769531
avg_slowdown,maskable_dqn__mask_true,maskable_ppo__mask_true,113.502937,0.769531
avg_slowdown,maskable_dqn__mask_true,maskable_ppo__mask_true,114.557723,0.769531
avg_slowdown,maskable_dqn__mask_true,maskable_ppo__mask_true,115.612508,0.769531
avg_slowdown,maskable_dqn__mask_true,maskable_ppo__mask_true,116.667294,0.769531
avg_slowdown,maskable_dqn__mask_true,maskable_ppo__mask_true,117.722080,0.695312
avg_slowdown,maskable_dqn__mask_true,maskable_ppo__mask_true,118.776866,0.556641
avg_slowdown,maskable_dqn__mask_true,maskable_ppo__mask_true,119.831652,0.556641
avg_slowdown,maskable_dqn__mask_true,maskable_ppo__mask_true,120.886437,0.492188
avg_slowdown,maskable_dqn__mask_true,maskable_ppo__mask_true,121.941223,0.431641
avg_slowdown,maskable_dqn__mask_true,maskable_ppo__mask_true,122.996009,0.431641
avg_slowdown,maskable_dqn__mask_true,maskable_ppo__mask_true,124.050795,0.375000
avg_slowdown,maskable_dqn__mask_true,maskable_ppo__mask_true,125.105581,0.375000
avg_slowdown,maskable_dqn__mask_true,maskable_ppo__mask_true,126.160366,0.375000
avg_slowdown,maskable_dqn__mask_true,maskable_ppo__mask_true,127.215152,0.375000
avg_slowdown,maskable_dqn__mask_true,maskable_ppo__mask_true,128.269938,0.375000
avg_slowdown,maskable_dqn__mask_true,maskable_ppo__mask_true,129.324724,0.375000
avg_slowdown,maskable_dqn__mask_true,maskable_ppo__mask_true,130.379510,0.375000
avg_slowdown,maskable_dqn__mask_true,maskable_ppo__mask_true,131.434296,0.375000
avg_slowdown,maskable_dqn__mask_true,maskable_ppo__mask_true,132.489081,0.375000
avg_slowdown,maskable_dqn__mask_true,maskable_ppo__mask_true,133.543867,0.375000
avg_slowdown,maskable_dqn__mask_true,maskable_ppo__mask_true,134.598653,0.375000
avg_slowdown,maskable_dqn__mask_true,maskable_ppo__mask_true,135.653439,0.375000
avg_slowdown,maskable_dqn__mask_true,maskable_ppo__mask_true,136.708225,0.375000
avg_slowdown,maskable_dqn__mask_true,maskable_ppo__mask_true,137.763010,0.375000
avg_slowdown,maskable_dqn__mask_true,maskable_ppo__mask_true,138.817796,0.375000
avg_slowdown,maskable_dqn__mask_true,maskable_ppo__mask_true,139.872582,0.375000
avg_slowdown,maskable_dqn__mask_true,maskable_ppo__mask_true,140.927368,0.375000
avg_slowdown,maskable_dqn__mask_true,maskable_ppo__mask_true,141.982154,0.375000
avg_slowdown,maskable_dqn__mask_true,maskable_ppo__mask_true,143.036939,0.375000
avg_slowdown,maskable_dqn__mask_true,maskable_ppo__mask_true,144.091725,0.375000
avg_slowdown,maskable_dqn__mask_true,maskable_ppo__mask_true,145.146511,0.375000
avg_slowdown,maskable_dqn__mask_true,maskable_ppo__mask_true,146.201297,0.375000
avg_slowdown,maskable_dqn__mask_true,maskable_ppo__mask_true,147.256083,0.322266
avg_slowdown,maskable_dqn__mask_true,maskable_ppo__mask_true,148.310868,0.322266
avg_slowdown,maskable_dqn__mask_true,maskable_ppo__mask_true,149.365654,0.322266
avg_slowdown,maskable_dqn__mask_true,maskable_ppo__mask_true,150.420440,0.275391
avg_slowdown,maskable_dqn__mask_true,maskable_ppo__mask_true,151.475226,0.275391
avg_slowdown,maskable_dqn__mask_true,maskable_ppo__mask_true,152.530012,0.275391
avg_slowdown,maskable_dqn__mask_true,maskable_ppo__mask_true,153.584798,0.232422
avg_slowdown,maskable_dqn__mask_true,maskable_ppo__mask_true,154.639583,0.232422
avg_slowdown,maskable_dqn__mask_true,maskable_ppo__mask_true,155.694369,0.193359
avg_slowdown,maskable_dqn__mask_true,maskable_ppo__mask_true,156.749155,0.193359
avg_slowdown,maskable_dqn__mask_true,maskable_ppo__mask_true,157.803941,0.193359
avg_slowdown,maskable_dqn__mask_true,maskable_ppo__mask_true,158.858727,0.160156
avg_slowdown,maskable_dqn__mask_true,maskable_ppo__mask_true,159.913512,0.160156
avg_slowdown,maskable_dqn__mask_true,maskable_ppo__mask_true,160.968298,0.160156
avg_slowdown,maskable_dqn__mask_true,maskable_ppo__mask_true,162.023084,0.130859
avg_slowdown,maskable_dqn__mask_true,maskable_ppo__mask_true,163.077870,0.130859
avg_slowdown,maskable_dqn__mask_true,maskable_ppo__mask_true,164.132656,0.130859
avg_slowdown,maskable_dqn__mask_true,maskable_ppo__mask_true,165.187441,0.105469
avg_slowdown,maskable_dqn__mask_true,maskable_ppo__mask_true,166.242227,0.105469
avg_slowdown,maskable_dqn__mask_true,maskable_ppo__mask_true,167.297013,0.105469
avg_slowdown,maskable_dqn__mask_true,maskable_ppo__mask_true,168.351799,0.083984
avg_slowdown,maskable_dqn__mask_true,maskable_ppo__mask_true,169.406585,0.083984
avg_slowdown,maskable_dqn__mask_true,maskable_ppo__mask_true,170.461370,0.083984
avg_slowdown,maskable_dqn__mask_true,maskable_ppo__mask_true,171.516156,0.083984
avg_slowdown,maskable_dqn__mask_true,maskable_ppo__mask_true,172.570942,0.083984
avg_slowdown,maskable_dqn__mask_true,maskable_ppo__mask_true,173.625728,0.083984
avg_slowdown,maskable_dqn__mask_true,maskable_ppo__mask_true,174.680514,0.083984
avg_slowdown,maskable_dqn__mask_true,maskable_ppo__mask_true,175.735299,0.083984
avg_slowdown,maskable_dqn__mask_true,maskable_ppo__mask_true,176.790085,0.083984
avg_slowdown,maskable_dqn__mask_true,maskable_ppo__mask_true,177.844871,0.083984
avg_slowdown,maskable_dqn__mask_true,maskable_ppo__mask_true,178.899657,0.083984
avg_slowdown,maskable_dqn__mask_true,maskable_ppo__mask_true,179.954443,0.083984
avg_slowdown,maskable_dqn__mask_true,maskable_ppo__mask_true,181.009229,0.083984
avg_slowdown,maskable_dqn__mask_true,maskable_ppo__mask_true,182.064014,0.064453
avg_slowdown,maskable_dqn__mask_true,maskable_ppo__mask_true,183.118800,0.064453
avg_slowdown,maskable_dqn__mask_true,maskable_ppo__mask_true,184.173586,0.064453
avg_slowdown,maskable_dqn__mask_true,maskable_ppo__mask_true,185.228372,0.048828
avg_slowdown,maskable_dqn__mask_true,maskable_ppo__mask_true,186.283158,0.048828
avg_slowdown,maskable_dqn__mask_true,maskable_ppo__mask_true,187.337943,0.037109
avg_slowdown,maskable_dqn__mask_true,maskable_ppo__mask_true,188.392729,0.037109
avg_slowdown,maskable_dqn__mask_true,maskable_ppo__mask_true,189.447515,0.037109
avg_slowdown,maskable_dqn__mask_true,maskable_ppo__mask_true,190.502301,0.037109
avg_slowdown,maskable_dqn__mask_true,maskable_ppo__mask_true,191.557087,0.037109
avg_slowdown,maskable_dqn__mask_true,maskable_ppo__mask_true,192.611872,0.037109
avg_slowdown,maskable_dqn__mask_true,maskable_ppo__mask_true,193.666658,0.027344
avg_slowdown,maskable_dqn__mask_true,maskable_ppo__mask_true,194.721444,0.027344
avg_slowdown,maskable_dqn__mask_true,maskable_ppo__mask_true,195.776230,0.027344
avg_slowdown,maskable_dqn__mask_true,maskable_ppo__mask_true,196.831016,0.013672
avg_slowdown,maskable_dqn__mask_true,maskable_ppo__mask_true,197.885801,0.013672
avg_slowdown,maskable_dqn__mask_true,maskable_ppo__mask_true,198.940587,0.013672
avg_slowdown,maskable_dqn__mask_true,maskable_ppo__mask_true,199.995373,0.009766
avg_slowdown,maskable_dqn__mask_true,maskable_ppo__mask_true,201.050159,0.009766
avg_slowdown,maskable_dqn__mask_true,maskable_ppo__mask_true,202.104945,0.009766
avg_slowdown,maskable_dqn__mask_true,maskable_ppo__mask_true,203.159731,0.009766
avg_slowdown,maskable_dqn__mask_true,maskable_ppo__mask_true,204.214516,0.009766
avg_slowdown,maskable_dqn__mask_true,maskable_ppo__mask_true,205.269302,0.005859
avg_slowdown,maskable_dqn__mask_true,maskable_ppo__mask_true,206.324088,0.005859
avg_slowdown,maskable_dqn__mask_true,maskable_ppo__mask_true,207.378874,0.005859
avg_slowdown,maskable_dqn__mask_true,maskable_ppo__mask_true,208.433660,0.003906
avg_slowdown,maskable_dqn__mask_true,maskable_ppo__mask_true,209.488445,0.003906
avg_slowdown,maskable_dqn__mask_true,maskable_ppo__mask_true,210.543231,0.003906
avg_slowdown,maskable_ppo__mask_true,ppo__mask_false,-232.316103,0.003906
avg_slowdown,maskable_ppo__mask_true,ppo__mask_false,-231.142342,0.232422
avg_slowdown,maskable_ppo__mask_true,ppo__mask_false,-229.968581,0.232422
avg_slowdown,maskable_ppo__mask_true,ppo__mask_false,-228.794820,0.232422
avg_slowdown,maskable_ppo__mask_true,ppo__mask_false,-227.621059,0.232422
avg_slowdown,maskable_ppo__mask_true,ppo__mask_false,-226.447297,0.232422
avg_slowdown,maskable_ppo__mask_true,ppo__mask_false,-225.273536,0.232422
avg_slowdown,maskable_ppo__mask_true,ppo__mask_false,-224.099775,0.232422
avg_slowdown,maskable_ppo__mask_true,ppo__mask_false,-222.926014,0.232422
avg_slowdown,maskable_ppo__mask_true,ppo__mask_false,-221.752253,0.232422
avg_slowdown,maskable_ppo__mask_true,ppo__mask_false,-220.578492,0.232422
avg_slowdown,maskable_ppo__mask_true,ppo__mask_false,-219.404731,0.232422
avg_slowdown,maskable_ppo__mask_true,ppo__mask_false,-218.230970,0.232422
avg_slowdown,maskable_ppo__mask_true,ppo__mask_false,-217.057209,0.232422
avg_slowdown,maskable_ppo__mask_true,ppo__mask_false,-215.883448,0.232422
avg_slowdown,maskable_ppo__mask_true,ppo__mask_false,-214.709687,0.232422
avg_slowdown,maskable_ppo__mask_true,ppo__mask_false,-213.535926,0.232422
avg_slowdown,maskable_ppo__mask_true,ppo__mask_false,-212.362165,0.232422
avg_slowdown,maskable_ppo__mask_true,ppo__mask_false,-211.188404,0.232422
avg_slowdown,maskable_ppo__mask_true,ppo__mask_false,-210.014643,0.232422
avg_slowdown,maskable_ppo__mask_true,ppo__mask_false,-208.840882,0.232422
avg_slowdown,maskable_ppo__mask_true,ppo__mask_false,-207.667121,0.232422
avg_slowdown,maskable_ppo__mask_true,ppo__mask_false,-206.493360,0.232422
avg_slowdown,maskable_ppo__mask_true,ppo__mask_false,-205.319599,0.232422
avg_slowdown,maskable_ppo__mask_true,ppo__mask_false,-204.145838,0.232422
avg_slowdown,maskable_ppo__mask_true,ppo__mask_false,-202.972077,0.232422
avg_slowdown,maskable_ppo__mask_true,ppo__mask_false,-201.798316,0.232422
avg_slowdown,maskable_ppo__mask_true,ppo__mask_false,-200.624555,0.232422
avg_slowdown,maskable_ppo__mask_true,ppo__mask_false,-199.450794,0.232422
avg_slowdown,maskable_ppo__mask_true,ppo__mask_false,-198.277033,0.232422
avg_slowdown,maskable_ppo__mask_true,ppo__mask_false,-197.103272,0.232422
avg_slowdown,maskable_ppo__mask_true,ppo__mask_false,-195.929511,0.232422
avg_slowdown,maskable_ppo__mask_true,ppo__mask_false,-194.755750,0.232422
avg_slowdown,maskable_ppo__mask_true,ppo__mask_false,-193.581989,0.232422
avg_slowdown,maskable_ppo__mask_true,ppo__mask_false,-192.408228,0.232422
avg_slowdown,maskable_ppo__mask_true,ppo__mask_false,-191.234467,0.232422
avg_slowdown,maskable_ppo__mask_true,ppo__mask_false,-190.060706,0.232422
avg_slowdown,maskable_ppo__mask_true,ppo__mask_false,-188.886945,0.232422
avg_slowdown,maskable_ppo__mask_true,ppo__mask_false,-187.713184,0.232422
avg_slowdown,maskable_ppo__mask_true,ppo__mask_false,-186.539423,0.232422
avg_slowdown,maskable_ppo__mask_true,ppo__mask_false,-185.365662,0.232422
avg_slowdown,maskable_ppo__mask_true,ppo__mask_false,-184.191901,0.232422
avg_slowdown,maskable_ppo__mask_true,ppo__mask_false,-183.018139,0.232422
avg_slowdown,maskable_ppo__mask_true,ppo__mask_false,-181.844378,0.232422
avg_slowdown,maskable_ppo__mask_true,ppo__mask_false,-180.670617,0.232422
avg_slowdown,maskable_ppo__mask_true,ppo__mask_false,-179.496856,0.232422
avg_slowdown,maskable_ppo__mask_true,ppo__mask_false,-178.323095,0.232422
avg_slowdown,maskable_ppo__mask_true,ppo__mask_false,-177.149334,0.232422
avg_slowdown,maskable_ppo__mask_true,ppo__mask_false,-175.975573,0.232422
avg_slowdown,maskable_ppo__mask_true,ppo__mask_false,-174.801812,0.232422
avg_slowdown,maskable_ppo__mask_true,ppo__mask_false,-173.628051,0.232422
avg_slowdown,maskable_ppo__mask_true,ppo__mask_false,-172.454290,0.232422
avg_slowdown,maskable_ppo__mask_true,ppo__mask_false,-171.280529,0.232422
avg_slowdown,maskable_ppo__mask_true,ppo__mask_false,-170.106768,0.232422
avg_slowdown,maskable_ppo__mask_true,ppo__mask_false,-168.933007,0.232422
avg_slowdown,maskable_ppo__mask_true,ppo__mask_false,-167.759246,0.232422
avg_slowdown,maskable_ppo__mask_true,ppo__mask_false,-166.585485,0.232422
avg_slowdown,maskable_ppo__mask_true,ppo__mask_false,-165.411724,0.232422
avg_slowdown,maskable_ppo__mask_true,ppo__mask_false,-164.237963,0.232422
avg_slowdown,maskable_ppo__mask_true,ppo__mask_false,-163.064202,0.232422
avg_slowdown,maskable_ppo__mask_true,ppo__mask_false,-161.890441,0.232422
avg_slowdown,maskable_ppo__mask_true,ppo__mask_false,-160.716680,0.232422
avg_slowdown,maskable_ppo__mask_true,ppo__mask_false,-159.542919,0.232422
avg_slowdown,maskable_ppo__mask_true,ppo__mask_false,-158.369158,0.232422
avg_slowdown,maskable_ppo__mask_true,ppo__mask_false,-157.195397,0.232422
avg_slowdown,maskable_ppo__mask_true,ppo__mask_false,-156.021636,0.232422
avg_slowdown,maskable_ppo__mask_true,ppo__mask_false,-154.847875,0.232422
avg_slowdown,maskable_ppo__mask_true,ppo__mask_false,-153.674114,0.232422
avg_slowdown,maskable_ppo__mask_true,ppo__mask_false,-152.500353,0.232422
avg_slowdown,maskable_ppo__mask_true,ppo__mask_false,-151.326592,0.232422
avg_slowdown,maskable_ppo__mask_true,ppo__mask_false,-150.152831,0.232422
avg_slowdown,maskable_ppo__mask_true,ppo__mask_false,-148.979070,0.232422
avg_slowdown,maskable_ppo__mask_true,ppo__mask_false,-147.805309,0.232422
avg_slowdown,maskable_ppo__mask_true,ppo__mask_false,-146.631548,0.232422
avg_slowdown,maskable_ppo__mask_true,ppo__mask_false,-145.457787,0.232422
avg_slowdown,maskable_ppo__mask_true,ppo__mask_false,-144.284026,0.232422
avg_slowdown,maskable_ppo__mask_true,ppo__mask_false,-143.110265,0.232422
avg_slowdown,maskable_ppo__mask_true,ppo__mask_false,-141.936504,0.232422
avg_slowdown,maskable_ppo__mask_true,ppo__mask_false,-140.762743,0.232422
avg_slowdown,maskable_ppo__mask_true,ppo__mask_false,-139.588982,0.232422
avg_slowdown,maskable_ppo__mask_true,ppo__mask_false,-138.415220,0.232422
avg_slowdown,maskable_ppo__mask_true,ppo__mask_false,-137.241459,0.232422
avg_slowdown,maskable_ppo__mask_true,ppo__mask_false,-136.067698,0.232422
avg_slowdown,maskable_ppo__mask_true,ppo__mask_false,-134.893937,0.232422
avg_slowdown,maskable_ppo__mask_true,ppo__mask_false,-133.720176,0.232422
avg_slowdown,maskable_ppo__mask_true,ppo__mask_false,-132.546415,0.232422
avg_slowdown,maskable_ppo__mask_true,ppo__mask_false,-131.372654,0.232422
avg_slowdown,maskable_ppo__mask_true,ppo__mask_false,-130.198893,0.232422
avg_slowdown,maskable_ppo__mask_true,ppo__mask_false,-129.025132,0.232422
avg_slowdown,maskable_ppo__mask_true,ppo__mask_false,-127.851371,0.232422
avg_slowdown,maskable_ppo__mask_true,ppo__mask_false,-126.677610,0.232422
avg_slowdown,maskable_ppo__mask_true,ppo__mask_false,-125.503849,0.232422
avg_slowdown,maskable_ppo__mask_true,ppo__mask_false,-124.330088,0.232422
avg_slowdown,maskable_ppo__mask_true,ppo__mask_false,-123.156327,0.232422
avg_slowdown,maskable_ppo__mask_true,ppo__mask_false,-121.982566,0.232422
avg_slowdown,maskable_ppo__mask_true,ppo__mask_false,-120.808805,0.232422
avg_slowdown,maskable_ppo__mask_true,ppo__mask_false,-119.635044,0.375000
avg_slowdown,maskable_ppo__mask_true,ppo__mask_false,-118.461283,0.845703
avg_slowdown,maskable_ppo__mask_true,ppo__mask_false,-117.287522,0.845703
avg_slowdown,maskable_ppo__mask_true,ppo__mask_false,-116.113761,0.492188
avg_slowdown,maskable_ppo__mask_true,ppo__mask_false,-114.940000,0.232422
avg_slowdown,maskable_ppo__mask_true,ppo__mask_false,-113.766239,0.232422
avg_slowdown,maskable_ppo__mask_true,ppo__mask_false,-112.592478,0.232422
avg_slowdown,maskable_ppo__mask_true,ppo__mask_false,-111.418717,0.232422
avg_slowdown,maskable_ppo__mask_true,ppo__mask_false,-110.244956,0.232422
avg_slowdown,maskable_ppo__mask_true,ppo__mask_false,-109.071195,0.232422
avg_slowdown,maskable_ppo__mask_true,ppo__mask_false,-107.897434,0.232422
avg_slowdown,maskable_ppo__mask_true,ppo__mask_false,-106.723673,0.232422
avg_slowdown,maskable_ppo__mask_true,ppo__mask_false,-105.549912,0.232422
avg_slowdown,maskable_ppo__mask_true,ppo__mask_false,-104.376151,0.232422
avg_slowdown,maskable_ppo__mask_true,ppo__mask_false,-103.202390,0.232422
avg_slowdown,maskable_ppo__mask_true,ppo__mask_false,-102.028629,0.232422
avg_slowdown,maskable_ppo__mask_true,ppo__mask_false,-100.854868,0.232422
avg_slowdown,maskable_ppo__mask_true,ppo__mask_false,-99.681107,0.232422
avg_slowdown,maskable_ppo__mask_true,ppo__mask_false,-98.507346,0.232422
avg_slowdown,maskable_ppo__mask_true,ppo__mask_false,-97.333585,0.232422
avg_slowdown,maskable_ppo__mask_true,ppo__mask_false,-96.159824,0.232422
avg_slowdown,maskable_ppo__mask_true,ppo__mask_false,-94.986062,0.232422
avg_slowdown,maskable_ppo__mask_true,ppo__mask_false,-93.812301,0.232422
avg_slowdown,maskable_ppo__mask_true,ppo__mask_false,-92.638540,0.232422
avg_slowdown,maskable_ppo__mask_true,ppo__mask_false,-91.464779,0.232422
avg_slowdown,maskable_ppo__mask_true,ppo__mask_false,-90.291018,0.232422
avg_slowdown,maskable_ppo__mask_true,ppo__mask_false,-89.117257,0.232422
avg_slowdown,maskable_ppo__mask_true,ppo__mask_false,-87.943496,0.232422
avg_slowdown,maskable_ppo__mask_true,ppo__mask_false,-86.769735,0.232422
avg_slowdown,maskable_ppo__mask_true,ppo__mask_false,-85.595974,0.232422
avg_slowdown,maskable_ppo__mask_true,ppo__mask_false,-84.422213,0.232422
avg_slowdown,maskable_ppo__mask_true,ppo__mask_false,-83.248452,0.232422
avg_slowdown,maskable_ppo__mask_true,ppo__mask_false,-82.074691,0.232422
avg_slowdown,maskable_ppo__mask_true,ppo__mask_false,-80.900930,0.232422
avg_slowdown,maskable_ppo__mask_true,ppo__mask_false,-79.727169,0.232422
avg_slowdown,maskable_ppo__mask_true,ppo__mask_false,-78.553408,0.232422
avg_slowdown,maskable_ppo__mask_true,ppo__mask_false,-77.379647,0.232422
avg_slowdown,maskable_ppo__mask_true,ppo__mask_false,-76.205886,0.232422
avg_slowdown,maskable_ppo__mask_true,ppo__mask_false,-75.032125,0.232422
avg_slowdown,maskable_ppo__mask_true,ppo__mask_false,-73.858364,0.232422
avg_slowdown,maskable_ppo__mask_true,ppo__mask_false,-72.684603,0.232422
avg_slowdown,maskable_ppo__mask_true,ppo__mask_false,-71.510842,0.232422
avg_slowdown,maskable_ppo__mask_true,ppo__mask_false,-70.337081,0.232422
avg_slowdown,maskable_ppo__mask_true,ppo__mask_false,-69.163320,0.232422
avg_slowdown,maskable_ppo__mask_true,ppo__mask_false,-67.989559,0.232422
avg_slowdown,maskable_ppo__mask_true,ppo__mask_false,-66.815798,0.232422
avg_slowdown,maskable_ppo__mask_true,ppo__mask_false,-65.642037,0.232422
avg_slowdown,maskable_ppo__mask_true,ppo__mask_false,-64.468276,0.232422
avg_slowdown,maskable_ppo__mask_true,ppo__mask_false,-63.294515,0.232422
avg_slowdown,maskable_ppo__mask_true,ppo__mask_false,-62.120754,0.232422
avg_slowdown,maskable_ppo__mask_true,ppo__mask_false,-60.946993,0.232422
avg_slowdown,maskable_ppo__mask_true,ppo__mask_false,-59.773232,0.232422
avg_slowdown,maskable_ppo__mask_true,ppo__mask_false,-58.599471,0.232422
avg_slowdown,maskable_ppo__mask_true,ppo__mask_false,-57.425710,0.232422
avg_slowdown,maskable_ppo__mask_true,ppo__mask_false,-56.251949,0.232422
avg_slowdown,maskable_ppo__mask_true,ppo__mask_false,-55.078188,0.232422
avg_slowdown,maskable_ppo__mask_true,ppo__mask_false,-53.904427,0.232422
avg_slowdown,maskable_ppo__mask_true,ppo__mask_false,-52.730666,0.232422
avg_slowdown,maskable_ppo__mask_true,ppo__mask_false,-51.556905,0.232422
avg_slowdown,maskable_ppo__mask_true,ppo__mask_false,-50.383143,0.232422
avg_slowdown,maskable_ppo__mask_true,ppo__mask_false,-49.209382,0.232422
avg_slowdown,maskable_ppo__mask_true,ppo__mask_false,-48.035621,0.232422
avg_slowdown,maskable_ppo__mask_true,ppo__mask_false,-46.861860,0.232422
avg_slowdown,maskable_ppo__mask_true,ppo__mask_false,-45.688099,0.232422
avg_slowdown,maskable_ppo__mask_true,ppo__mask_false,-44.514338,0.232422
avg_slowdown,maskable_ppo__mask_true,ppo__mask_false,-43.340577,0.232422
avg_slowdown,maskable_ppo__mask_true,ppo__mask_false,-42.166816,0.232422
avg_slowdown,maskable_ppo__mask_true,ppo__mask_false,-40.993055,0.232422
avg_slowdown,maskable_ppo__mask_true,ppo__mask_false,-39.819294,0.232422
avg_slowdown,maskable_ppo__mask_true,ppo__mask_false,-38.645533,0.232422
avg_slowdown,maskable_ppo__mask_true,ppo__mask_false,-37.471772,0.232422
avg_slowdown,maskable_ppo__mask_true,ppo__mask_false,-36.298011,0.232422
avg_slowdown,maskable_ppo__mask_true,ppo__mask_false,-35.124250,0.232422
avg_slowdown,maskable_ppo__mask_true,ppo__mask_false,-33.950489,0.232422
avg_slowdown,maskable_ppo__mask_true,ppo__mask_false,-32.776728,0.232422
avg_slowdown,maskable_ppo__mask_true,ppo__mask_false,-31.602967,0.232422
avg_slowdown,maskable_ppo__mask_true,ppo__mask_false,-30.429206,0.232422
avg_slowdown,maskable_ppo__mask_true,ppo__mask_false,-29.255445,0.232422
avg_slowdown,maskable_ppo__mask_true,ppo__mask_false,-28.081684,0.232422
avg_slowdown,maskable_ppo__mask_true,ppo__mask_false,-26.907923,0.232422
avg_slowdown,maskable_ppo__mask_true,ppo__mask_false,-25.734162,0.232422
avg_slowdown,maskable_ppo__mask_true,ppo__mask_false,-24.560401,0.232422
avg_slowdown,maskable_ppo__mask_true,ppo__mask_false,-23.386640,0.232422
avg_slowdown,maskable_ppo__mask_true,ppo__mask_false,-22.212879,0.232422
avg_slowdown,maskable_ppo__mask_true,ppo__mask_false,-21.039118,0.232422
avg_slowdown,maskable_ppo__mask_true,ppo__mask_false,-19.865357,0.232422
avg_slowdown,maskable_ppo__mask_true,ppo__mask_false,-18.691596,0.232422
avg_slowdown,maskable_ppo__mask_true,ppo__mask_false,-17.517835,0.232422
avg_slowdown,maskable_ppo__mask_true,ppo__mask_false,-16.344074,0.232422
avg_slowdown,maskable_ppo__mask_true,ppo__mask_false,-15.170313,0.232422
avg_slowdown,maskable_ppo__mask_true,ppo__mask_false,-13.996552,0.232422
avg_slowdown,maskable_ppo__mask_true,ppo__mask_false,-12.822791,0.232422
avg_slowdown,maskable_ppo__mask_true,ppo__mask_false,-11.649030,0.232422
avg_slowdown,maskable_ppo__mask_true,ppo__mask_false,-10.475269,0.232422
avg_slowdown,maskable_ppo__mask_true,ppo__mask_false,-9.301508,0.232422
avg_slowdown,maskable_ppo__mask_true,ppo__mask_false,-8.127747,0.232422
avg_slowdown,maskable_ppo__mask_true,ppo__mask_false,-6.953985,0.193359
avg_slowdown,maskable_ppo__mask_true,ppo__mask_false,-5.780224,0.130859
avg_slowdown,maskable_ppo__mask_true,ppo__mask_false,-4.606463,0.064453
avg_slowdown,maskable_ppo__mask_true,ppo__mask_false,-3.432702,0.027344
avg_slowdown,maskable_ppo__mask_true,ppo__mask_false,-2.258941,0.019531
avg_slowdown,maskable_ppo__mask_true,ppo__mask_false,-1.085180,0.005859
avg_slowdown,maskable_ppo__mask_true,ppo__mask_false,0.088581,0.003906
avg_slowdown,maskable_ppo__mask_true,ppo__mask_false,1.262342,0.003906
max_waiting,a2c__mask_false,maskable_dqn__mask_true,-3314377.280000,0.003906
max_waiting,a2c__mask_false,maskable_dqn__mask_true,-3298205.602965,0.003906
max_waiting,a2c__mask_false,maskable_dqn__mask_true,-3282033.925930,0.003906
max_waiting,a2c__mask_false,maskable_dqn__mask_true,-3265862.248894,0.003906
max_waiting,a2c__mask_false,maskable_dqn__mask_true,-3249690.571859,0.003906
max_waiting,a2c__mask_false,maskable_dqn__mask_true,-3233518.894824,0.003906
max_waiting,a2c__mask_false,maskable_dqn__mask_true,-3217347.217789,0.003906
max_waiting,a2c__mask_false,maskable_dqn__mask_true,-3201175.540754,0.005859
max_waiting,a2c__mask_false,maskable_dqn__mask_true,-3185003.863719,0.005859
max_waiting,a2c__mask_false,maskable_dqn__mask_true,-3168832.186683,0.005859
max_waiting,a2c__mask_false,maskable_dqn__mask_true,-3152660.509648,0.005859
max_waiting,a2c__mask_false,maskable_dqn__mask_true,-3136488.832613,0.005859
max_waiting,a2c__mask_false,maskable_dqn__mask_true,-3120317.155578,0.005859
max_waiting,a2c__mask_false,maskable_dqn__mask_true,-3104145.478543,0.005859
max_waiting,a2c__mask_false,maskable_dqn__mask_true,-3087973.801508,0.009766
max_waiting,a2c__mask_false,maskable_dqn__mask_true,-3071802.124472,0.013672
max_waiting,a2c__mask_false,maskable_dqn__mask_true,-3055630.447437,0.019531
max_waiting,a2c__mask_false,maskable_dqn__mask_true,-3039458.770402,0.019531
max_waiting,a2c__mask_false,maskable_dqn__mask_true,-3023287.093367,0.019531
max_waiting,a2c__mask_false,maskable_dqn__mask_true,-3007115.416332,0.019531
max_waiting,a2c__mask_false,maskable_dqn__mask_true,-2990943.739296,0.027344
max_waiting,a2c__mask_false,maskable_dqn__mask_true,-2974772.062261,0.027344
max_waiting,a2c__mask_false,maskable_dqn__mask_true,-2958600.385226,0.037109
max_waiting,a2c__mask_false,maskable_dqn__mask_true,-2942428.708191,0.048828
max_waiting,a2c__mask_false,maskable_dqn__mask_true,-2926257.031156,0.083984
max_waiting,a2c__mask_false,maskable_dqn__mask_true,-2910085.354121,0.083984
max_waiting,a2c__mask_false,maskable_dqn__mask_true,-2893913.677085,0.083984
max_waiting,a2c__mask_false,maskable_dqn__mask_true,-2877742.000050,0.083984
max_waiting,a2c__mask_false,maskable_dqn__mask_true,-2861570.323015,0.105469
max_waiting,a2c__mask_false,maskable_dqn__mask_true,-2845398.645980,0.130859
max_waiting,a2c__mask_false,maskable_dqn__mask_true,-2829226.968945,0.130859
max_waiting,a2c__mask_false,maskable_dqn__mask_true,-2813055.291910,0.193359
max_waiting,a2c__mask_false,maskable_dqn__mask_true,-2796883.614874,0.232422
max_waiting,a2c__mask_false,maskable_dqn__mask_true,-2780711.937839,0.275391
max_waiting,a2c__mask_false,maskable_dqn__mask_true,-2764540.260804,0.275391
max_waiting,a2c__mask_false,maskable_dqn__mask_true,-2748368.583769,0.322266
max_waiting,a2c__mask_false,maskable_dqn__mask_true,-2732196.906734,0.322266
max_waiting,a2c__mask_false,maskable_dqn__mask_true,-2716025.229698,0.375000
max_waiting,a2c__mask_false,maskable_dqn__mask_true,-2699853.552663,0.431641
max_waiting,a2c__mask_false,maskable_dqn__mask_true,-2683681.875628,0.492188
max_waiting,a2c__mask_false,maskable_dqn__mask_true,-2667510.198593,0.556641
max_waiting,a2c__mask_false,maskable_dqn__mask_true,-2651338.521558,0.625000
max_waiting,a2c__mask_false,maskable_dqn__mask_true,-2635166.844523,0.695312
max_waiting,a2c__mask_false,maskable_dqn__mask_true,-2618995.167487,0.695312
max_waiting,a2c__mask_false,maskable_dqn__mask_true,-2602823.490452,0.695312
max_waiting,a2c__mask_false,maskable_dqn__mask_true,-2586651.813417,0.845703
max_waiting,a2c__mask_false,maskable_dqn__mask_true,-2570480.136382,0.845703
max_waiting,a2c__mask_false,maskable_dqn__mask_true,-2554308.459347,0.845703
max_waiting,a2c__mask_false,maskable_dqn__mask_true,-2538136.782312,1.000000
max_waiting,a2c__mask_false,maskable_dqn__mask_true,-2521965.105276,1.000000
max_waiting,a2c__mask_false,maskable_dqn__mask_true,-2505793.428241,1.000000
max_waiting,a2c__mask_false,maskable_dqn__mask_true,-2489621.751206,1.000000
max_waiting,a2c__mask_false,maskable_dqn__mask_true,-2473450.074171,1.000000
max_waiting,a2c__mask_false,maskable_dqn__mask_true,-2457278.397136,1.000000
max_waiting,a2c__mask_false,maskable_dqn__mask_true,-2441106.720101,1.000000
max_waiting,a2c__mask_false,maskable_dqn__mask_true,-2424935.043065,1.000000
max_waiting,a2c__mask_false,maskable_dqn__mask_true,-2408763.366030,1.000000
max_waiting,a2c__mask_false,maskable_dqn__mask_true,-2392591.688995,1.000000
max_waiting,a2c__mask_false,maskable_dqn__mask_true,-2376420.011960,1.000000
max_waiting,a2c__mask_false,maskable_dqn__mask_true,-2360248.334925,1.000000
max_waiting,a2c__mask_false,maskable_dqn__mask_true,-2344076.657889,1.000000
max_waiting,a2c__mask_false,maskable_dqn__mask_true,-2327904.980854,1.000000
max_waiting,a2c__mask_false,maskable_dqn__mask_true,-2311733.303819,1.000000
max_waiting,a2c__mask_false,maskable_dqn__mask_true,-2295561.626784,1.000000
max_waiting,a2c__mask_false,maskable_dqn__mask_true,-2279389.949749,1.000000
max_waiting,a2c__mask_false,maskable_dqn__mask_true,-2263218.272714,1.000000
max_waiting,a2c__mask_false,maskable_dqn__mask_true,-2247046.595678,1.000000
max_waiting,a2c__mask_false,maskable_dqn__mask_true,-2230874.918643,1.000000
max_waiting,a2c__mask_false,maskable_dqn__mask_true,-2214703.241608,1.000000
max_waiting,a2c__mask_false,maskable_dqn__mask_true,-2198531.564573,1.000000
max_waiting,a2c__mask_false,maskable_dqn__mask_true,-2182359.887538,1.000000
max_waiting,a2c__mask_false,maskable_dqn__mask_true,-2166188.210503,1.000000
max_waiting,a2c__mask_false,maskable_dqn__mask_true,-2150016.533467,1.000000
max_waiting,a2c__mask_false,maskable_dqn__mask_true,-2133844.856432,1.000000
max_waiting,a2c__mask_false,maskable_dqn__mask_true,-2117673.179397,1.000000
max_waiting,a2c__mask_false,maskable_dqn__mask_true,-2101501.502362,1.000000
max_waiting,a2c__mask_false,maskable_dqn__mask_true,-2085329.825327,1.000000
max_waiting,a2c__mask_false,maskable_dqn__mask_true,-2069158.148291,1.000000
max_waiting,a2c__mask_false,maskable_dqn__mask_true,-2052986.471256,1.000000
max_waiting,a2c__mask_false,maskable_dqn__mask_true,-2036814.794221,1.000000
max_waiting,a2c__mask_false,maskable_dqn__mask_true,-2020643.117186,1.000000
max_waiting,a2c__mask_false,maskable_dqn__mask_true,-2004471.440151,1.000000
max_waiting,a2c__mask_false,maskable_dqn__mask_true,-1988299.763116,1.000000
max_waiting,a2c__mask_false,maskable_dqn__mask_true,-1972128.086080,1.000000
max_waiting,a2c__mask_false,maskable_dqn__mask_true,-1955956.409045,1.000000
max_waiting,a2c__mask_false,maskable_dqn__mask_true,-1939784.732010,1.000000
max_waiting,a2c__mask_false,maskable_dqn__mask_true,-1923613.054975,1.000000
max_waiting,a2c__mask_false,maskable_dqn__mask_true,-1907441.377940,1.000000
max_waiting,a2c__mask_false,maskable_dqn__mask_true,-1891269.700905,1.000000
max_waiting,a2c__mask_false,maskable_dqn__mask_true,-1875098.023869,1.000000
max_waiting,a2c__mask_false,maskable_dqn__mask_true,-1858926.346834,1.000000
max_waiting,a2c__mask_false,maskable_dqn__mask_true,-1842754.669799,1.000000
max_waiting,a2c__mask_false,maskable_dqn__mask_true,-1826582.992764,1.000000
max_waiting,a2c__mask_false,maskable_dqn__mask_true,-1810411.315729,1.000000
max_waiting,a2c__mask_false,maskable_dqn__mask_true,-1794239.638693,0.921875
max_waiting,a2c__mask_false,maskable_dqn__mask_true,-1778067.961658,0.921875
max_waiting,a2c__mask_false,maskable_dqn__mask_true,-1761896.284623,0.921875
max_waiting,a2c__mask_false,maskable_dqn__mask_true,-1745724.607588,0.921875
max_waiting,a2c__mask_false,maskable_dqn__mask_true,-1729552.930553,0.845703
max_waiting,a2c__mask_false,maskable_dqn__mask_true,-1713381.253518,0.769531
max_waiting,a2c__mask_false,maskable_dqn__mask_true,-1697209.576482,0.769531
max_waiting,a2c__mask_false,maskable_dqn__mask_true,-1681037.899447,0.769531
max_waiting,a2c__mask_false,maskable_dqn__mask_true,-1664866.222412,0.695312
max_waiting,a2c__mask_false,maskable_dqn__mask_true,-1648694.545377,0.695312
max_waiting,a2c__mask_false,maskable_dqn__mask_true,-1632522.868342,0.695312
max_waiting,a2c__mask_false,maskable_dqn__mask_true,-1616351.191307,0.625000
max_waiting,a2c__mask_false,maskable_dqn__mask_true,-1600179.514271,0.625000
max_waiting,a2c__mask_false,maskable_dqn__mask_true,-1584007.837236,0.556641
max_waiting,a2c__mask_false,maskable_dqn__mask_true,-1567836.160201,0.556641
max_waiting,a2c__mask_false,maskable_dqn__mask_true,-1551664.483166,0.492188
max_waiting,a2c__mask_false,maskable_dqn__mask_true,-1535492.806131,0.492188
max_waiting,a2c__mask_false,maskable_dqn__mask_true,-1519321.129095,0.431641
max_waiting,a2c__mask_false,maskable_dqn__mask_true,-1503149.452060,0.431641
max_waiting,a2c__mask_false,maskable_dqn__mask_true,-1486977.775025,0.375000
max_waiting,a2c__mask_false,maskable_dqn__mask_true,-1470806.097990,0.275391
max_waiting,a2c__mask_false,maskable_dqn__mask_true,-1454634.420955,0.232422
max_waiting,a2c__mask_false,maskable_dqn__mask_true,-1438462.743920,0.193359
max_waiting,a2c__mask_false,maskable_dqn__mask_true,-1422291.066884,0.193359
max_waiting,a2c__mask_false,maskable_dqn__mask_true,-1406119.389849,0.160156
max_waiting,a2c__mask_false,maskable_dqn__mask_true,-1389947.712814,0.105469
max_waiting,a2c__mask_false,maskable_dqn__mask_true,-1373776.035779,0.105469
max_waiting,a2c__mask_false,maskable_dqn__mask_true,-1357604.358744,0.083984
max_waiting,a2c__mask_false,maskable_dqn__mask_true,-1341432.681709,0.064453
max_waiting,a2c__mask_false,maskable_dqn__mask_true,-1325261.004673,0.048828
max_waiting,a2c__mask_false,maskable_dqn__mask_true,-1309089.327638,0.027344
max_waiting,a2c__mask_false,maskable_dqn__mask_true,-1292917.650603,0.027344
max_waiting,a2c__mask_false,maskable_dqn__mask_true,-1276745.973568,0.027344
max_waiting,a2c__mask_false,maskable_dqn__mask_true,-1260574.296533,0.027344
max_waiting,a2c__mask_false,maskable_dqn__mask_true,-1244402.619497,0.027344
max_waiting,a2c__mask_false,maskable_dqn__mask_true,-1228230.942462,0.027344
max_waiting,a2c__mask_false,maskable_dqn__mask_true,-1212059.265427,0.027344
max_waiting,a2c__mask_false,maskable_dqn__mask_true,-1195887.588392,0.027344
max_waiting,a2c__mask_false,maskable_dqn__mask_true,-1179715.911357,0.027344
max_waiting,a2c__mask_false,maskable_dqn__mask_true,-1163544.234322,0.027344
max_waiting,a2c__mask_false,maskable_dqn__mask_true,-1147372.557286,0.027344
max_waiting,a2c__mask_false,maskable_dqn__mask_true,-1131200.880251,0.027344
max_waiting,a2c__mask_false,maskable_dqn__mask_true,-1115029.203216,0.027344
max_waiting,a2c__mask_false,maskable_dqn__mask_true,-1098857.526181,0.027344
max_waiting,a2c__mask_false,maskable_dqn__mask_true,-1082685.849146,0.027344
max_waiting,a2c__mask_false,maskable_dqn__mask_true,-1066514.172111,0.027344
max_waiting,a2c__mask_false,maskable_dqn__mask_true,-1050342.495075,0.027344
max_waiting,a2c__mask_false,maskable_dqn__mask_true,-1034170.818040,0.027344
max_waiting,a2c__mask_false,maskable_dqn__mask_true,-1017999.141005,0.027344
max_waiting,a2c__mask_false,maskable_dqn__mask_true,-1001827.463970,0.027344
max_waiting,a2c__mask_false,maskable_dqn__mask_true,-985655.786935,0.027344
max_waiting,a2c__mask_false,maskable_dqn__mask_true,-969484.109899,0.027344
max_waiting,a2c__mask_false,maskable_dqn__mask_true,-953312.432864,0.027344
max_waiting,a2c__mask_false,maskable_dqn__mask_true,-937140.755829,0.027344
max_waiting,a2c__mask_false,maskable_dqn__mask_true,-920969.078794,0.027344
max_waiting,a2c__mask_false,maskable_dqn__mask_true,-904797.401759,0.027344
max_waiting,a2c__mask_false,maskable_dqn__mask_true,-888625.724724,0.027344
max_waiting,a2c__mask_false,maskable_dqn__mask_true,-872454.047688,0.027344
max_waiting,a2c__mask_false,maskable_dqn__mask_true,-856282.370653,0.027344
max_waiting,a2c__mask_false,maskable_dqn__mask_true,-840110.693618,0.027344
max_waiting,a2c__mask_false,maskable_dqn__mask_true,-823939.016583,0.027344
max_waiting,a2c__mask_false,maskable_dqn__mask_true,-807767.339548,0.027344
max_waiting,a2c__mask_false,maskable_dqn__mask_true,-791595.662513,0.027344
max_waiting,a2c__mask_false,maskable_dqn__mask_true,-775423.985477,0.027344
max_waiting,a2c__mask_false,maskable_dqn__mask_true,-759252.308442,0.027344
max_waiting,a2c__mask_false,maskable_dqn__mask_true,-743080.631407,0.027344
max_waiting,a2c__mask_false,maskable_dqn__mask_true,-726908.954372,0.027344
max_waiting,a2c__mask_false,maskable_dqn__mask_true,-710737.277337,0.027344
max_waiting,a2c__mask_false,maskable_dqn__mask_true,-694565.600302,0.027344
max_waiting,a2c__mask_false,maskable_dqn__mask_true,-678393.923266,0.027344
max_waiting,a2c__mask_false,maskable_dqn__mask_true,-662222.246231,0.027344
max_waiting,a2c__mask_false,maskable_dqn__mask_true,-646050.569196,0.027344
max_waiting,a2c__mask_false,maskable_dqn__mask_true,-629878.892161,0.027344
max_waiting,a2c__mask_false,maskable_dqn__mask_true,-613707.215126,0.027344
max_waiting,a2c__mask_false,maskable_dqn__mask_true,-597535.538090,0.027344
max_waiting,a2c__mask_false,maskable_dqn__mask_true,-581363.861055,0.027344
max_waiting,a2c__mask_false,maskable_dqn__mask_true,-565192.184020,0.027344
max_waiting,a2c__mask_false,maskable_dqn__mask_true,-549020.506985,0.027344
max_waiting,a2c__mask_false,maskable_dqn__mask_true,-532848.829950,0.027344
max_waiting,a2c__mask_false,maskable_dqn__mask_true,-516677.152915,0.027344
max_waiting,a2c__mask_false,maskable_dqn__mask_true,-500505.475879,0.027344
max_waiting,a2c__mask_false,maskable_dqn__mask_true,-484333.798844,0.027344
max_waiting,a2c__mask_false,maskable_dqn__mask_true,-468162.121809,0.027344
max_waiting,a2c__mask_false,maskable_dqn__mask_true,-451990.444774,0.027344
max_waiting,a2c__mask_false,maskable_dqn__mask_true,-435818.767739,0.027344
max_waiting,a2c__mask_false,maskable_dqn__mask_true,-419647.090704,0.027344
max_waiting,a2c__mask_false,maskable_dqn__mask_true,-403475.413668,0.027344
max_waiting,a2c__mask_false,maskable_dqn__mask_true,-387303.736633,0.027344
max_waiting,a2c__mask_false,maskable_dqn__mask_true,-371132.059598,0.027344
max_waiting,a2c__mask_false,maskable_dqn__mask_true,-354960.382563,0.027344
max_waiting,a2c__mask_false,maskable_dqn__mask_true,-338788.705528,0.027344
max_waiting,a2c__mask_false,maskable_dqn__mask_true,-322617.028492,0.027344
max_waiting,a2c__mask_false,maskable_dqn__mask_true,-306445.351457,0.027344
max_waiting,a2c__mask_false,maskable_dqn__mask_true,-290273.674422,0.027344
max_waiting,a2c__mask_false,maskable_dqn__mask_true,-274101.997387,0.027344
max_waiting,a2c__mask_false,maskable_dqn__mask_true,-257930.320352,0.019531
max_waiting,a2c__mask_false,maskable_dqn__mask_true,-241758.643317,0.019531
max_waiting,a2c__mask_false,maskable_dqn__mask_true,-225586.966281,0.019531
max_waiting,a2c__mask_false,maskable_dqn__mask_true,-209415.289246,0.019531
max_waiting,a2c__mask_false,maskable_dqn__mask_true,-193243.612211,0.013672
max_waiting,a2c__mask_false,maskable_dqn__mask_true,-177071.935176,0.009766
max_waiting,a2c__mask_false,maskable_dqn__mask_true,-160900.258141,0.009766
max_waiting,a2c__mask_false,maskable_dqn__mask_true,-144728.581106,0.005859
max_waiting,a2c__mask_false,maskable_dqn__mask_true,-128556.904070,0.005859
max_waiting,a2c__mask_false,maskable_dqn__mask_true,-112385.227035,0.003906
max_waiting,a2c__mask_false,maskable_dqn__mask_true,-96213.550000,0.003906
max_waiting,a2c__mask_false,maskable_ppo__mask_true,-72061.390000,0.003906
max_waiting,a2c__mask_false,maskable_ppo__mask_true,-71716.419548,0.003906
max_waiting,a2c__mask_false,maskable_ppo__mask_true,-71371.449095,0.003906
max_waiting,a2c__mask_false,maskable_ppo__mask_true,-71026.478643,0.003906
max_waiting,a2c__mask_false,maskable_ppo__mask_true,-70681.508191,0.003906
max_waiting,a2c__mask_false,maskable_ppo__mask_true,-70336.537739,0.003906
max_waiting,a2c__mask_false,maskable_ppo__mask_true,-69991.567286,0.003906
max_waiting,a2c__mask_false,maskable_ppo__mask_true,-69646.596834,0.003906
max_waiting,a2c__mask_false,maskable_ppo__mask_true,-69301.626382,0.003906
max_waiting,a2c__mask_false,maskable_ppo__mask_true,-68956.655930,0.003906
max_waiting,a2c__mask_false,maskable_ppo__mask_true,-68611.685477,0.003906
max_waiting,a2c__mask_false,maskable_ppo__mask_true,-68266.715025,0.003906
max_waiting,a2c__mask_false,maskable_ppo__mask_true,-67921.744573,0.003906
max_waiting,a2c__mask_false,maskable_ppo__mask_true,-67576.774121,0.003906
max_waiting,a2c__mask_false,maskable_ppo__mask_true,-67231.803668,0.003906
max_waiting,a2c__mask_false,maskable_ppo__mask_true,-66886.833216,0.003906
max_waiting,a2c__mask_false,maskable_ppo__mask_true,-66541.862764,0.003906
max_waiting,a2c__mask_false,maskable_ppo__mask_true,-66196.892312,0.003906
max_waiting,a2c__mask_false,maskable_ppo__mask_true,-65851.921859,0.003906
max_waiting,a2c__mask_false,maskable_ppo__mask_true,-65506.951407,0.003906
max_waiting,a2c__mask_false,maskable_ppo__mask_true,-65161.980955,0.003906
max_waiting,a2c__mask_false,maskable_ppo__mask_true,-64817.010503,0.003906
max_waiting,a2c__mask_false,maskable_ppo__mask_true,-64472.040050,0.003906
max_waiting,a2c__mask_false,maskable_ppo__mask_true,-64127.069598,0.003906
max_waiting,a2c__mask_false,maskable_ppo__mask_true,-63782.099146,0.003906
max_waiting,a2c__mask_false,maskable_ppo__mask_true,-63437.128693,0.003906
max_waiting,a2c__mask_false,maskable_ppo__mask_true,-63092.158241,0.003906
max_waiting,a2c__mask_false,maskable_ppo__mask_true,-62747.187789,0.003906
max_waiting,a2c__mask_false,maskable_ppo__mask_true,-62402.217337,0.003906
max_waiting,a2c__mask_false,maskable_ppo__mask_true,-62057.246884,0.003906
max_waiting,a2c__mask_false,maskable_ppo__mask_true,-61712.276432,0.003906
max_waiting,a2c__mask_false,maskable_ppo__mask_true,-61367.305980,0.005859
max_waiting,a2c__mask_false,maskable_ppo__mask_true,-61022.335528,0.005859
max_waiting,a2c__mask_false,maskable_ppo__mask_true,-60677.365075,0.005859
max_waiting,a2c__mask_false,maskable_ppo__mask_true,-60332.394623,0.005859
max_waiting,a2c__mask_false,maskable_ppo__mask_true,-59987.424171,0.005859
max_waiting,a2c__mask_false,maskable_ppo__mask_true,-59642.453719,0.005859
max_waiting,a2c__mask_false,maskable_ppo__mask_true,-59297.483266,0.005859
max_waiting,a2c__mask_false,maskable_ppo__mask_true,-58952.512814,0.005859
max_waiting,a2c__mask_false,maskable_ppo__mask_true,-58607.542362,0.005859
max_waiting,a2c__mask_false,maskable_ppo__mask_true,-58262.571910,0.005859
max_waiting,a2c__mask_false,maskable_ppo__mask_true,-57917.601457,0.005859
max_waiting,a2c__mask_false,maskable_ppo__mask_true,-57572.631005,0.005859
max_waiting,a2c__mask_false,maskable_ppo__mask_true,-57227.660553,0.005859
max_waiting,a2c__mask_false,maskable_ppo__mask_true,-56882.690101,0.005859
max_waiting,a2c__mask_false,maskable_ppo__mask_true,-56537.719648,0.005859
max_waiting,a2c__mask_false,maskable_ppo__mask_true,-56192.749196,0.009766
max_waiting,a2c__mask_false,maskable_ppo__mask_true,-55847.778744,0.009766
max_waiting,a2c__mask_false,maskable_ppo__mask_true,-55502.808291,0.009766
max_waiting,a2c__mask_false,maskable_ppo__mask_true,-55157.837839,0.009766
max_waiting,a2c__mask_false,maskable_ppo__mask_true,-54812.867387,0.013672
max_waiting,a2c__mask_false,maskable_ppo__mask_true,-54467.896935,0.013672
max_waiting,a2c__mask_false,maskable_ppo__mask_true,-54122.926482,0.019531
max_waiting,a2c__mask_false,maskable_ppo__mask_true,-53777.956030,0.019531
max_waiting,a2c__mask_false,maskable_ppo__mask_true,-53432.985578,0.019531
max_waiting,a2c__mask_false,maskable_ppo__mask_true,-53088.015126,0.027344
max_waiting,a2c__mask_false,maskable_ppo__mask_true,-52743.044673,0.027344
max_waiting,a2c__mask_false,maskable_ppo__mask_true,-52398.074221,0.027344
max_waiting,a2c__mask_false,maskable_ppo__mask_true,-52053.103769,0.027344
max_waiting,a2c__mask_false,maskable_ppo__mask_true,-51708.133317,0.027344
max_waiting,a2c__mask_false,maskable_ppo__mask_true,-51363.162864,0.037109
max_waiting,a2c__mask_false,maskable_ppo__mask_true,-51018.192412,0.037109
max_waiting,a2c__mask_false,maskable_ppo__mask_true,-50673.221960,0.048828
max_waiting,a2c__mask_false,maskable_ppo__mask_true,-50328.251508,0.048828
max_waiting,a2c__mask_false,maskable_ppo__mask_true,-49983.281055,0.048828
max_waiting,a2c__mask_false,maskable_ppo__mask_true,-49638.310603,0.048828
max_waiting,a2c__mask_false,maskable_ppo__mask_true,-49293.340151,0.048828
max_waiting,a2c__mask_false,maskable_ppo__mask_true,-48948.369698,0.048828
max_waiting,a2c__mask_false,maskable_ppo__mask_true,-48603.399246,0.064453
max_waiting,a2c__mask_false,maskable_ppo__mask_true,-48258.428794,0.064453
max_waiting,a2c__mask_false,maskable_ppo__mask_true,-47913.458342,0.083984
max_waiting,a2c__mask_false,maskable_ppo__mask_true,-47568.487889,0.083984
max_waiting,a2c__mask_false,maskable_ppo__mask_true,-47223.517437,0.083984
max_waiting,a2c__mask_false,maskable_ppo__mask_true,-46878.546985,0.083984
max_waiting,a2c__mask_false,maskable_ppo__mask_true,-46533.576533,0.083984
max_waiting,a2c__mask_false,maskable_ppo__mask_true,-46188.606080,0.083984
max_waiting,a2c__mask_false,maskable_ppo__mask_true,-45843.635628,0.083984
max_waiting,a2c__mask_false,maskable_ppo__mask_true,-45498.665176,0.083984
max_waiting,a2c__mask_false,maskable_ppo__mask_true,-45153.694724,0.083984
max_waiting,a2c__mask_false,maskable_ppo__mask_true,-44808.724271,0.083984
max_waiting,a2c__mask_false,maskable_ppo__mask_true,-44463.753819,0.083984
max_waiting,a2c__mask_false,maskable_ppo__mask_true,-44118.783367,0.083984
max_waiting,a2c__mask_false,maskable_ppo__mask_true,-43773.812915,0.083984
max_waiting,a2c__mask_false,maskable_ppo__mask_true,-43428.842462,0.105469
max_waiting,a2c__mask_false,maskable_ppo__mask_true,-43083.872010,0.105469
max_waiting,a2c__mask_false,maskable_ppo__mask_true,-42738.901558,0.105469
max_waiting,a2c__mask_false,maskable_ppo__mask_true,-42393.931106,0.105469
max_waiting,a2c__mask_false,maskable_ppo__mask_true,-42048.960653,0.130859
max_waiting,a2c__mask_false,maskable_ppo__mask_true,-41703.990201,0.130859
max_waiting,a2c__mask_false,maskable_ppo__mask_true,-41359.019749,0.160156
max_waiting,a2c__mask_false,maskable_ppo__mask_true,-41014.049296,0.160156
max_waiting,a2c__mask_false,maskable_ppo__mask_true,-40669.078844,0.160156
max_waiting,a2c__mask_false,maskable_ppo__mask_true,-40324.108392,0.193359
max_waiting,a2c__mask_false,maskable_ppo__mask_true,-39979.137940,0.193359
max_waiting,a2c__mask_false,maskable_ppo__mask_true,-39634.167487,0.193359
max_waiting,a2c__mask_false,maskable_ppo__mask_true,-39289.197035,0.193359
max_waiting,a2c__mask_false,maskable_ppo__mask_true,-38944.226583,0.193359
max_waiting,a2c__mask_false,maskable_ppo__mask_true,-38599.256131,0.232422
max_waiting,a2c__mask_false,maskable_ppo__mask_true,-38254.285678,0.275391
max_waiting,a2c__mask_false,maskable_ppo__mask_true,-37909.315226,0.375000
max_waiting,a2c__mask_false,maskable_ppo__mask_true,-37564.344774,0.375000
max_waiting,a2c__mask_false,maskable_ppo__mask_true,-37219.374322,0.375000
max_waiting,a2c__mask_false,maskable_ppo__mask_true,-36874.403869,0.431641
max_waiting,a2c__mask_false,maskable_ppo__mask_true,-36529.433417,0.431641
max_waiting,a2c__mask_false,maskable_ppo__mask_true,-36184.462965,0.492188
max_waiting,a2c__mask_false,maskable_ppo__mask_true,-35839.492513,0.556641
max_waiting,a2c__mask_false,maskable_ppo__mask_true,-35494.522060,0.556641
max_waiting,a2c__mask_false,maskable_ppo__mask_true,-35149.551608,0.695312
max_waiting,a2c__mask_false,maskable_ppo__mask_true,-34804.581156,0.769531
max_waiting,a2c__mask_false,maskable_ppo__mask_true,-34459.610704,0.845703
max_waiting,a2c__mask_false,maskable_ppo__mask_true,-34114.640251,0.921875
max_waiting,a2c__mask_false,maskable_ppo__mask_true,-33769.669799,0.921875
max_waiting,a2c__mask_false,maskable_ppo__mask_true,-33424.699347,1.000000
max_waiting,a2c__mask_false,maskable_ppo__mask_true,-33079.728894,1.000000
max_waiting,a2c__mask_false,maskable_ppo__mask_true,-32734.758442,0.921875
max_waiting,a2c__mask_false,maskable_ppo__mask_true,-32389.787990,0.845703
max_waiting,a2c__mask_false,maskable_ppo__mask_true,-32044.817538,0.769531
max_waiting,a2c__mask_false,maskable_ppo__mask_true,-31699.847085,0.769531
max_waiting,a2c__mask_false,maskable_ppo__mask_true,-31354.876633,0.625000
max_waiting,a2c__mask_false,maskable_ppo__mask_true,-31009.906181,0.625000
max_waiting,a2c__mask_false,maskable_ppo__mask_true,-30664.935729,0.556641
max_waiting,a2c__mask_false,maskable_ppo__mask_true,-30319.965276,0.492188
max_waiting,a2c__mask_false,maskable_ppo__mask_true,-29974.994824,0.431641
max_waiting,a2c__mask_false,maskable_ppo__mask_true,-29630.024372,0.375000
max_waiting,a2c__mask_false,maskable_ppo__mask_true,-29285.053920,0.375000
max_waiting,a2c__mask_false,maskable_ppo__mask_true,-28940.083467,0.375000
max_waiting,a2c__mask_false,maskable_ppo__mask_true,-28595.113015,0.322266
max_waiting,a2c__mask_false,maskable_ppo__mask_true,-28250.142563,0.275391
max_waiting,a2c__mask_false,maskable_ppo__mask_true,-27905.172111,0.193359
max_waiting,a2c__mask_false,maskable_ppo__mask_true,-27560.201658,0.193359
max_waiting,a2c__mask_false,maskable_ppo__mask_true,-27215.231206,0.160156
max_waiting,a2c__mask_false,maskable_ppo__mask_true,-26870.260754,0.130859
max_waiting,a2c__mask_false,maskable_ppo__mask_true,-26525.290302,0.130859
max_waiting,a2c__mask_false,maskable_ppo__mask_true,-26180.319849,0.130859
max_waiting,a2c__mask_false,maskable_ppo__mask_true,-25835.349397,0.130859
max_waiting,a2c__mask_false,maskable_ppo__mask_true,-25490.378945,0.130859
max_waiting,a2c__mask_false,maskable_ppo__mask_true,-25145.408492,0.105469
max_waiting,a2c__mask_false,maskable_ppo__mask_true,-24800.438040,0.083984
max_waiting,a2c__mask_false,maskable_ppo__mask_true,-24455.467588,0.064453
max_waiting,a2c__mask_false,maskable_ppo__mask_true,-24110.497136,0.064453
max_waiting,a2c__mask_false,maskable_ppo__mask_true,-23765.526683,0.064453
max_waiting,a2c__mask_false,maskable_ppo__mask_true,-23420.556231,0.064453
max_waiting,a2c__mask_false,maskable_ppo__mask_true,-23075.585779,0.064453
max_waiting,a2c__mask_false,maskable_ppo__mask_true,-22730.615327,0.064453
max_waiting,a2c__mask_false,maskable_ppo__mask_true,-22385.644874,0.064453
max_waiting,a2c__mask_false,maskable_ppo__mask_true,-22040.674422,0.064453
max_waiting,a2c__mask_false,maskable_ppo__mask_true,-21695.703970,0.064453
max_waiting,a2c__mask_false,maskable_ppo__mask_true,-21350.733518,0.048828
max_waiting,a2c__mask_false,maskable_ppo__mask_true,-21005.763065,0.048828
max_waiting,a2c__mask_false,maskable_ppo__mask_true,-20660.792613,0.048828
max_waiting,a2c__mask_false,maskable_ppo__mask_true,-20315.822161,0.048828
max_waiting,a2c__mask_false,maskable_ppo__mask_true,-19970.851709,0.037109
max_waiting,a2c__mask_false,maskable_ppo__mask_true,-19625.881256,0.037109
max_waiting,a2c__mask_false,maskable_ppo__mask_true,-19280.910804,0.037109
max_waiting,a2c__mask_false,maskable_ppo__mask_true,-18935.940352,0.037109
max_waiting,a2c__mask_false,maskable_ppo__mask_true,-18590.969899,0.027344
max_waiting,a2c__mask_false,maskable_ppo__mask_true,-18245.999447,0.027344
max_waiting,a2c__mask_false,maskable_ppo__mask_true,-17901.028995,0.019531
max_waiting,a2c__mask_false,maskable_ppo__mask_true,-17556.058543,0.019531
max_waiting,a2c__mask_false,maskable_ppo__mask_true,-17211.088090,0.019531
max_waiting,a2c__mask_false,maskable_ppo__mask_true,-16866.117638,0.013672
max_waiting,a2c__mask_false,maskable_ppo__mask_true,-16521.147186,0.013672
max_waiting,a2c__mask_false,maskable_ppo__mask_true,-16176.176734,0.013672
max_waiting,a2c__mask_false,maskable_ppo__mask_true,-15831.206281,0.013672
max_waiting,a2c__mask_false,maskable_ppo__mask_true,-15486.235829,0.013672
max_waiting,a2c__mask_false,maskable_ppo__mask_true,-15141.265377,0.013672
max_waiting,a2c__mask_false,maskable_ppo__mask_true,-14796.294925,0.009766
max_waiting,a2c__mask_false,maskable_ppo__mask_true,-14451.324472,0.005859
max_waiting,a2c__mask_false,maskable_ppo__mask_true,-14106.354020,0.005859
max_waiting,a2c__mask_false,maskable_ppo__mask_true,-13761.383568,0.005859
max_waiting,a2c__mask_false,maskable_ppo__mask_true,-13416.413116,0.005859
max_waiting,a2c__mask_false,maskable_ppo__mask_true,-13071.442663,0.005859
max_waiting,a2c__mask_false,maskable_ppo__mask_true,-12726.472211,0.005859
max_waiting,a2c__mask_false,maskable_ppo__mask_true,-12381.501759,0.005859
max_waiting,a2c__mask_false,maskable_ppo__mask_true,-12036.531307,0.005859
max_waiting,a2c__mask_false,maskable_ppo__mask_true,-11691.560854,0.005859
max_waiting,a2c__mask_false,maskable_ppo__mask_true,-11346.590402,0.003906
max_waiting,a2c__mask_false,maskable_ppo__mask_true,-11001.619950,0.003906
max_waiting,a2c__mask_false,maskable_ppo__mask_true,-10656.649497,0.003906
max_waiting,a2c__mask_false,maskable_ppo__mask_true,-10311.679045,0.003906
max_waiting,a2c__mask_false,maskable_ppo__mask_true,-9966.708593,0.003906
max_waiting,a2c__mask_false,maskable_ppo__mask_true,-9621.738141,0.003906
max_waiting,a2c__mask_false,maskable_ppo__mask_true,-9276.767688,0.003906
max_waiting,a2c__mask_false,maskable_ppo__mask_true,-8931.797236,0.003906
max_waiting,a2c__mask_false,maskable_ppo__mask_true,-8586.826784,0.003906
max_waiting,a2c__mask_false,maskable_ppo__mask_true,-8241.856332,0.003906
max_waiting,a2c__mask_false,maskable_ppo__mask_true,-7896.885879,0.003906
max_waiting,a2c__mask_false,maskable_ppo__mask_true,-7551.915427,0.003906
max_waiting,a2c__mask_false,maskable_ppo__mask_true,-7206.944975,0.003906
max_waiting,a2c__mask_false,maskable_ppo__mask_true,-6861.974523,0.003906
max_waiting,a2c__mask_false,maskable_ppo__mask_true,-6517.004070,0.003906
max_waiting,a2c__mask_false,maskable_ppo__mask_true,-6172.033618,0.003906
max_waiting,a2c__mask_false,maskable_ppo__mask_true,-5827.063166,0.003906
max_waiting,a2c__mask_false,maskable_ppo__mask_true,-5482.092714,0.003906
max_waiting,a2c__mask_false,maskable_ppo__mask_true,-5137.122261,0.003906
max_waiting,a2c__mask_false,maskable_ppo__mask_true,-4792.151809,0.003906
max_waiting,a2c__mask_false,maskable_ppo__mask_true,-4447.181357,0.003906
max_waiting,a2c__mask_false,maskable_ppo__mask_true,-4102.210905,0.003906
max_waiting,a2c__mask_false,maskable_ppo__mask_true,-3757.240452,0.003906
max_waiting,a2c__mask_false,maskable_ppo__mask_true,-3412.270000,0.003906
max_waiting,dqn__mask_false,maskable_dqn__mask_true,-3204670.210000,0.003906
max_waiting,dqn__mask_false,maskable_dqn__mask_true,-3189055.237990,0.003906
max_waiting,dqn__mask_false,maskable_dqn__mask_true,-3173440.265980,0.003906
max_waiting,dqn__mask_false,maskable_dqn__mask_true,-3157825.293970,0.003906
max_waiting,dqn__mask_false,maskable_dqn__mask_true,-3142210.321960,0.005859
max_waiting,dqn__mask_false,maskable_dqn__mask_true,-3126595.349950,0.005859
max_waiting,dqn__mask_false,maskable_dqn__mask_true,-3110980.377940,0.005859
max_waiting,dqn__mask_false,maskable_dqn__mask_true,-3095365.405930,0.005859
max_waiting,dqn__mask_false,maskable_dqn__mask_true,-3079750.433920,0.009766
max_waiting,dqn__mask_false,maskable_dqn__mask_true,-3064135.461910,0.009766
max_waiting,dqn__mask_false,maskable_dqn__mask_true,-3048520.489899,0.009766
max_waiting,dqn__mask_false,maskable_dqn__mask_true,-3032905.517889,0.013672
max_waiting,dqn__mask_false,maskable_dqn__mask_true,-3017290.545879,0.013672
max_waiting,dqn__mask_false,maskable_dqn__mask_true,-3001675.573869,0.013672
max_waiting,dqn__mask_false,maskable_dqn__mask_true,-2986060.601859,0.013672
max_waiting,dqn__mask_false,maskable_dqn__mask_true,-2970445.629849,0.027344
max_waiting,dqn__mask_false,maskable_dqn__mask_true,-2954830.657839,0.027344
max_waiting,dqn__mask_false,maskable_dqn__mask_true,-2939215.685829,0.027344
max_waiting,dqn__mask_false,maskable_dqn__mask_true,-2923600.713819,0.027344
max_waiting,dqn__mask_false,maskable_dqn__mask_true,-2907985.741809,0.048828
max_waiting,dqn__mask_false,maskable_dqn__mask_true,-2892370.769799,0.048828
max_waiting,dqn__mask_false,maskable_dqn__mask_true,-2876755.797789,0.083984
max_waiting,dqn__mask_false,maskable_dqn__mask_true,-2861140.825779,0.105469
max_waiting,dqn__mask_false,maskable_dqn__mask_true,-2845525.853769,0.130859
max_waiting,dqn__mask_false,maskable_dqn__mask_true,-2829910.881759,0.130859
max_waiting,dqn__mask_false,maskable_dqn__mask_true,-2814295.909749,0.193359
max_waiting,dqn__mask_false,maskable_dqn__mask_true,-2798680.937739,0.232422
max_waiting,dqn__mask_false,maskable_dqn__mask_true,-2783065.965729,0.232422
max_waiting,dqn__mask_false,maskable_dqn__mask_true,-2767450.993719,0.232422
max_waiting,dqn__mask_false,maskable_dqn__mask_true,-2751836.021709,0.232422
max_waiting,dqn__mask_false,maskable_dqn__mask_true,-2736221.049698,0.275391
max_waiting,dqn__mask_false,maskable_dqn__mask_true,-2720606.077688,0.322266
max_waiting,dqn__mask_false,maskable_dqn__mask_true,-2704991.105678,0.431641
max_waiting,dqn__mask_false,maskable_dqn__mask_true,-2689376.133668,0.431641
max_waiting,dqn__mask_false,maskable_dqn__mask_true,-2673761.161658,0.492188
max_waiting,dqn__mask_false,maskable_dqn__mask_true,-2658146.189648,0.492188
max_waiting,dqn__mask_false,maskable_dqn__mask_true,-2642531.217638,0.556641
max_waiting,dqn__mask_false,maskable_dqn__mask_true,-2626916.245628,0.695312
max_waiting,dqn__mask_false,maskable_dqn__mask_true,-2611301.273618,0.695312
max_waiting,dqn__mask_false,maskable_dqn__mask_true,-2595686.301608,0.695312
max_waiting,dqn__mask_false,maskable_dqn__mask_true,-2580071.329598,0.845703
max_waiting,dqn__mask_false,maskable_dqn__mask_true,-2564456.357588,0.845703
max_waiting,dqn__mask_false,maskable_dqn__mask_true,-2548841.385578,1.000000
max_waiting,dqn__mask_false,maskable_dqn__mask_true,-2533226.413568,1.000000
max_waiting,dqn__mask_false,maskable_dqn__mask_true,-2517611.441558,1.000000
max_waiting,dqn__mask_false,maskable_dqn__mask_true,-2501996.469548,1.000000
max_waiting,dqn__mask_false,maskable_dqn__mask_true,-2486381.497538,1.000000
max_waiting,dqn__mask_false,maskable_dqn__mask_true,-2470766.525528,1.000000
max_waiting,dqn__mask_false,maskable_dqn__mask_true,-2455151.553518,1.000000
max_waiting,dqn__mask_false,maskable_dqn__mask_true,-2439536.581508,1.000000
max_waiting,dqn__mask_false,maskable_dqn__mask_true,-2423921.609497,1.000000
max_waiting,dqn__mask_false,maskable_dqn__mask_true,-2408306.637487,1.000000
max_waiting,dqn__mask_false,maskable_dqn__mask_true,-2392691.665477,1.000000
max_waiting,dqn__mask_false,maskable_dqn__mask_true,-2377076.693467,1.000000
max_waiting,dqn__mask_false,maskable_dqn__mask_true,-2361461.721457,1.000000
max_waiting,dqn__mask_false,maskable_dqn__mask_true,-2345846.749447,1.000000
max_waiting,dqn__mask_false,maskable_dqn__mask_true,-2330231.777437,1.000000
max_waiting,dqn__mask_false,maskable_dqn__mask_true,-2314616.805427,1.000000
max_waiting,dqn__mask_false,maskable_dqn__mask_true,-2299001.833417,1.000000
max_waiting,dqn__mask_false,maskable_dqn__mask_true,-2283386.861407,1.000000
max_waiting,dqn__mask_false,maskable_dqn__mask_true,-2267771.889397,1.000000
max_waiting,dqn__mask_false,maskable_dqn__mask_true,-2252156.917387,1.000000
max_waiting,dqn__mask_false,maskable_dqn__mask_true,-2236541.945377,1.000000
max_waiting,dqn__mask_false,maskable_dqn__mask_true,-2220926.973367,1.000000
max_waiting,dqn__mask_false,maskable_dqn__mask_true,-2205312.001357,1.000000
max_waiting,dqn__mask_false,maskable_dqn__mask_true,-2189697.029347,1.000000
max_waiting,dqn__mask_false,maskable_dqn__mask_true,-2174082.057337,1.000000
max_waiting,dqn__mask_false,maskable_dqn__mask_true,-2158467.085327,1.000000
max_waiting,dqn__mask_false,maskable_dqn__mask_true,-2142852.113317,1.000000
max_waiting,dqn__mask_false,maskable_dqn__mask_true,-2127237.141307,1.000000
max_waiting,dqn__mask_false,maskable_dqn__mask_true,-2111622.169296,1.000000
max_waiting,dqn__mask_false,maskable_dqn__mask_true,-2096007.197286,1.000000
max_waiting,dqn__mask_false,maskable_dqn__mask_true,-2080392.225276,1.000000
max_waiting,dqn__mask_false,maskable_dqn__mask_true,-2064777.253266,1.000000
max_waiting,dqn__mask_false,maskable_dqn__mask_true,-2049162.281256,1.000000
max_waiting,dqn__mask_false,maskable_dqn__mask_true,-2033547.309246,1.000000
max_waiting,dqn__mask_false,maskable_dqn__mask_true,-2017932.337236,1.000000
max_waiting,dqn__mask_false,maskable_dqn__mask_true,-2002317.365226,1.000000
max_waiting,dqn__mask_false,maskable_dqn__mask_true,-1986702.393216,1.000000
max_waiting,dqn__mask_false,maskable_dqn__mask_true,-1971087.421206,1.000000
max_waiting,dqn__mask_false,maskable_dqn__mask_true,-1955472.449196,1.000000
max_waiting,dqn__mask_false,maskable_dqn__mask_true,-1939857.477186,1.000000
max_waiting,dqn__mask_false,maskable_dqn__mask_true,-1924242.505176,1.000000
max_waiting,dqn__mask_false,maskable_dqn__mask_true,-1908627.533166,1.000000
max_waiting,dqn__mask_false,maskable_dqn__mask_true,-1893012.561156,1.000000
max_waiting,dqn__mask_false,maskable_dqn__mask_true,-1877397.589146,1.000000
max_waiting,dqn__mask_false,maskable_dqn__mask_true,-1861782.617136,1.000000
max_waiting,dqn__mask_false,maskable_dqn__mask_true,-1846167.645126,1.000000
max_waiting,dqn__mask_false,maskable_dqn__mask_true,-1830552.673116,1.000000
max_waiting,dqn__mask_false,maskable_dqn__mask_true,-1814937.701106,1.000000
max_waiting,dqn__mask_false,maskable_dqn__mask_true,-1799322.729095,1.000000
max_waiting,dqn__mask_false,maskable_dqn__mask_true,-1783707.757085,1.000000
max_waiting,dqn__mask_false,maskable_dqn__mask_true,-1768092.785075,1.000000
max_waiting,dqn__mask_false,maskable_dqn__mask_true,-1752477.813065,1.000000
max_waiting,dqn__mask_false,maskable_dqn__mask_true,-1736862.841055,1.000000
max_waiting,dqn__mask_false,maskable_dqn__mask_true,-1721247.869045,0.921875
max_waiting,dqn__mask_false,maskable_dqn__mask_true,-1705632.897035,0.921875
max_waiting,dqn__mask_false,maskable_dqn__mask_true,-1690017.925025,0.921875
max_waiting,dqn__mask_false,maskable_dqn__mask_true,-1674402.953015,0.845703
max_waiting,dqn__mask_false,maskable_dqn__mask_true,-1658787.981005,0.769531
max_waiting,dqn__mask_false,maskable_dqn__mask_true,-1643173.008995,0.695312
max_waiting,dqn__mask_false,maskable_dqn__mask_true,-1627558.036985,0.695312
max_waiting,dqn__mask_false,maskable_dqn__mask_true,-1611943.064975,0.625000
max_waiting,dqn__mask_false,maskable_dqn__mask_true,-1596328.092965,0.625000
max_waiting,dqn__mask_false,maskable_dqn__mask_true,-1580713.120955,0.556641
max_waiting,dqn__mask_false,maskable_dqn__mask_true,-1565098.148945,0.556641
max_waiting,dqn__mask_false,maskable_dqn__mask_true,-1549483.176935,0.492188
max_waiting,dqn__mask_false,maskable_dqn__mask_true,-1533868.204925,0.492188
max_waiting,dqn__mask_false,maskable_dqn__mask_true,-1518253.232915,0.492188
max_waiting,dqn__mask_false,maskable_dqn__mask_true,-1502638.260905,0.431641
max_waiting,dqn__mask_false,maskable_dqn__mask_true,-1487023.288894,0.431641
max_waiting,dqn__mask_false,maskable_dqn__mask_true,-1471408.316884,0.322266
max_waiting,dqn__mask_false,maskable_dqn__mask_true,-1455793.344874,0.322266
max_waiting,dqn__mask_false,maskable_dqn__mask_true,-1440178.372864,0.275391
max_waiting,dqn__mask_false,maskable_dqn__mask_true,-1424563.400854,0.232422
max_waiting,dqn__mask_false,maskable_dqn__mask_true,-1408948.428844,0.193359
max_waiting,dqn__mask_false,maskable_dqn__mask_true,-1393333.456834,0.193359
max_waiting,dqn__mask_false,maskable_dqn__mask_true,-1377718.484824,0.105469
max_waiting,dqn__mask_false,maskable_dqn__mask_true,-1362103.512814,0.105469
max_waiting,dqn__mask_false,maskable_dqn__mask_true,-1346488.540804,0.048828
max_waiting,dqn__mask_false,maskable_dqn__mask_true,-1330873.568794,0.048828
max_waiting,dqn__mask_false,maskable_dqn__mask_true,-1315258.596784,0.027344
max_waiting,dqn__mask_false,maskable_dqn__mask_true,-1299643.624774,0.027344
max_waiting,dqn__mask_false,maskable_dqn__mask_true,-1284028.652764,0.027344
max_waiting,dqn__mask_false,maskable_dqn__mask_true,-1268413.680754,0.027344
max_waiting,dqn__mask_false,maskable_dqn__mask_true,-1252798.708744,0.027344
max_waiting,dqn__mask_false,maskable_dqn__mask_true,-1237183.736734,0.027344
max_waiting,dqn__mask_false,maskable_dqn__mask_true,-1221568.764724,0.027344
max_waiting,dqn__mask_false,maskable_dqn__mask_true,-1205953.792714,0.027344
max_waiting,dqn__mask_false,maskable_dqn__mask_true,-1190338.820704,0.027344
max_waiting,dqn__mask_false,maskable_dqn__mask_true,-1174723.848693,0.027344
max_waiting,dqn__mask_false,maskable_dqn__mask_true,-1159108.876683,0.027344
max_waiting,dqn__mask_false,maskable_dqn__mask_true,-1143493.904673,0.027344
max_waiting,dqn__mask_false,maskable_dqn__mask_true,-1127878.932663,0.027344
max_waiting,dqn__mask_false,maskable_dqn__mask_true,-1112263.960653,0.027344
max_waiting,dqn__mask_false,maskable_dqn__mask_true,-1096648.988643,0.027344
max_waiting,dqn__mask_false,maskable_dqn__mask_true,-1081034.016633,0.027344
max_waiting,dqn__mask_false,maskable_dqn__mask_true,-1065419.044623,0.027344
max_waiting,dqn__mask_false,maskable_dqn__mask_true,-1049804.072613,0.027344
max_waiting,dqn__mask_false,maskable_dqn__mask_true,-1034189.100603,0.027344
max_waiting,dqn__mask_false,maskable_dqn__mask_true,-1018574.128593,0.027344
max_waiting,dqn__mask_false,maskable_dqn__mask_true,-1002959.156583,0.027344
max_waiting,dqn__mask_false,maskable_dqn__mask_true,-987344.184573,0.027344
max_waiting,dqn__mask_false,maskable_dqn__mask_true,-971729.212563,0.027344
max_waiting,dqn__mask_false,maskable_dqn__mask_true,-956114.240553,0.027344
max_waiting,dqn__mask_false,maskable_dqn__mask_true,-940499.268543,0.027344
max_waiting,dqn__mask_false,maskable_dqn__mask_true,-924884.296533,0.027344
max_waiting,dqn__mask_false,maskable_dqn__mask_true,-909269.324523,0.027344
max_waiting,dqn__mask_false,maskable_dqn__mask_true,-893654.352513,0.027344
max_waiting,dqn__mask_false,maskable_dqn__mask_true,-878039.380503,0.027344
max_waiting,dqn__mask_false,maskable_dqn__mask_true,-862424.408492,0.027344
max_waiting,dqn__mask_false,maskable_dqn__mask_true,-846809.436482,0.027344
max_waiting,dqn__mask_false,maskable_dqn__mask_true,-831194.464472,0.027344
max_waiting,dqn__mask_false,maskable_dqn__mask_true,-815579.492462,0.027344
max_waiting,dqn__mask_false,maskable_dqn__mask_true,-799964.520452,0.027344
max_waiting,dqn__mask_false,maskable_dqn__mask_true,-784349.548442,0.027344
max_waiting,dqn__mask_false,maskable_dqn__mask_true,-768734.576432,0.027344
max_waiting,dqn__mask_false,maskable_dqn__mask_true,-753119.604422,0.027344
max_waiting,dqn__mask_false,maskable_dqn__mask_true,-737504.632412,0.027344
max_waiting,dqn__mask_false,maskable_dqn__mask_true,-721889.660402,0.027344
max_waiting,dqn__mask_false,maskable_dqn__mask_true,-706274.688392,0.027344
max_waiting,dqn__mask_false,maskable_dqn__mask_true,-690659.716382,0.027344
max_waiting,dqn__mask_false,maskable_dqn__mask_true,-675044.744372,0.027344
max_waiting,dqn__mask_false,maskable_dqn__mask_true,-659429.772362,0.027344
max_waiting,dqn__mask_false,maskable_dqn__mask_true,-643814.800352,0.027344
max_waiting,dqn__mask_false,maskable_dqn__mask_true,-628199.828342,0.027344
max_waiting,dqn__mask_false,maskable_dqn__mask_true,-612584.856332,0.027344
max_waiting,dqn__mask_false,maskable_dqn__mask_true,-596969.884322,0.027344
max_waiting,dqn__mask_false,maskable_dqn__mask_true,-581354.912312,0.027344
max_waiting,dqn__mask_false,maskable_dqn__mask_true,-565739.940302,0.027344
max_waiting,dqn__mask_false,maskable_dqn__mask_true,-550124.968291,0.027344
max_waiting,dqn__mask_false,maskable_dqn__mask_true,-534509.996281,0.027344
max_waiting,dqn__mask_false,maskable_dqn__mask_true,-518895.024271,0.027344
max_waiting,dqn__mask_false,maskable_dqn__mask_true,-503280.052261,0.027344
max_waiting,dqn__mask_false,maskable_dqn__mask_true,-487665.080251,0.027344
max_waiting,dqn__mask_false,maskable_dqn__mask_true,-472050.108241,0.027344
max_waiting,dqn__mask_false,maskable_dqn__mask_true,-456435.136231,0.027344
max_waiting,dqn__mask_false,maskable_dqn__mask_true,-440820.164221,0.027344
max_waiting,dqn__mask_false,maskable_dqn__mask_true,-425205.192211,0.027344
max_waiting,dqn__mask_false,maskable_dqn__mask_true,-409590.220201,0.027344
max_waiting,dqn__mask_false,maskable_dqn__mask_true,-393975.248191,0.027344
max_waiting,dqn__mask_false,maskable_dqn__mask_true,-378360.276181,0.027344
max_waiting,dqn__mask_false,maskable_dqn__mask_true,-362745.304171,0.027344
max_waiting,dqn__mask_false,maskable_dqn__mask_true,-347130.332161,0.027344
max_waiting,dqn__mask_false,maskable_dqn__mask_true,-331515.360151,0.027344
max_waiting,dqn__mask_false,maskable_dqn__mask_true,-315900.388141,0.027344
max_waiting,dqn__mask_false,maskable_dqn__mask_true,-300285.416131,0.027344
max_waiting,dqn__mask_false,maskable_dqn__mask_true,-284670.444121,0.027344
max_waiting,dqn__mask_false,maskable_dqn__mask_true,-269055.472111,0.027344
max_waiting,dqn__mask_false,maskable_dqn__mask_true,-253440.500101,0.027344
max_waiting,dqn__mask_false,maskable_dqn__mask_true,-237825.528090,0.027344
max_waiting,dqn__mask_false,maskable_dqn__mask_true,-222210.556080,0.019531
max_waiting,dqn__mask_false,maskable_dqn__mask_true,-206595.584070,0.019531
max_waiting,dqn__mask_false,maskable_dqn__mask_true,-190980.612060,0.013672
max_waiting,dqn__mask_false,maskable_dqn__mask_true,-175365.640050,0.013672
max_waiting,dqn__mask_false,maskable_dqn__mask_true,-159750.668040,0.009766
max_waiting,dqn__mask_false,maskable_dqn__mask_true,-144135.696030,0.005859
max_waiting,dqn__mask_false,maskable_dqn__mask_true,-128520.724020,0.005859
max_waiting,dqn__mask_false,maskable_dqn__mask_true,-112905.752010,0.003906
max_waiting,dqn__mask_false,maskable_dqn__mask_true,-97290.780000,0.003906
max_waiting,maskable_a2c__mask_true,maskable_dqn__mask_true,-3284625.530000,0.003906
max_waiting,maskable_a2c__mask_true,maskable_dqn__mask_true,-3268461.389447,0.003906
max_waiting,maskable_a2c__mask_true,maskable_dqn__mask_true,-3252297.248894,0.003906
max_waiting,maskable_a2c__mask_true,maskable_dqn__mask_true,-3236133.108342,0.003906
max_waiting,maskable_a2c__mask_true,maskable_dqn__mask_true,-3219968.967789,0.003906
max_waiting,maskable_a2c__mask_true,maskable_dqn__mask_true,-3203804.827236,0.003906
max_waiting,maskable_a2c__mask_true,maskable_dqn__mask_true,-3187640.686683,0.005859
max_waiting,maskable_a2c__mask_true,maskable_dqn__mask_true,-3171476.546131,0.005859
max_waiting,maskable_a2c__mask_true,maskable_dqn__mask_true,-3155312.405578,0.005859
max_waiting,maskable_a2c__mask_true,maskable_dqn__mask_true,-3139148.265025,0.005859
max_waiting,maskable_a2c__mask_true,maskable_dqn__mask_true,-3122984.124472,0.005859
max_waiting,maskable_a2c__mask_true,maskable_dqn__mask_true,-3106819.983920,0.005859
max_waiting,maskable_a2c__mask_true,maskable_dqn__mask_true,-3090655.843367,0.005859
max_waiting,maskable_a2c__mask_true,maskable_dqn__mask_true,-3074491.702814,0.013672
max_waiting,maskable_a2c__mask_true,maskable_dqn__mask_true,-3058327.562261,0.013672
max_waiting,maskable_a2c__mask_true,maskable_dqn__mask_true,-3042163.421709,0.019531
max_waiting,maskable_a2c__mask_true,maskable_dqn__mask_true,-3025999.281156,0.019531
max_waiting,maskable_a2c__mask_true,maskable_dqn__mask_true,-3009835.140603,0.019531
max_waiting,maskable_a2c__mask_true,maskable_dqn__mask_true,-2993671.000050,0.019531
max_waiting,maskable_a2c__mask_true,maskable_dqn__mask_true,-2977506.859497,0.019531
max_waiting,maskable_a2c__mask_true,maskable_dqn__mask_true,-2961342.718945,0.027344
max_waiting,maskable_a2c__mask_true,maskable_dqn__mask_true,-2945178.578392,0.037109
max_waiting,maskable_a2c__mask_true,maskable_dqn__mask_true,-2929014.437839,0.048828
max_waiting,maskable_a2c__mask_true,maskable_dqn__mask_true,-2912850.297286,0.064453
max_waiting,maskable_a2c__mask_true,maskable_dqn__mask_true,-2896686.156734,0.083984
max_waiting,maskable_a2c__mask_true,maskable_dqn__mask_true,-2880522.016181,0.083984
max_waiting,maskable_a2c__mask_true,maskable_dqn__mask_true,-2864357.875628,0.105469
max_waiting,maskable_a2c__mask_true,maskable_dqn__mask_true,-2848193.735075,0.130859
max_waiting,maskable_a2c__mask_true,maskable_dqn__mask_true,-2832029.594523,0.130859
max_waiting,maskable_a2c__mask_true,maskable_dqn__mask_true,-2815865.453970,0.160156
max_waiting,maskable_a2c__mask_true,maskable_dqn__mask_true,-2799701.313417,0.193359
max_waiting,maskable_a2c__mask_true,maskable_dqn__mask_true,-2783537.172864,0.275391
max_waiting,maskable_a2c__mask_true,maskable_dqn__mask_true,-2767373.032312,0.275391
max_waiting,maskable_a2c__mask_true,maskable_dqn__mask_true,-2751208.891759,0.275391
max_waiting,maskable_a2c__mask_true,maskable_dqn__mask_true,-2735044.751206,0.322266
max_waiting,maskable_a2c__mask_true,maskable_dqn__mask_true,-2718880.610653,0.322266
max_waiting,maskable_a2c__mask_true,maskable_dqn__mask_true,-2702716.470101,0.431641
max_waiting,maskable_a2c__mask_true,maskable_dqn__mask_true,-2686552.329548,0.492188
max_waiting,maskable_a2c__mask_true,maskable_dqn__mask_true,-2670388.188995,0.556641
max_waiting,maskable_a2c__mask_true,maskable_dqn__mask_true,-2654224.048442,0.556641
max_waiting,maskable_a2c__mask_true,maskable_dqn__mask_true,-2638059.907889,0.625000
max_waiting,maskable_a2c__mask_true,maskable_dqn__mask_true,-2621895.767337,0.625000
max_waiting,maskable_a2c__mask_true,maskable_dqn__mask_true,-2605731.626784,0.695312
max_waiting,maskable_a2c__mask_true,maskable_dqn__mask_true,-2589567.486231,0.695312
max_waiting,maskable_a2c__mask_true,maskable_dqn__mask_true,-2573403.345678,0.769531
max_waiting,maskable_a2c__mask_true,maskable_dqn__mask_true,-2557239.205126,0.845703
max_waiting,maskable_a2c__mask_true,maskable_dqn__mask_true,-2541075.064573,0.921875
max_waiting,maskable_a2c__mask_true,maskable_dqn__mask_true,-2524910.924020,1.000000
max_waiting,maskable_a2c__mask_true,maskable_dqn__mask_true,-2508746.783467,1.000000
max_waiting,maskable_a2c__mask_true,maskable_dqn__mask_true,-2492582.642915,1.000000
max_waiting,maskable_a2c__mask_true,maskable_dqn__mask_true,-2476418.502362,1.000000
max_waiting,maskable_a2c__mask_true,maskable_dqn__mask_true,-2460254.361809,1.000000
max_waiting,maskable_a2c__mask_true,maskable_dqn__mask_true,-2444090.221256,1.000000
max_waiting,maskable_a2c__mask_true,maskable_dqn__mask_true,-2427926.080704,1.000000
max_waiting,maskable_a2c__mask_true,maskable_dqn__mask_true,-2411761.940151,1.000000
max_waiting,maskable_a2c__mask_true,maskable_dqn__mask_true,-2395597.799598,1.000000
max_waiting,maskable_a2c__mask_true,maskable_dqn__mask_true,-2379433.659045,1.000000
max_waiting,maskable_a2c__mask_true,maskable_dqn__mask_true,-2363269.518492,1.000000
max_waiting,maskable_a2c__mask_true,maskable_dqn__mask_true,-2347105.377940,1.000000
max_waiting,maskable_a2c__mask_true,maskable_dqn__mask_true,-2330941.237387,1.000000
max_waiting,maskable_a2c__mask_true,maskable_dqn__mask_true,-2314777.096834,1.000000
max_waiting,maskable_a2c__mask_true,maskable_dqn__mask_true,-2298612.956281,1.000000
max_waiting,maskable_a2c__mask_true,maskable_dqn__mask_true,-2282448.815729,1.000000
max_waiting,maskable_a2c__mask_true,maskable_dqn__mask_true,-2266284.675176,1.000000
max_waiting,maskable_a2c__mask_true,maskable_dqn__mask_true,-2250120.534623,1.000000
max_waiting,maskable_a2c__mask_true,maskable_dqn__mask_true,-2233956.394070,1.000000
max_waiting,maskable_a2c__mask_true,maskable_dqn__mask_true,-2217792.253518,1.000000
max_waiting,maskable_a2c__mask_true,maskable_dqn__mask_true,-2201628.112965,1.000000
max_waiting,maskable_a2c__mask_true,maskable_dqn__mask_true,-2185463.972412,1.000000
max_waiting,maskable_a2c__mask_true,maskable_dqn__mask_true,-2169299.831859,1.000000
max_waiting,maskable_a2c__mask_true,maskable_dqn__mask_true,-2153135.691307,1.000000
max_waiting,maskable_a2c__mask_true,maskable_dqn__mask_true,-2136971.550754,1.000000
max_waiting,maskable_a2c__mask_true,maskable_dqn__mask_true,-2120807.410201,1.000000
max_waiting,maskable_a2c__mask_true,maskable_dqn__mask_true,-2104643.269648,1.000000
max_waiting,maskable_a2c__mask_true,maskable_dqn__mask_true,-2088479.129095,1.000000
max_waiting,maskable_a2c__mask_true,maskable_dqn__mask_true,-2072314.988543,1.000000
max_waiting,maskable_a2c__mask_true,maskable_dqn__mask_true,-2056150.847990,1.000000
max_waiting,maskable_a2c__mask_true,maskable_dqn__mask_true,-2039986.707437,1.000000
max_waiting,maskable_a2c__mask_true,maskable_dqn__mask_true,-2023822.566884,1.000000
max_waiting,maskable_a2c__mask_true,maskable_dqn__mask_true,-2007658.426332,1.000000
max_waiting,maskable_a2c__mask_true,maskable_dqn__mask_true,-1991494.285779,1.000000
max_waiting,maskable_a2c__mask_true,maskable_dqn__mask_true,-1975330.145226,1.000000
max_waiting,maskable_a2c__mask_true,maskable_dqn__mask_true,-1959166.004673,1.000000
max_waiting,maskable_a2c__mask_true,maskable_dqn__mask_true,-1943001.864121,1.000000
max_waiting,maskable_a2c__mask_true,maskable_dqn__mask_true,-1926837.723568,1.000000
max_waiting,maskable_a2c__mask_true,maskable_dqn__mask_true,-1910673.583015,1.000000
max_waiting,maskable_a2c__mask_true,maskable_dqn__mask_true,-1894509.442462,1.000000
max_waiting,maskable_a2c__mask_true,maskable_dqn__mask_true,-1878345.301910,1.000000
max_waiting,maskable_a2c__mask_true,maskable_dqn__mask_true,-1862181.161357,1.000000
max_waiting,maskable_a2c__mask_true,maskable_dqn__mask_true,-1846017.020804,1.000000
max_waiting,maskable_a2c__mask_true,maskable_dqn__mask_true,-1829852.880251,1.000000
max_waiting,maskable_a2c__mask_true,maskable_dqn__mask_true,-1813688.739698,1.000000
max_waiting,maskable_a2c__mask_true,maskable_dqn__mask_true,-1797524.599146,1.000000
max_waiting,maskable_a2c__mask_true,maskable_dqn__mask_true,-1781360.458593,1.000000
max_waiting,maskable_a2c__mask_true,maskable_dqn__mask_true,-1765196.318040,0.921875
max_waiting,maskable_a2c__mask_true,maskable_dqn__mask_true,-1749032.177487,0.921875
max_waiting,maskable_a2c__mask_true,maskable_dqn__mask_true,-1732868.036935,0.921875
max_waiting,maskable_a2c__mask_true,maskable_dqn__mask_true,-1716703.896382,0.845703
max_waiting,maskable_a2c__mask_true,maskable_dqn__mask_true,-1700539.755829,0.845703
max_waiting,maskable_a2c__mask_true,maskable_dqn__mask_true,-1684375.615276,0.845703
max_waiting,maskable_a2c__mask_true,maskable_dqn__mask_true,-1668211.474724,0.769531
max_waiting,maskable_a2c__mask_true,maskable_dqn__mask_true,-1652047.334171,0.695312
max_waiting,maskable_a2c__mask_true,maskable_dqn__mask_true,-1635883.193618,0.695312
max_waiting,maskable_a2c__mask_true,maskable_dqn__mask_true,-1619719.053065,0.695312
max_waiting,maskable_a2c__mask_true,maskable_dqn__mask_true,-1603554.912513,0.625000
max_waiting,maskable_a2c__mask_true,maskable_dqn__mask_true,-1587390.771960,0.625000
max_waiting,maskable_a2c__mask_true,maskable_dqn__mask_true,-1571226.631407,0.556641
max_waiting,maskable_a2c__mask_true,maskable_dqn__mask_true,-1555062.490854,0.556641
max_waiting,maskable_a2c__mask_true,maskable_dqn__mask_true,-1538898.350302,0.492188
max_waiting,maskable_a2c__mask_true,maskable_dqn__mask_true,-1522734.209749,0.492188
max_waiting,maskable_a2c__mask_true,maskable_dqn__mask_true,-1506570.069196,0.375000
max_waiting,maskable_a2c__mask_true,maskable_dqn__mask_true,-1490405.928643,0.375000
max_waiting,maskable_a2c__mask_true,maskable_dqn__mask_true,-1474241.788090,0.375000
max_waiting,maskable_a2c__mask_true,maskable_dqn__mask_true,-1458077.647538,0.275391
max_waiting,maskable_a2c__mask_true,maskable_dqn__mask_true,-1441913.506985,0.275391
max_waiting,maskable_a2c__mask_true,maskable_dqn__mask_true,-1425749.366432,0.232422
max_waiting,maskable_a2c__mask_true,maskable_dqn__mask_true,-1409585.225879,0.193359
max_waiting,maskable_a2c__mask_true,maskable_dqn__mask_true,-1393421.085327,0.193359
max_waiting,maskable_a2c__mask_true,maskable_dqn__mask_true,-1377256.944774,0.130859
max_waiting,maskable_a2c__mask_true,maskable_dqn__mask_true,-1361092.804221,0.105469
max_waiting,maskable_a2c__mask_true,maskable_dqn__mask_true,-1344928.663668,0.083984
max_waiting,maskable_a2c__mask_true,maskable_dqn__mask_true,-1328764.523116,0.064453
max_waiting,maskable_a2c__mask_true,maskable_dqn__mask_true,-1312600.382563,0.048828
max_waiting,maskable_a2c__mask_true,maskable_dqn__mask_true,-1296436.242010,0.037109
max_waiting,maskable_a2c__mask_true,maskable_dqn__mask_true,-1280272.101457,0.027344
max_waiting,maskable_a2c__mask_true,maskable_dqn__mask_true,-1264107.960905,0.027344
max_waiting,maskable_a2c__mask_true,maskable_dqn__mask_true,-1247943.820352,0.027344
max_waiting,maskable_a2c__mask_true,maskable_dqn__mask_true,-1231779.679799,0.027344
max_waiting,maskable_a2c__mask_true,maskable_dqn__mask_true,-1215615.539246,0.027344
max_waiting,maskable_a2c__mask_true,maskable_dqn__mask_true,-1199451.398693,0.027344
max_waiting,maskable_a2c__mask_true,maskable_dqn__mask_true,-1183287.258141,0.027344
max_waiting,maskable_a2c__mask_true,maskable_dqn__mask_true,-1167123.117588,0.027344
max_waiting,maskable_a2c__mask_true,maskable_dqn__mask_true,-1150958.977035,0.027344
max_waiting,maskable_a2c__mask_true,maskable_dqn__mask_true,-1134794.836482,0.027344
max_waiting,maskable_a2c__mask_true,maskable_dqn__mask_true,-1118630.695930,0.027344
max_waiting,maskable_a2c__mask_true,maskable_dqn__mask_true,-1102466.555377,0.027344
max_waiting,maskable_a2c__mask_true,maskable_dqn__mask_true,-1086302.414824,0.027344
max_waiting,maskable_a2c__mask_true,maskable_dqn__mask_true,-1070138.274271,0.027344
max_waiting,maskable_a2c__mask_true,maskable_dqn__mask_true,-1053974.133719,0.027344
max_waiting,maskable_a2c__mask_true,maskable_dqn__mask_true,-1037809.993166,0.027344
max_waiting,maskable_a2c__mask_true,maskable_dqn__mask_true,-1021645.852613,0.027344
max_waiting,maskable_a2c__mask_true,maskable_dqn__mask_true,-1005481.712060,0.027344
max_waiting,maskable_a2c__mask_true,maskable_dqn__mask_true,-989317.571508,0.027344
max_waiting,maskable_a2c__mask_true,maskable_dqn__mask_true,-973153.430955,0.027344
max_waiting,maskable_a2c__mask_true,maskable_dqn__mask_true,-956989.290402,0.027344
max_waiting,maskable_a2c__mask_true,maskable_dqn__mask_true,-940825.149849,0.027344
max_waiting,maskable_a2c__mask_true,maskable_dqn__mask_true,-924661.009296,0.027344
max_waiting,maskable_a2c__mask_true,maskable_dqn__mask_true,-908496.868744,0.027344
max_waiting,maskable_a2c__mask_true,maskable_dqn__mask_true,-892332.728191,0.027344
max_waiting,maskable_a2c__mask_true,maskable_dqn__mask_true,-876168.587638,0.027344
max_waiting,maskable_a2c__mask_true,maskable_dqn__mask_true,-860004.447085,0.027344
max_waiting,maskable_a2c__mask_true,maskable_dqn__mask_true,-843840.306533,0.027344
max_waiting,maskable_a2c__mask_true,maskable_dqn__mask_true,-827676.165980,0.027344
max_waiting,maskable_a2c__mask_true,maskable_dqn__mask_true,-811512.025427,0.027344
max_waiting,maskable_a2c__mask_true,maskable_dqn__mask_true,-795347.884874,0.027344
max_waiting,maskable_a2c__mask_true,maskable_dqn__mask_true,-779183.744322,0.027344
max_waiting,maskable_a2c__mask_true,maskable_dqn__mask_true,-763019.603769,0.027344
max_waiting,maskable_a2c__mask_true,maskable_dqn__mask_true,-746855.463216,0.027344
max_waiting,maskable_a2c__mask_true,maskable_dqn__mask_true,-730691.322663,0.027344
max_waiting,maskable_a2c__mask_true,maskable_dqn__mask_true,-714527.182111,0.027344
max_waiting,maskable_a2c__mask_true,maskable_dqn__mask_true,-698363.041558,0.027344
max_waiting,maskable_a2c__mask_true,maskable_dqn__mask_true,-682198.901005,0.027344
max_waiting,maskable_a2c__mask_true,maskable_dqn__mask_true,-666034.760452,0.027344
max_waiting,maskable_a2c__mask_true,maskable_dqn__mask_true,-649870.619899,0.027344
max_waiting,maskable_a2c__mask_true,maskable_dqn__mask_true,-633706.479347,0.027344
max_waiting,maskable_a2c__mask_true,maskable_dqn__mask_true,-617542.338794,0.027344
max_waiting,maskable_a2c__mask_true,maskable_dqn__mask_true,-601378.198241,0.027344
max_waiting,maskable_a2c__mask_true,maskable_dqn__mask_true,-585214.057688,0.027344
max_waiting,maskable_a2c__mask_true,maskable_dqn__mask_true,-569049.917136,0.027344
max_waiting,maskable_a2c__mask_true,maskable_dqn__mask_true,-552885.776583,0.027344
max_waiting,maskable_a2c__mask_true,maskable_dqn__mask_true,-536721.636030,0.027344
max_waiting,maskable_a2c__mask_true,maskable_dqn__mask_true,-520557.495477,0.027344
max_waiting,maskable_a2c__mask_true,maskable_dqn__mask_true,-504393.354925,0.027344
max_waiting,maskable_a2c__mask_true,maskable_dqn__mask_true,-488229.214372,0.027344
max_waiting,maskable_a2c__mask_true,maskable_dqn__mask_true,-472065.073819,0.027344
max_waiting,maskable_a2c__mask_true,maskable_dqn__mask_true,-455900.933266,0.027344
max_waiting,maskable_a2c__mask_true,maskable_dqn__mask_true,-439736.792714,0.027344
max_waiting,maskable_a2c__mask_true,maskable_dqn__mask_true,-423572.652161,0.027344
max_waiting,maskable_a2c__mask_true,maskable_dqn__mask_true,-407408.511608,0.027344
max_waiting,maskable_a2c__mask_true,maskable_dqn__mask_true,-391244.371055,0.027344
max_waiting,maskable_a2c__mask_true,maskable_dqn__mask_true,-375080.230503,0.027344
max_waiting,maskable_a2c__mask_true,maskable_dqn__mask_true,-358916.089950,0.027344
max_waiting,maskable_a2c__mask_true,maskable_dqn__mask_true,-342751.949397,0.027344
max_waiting,maskable_a2c__mask_true,maskable_dqn__mask_true,-326587.808844,0.027344
max_waiting,maskable_a2c__mask_true,maskable_dqn__mask_true,-310423.668291,0.027344
max_waiting,maskable_a2c__mask_true,maskable_dqn__mask_true,-294259.527739,0.027344
max_waiting,maskable_a2c__mask_true,maskable_dqn__mask_true,-278095.387186,0.027344
max_waiting,maskable_a2c__mask_true,maskable_dqn__mask_true,-261931.246633,0.027344
max_waiting,maskable_a2c__mask_true,maskable_dqn__mask_true,-245767.106080,0.027344
max_waiting,maskable_a2c__mask_true,maskable_dqn__mask_true,-229602.965528,0.019531
max_waiting,maskable_a2c__mask_true,maskable_dqn__mask_true,-213438.824975,0.019531
max_waiting,maskable_a2c__mask_true,maskable_dqn__mask_true,-197274.684422,0.019531
max_waiting,maskable_a2c__mask_true,maskable_dqn__mask_true,-181110.543869,0.013672
max_waiting,maskable_a2c__mask_true,maskable_dqn__mask_true,-164946.403317,0.013672
max_waiting,maskable_a2c__mask_true,maskable_dqn__mask_true,-148782.262764,0.013672
max_waiting,maskable_a2c__mask_true,maskable_dqn__mask_true,-132618.122211,0.005859
max_waiting,maskable_a2c__mask_true,maskable_dqn__mask_true,-116453.981658,0.005859
max_waiting,maskable_a2c__mask_true,maskable_dqn__mask_true,-100289.841106,0.003906
max_waiting,maskable_a2c__mask_true,maskable_dqn__mask_true,-84125.700553,0.003906
max_waiting,maskable_a2c__mask_true,maskable_dqn__mask_true,-67961.560000,0.003906
max_waiting,maskable_dqn__mask_true,ppo__mask_false,79831.720000,0.003906
max_waiting,maskable_dqn__mask_true,ppo__mask_false,96003.022111,0.003906
max_waiting,maskable_dqn__mask_true,ppo__mask_false,112174.324221,0.005859
max_waiting,maskable_dqn__mask_true,ppo__mask_false,128345.626332,0.005859
max_waiting,maskable_dqn__mask_true,ppo__mask_false,144516.928442,0.005859
max_waiting,maskable_dqn__mask_true,ppo__mask_false,160688.230553,0.009766
max_waiting,maskable_dqn__mask_true,ppo__mask_false,176859.532663,0.013672
max_waiting,maskable_dqn__mask_true,ppo__mask_false,193030.834774,0.013672
max_waiting,maskable_dqn__mask_true,ppo__mask_false,209202.136884,0.019531
max_waiting,maskable_dqn__mask_true,ppo__mask_false,225373.438995,0.019531
max_waiting,maskable_dqn__mask_true,ppo__mask_false,241544.741106,0.019531
max_waiting,maskable_dqn__mask_true,ppo__mask_false,257716.043216,0.027344
max_waiting,maskable_dqn__mask_true,ppo__mask_false,273887.345327,0.027344
max_waiting,maskable_dqn__mask_true,ppo__mask_false,290058.647437,0.027344
max_waiting,maskable_dqn__mask_true,ppo__mask_false,306229.949548,0.027344
max_waiting,maskable_dqn__mask_true,ppo__mask_false,322401.251658,0.027344
max_waiting,maskable_dqn__mask_true,ppo__mask_false,338572.553769,0.027344
max_waiting,maskable_dqn__mask_true,ppo__mask_false,354743.855879,0.027344
max_waiting,maskable_dqn__mask_true,ppo__mask_false,370915.157990,0.027344
max_waiting,maskable_dqn__mask_true,ppo__mask_false,387086.460101,0.027344
max_waiting,maskable_dqn__mask_true,ppo__mask_false,403257.762211,0.027344
max_waiting,maskable_dqn__mask_true,ppo__mask_false,419429.064322,0.027344
max_waiting,maskable_dqn__mask_true,ppo__mask_false,435600.366432,0.027344
max_waiting,maskable_dqn__mask_true,ppo__mask_false,451771.668543,0.027344
max_waiting,maskable_dqn__mask_true,ppo__mask_false,467942.970653,0.027344
max_waiting,maskable_dqn__mask_true,ppo__mask_false,484114.272764,0.027344
max_waiting,maskable_dqn__mask_true,ppo__mask_false,500285.574874,0.027344
max_waiting,maskable_dqn__mask_true,ppo__mask_false,516456.876985,0.027344
max_waiting,maskable_dqn__mask_true,ppo__mask_false,532628.179095,0.027344
max_waiting,maskable_dqn__mask_true,ppo__mask_false,548799.481206,0.027344
max_waiting,maskable_dqn__mask_true,ppo__mask_false,564970.783317,0.027344
max_waiting,maskable_dqn__mask_true,ppo__mask_false,581142.085427,0.027344
max_waiting,maskable_dqn__mask_true,ppo__mask_false,597313.387538,0.027344
max_waiting,maskable_dqn__mask_true,ppo__mask_false,613484.689648,0.027344
max_waiting,maskable_dqn__mask_true,ppo__mask_false,629655.991759,0.027344
max_waiting,maskable_dqn__mask_true,ppo__mask_false,645827.293869,0.027344
max_waiting,maskable_dqn__mask_true,ppo__mask_false,661998.595980,0.027344
max_waiting,maskable_dqn__mask_true,ppo__mask_false,678169.898090,0.027344
max_waiting,maskable_dqn__mask_true,ppo__mask_false,694341.200201,0.027344
max_waiting,maskable_dqn__mask_true,ppo__mask_false,710512.502312,0.027344
max_waiting,maskable_dqn__mask_true,ppo__mask_false,726683.804422,0.027344
max_waiting,maskable_dqn__mask_true,ppo__mask_false,742855.106533,0.027344
max_waiting,maskable_dqn__mask_true,ppo__mask_false,759026.408643,0.027344
max_waiting,maskable_dqn__mask_true,ppo__mask_false,775197.710754,0.027344
max_waiting,maskable_dqn__mask_true,ppo__mask_false,791369.012864,0.027344
max_waiting,maskable_dqn__mask_true,ppo__mask_false,807540.314975,0.027344
max_waiting,maskable_dqn__mask_true,ppo__mask_false,823711.617085,0.027344
max_waiting,maskable_dqn__mask_true,ppo__mask_false,839882.919196,0.027344
max_waiting,maskable_dqn__mask_true,ppo__mask_false,856054.221307,0.027344
max_waiting,maskable_dqn__mask_true,ppo__mask_false,872225.523417,0.027344
max_waiting,maskable_dqn__mask_true,ppo__mask_false,888396.825528,0.027344
max_waiting,maskable_dqn__mask_true,ppo__mask_false,904568.127638,0.027344
max_waiting,maskable_dqn__mask_true,ppo__mask_false,920739.429749,0.027344
max_waiting,maskable_dqn__mask_true,ppo__mask_false,936910.731859,0.027344
max_waiting,maskable_dqn__mask_true,ppo__mask_false,953082.033970,0.027344
max_waiting,maskable_dqn__mask_true,ppo__mask_false,969253.336080,0.027344
max_waiting,maskable_dqn__mask_true,ppo__mask_false,985424.638191,0.027344
max_waiting,maskable_dqn__mask_true,ppo__mask_false,1001595.940302,0.027344
max_waiting,maskable_dqn__mask_true,ppo__mask_false,1017767.242412,0.027344
max_waiting,maskable_dqn__mask_true,ppo__mask_false,1033938.544523,0.027344
max_waiting,maskable_dqn__mask_true,ppo__mask_false,1050109.846633,0.027344
max_waiting,maskable_dqn__mask_true,ppo__mask_false,1066281.148744,0.027344
max_waiting,maskable_dqn__mask_true,ppo__mask_false,1082452.450854,0.027344
max_waiting,maskable_dqn__mask_true,ppo__mask_false,1098623.752965,0.027344
max_waiting,maskable_dqn__mask_true,ppo__mask_false,1114795.055075,0.027344
max_waiting,maskable_dqn__mask_true,ppo__mask_false,1130966.357186,0.027344
max_waiting,maskable_dqn__mask_true,ppo__mask_false,1147137.659296,0.027344
max_waiting,maskable_dqn__mask_true,ppo__mask_false,1163308.961407,0.027344
max_waiting,maskable_dqn__mask_true,ppo__mask_false,1179480.263518,0.027344
max_waiting,maskable_dqn__mask_true,ppo__mask_false,1195651.565628,0.027344
max_waiting,maskable_dqn__mask_true,ppo__mask_false,1211822.867739,0.027344
max_waiting,maskable_dqn__mask_true,ppo__mask_false,1227994.169849,0.027344
max_waiting,maskable_dqn__mask_true,ppo__mask_false,1244165.471960,0.027344
max_waiting,maskable_dqn__mask_true,ppo__mask_false,1260336.774070,0.027344
max_waiting,maskable_dqn__mask_true,ppo__mask_false,1276508.076181,0.027344
max_waiting,maskable_dqn__mask_true,ppo__mask_false,1292679.378291,0.027344
max_waiting,maskable_dqn__mask_true,ppo__mask_false,1308850.680402,0.048828
max_waiting,maskable_dqn__mask_true,ppo__mask_false,1325021.982513,0.048828
max_waiting,maskable_dqn__mask_true,ppo__mask_false,1341193.284623,0.105469
max_waiting,maskable_dqn__mask_true,ppo__mask_false,1357364.586734,0.105469
max_waiting,maskable_dqn__mask_true,ppo__mask_false,1373535.888844,0.105469
max_waiting,maskable_dqn__mask_true,ppo__mask_false,1389707.190955,0.160156
max_waiting,maskable_dqn__mask_true,ppo__mask_false,1405878.493065,0.193359
max_waiting,maskable_dqn__mask_true,ppo__mask_false,1422049.795176,0.193359
max_waiting,maskable_dqn__mask_true,ppo__mask_false,1438221.097286,0.275391
max_waiting,maskable_dqn__mask_true,ppo__mask_false,1454392.399397,0.275391
max_waiting,maskable_dqn__mask_true,ppo__mask_false,1470563.701508,0.322266
max_waiting,maskable_dqn__mask_true,ppo__mask_false,1486735.003618,0.375000
max_waiting,maskable_dqn__mask_true,ppo__mask_false,1502906.305729,0.375000
max_waiting,maskable_dqn__mask_true,ppo__mask_false,1519077.607839,0.492188
max_waiting,maskable_dqn__mask_true,ppo__mask_false,1535248.909950,0.492188
max_waiting,maskable_dqn__mask_true,ppo__mask_false,1551420.212060,0.492188
max_waiting,maskable_dqn__mask_true,ppo__mask_false,1567591.514171,0.556641
max_waiting,maskable_dqn__mask_true,ppo__mask_false,1583762.816281,0.625000
max_waiting,maskable_dqn__mask_true,ppo__mask_false,1599934.118392,0.625000
max_waiting,maskable_dqn__mask_true,ppo__mask_false,1616105.420503,0.625000
max_waiting,maskable_dqn__mask_true,ppo__mask_false,1632276.722613,0.695312
max_waiting,maskable_dqn__mask_true,ppo__mask_false,1648448.024724,0.695312
max_waiting,maskable_dqn__mask_true,ppo__mask_false,1664619.326834,0.695312
max_waiting,maskable_dqn__mask_true,ppo__mask_false,1680790.628945,0.769531
max_waiting,maskable_dqn__mask_true,ppo__mask_false,1696961.931055,0.845703
max_waiting,maskable_dqn__mask_true,ppo__mask_false,1713133.233166,0.845703
max_waiting,maskable_dqn__mask_true,ppo__mask_false,1729304.535276,0.845703
max_waiting,maskable_dqn__mask_true,ppo__mask_false,1745475.837387,0.921875
max_waiting,maskable_dqn__mask_true,ppo__mask_false,1761647.139497,0.921875
max_waiting,maskable_dqn__mask_true,ppo__mask_false,1777818.441608,0.921875
max_waiting,maskable_dqn__mask_true,ppo__mask_false,1793989.743719,1.000000
max_waiting,maskable_dqn__mask_true,ppo__mask_false,1810161.045829,1.000000
max_waiting,maskable_dqn__mask_true,ppo__mask_false,1826332.347940,1.000000
max_waiting,maskable_dqn__mask_true,ppo__mask_false,1842503.650050,1.000000
max_waiting,maskable_dqn__mask_true,ppo__mask_false,1858674.952161,1.000000
max_waiting,maskable_dqn__mask_true,ppo__mask_false,1874846.254271,1.000000
max_waiting,maskable_dqn__mask_true,ppo__mask_false,1891017.556382,1.000000
max_waiting,maskable_dqn__mask_true,ppo__mask_false,1907188.858492,1.000000
max_waiting,maskable_dqn__mask_true,ppo__mask_false,1923360.160603,1.000000
max_waiting,maskable_dqn__mask_true,ppo__mask_false,1939531.462714,1.000000
max_waiting,maskable_dqn__mask_true,ppo__mask_false,1955702.764824,1.000000
max_waiting,maskable_dqn__mask_true,ppo__mask_false,1971874.066935,1.000000
max_waiting,maskable_dqn__mask_true,ppo__mask_false,1988045.369045,1.000000
max_waiting,maskable_dqn__mask_true,ppo__mask_false,2004216.671156,1.000000
max_waiting,maskable_dqn__mask_true,ppo__mask_false,2020387.973266,1.000000
max_waiting,maskable_dqn__mask_true,ppo__mask_false,2036559.275377,1.000000
max_waiting,maskable_dqn__mask_true,ppo__mask_false,2052730.577487,1.000000
max_waiting,maskable_dqn__mask_true,ppo__mask_false,2068901.879598,1.000000
max_waiting,maskable_dqn__mask_true,ppo__mask_false,2085073.181709,1.000000
max_waiting,maskable_dqn__mask_true,ppo__mask_false,2101244.483819,1.000000
max_waiting,maskable_dqn__mask_true,ppo__mask_false,2117415.785930,1.000000
max_waiting,maskable_dqn__mask_true,ppo__mask_false,2133587.088040,1.000000
max_waiting,maskable_dqn__mask_true,ppo__mask_false,2149758.390151,1.000000
max_waiting,maskable_dqn__mask_true,ppo__mask_false,2165929.692261,1.000000
max_waiting,maskable_dqn__mask_true,ppo__mask_false,2182100.994372,1.000000
max_waiting,maskable_dqn__mask_true,ppo__mask_false,2198272.296482,1.000000
max_waiting,maskable_dqn__mask_true,ppo__mask_false,2214443.598593,1.000000
max_waiting,maskable_dqn__mask_true,ppo__mask_false,2230614.900704,1.000000
max_waiting,maskable_dqn__mask_true,ppo__mask_false,2246786.202814,1.000000
max_waiting,maskable_dqn__mask_true,ppo__mask_false,2262957.504925,1.000000
max_waiting,maskable_dqn__mask_true,ppo__mask_false,2279128.807035,1.000000
max_waiting,maskable_dqn__mask_true,ppo__mask_false,2295300.109146,1.000000
max_waiting,maskable_dqn__mask_true,ppo__mask_false,2311471.411256,1.000000
max_waiting,maskable_dqn__mask_true,ppo__mask_false,2327642.713367,1.000000
max_waiting,maskable_dqn__mask_true,ppo__mask_false,2343814.015477,1.000000
max_waiting,maskable_dqn__mask_true,ppo__mask_false,2359985.317588,1.000000
max_waiting,maskable_dqn__mask_true,ppo__mask_false,2376156.619698,1.000000
max_waiting,maskable_dqn__mask_true,ppo__mask_false,2392327.921809,1.000000
max_waiting,maskable_dqn__mask_true,ppo__mask_false,2408499.223920,1.000000
max_waiting,maskable_dqn__mask_true,ppo__mask_false,2424670.526030,1.000000
max_waiting,maskable_dqn__mask_true,ppo__mask_false,2440841.828141,1.000000
max_waiting,maskable_dqn__mask_true,ppo__mask_false,2457013.130251,1.000000
max_waiting,maskable_dqn__mask_true,ppo__mask_false,2473184.432362,1.000000
max_waiting,maskable_dqn__mask_true,ppo__mask_false,2489355.734472,1.000000
max_waiting,maskable_dqn__mask_true,ppo__mask_false,2505527.036583,1.000000
max_waiting,maskable_dqn__mask_true,ppo__mask_false,2521698.338693,1.000000
max_waiting,maskable_dqn__mask_true,ppo__mask_false,2537869.640804,0.845703
max_waiting,maskable_dqn__mask_true,ppo__mask_false,2554040.942915,0.845703
max_waiting,maskable_dqn__mask_true,ppo__mask_false,2570212.245025,0.695312
max_waiting,maskable_dqn__mask_true,ppo__mask_false,2586383.547136,0.695312
max_waiting,maskable_dqn__mask_true,ppo__mask_false,2602554.849246,0.695312
max_waiting,maskable_dqn__mask_true,ppo__mask_false,2618726.151357,0.625000
max_waiting,maskable_dqn__mask_true,ppo__mask_false,2634897.453467,0.625000
max_waiting,maskable_dqn__mask_true,ppo__mask_false,2651068.755578,0.556641
max_waiting,maskable_dqn__mask_true,ppo__mask_false,2667240.057688,0.492188
max_waiting,maskable_dqn__mask_true,ppo__mask_false,2683411.359799,0.492188
max_waiting,maskable_dqn__mask_true,ppo__mask_false,2699582.661910,0.322266
max_waiting,maskable_dqn__mask_true,ppo__mask_false,2715753.964020,0.322266
max_waiting,maskable_dqn__mask_true,ppo__mask_false,2731925.266131,0.322266
max_waiting,maskable_dqn__mask_true,ppo__mask_false,2748096.568241,0.275391
max_waiting,maskable_dqn__mask_true,ppo__mask_false,2764267.870352,0.275391
max_waiting,maskable_dqn__mask_true,ppo__mask_false,2780439.172462,0.232422
max_waiting,maskable_dqn__mask_true,ppo__mask_false,2796610.474573,0.232422
max_waiting,maskable_dqn__mask_true,ppo__mask_false,2812781.776683,0.160156
max_waiting,maskable_dqn__mask_true,ppo__mask_false,2828953.078794,0.130859
max_waiting,maskable_dqn__mask_true,ppo__mask_false,2845124.380905,0.130859
max_waiting,maskable_dqn__mask_true,ppo__mask_false,2861295.683015,0.105469
max_waiting,maskable_dqn__mask_true,ppo__mask_false,2877466.985126,0.083984
max_waiting,maskable_dqn__mask_true,ppo__mask_false,2893638.287236,0.083984
max_waiting,maskable_dqn__mask_true,ppo__mask_false,2909809.589347,0.083984
max_waiting,maskable_dqn__mask_true,ppo__mask_false,2925980.891457,0.048828
max_waiting,maskable_dqn__mask_true,ppo__mask_false,2942152.193568,0.037109
max_waiting,maskable_dqn__mask_true,ppo__mask_false,2958323.495678,0.037109
max_waiting,maskable_dqn__mask_true,ppo__mask_false,2974494.797789,0.027344
max_waiting,maskable_dqn__mask_true,ppo__mask_false,2990666.099899,0.019531
max_waiting,maskable_dqn__mask_true,ppo__mask_false,3006837.402010,0.019531
max_waiting,maskable_dqn__mask_true,ppo__mask_false,3023008.704121,0.019531
max_waiting,maskable_dqn__mask_true,ppo__mask_false,3039180.006231,0.019531
max_waiting,maskable_dqn__mask_true,ppo__mask_false,3055351.308342,0.013672
max_waiting,maskable_dqn__mask_true,ppo__mask_false,3071522.610452,0.013672
max_waiting,maskable_dqn__mask_true,ppo__mask_false,3087693.912563,0.009766
max_waiting,maskable_dqn__mask_true,ppo__mask_false,3103865.214673,0.005859
max_waiting,maskable_dqn__mask_true,ppo__mask_false,3120036.516784,0.005859
max_waiting,maskable_dqn__mask_true,ppo__mask_false,3136207.818894,0.005859
max_waiting,maskable_dqn__mask_true,ppo__mask_false,3152379.121005,0.005859
max_waiting,maskable_dqn__mask_true,ppo__mask_false,3168550.423116,0.005859
max_waiting,maskable_dqn__mask_true,ppo__mask_false,3184721.725226,0.005859
max_waiting,maskable_dqn__mask_true,ppo__mask_false,3200893.027337,0.005859
max_waiting,maskable_dqn__mask_true,ppo__mask_false,3217064.329447,0.003906
max_waiting,maskable_dqn__mask_true,ppo__mask_false,3233235.631558,0.003906
max_waiting,maskable_dqn__mask_true,ppo__mask_false,3249406.933668,0.003906
max_waiting,maskable_dqn__mask_true,ppo__mask_false,3265578.235779,0.003906
max_waiting,maskable_dqn__mask_true,ppo__mask_false,3281749.537889,0.003906
max_waiting,maskable_dqn__mask_true,ppo__mask_false,3297920.840000,0.003906
max_slowdown,dqn__mask_false,maskable_dqn__mask_true,-303943.439000,0.003906
max_slowdown,dqn__mask_false,maskable_dqn__mask_true,-302458.694794,0.003906
max_slowdown,dqn__mask_false,maskable_dqn__mask_true,-300973.950588,0.003906
max_slowdown,dqn__mask_false,maskable_dqn__mask_true,-299489.206382,0.003906
max_slowdown,dqn__mask_false,maskable_dqn__mask_true,-298004.462176,0.003906
max_slowdown,dqn__mask_false,maskable_dqn__mask_true,-296519.717970,0.003906
max_slowdown,dqn__mask_false,maskable_dqn__mask_true,-295034.973764,0.003906
max_slowdown,dqn__mask_false,maskable_dqn__mask_true,-293550.229558,0.003906
max_slowdown,dqn__mask_false,maskable_dqn__mask_true,-292065.485352,0.005859
max_slowdown,dqn__mask_false,maskable_dqn__mask_true,-290580.741146,0.005859
max_slowdown,dqn__mask_false,maskable_dqn__mask_true,-289095.996940,0.005859
max_slowdown,dqn__mask_false,maskable_dqn__mask_true,-287611.252734,0.009766
max_slowdown,dqn__mask_false,maskable_dqn__mask_true,-286126.508528,0.009766
max_slowdown,dqn__mask_false,maskable_dqn__mask_true,-284641.764322,0.009766
max_slowdown,dqn__mask_false,maskable_dqn__mask_true,-283157.020116,0.009766
max_slowdown,dqn__mask_false,maskable_dqn__mask_true,-281672.275910,0.009766
max_slowdown,dqn__mask_false,maskable_dqn__mask_true,-280187.531704,0.013672
max_slowdown,dqn__mask_false,maskable_dqn__mask_true,-278702.787497,0.019531
max_slowdown,dqn__mask_false,maskable_dqn__mask_true,-277218.043291,0.027344
max_slowdown,dqn__mask_false,maskable_dqn__mask_true,-275733.299085,0.037109
max_slowdown,dqn__mask_false,maskable_dqn__mask_true,-274248.554879,0.048828
max_slowdown,dqn__mask_false,maskable_dqn__mask_true,-272763.810673,0.048828
max_slowdown,dqn__mask_false,maskable_dqn__mask_true,-271279.066467,0.048828
max_slowdown,dqn__mask_false,maskable_dqn__mask_true,-269794.322261,0.064453
max_slowdown,dqn__mask_false,maskable_dqn__mask_true,-268309.578055,0.083984
max_slowdown,dqn__mask_false,maskable_dqn__mask_true,-266824.833849,0.105469
max_slowdown,dqn__mask_false,maskable_dqn__mask_true,-265340.089643,0.105469
max_slowdown,dqn__mask_false,maskable_dqn__mask_true,-263855.345437,0.130859
max_slowdown,dqn__mask_false,maskable_dqn__mask_true,-262370.601231,0.160156
max_slowdown,dqn__mask_false,maskable_dqn__mask_true,-260885.857025,0.193359
max_slowdown,dqn__mask_false,maskable_dqn__mask_true,-259401.112819,0.193359
max_slowdown,dqn__mask_false,maskable_dqn__mask_true,-257916.368613,0.275391
max_slowdown,dqn__mask_false,maskable_dqn__mask_true,-256431.624407,0.322266
max_slowdown,dqn__mask_false,maskable_dqn__mask_true,-254946.880201,0.322266
max_slowdown,dqn__mask_false,maskable_dqn__mask_true,-253462.135995,0.375000
max_slowdown,dqn__mask_false,maskable_dqn__mask_true,-251977.391789,0.375000
max_slowdown,dqn__mask_false,maskable_dqn__mask_true,-250492.647583,0.556641
max_slowdown,dqn__mask_false,maskable_dqn__mask_true,-249007.903377,0.625000
max_slowdown,dqn__mask_false,maskable_dqn__mask_true,-247523.159171,0.695312
max_slowdown,dqn__mask_false,maskable_dqn__mask_true,-246038.414965,0.769531
max_slowdown,dqn__mask_false,maskable_dqn__mask_true,-244553.670759,0.769531
max_slowdown,dqn__mask_false,maskable_dqn__mask_true,-243068.926553,0.845703
max_slowdown,dqn__mask_false,maskable_dqn__mask_true,-241584.182347,0.845703
max_slowdown,dqn__mask_false,maskable_dqn__mask_true,-240099.438141,1.000000
max_slowdown,dqn__mask_false,maskable_dqn__mask_true,-238614.693935,1.000000
max_slowdown,dqn__mask_false,maskable_dqn__mask_true,-237129.949729,1.000000
max_slowdown,dqn__mask_false,maskable_dqn__mask_true,-235645.205523,1.000000
max_slowdown,dqn__mask_false,maskable_dqn__mask_true,-234160.461317,1.000000
max_slowdown,dqn__mask_false,maskable_dqn__mask_true,-232675.717111,1.000000
max_slowdown,dqn__mask_false,maskable_dqn__mask_true,-231190.972905,1.000000
max_slowdown,dqn__mask_false,maskable_dqn__mask_true,-229706.228698,1.000000
max_slowdown,dqn__mask_false,maskable_dqn__mask_true,-228221.484492,1.000000
max_slowdown,dqn__mask_false,maskable_dqn__mask_true,-226736.740286,1.000000
max_slowdown,dqn__mask_false,maskable_dqn__mask_true,-225251.996080,1.000000
max_slowdown,dqn__mask_false,maskable_dqn__mask_true,-223767.251874,1.000000
max_slowdown,dqn__mask_false,maskable_dqn__mask_true,-222282.507668,1.000000
max_slowdown,dqn__mask_false,maskable_dqn__mask_true,-220797.763462,1.000000
max_slowdown,dqn__mask_false,maskable_dqn__mask_true,-219313.019256,1.000000
max_slowdown,dqn__mask_false,maskable_dqn__mask_true,-217828.275050,1.000000
max_slowdown,dqn__mask_false,maskable_dqn__mask_true,-216343.530844,1.000000
max_slowdown,dqn__mask_false,maskable_dqn__mask_true,-214858.786638,1.000000
max_slowdown,dqn__mask_false,maskable_dqn__mask_true,-213374.042432,1.000000
max_slowdown,dqn__mask_false,maskable_dqn__mask_true,-211889.298226,1.000000
max_slowdown,dqn__mask_false,maskable_dqn__mask_true,-210404.554020,1.000000
max_slowdown,dqn__mask_false,maskable_dqn__mask_true,-208919.809814,1.000000
max_slowdown,dqn__mask_false,maskable_dqn__mask_true,-207435.065608,1.000000
max_slowdown,dqn__mask_false,maskable_dqn__mask_true,-205950.321402,1.000000
max_slowdown,dqn__mask_false,maskable_dqn__mask_true,-204465.577196,1.000000
max_slowdown,dqn__mask_false,maskable_dqn__mask_true,-202980.832990,1.000000
max_slowdown,dqn__mask_false,maskable_dqn__mask_true,-201496.088784,1.000000
max_slowdown,dqn__mask_false,maskable_dqn__mask_true,-200011.344578,1.000000
max_slowdown,dqn__mask_false,maskable_dqn__mask_true,-198526.600372,1.000000
max_slowdown,dqn__mask_false,maskable_dqn__mask_true,-197041.856166,1.000000
max_slowdown,dqn__mask_false,maskable_dqn__mask_true,-195557.111960,1.000000
max_slowdown,dqn__mask_false,maskable_dqn__mask_true,-194072.367754,1.000000
max_slowdown,dqn__mask_false,maskable_dqn__mask_true,-192587.623548,1.000000
max_slowdown,dqn__mask_false,maskable_dqn__mask_true,-191102.879342,1.000000
max_slowdown,dqn__mask_false,maskable_dqn__mask_true,-189618.135136,1.000000
max_slowdown,dqn__mask_false,maskable_dqn__mask_true,-188133.390930,1.000000
max_slowdown,dqn__mask_false,maskable_dqn__mask_true,-186648.646724,1.000000
max_slowdown,dqn__mask_false,maskable_dqn__mask_true,-185163.902518,1.000000
max_slowdown,dqn__mask_false,maskable_dqn__mask_true,-183679.158312,1.000000
max_slowdown,dqn__mask_false,maskable_dqn__mask_true,-182194.414106,1.000000
max_slowdown,dqn__mask_false,maskable_dqn__mask_true,-180709.669899,1.000000
max_slowdown,dqn__mask_false,maskable_dqn__mask_true,-179224.925693,1.000000
max_slowdown,dqn__mask_false,maskable_dqn__mask_true,-177740.181487,1.000000
max_slowdown,dqn__mask_false,maskable_dqn__mask_true,-176255.437281,1.000000
max_slowdown,dqn__mask_false,maskable_dqn__mask_true,-174770.693075,1.000000
max_slowdown,dqn__mask_false,maskable_dqn__mask_true,-173285.948869,1.000000
max_slowdown,dqn__mask_false,maskable_dqn__mask_true,-171801.204663,1.000000
max_slowdown,dqn__mask_false,maskable_dqn__mask_true,-170316.460457,1.000000
max_slowdown,dqn__mask_false,maskable_dqn__mask_true,-168831.716251,1.000000
max_slowdown,dqn__mask_false,maskable_dqn__mask_true,-167346.972045,1.000000
max_slowdown,dqn__mask_false,maskable_dqn__mask_true,-165862.227839,1.000000
max_slowdown,dqn__mask_false,maskable_dqn__mask_true,-164377.483633,0.921875
max_slowdown,dqn__mask_false,maskable_dqn__mask_true,-162892.739427,0.921875
max_slowdown,dqn__mask_false,maskable_dqn__mask_true,-161407.995221,0.921875
max_slowdown,dqn__mask_false,maskable_dqn__mask_true,-159923.251015,0.921875
max_slowdown,dqn__mask_false,maskable_dqn__mask_true,-158438.506809,0.845703
max_slowdown,dqn__mask_false,maskable_dqn__mask_true,-156953.762603,0.769531
max_slowdown,dqn__mask_false,maskable_dqn__mask_true,-155469.018397,0.769531
max_slowdown,dqn__mask_false,maskable_dqn__mask_true,-153984.274191,0.769531
max_slowdown,dqn__mask_false,maskable_dqn__mask_true,-152499.529985,0.769531
max_slowdown,dqn__mask_false,maskable_dqn__mask_true,-151014.785779,0.695312
max_slowdown,dqn__mask_false,maskable_dqn__mask_true,-149530.041573,0.695312
max_slowdown,dqn__mask_false,maskable_dqn__mask_true,-148045.297367,0.695312
max_slowdown,dqn__mask_false,maskable_dqn__mask_true,-146560.553161,0.625000
max_slowdown,dqn__mask_false,maskable_dqn__mask_true,-145075.808955,0.556641
max_slowdown,dqn__mask_false,maskable_dqn__mask_true,-143591.064749,0.492188
max_slowdown,dqn__mask_false,maskable_dqn__mask_true,-142106.320543,0.492188
max_slowdown,dqn__mask_false,maskable_dqn__mask_true,-140621.576337,0.492188
max_slowdown,dqn__mask_false,maskable_dqn__mask_true,-139136.832131,0.375000
max_slowdown,dqn__mask_false,maskable_dqn__mask_true,-137652.087925,0.322266
max_slowdown,dqn__mask_false,maskable_dqn__mask_true,-136167.343719,0.275391
max_slowdown,dqn__mask_false,maskable_dqn__mask_true,-134682.599513,0.232422
max_slowdown,dqn__mask_false,maskable_dqn__mask_true,-133197.855307,0.232422
max_slowdown,dqn__mask_false,maskable_dqn__mask_true,-131713.111101,0.193359
max_slowdown,dqn__mask_false,maskable_dqn__mask_true,-130228.366894,0.160156
max_slowdown,dqn__mask_false,maskable_dqn__mask_true,-128743.622688,0.083984
max_slowdown,dqn__mask_false,maskable_dqn__mask_true,-127258.878482,0.048828
max_slowdown,dqn__mask_false,maskable_dqn__mask_true,-125774.134276,0.048828
max_slowdown,dqn__mask_false,maskable_dqn__mask_true,-124289.390070,0.048828
max_slowdown,dqn__mask_false,maskable_dqn__mask_true,-122804.645864,0.048828
max_slowdown,dqn__mask_false,maskable_dqn__mask_true,-121319.901658,0.037109
max_slowdown,dqn__mask_false,maskable_dqn__mask_true,-119835.157452,0.027344
max_slowdown,dqn__mask_false,maskable_dqn__mask_true,-118350.413246,0.027344
max_slowdown,dqn__mask_false,maskable_dqn__mask_true,-116865.669040,0.027344
max_slowdown,dqn__mask_false,maskable_dqn__mask_true,-115380.924834,0.027344
max_slowdown,dqn__mask_false,maskable_dqn__mask_true,-113896.180628,0.027344
max_slowdown,dqn__mask_false,maskable_dqn__mask_true,-112411.436422,0.027344
max_slowdown,dqn__mask_false,maskable_dqn__mask_true,-110926.692216,0.027344
max_slowdown,dqn__mask_false,maskable_dqn__mask_true,-109441.948010,0.027344
max_slowdown,dqn__mask_false,maskable_dqn__mask_true,-107957.203804,0.027344
max_slowdown,dqn__mask_false,maskable_dqn__mask_true,-106472.459598,0.027344
max_slowdown,dqn__mask_false,maskable_dqn__mask_true,-104987.715392,0.027344
max_slowdown,dqn__mask_false,maskable_dqn__mask_true,-103502.971186,0.027344
max_slowdown,dqn__mask_false,maskable_dqn__mask_true,-102018.226980,0.027344
max_slowdown,dqn__mask_false,maskable_dqn__mask_true,-100533.482774,0.027344
max_slowdown,dqn__mask_false,maskable_dqn__mask_true,-99048.738568,0.027344
max_slowdown,dqn__mask_false,maskable_dqn__mask_true,-97563.994362,0.027344
max_slowdown,dqn__mask_false,maskable_dqn__mask_true,-96079.250156,0.027344
max_slowdown,dqn__mask_false,maskable_dqn__mask_true,-94594.505950,0.027344
max_slowdown,dqn__mask_false,maskable_dqn__mask_true,-93109.761744,0.027344
max_slowdown,dqn__mask_false,maskable_dqn__mask_true,-91625.017538,0.027344
max_slowdown,dqn__mask_false,maskable_dqn__mask_true,-90140.273332,0.027344
max_slowdown,dqn__mask_false,maskable_dqn__mask_true,-88655.529126,0.027344
max_slowdown,dqn__mask_false,maskable_dqn__mask_true,-87170.784920,0.027344
max_slowdown,dqn__mask_false,maskable_dqn__mask_true,-85686.040714,0.027344
max_slowdown,dqn__mask_false,maskable_dqn__mask_true,-84201.296508,0.027344
max_slowdown,dqn__mask_false,maskable_dqn__mask_true,-82716.552302,0.027344
max_slowdown,dqn__mask_false,maskable_dqn__mask_true,-81231.808095,0.027344
max_slowdown,dqn__mask_false,maskable_dqn__mask_true,-79747.063889,0.027344
max_slowdown,dqn__mask_false,maskable_dqn__mask_true,-78262.319683,0.027344
max_slowdown,dqn__mask_false,maskable_dqn__mask_true,-76777.575477,0.027344
max_slowdown,dqn__mask_false,maskable_dqn__mask_true,-75292.831271,0.027344
max_slowdown,dqn__mask_false,maskable_dqn__mask_true,-73808.087065,0.027344
max_slowdown,dqn__mask_false,maskable_dqn__mask_true,-72323.342859,0.027344
max_slowdown,dqn__mask_false,maskable_dqn__mask_true,-70838.598653,0.027344
max_slowdown,dqn__mask_false,maskable_dqn__mask_true,-69353.854447,0.027344
max_slowdown,dqn__mask_false,maskable_dqn__mask_true,-67869.110241,0.027344
max_slowdown,dqn__mask_false,maskable_dqn__mask_true,-66384.366035,0.027344
max_slowdown,dqn__mask_false,maskable_dqn__mask_true,-64899.621829,0.027344
max_slowdown,dqn__mask_false,maskable_dqn__mask_true,-63414.877623,0.027344
max_slowdown,dqn__mask_false,maskable_dqn__mask_true,-61930.133417,0.027344
max_slowdown,dqn__mask_false,maskable_dqn__mask_true,-60445.389211,0.027344
max_slowdown,dqn__mask_false,maskable_dqn__mask_true,-58960.645005,0.027344
max_slowdown,dqn__mask_false,maskable_dqn__mask_true,-57475.900799,0.027344
max_slowdown,dqn__mask_false,maskable_dqn__mask_true,-55991.156593,0.027344
max_slowdown,dqn__mask_false,maskable_dqn__mask_true,-54506.412387,0.027344
max_slowdown,dqn__mask_false,maskable_dqn__mask_true,-53021.668181,0.027344
max_slowdown,dqn__mask_false,maskable_dqn__mask_true,-51536.923975,0.027344
max_slowdown,dqn__mask_false,maskable_dqn__mask_true,-50052.179769,0.027344
max_slowdown,dqn__mask_false,maskable_dqn__mask_true,-48567.435563,0.027344
max_slowdown,dqn__mask_false,maskable_dqn__mask_true,-47082.691357,0.027344
max_slowdown,dqn__mask_false,maskable_dqn__mask_true,-45597.947151,0.027344
max_slowdown,dqn__mask_false,maskable_dqn__mask_true,-44113.202945,0.027344
max_slowdown,dqn__mask_false,maskable_dqn__mask_true,-42628.458739,0.027344
max_slowdown,dqn__mask_false,maskable_dqn__mask_true,-41143.714533,0.027344
max_slowdown,dqn__mask_false,maskable_dqn__mask_true,-39658.970327,0.027344
max_slowdown,dqn__mask_false,maskable_dqn__mask_true,-38174.226121,0.027344
max_slowdown,dqn__mask_false,maskable_dqn__mask_true,-36689.481915,0.027344
max_slowdown,dqn__mask_false,maskable_dqn__mask_true,-35204.737709,0.027344
max_slowdown,dqn__mask_false,maskable_dqn__mask_true,-33719.993503,0.027344
max_slowdown,dqn__mask_false,maskable_dqn__mask_true,-32235.249296,0.027344
max_slowdown,dqn__mask_false,maskable_dqn__mask_true,-30750.505090,0.027344
max_slowdown,dqn__mask_false,maskable_dqn__mask_true,-29265.760884,0.027344
max_slowdown,dqn__mask_false,maskable_dqn__mask_true,-27781.016678,0.027344
max_slowdown,dqn__mask_false,maskable_dqn__mask_true,-26296.272472,0.027344
max_slowdown,dqn__mask_false,maskable_dqn__mask_true,-24811.528266,0.027344
max_slowdown,dqn__mask_false,maskable_dqn__mask_true,-23326.784060,0.019531
max_slowdown,dqn__mask_false,maskable_dqn__mask_true,-21842.039854,0.019531
max_slowdown,dqn__mask_false,maskable_dqn__mask_true,-20357.295648,0.019531
max_slowdown,dqn__mask_false,maskable_dqn__mask_true,-18872.551442,0.019531
max_slowdown,dqn__mask_false,maskable_dqn__mask_true,-17387.807236,0.013672
max_slowdown,dqn__mask_false,maskable_dqn__mask_true,-15903.063030,0.009766
max_slowdown,dqn__mask_false,maskable_dqn__mask_true,-14418.318824,0.009766
max_slowdown,dqn__mask_false,maskable_dqn__mask_true,-12933.574618,0.009766
max_slowdown,dqn__mask_false,maskable_dqn__mask_true,-11448.830412,0.009766
max_slowdown,dqn__mask_false,maskable_dqn__mask_true,-9964.086206,0.005859
max_slowdown,dqn__mask_false,maskable_dqn__mask_true,-8479.342000,0.003906
max_slowdown,maskable_a2c__mask_true,maskable_dqn__mask_true,-304073.209909,0.003906
max_slowdown,maskable_a2c__mask_true,maskable_dqn__mask_true,-302587.884875,0.003906
max_slowdown,maskable_a2c__mask_true,maskable_dqn__mask_true,-301102.559841,0.003906
max_slowdown,maskable_a2c__mask_true,maskable_dqn__mask_true,-299617.234808,0.003906
max_slowdown,maskable_a2c__mask_true,maskable_dqn__mask_true,-298131.909774,0.003906
max_slowdown,maskable_a2c__mask_true,maskable_dqn__mask_true,-296646.584740,0.003906
max_slowdown,maskable_a2c__mask_true,maskable_dqn__mask_true,-295161.259706,0.003906
max_slowdown,maskable_a2c__mask_true,maskable_dqn__mask_true,-293675.934672,0.005859
max_slowdown,maskable_a2c__mask_true,maskable_dqn__mask_true,-292190.609639,0.009766
max_slowdown,maskable_a2c__mask_true,maskable_dqn__mask_true,-290705.284605,0.009766
max_slowdown,maskable_a2c__mask_true,maskable_dqn__mask_true,-289219.959571,0.009766
max_slowdown,maskable_a2c__mask_true,maskable_dqn__mask_true,-287734.634537,0.009766
max_slowdown,maskable_a2c__mask_true,maskable_dqn__mask_true,-286249.309503,0.009766
max_slowdown,maskable_a2c__mask_true,maskable_dqn__mask_true,-284763.984469,0.009766
max_slowdown,maskable_a2c__mask_true,maskable_dqn__mask_true,-283278.659436,0.013672
max_slowdown,maskable_a2c__mask_true,maskable_dqn__mask_true,-281793.334402,0.013672
max_slowdown,maskable_a2c__mask_true,maskable_dqn__mask_true,-280308.009368,0.027344
max_slowdown,maskable_a2c__mask_true,maskable_dqn__mask_true,-278822.684334,0.037109
max_slowdown,maskable_a2c__mask_true,maskable_dqn__mask_true,-277337.359300,0.048828
max_slowdown,maskable_a2c__mask_true,maskable_dqn__mask_true,-275852.034267,0.064453
max_slowdown,maskable_a2c__mask_true,maskable_dqn__mask_true,-274366.709233,0.064453
max_slowdown,maskable_a2c__mask_true,maskable_dqn__mask_true,-272881.384199,0.064453
max_slowdown,maskable_a2c__mask_true,maskable_dqn__mask_true,-271396.059165,0.064453
max_slowdown,maskable_a2c__mask_true,maskable_dqn__mask_true,-269910.734131,0.130859
max_slowdown,maskable_a2c__mask_true,maskable_dqn__mask_true,-268425.409098,0.130859
max_slowdown,maskable_a2c__mask_true,maskable_dqn__mask_true,-266940.084064,0.130859
max_slowdown,maskable_a2c__mask_true,maskable_dqn__mask_true,-265454.759030,0.160156
max_slowdown,maskable_a2c__mask_true,maskable_dqn__mask_true,-263969.433996,0.232422
max_slowdown,maskable_a2c__mask_true,maskable_dqn__mask_true,-262484.108962,0.275391
max_slowdown,maskable_a2c__mask_true,maskable_dqn__mask_true,-260998.783929,0.275391
max_slowdown,maskable_a2c__mask_true,maskable_dqn__mask_true,-259513.458895,0.322266
max_slowdown,maskable_a2c__mask_true,maskable_dqn__mask_true,-258028.133861,0.322266
max_slowdown,maskable_a2c__mask_true,maskable_dqn__mask_true,-256542.808827,0.431641
max_slowdown,maskable_a2c__mask_true,maskable_dqn__mask_true,-255057.483793,0.492188
max_slowdown,maskable_a2c__mask_true,maskable_dqn__mask_true,-253572.158760,0.556641
max_slowdown,maskable_a2c__mask_true,maskable_dqn__mask_true,-252086.833726,0.556641
max_slowdown,maskable_a2c__mask_true,maskable_dqn__mask_true,-250601.508692,0.625000
max_slowdown,maskable_a2c__mask_true,maskable_dqn__mask_true,-249116.183658,0.625000
max_slowdown,maskable_a2c__mask_true,maskable_dqn__mask_true,-247630.858624,0.695312
max_slowdown,maskable_a2c__mask_true,maskable_dqn__mask_true,-246145.533591,0.845703
max_slowdown,maskable_a2c__mask_true,maskable_dqn__mask_true,-244660.208557,0.845703
max_slowdown,maskable_a2c__mask_true,maskable_dqn__mask_true,-243174.883523,0.845703
max_slowdown,maskable_a2c__mask_true,maskable_dqn__mask_true,-241689.558489,0.921875
max_slowdown,maskable_a2c__mask_true,maskable_dqn__mask_true,-240204.233455,1.000000
max_slowdown,maskable_a2c__mask_true,maskable_dqn__mask_true,-238718.908422,1.000000
max_slowdown,maskable_a2c__mask_true,maskable_dqn__mask_true,-237233.583388,1.000000
max_slowdown,maskable_a2c__mask_true,maskable_dqn__mask_true,-235748.258354,1.000000
max_slowdown,maskable_a2c__mask_true,maskable_dqn__mask_true,-234262.933320,1.000000
max_slowdown,maskable_a2c__mask_true,maskable_dqn__mask_true,-232777.608286,1.000000
max_slowdown,maskable_a2c__mask_true,maskable_dqn__mask_true,-231292.283253,1.000000
max_slowdown,maskable_a2c__mask_true,maskable_dqn__mask_true,-229806.958219,1.000000
max_slowdown,maskable_a2c__mask_true,maskable_dqn__mask_true,-228321.633185,1.000000
max_slowdown,maskable_a2c__mask_true,maskable_dqn__mask_true,-226836.308151,1.000000
max_slowdown,maskable_a2c__mask_true,maskable_dqn__mask_true,-225350.983117,1.000000
max_slowdown,maskable_a2c__mask_true,maskable_dqn__mask_true,-223865.658083,1.000000
max_slowdown,maskable_a2c__mask_true,maskable_dqn__mask_true,-222380.333050,1.000000
max_slowdown,maskable_a2c__mask_true,maskable_dqn__mask_true,-220895.008016,1.000000
max_slowdown,maskable_a2c__mask_true,maskable_dqn__mask_true,-219409.682982,1.000000
max_slowdown,maskable_a2c__mask_true,maskable_dqn__mask_true,-217924.357948,1.000000
max_slowdown,maskable_a2c__mask_true,maskable_dqn__mask_true,-216439.032914,1.000000
max_slowdown,maskable_a2c__mask_true,maskable_dqn__mask_true,-214953.707881,1.000000
max_slowdown,maskable_a2c__mask_true,maskable_dqn__mask_true,-213468.382847,1.000000
max_slowdown,maskable_a2c__mask_true,maskable_dqn__mask_true,-211983.057813,1.000000
max_slowdown,maskable_a2c__mask_true,maskable_dqn__mask_true,-210497.732779,1.000000
max_slowdown,maskable_a2c__mask_true,maskable_dqn__mask_true,-209012.407745,1.000000
max_slowdown,maskable_a2c__mask_true,maskable_dqn__mask_true,-207527.082712,1.000000
max_slowdown,maskable_a2c__mask_true,maskable_dqn__mask_true,-206041.757678,1.000000
max_slowdown,maskable_a2c__mask_true,maskable_dqn__mask_true,-204556.432644,1.000000
max_slowdown,maskable_a2c__mask_true,maskable_dqn__mask_true,-203071.107610,1.000000
max_slowdown,maskable_a2c__mask_true,maskable_dqn__mask_true,-201585.782576,1.000000
max_slowdown,maskable_a2c__mask_true,maskable_dqn__mask_true,-200100.457543,1.000000
max_slowdown,maskable_a2c__mask_true,maskable_dqn__mask_true,-198615.132509,1.000000
max_slowdown,maskable_a2c__mask_true,maskable_dqn__mask_true,-197129.807475,1.000000
max_slowdown,maskable_a2c__mask_true,maskable_dqn__mask_true,-195644.482441,1.000000
max_slowdown,maskable_a2c__mask_true,maskable_dqn__mask_true,-194159.157407,1.000000
max_slowdown,maskable_a2c__mask_true,maskable_dqn__mask_true,-192673.832374,1.000000
max_slowdown,maskable_a2c__mask_true,maskable_dqn__mask_true,-191188.507340,1.000000
max_slowdown,maskable_a2c__mask_true,maskable_dqn__mask_true,-189703.182306,1.000000
max_slowdown,maskable_a2c__mask_true,maskable_dqn__mask_true,-188217.857272,1.000000
max_slowdown,maskable_a2c__mask_true,maskable_dqn__mask_true,-186732.532238,1.000000
max_slowdown,maskable_a2c__mask_true,maskable_dqn__mask_true,-185247.207205,1.000000
max_slowdown,maskable_a2c__mask_true,maskable_dqn__mask_true,-183761.882171,1.000000
max_slowdown,maskable_a2c__mask_true,maskable_dqn__mask_true,-182276.557137,1.000000
max_slowdown,maskable_a2c__mask_true,maskable_dqn__mask_true,-180791.232103,1.000000
max_slowdown,maskable_a2c__mask_true,maskable_dqn__mask_true,-179305.907069,1.000000
max_slowdown,maskable_a2c__mask_true,maskable_dqn__mask_true,-177820.582036,1.000000
max_slowdown,maskable_a2c__mask_true,maskable_dqn__mask_true,-176335.257002,1.000000
max_slowdown,maskable_a2c__mask_true,maskable_dqn__mask_true,-174849.931968,1.000000
max_slowdown,maskable_a2c__mask_true,maskable_dqn__mask_true,-173364.606934,1.000000
max_slowdown,maskable_a2c__mask_true,maskable_dqn__mask_true,-171879.281900,1.000000
max_slowdown,maskable_a2c__mask_true,maskable_dqn__mask_true,-170393.956867,1.000000
max_slowdown,maskable_a2c__mask_true,maskable_dqn__mask_true,-168908.631833,1.000000
max_slowdown,maskable_a2c__mask_true,maskable_dqn__mask_true,-167423.306799,1.000000
max_slowdown,maskable_a2c__mask_true,maskable_dqn__mask_true,-165937.981765,0.921875
max_slowdown,maskable_a2c__mask_true,maskable_dqn__mask_true,-164452.656731,0.921875
max_slowdown,maskable_a2c__mask_true,maskable_dqn__mask_true,-162967.331697,0.921875
max_slowdown,maskable_a2c__mask_true,maskable_dqn__mask_true,-161482.006664,0.921875
max_slowdown,maskable_a2c__mask_true,maskable_dqn__mask_true,-159996.681630,0.921875
max_slowdown,maskable_a2c__mask_true,maskable_dqn__mask_true,-158511.356596,0.845703
max_slowdown,maskable_a2c__mask_true,maskable_dqn__mask_true,-157026.031562,0.769531
max_slowdown,maskable_a2c__mask_true,maskable_dqn__mask_true,-155540.706528,0.769531
max_slowdown,maskable_a2c__mask_true,maskable_dqn__mask_true,-154055.381495,0.695312
max_slowdown,maskable_a2c__mask_true,maskable_dqn__mask_true,-152570.056461,0.625000
max_slowdown,maskable_a2c__mask_true,maskable_dqn__mask_true,-151084.731427,0.625000
max_slowdown,maskable_a2c__mask_true,maskable_dqn__mask_true,-149599.406393,0.625000
max_slowdown,maskable_a2c__mask_true,maskable_dqn__mask_true,-148114.081359,0.625000
max_slowdown,maskable_a2c__mask_true,maskable_dqn__mask_true,-146628.756326,0.625000
max_slowdown,maskable_a2c__mask_true,maskable_dqn__mask_true,-145143.431292,0.492188
max_slowdown,maskable_a2c__mask_true,maskable_dqn__mask_true,-143658.106258,0.322266
max_slowdown,maskable_a2c__mask_true,maskable_dqn__mask_true,-142172.781224,0.322266
max_slowdown,maskable_a2c__mask_true,maskable_dqn__mask_true,-140687.456190,0.322266
max_slowdown,maskable_a2c__mask_true,maskable_dqn__mask_true,-139202.131157,0.322266
max_slowdown,maskable_a2c__mask_true,maskable_dqn__mask_true,-137716.806123,0.275391
max_slowdown,maskable_a2c__mask_true,maskable_dqn__mask_true,-136231.481089,0.232422
max_slowdown,maskable_a2c__mask_true,maskable_dqn__mask_true,-134746.156055,0.193359
max_slowdown,maskable_a2c__mask_true,maskable_dqn__mask_true,-133260.831021,0.160156
max_slowdown,maskable_a2c__mask_true,maskable_dqn__mask_true,-131775.505988,0.160156
max_slowdown,maskable_a2c__mask_true,maskable_dqn__mask_true,-130290.180954,0.105469
max_slowdown,maskable_a2c__mask_true,maskable_dqn__mask_true,-128804.855920,0.064453
max_slowdown,maskable_a2c__mask_true,maskable_dqn__mask_true,-127319.530886,0.048828
max_slowdown,maskable_a2c__mask_true,maskable_dqn__mask_true,-125834.205852,0.048828
max_slowdown,maskable_a2c__mask_true,maskable_dqn__mask_true,-124348.880819,0.048828
max_slowdown,maskable_a2c__mask_true,maskable_dqn__mask_true,-122863.555785,0.048828
max_slowdown,maskable_a2c__mask_true,maskable_dqn__mask_true,-121378.230751,0.037109
max_slowdown,maskable_a2c__mask_true,maskable_dqn__mask_true,-119892.905717,0.027344
max_slowdown,maskable_a2c__mask_true,maskable_dqn__mask_true,-118407.580683,0.027344
max_slowdown,maskable_a2c__mask_true,maskable_dqn__mask_true,-116922.255650,0.027344
max_slowdown,maskable_a2c__mask_true,maskable_dqn__mask_true,-115436.930616,0.027344
max_slowdown,maskable_a2c__mask_true,maskable_dqn__mask_true,-113951.605582,0.027344
max_slowdown,maskable_a2c__mask_true,maskable_dqn__mask_true,-112466.280548,0.027344
max_slowdown,maskable_a2c__mask_true,maskable_dqn__mask_true,-110980.955514,0.027344
max_slowdown,maskable_a2c__mask_true,maskable_dqn__mask_true,-109495.630480,0.027344
max_slowdown,maskable_a2c__mask_true,maskable_dqn__mask_true,-108010.305447,0.027344
max_slowdown,maskable_a2c__mask_true,maskable_dqn__mask_true,-106524.980413,0.027344
max_slowdown,maskable_a2c__mask_true,maskable_dqn__mask_true,-105039.655379,0.027344
max_slowdown,maskable_a2c__mask_true,maskable_dqn__mask_true,-103554.330345,0.027344
max_slowdown,maskable_a2c__mask_true,maskable_dqn__mask_true,-102069.005311,0.027344
max_slowdown,maskable_a2c__mask_true,maskable_dqn__mask_true,-100583.680278,0.027344
max_slowdown,maskable_a2c__mask_true,maskable_dqn__mask_true,-99098.355244,0.027344
max_slowdown,maskable_a2c__mask_true,maskable_dqn__mask_true,-97613.030210,0.027344
max_slowdown,maskable_a2c__mask_true,maskable_dqn__mask_true,-96127.705176,0.027344
max_slowdown,maskable_a2c__mask_true,maskable_dqn__mask_true,-94642.380142,0.027344
max_slowdown,maskable_a2c__mask_true,maskable_dqn__mask_true,-93157.055109,0.027344
max_slowdown,maskable_a2c__mask_true,maskable_dqn__mask_true,-91671.730075,0.027344
max_slowdown,maskable_a2c__mask_true,maskable_dqn__mask_true,-90186.405041,0.027344
max_slowdown,maskable_a2c__mask_true,maskable_dqn__mask_true,-88701.080007,0.027344
max_slowdown,maskable_a2c__mask_true,maskable_dqn__mask_true,-87215.754973,0.027344
max_slowdown,maskable_a2c__mask_true,maskable_dqn__mask_true,-85730.429940,0.027344
max_slowdown,maskable_a2c__mask_true,maskable_dqn__mask_true,-84245.104906,0.027344
max_slowdown,maskable_a2c__mask_true,maskable_dqn__mask_true,-82759.779872,0.027344
max_slowdown,maskable_a2c__mask_true,maskable_dqn__mask_true,-81274.454838,0.027344
max_slowdown,maskable_a2c__mask_true,maskable_dqn__mask_true,-79789.129804,0.027344
max_slowdown,maskable_a2c__mask_true,maskable_dqn__mask_true,-78303.804771,0.027344
max_slowdown,maskable_a2c__mask_true,maskable_dqn__mask_true,-76818.479737,0.027344
max_slowdown,maskable_a2c__mask_true,maskable_dqn__mask_true,-75333.154703,0.027344
max_slowdown,maskable_a2c__mask_true,maskable_dqn__mask_true,-73847.829669,0.027344
max_slowdown,maskable_a2c__mask_true,maskable_dqn__mask_true,-72362.504635,0.027344
max_slowdown,maskable_a2c__mask_true,maskable_dqn__mask_true,-70877.179602,0.027344
max_slowdown,maskable_a2c__mask_true,maskable_dqn__mask_true,-69391.854568,0.027344
max_slowdown,maskable_a2c__mask_true,maskable_dqn__mask_true,-67906.529534,0.027344
max_slowdown,maskable_a2c__mask_true,maskable_dqn__mask_true,-66421.204500,0.027344
max_slowdown,maskable_a2c__mask_true,maskable_dqn__mask_true,-64935.879466,0.027344
max_slowdown,maskable_a2c__mask_true,maskable_dqn__mask_true,-63450.554433,0.027344
max_slowdown,maskable_a2c__mask_true,maskable_dqn__mask_true,-61965.229399,0.027344
max_slowdown,maskable_a2c__mask_true,maskable_dqn__mask_true,-60479.904365,0.027344
max_slowdown,maskable_a2c__mask_true,maskable_dqn__mask_true,-58994.579331,0.027344
max_slowdown,maskable_a2c__mask_true,maskable_dqn__mask_true,-57509.254297,0.027344
max_slowdown,maskable_a2c__mask_true,maskable_dqn__mask_true,-56023.929264,0.027344
max_slowdown,maskable_a2c__mask_true,maskable_dqn__mask_true,-54538.604230,0.027344
max_slowdown,maskable_a2c__mask_true,maskable_dqn__mask_true,-53053.279196,0.027344
max_slowdown,maskable_a2c__mask_true,maskable_dqn__mask_true,-51567.954162,0.027344
max_slowdown,maskable_a2c__mask_true,maskable_dqn__mask_true,-50082.629128,0.027344
max_slowdown,maskable_a2c__mask_true,maskable_dqn__mask_true,-48597.304094,0.027344
max_slowdown,maskable_a2c__mask_true,maskable_dqn__mask_true,-47111.979061,0.027344
max_slowdown,maskable_a2c__mask_true,maskable_dqn__mask_true,-45626.654027,0.027344
max_slowdown,maskable_a2c__mask_true,maskable_dqn__mask_true,-44141.328993,0.027344
max_slowdown,maskable_a2c__mask_true,maskable_dqn__mask_true,-42656.003959,0.027344
max_slowdown,maskable_a2c__mask_true,maskable_dqn__mask_true,-41170.678925,0.027344
max_slowdown,maskable_a2c__mask_true,maskable_dqn__mask_true,-39685.353892,0.027344
max_slowdown,maskable_a2c__mask_true,maskable_dqn__mask_true,-38200.028858,0.027344
max_slowdown,maskable_a2c__mask_true,maskable_dqn__mask_true,-36714.703824,0.027344
max_slowdown,maskable_a2c__mask_true,maskable_dqn__mask_true,-35229.378790,0.027344
max_slowdown,maskable_a2c__mask_true,maskable_dqn__mask_true,-33744.053756,0.027344
max_slowdown,maskable_a2c__mask_true,maskable_dqn__mask_true,-32258.728723,0.027344
max_slowdown,maskable_a2c__mask_true,maskable_dqn__mask_true,-30773.403689,0.027344
max_slowdown,maskable_a2c__mask_true,maskable_dqn__mask_true,-29288.078655,0.027344
max_slowdown,maskable_a2c__mask_true,maskable_dqn__mask_true,-27802.753621,0.027344
max_slowdown,maskable_a2c__mask_true,maskable_dqn__mask_true,-26317.428587,0.019531
max_slowdown,maskable_a2c__mask_true,maskable_dqn__mask_true,-24832.103554,0.019531
max_slowdown,maskable_a2c__mask_true,maskable_dqn__mask_true,-23346.778520,0.019531
max_slowdown,maskable_a2c__mask_true,maskable_dqn__mask_true,-21861.453486,0.019531
max_slowdown,maskable_a2c__mask_true,maskable_dqn__mask_true,-20376.128452,0.019531
max_slowdown,maskable_a2c__mask_true,maskable_dqn__mask_true,-18890.803418,0.013672
max_slowdown,maskable_a2c__mask_true,maskable_dqn__mask_true,-17405.478385,0.009766
max_slowdown,maskable_a2c__mask_true,maskable_dqn__mask_true,-15920.153351,0.009766
max_slowdown,maskable_a2c__mask_true,maskable_dqn__mask_true,-14434.828317,0.009766
max_slowdown,maskable_a2c__mask_true,maskable_dqn__mask_true,-12949.503283,0.009766
max_slowdown,maskable_a2c__mask_true,maskable_dqn__mask_true,-11464.178249,0.009766
max_slowdown,maskable_a2c__mask_true,maskable_dqn__mask_true,-9978.853216,0.005859
max_slowdown,maskable_a2c__mask_true,maskable_dqn__mask_true,-8493.528182,0.003906
max_slowdown,maskable_dqn__mask_true,maskable_ppo__mask_true,8586.852727,0.003906
max_slowdown,maskable_dqn__mask_true,maskable_ppo__mask_true,10071.751041,0.005859
max_slowdown,maskable_dqn__mask_true,maskable_ppo__mask_true,11556.649355,0.009766
max_slowdown,maskable_dqn__mask_true,maskable_ppo__mask_true,13041.547669,0.009766
max_slowdown,maskable_dqn__mask_true,maskable_ppo__mask_true,14526.445983,0.009766
max_slowdown,maskable_dqn__mask_true,maskable_ppo__mask_true,16011.344296,0.009766
max_slowdown,maskable_dqn__mask_true,maskable_ppo__mask_true,17496.242610,0.009766
max_slowdown,maskable_dqn__mask_true,maskable_ppo__mask_true,18981.140924,0.013672
max_slowdown,maskable_dqn__mask_true,maskable_ppo__mask_true,20466.039238,0.019531
max_slowdown,maskable_dqn__mask_true,maskable_ppo__mask_true,21950.937552,0.019531
max_slowdown,maskable_dqn__mask_true,maskable_ppo__mask_true,23435.835866,0.019531
max_slowdown,maskable_dqn__mask_true,maskable_ppo__mask_true,24920.734180,0.019531
max_slowdown,maskable_dqn__mask_true,maskable_ppo__mask_true,26405.632493,0.019531
max_slowdown,maskable_dqn__mask_true,maskable_ppo__mask_true,27890.530807,0.027344
max_slowdown,maskable_dqn__mask_true,maskable_ppo__mask_true,29375.429121,0.027344
max_slowdown,maskable_dqn__mask_true,maskable_ppo__mask_true,30860.327435,0.027344
max_slowdown,maskable_dqn__mask_true,maskable_ppo__mask_true,32345.225749,0.027344
max_slowdown,maskable_dqn__mask_true,maskable_ppo__mask_true,33830.124063,0.027344
max_slowdown,maskable_dqn__mask_true,maskable_ppo__mask_true,35315.022376,0.027344
max_slowdown,maskable_dqn__mask_true,maskable_ppo__mask_true,36799.920690,0.027344
max_slowdown,maskable_dqn__mask_true,maskable_ppo__mask_true,38284.819004,0.027344
max_slowdown,maskable_dqn__mask_true,maskable_ppo__mask_true,39769.717318,0.027344
max_slowdown,maskable_dqn__mask_true,maskable_ppo__mask_true,41254.615632,0.027344
max_slowdown,maskable_dqn__mask_true,maskable_ppo__mask_true,42739.513946,0.027344
max_slowdown,maskable_dqn__mask_true,maskable_ppo__mask_true,44224.412259,0.027344
max_slowdown,maskable_dqn__mask_true,maskable_ppo__mask_true,45709.310573,0.027344
max_slowdown,maskable_dqn__mask_true,maskable_ppo__mask_true,47194.208887,0.027344
max_slowdown,maskable_dqn__mask_true,maskable_ppo__mask_true,48679.107201,0.027344
max_slowdown,maskable_dqn__mask_true,maskable_ppo__mask_true,50164.005515,0.027344
max_slowdown,maskable_dqn__mask_true,maskable_ppo__mask_true,51648.903829,0.027344
max_slowdown,maskable_dqn__mask_true,maskable_ppo__mask_true,53133.802143,0.027344
max_slowdown,maskable_dqn__mask_true,maskable_ppo__mask_true,54618.700456,0.027344
max_slowdown,maskable_dqn__mask_true,maskable_ppo__mask_true,56103.598770,0.027344
max_slowdown,maskable_dqn__mask_true,maskable_ppo__mask_true,57588.497084,0.027344
max_slowdown,maskable_dqn__mask_true,maskable_ppo__mask_true,59073.395398,0.027344
max_slowdown,maskable_dqn__mask_true,maskable_ppo__mask_true,60558.293712,0.027344
max_slowdown,maskable_dqn__mask_true,maskable_ppo__mask_true,62043.192026,0.027344
max_slowdown,maskable_dqn__mask_true,maskable_ppo__mask_true,63528.090339,0.027344
max_slowdown,maskable_dqn__mask_true,maskable_ppo__mask_true,65012.988653,0.027344
max_slowdown,maskable_dqn__mask_true,maskable_ppo__mask_true,66497.886967,0.027344
max_slowdown,maskable_dqn__mask_true,maskable_ppo__mask_true,67982.785281,0.027344
max_slowdown,maskable_dqn__mask_true,maskable_ppo__mask_true,69467.683595,0.027344
max_slowdown,maskable_dqn__mask_true,maskable_ppo__mask_true,70952.581909,0.027344
max_slowdown,maskable_dqn__mask_true,maskable_ppo__mask_true,72437.480222,0.027344
max_slowdown,maskable_dqn__mask_true,maskable_ppo__mask_true,73922.378536,0.027344
max_slowdown,maskable_dqn__mask_true,maskable_ppo__mask_true,75407.276850,0.027344
max_slowdown,maskable_dqn__mask_true,maskable_ppo__mask_true,76892.175164,0.027344
max_slowdown,maskable_dqn__mask_true,maskable_ppo__mask_true,78377.073478,0.027344
max_slowdown,maskable_dqn__mask_true,maskable_ppo__mask_true,79861.971792,0.027344
max_slowdown,maskable_dqn__mask_true,maskable_ppo__mask_true,81346.870106,0.027344
max_slowdown,maskable_dqn__mask_true,maskable_ppo__mask_true,82831.768419,0.027344
max_slowdown,maskable_dqn__mask_true,maskable_ppo__mask_true,84316.666733,0.027344
max_slowdown,maskable_dqn__mask_true,maskable_ppo__mask_true,85801.565047,0.027344
max_slowdown,maskable_dqn__mask_true,maskable_ppo__mask_true,87286.463361,0.027344
max_slowdown,maskable_dqn__mask_true,maskable_ppo__mask_true,88771.361675,0.027344
max_slowdown,maskable_dqn__mask_true,maskable_ppo__mask_true,90256.259989,0.027344
max_slowdown,maskable_dqn__mask_true,maskable_ppo__mask_true,91741.158302,0.027344
max_slowdown,maskable_dqn__mask_true,maskable_ppo__mask_true,93226.056616,0.027344
max_slowdown,maskable_dqn__mask_true,maskable_ppo__mask_true,94710.954930,0.027344
max_slowdown,maskable_dqn__mask_true,maskable_ppo__mask_true,96195.853244,0.027344
max_slowdown,maskable_dqn__mask_true,maskable_ppo__mask_true,97680.751558,0.027344
max_slowdown,maskable_dqn__mask_true,maskable_ppo__mask_true,99165.649872,0.027344
max_slowdown,maskable_dqn__mask_true,maskable_ppo__mask_true,100650.548185,0.027344
max_slowdown,maskable_dqn__mask_true,maskable_ppo__mask_true,102135.446499,0.027344
max_slowdown,maskable_dqn__mask_true,maskable_ppo__mask_true,103620.344813,0.027344
max_slowdown,maskable_dqn__mask_true,maskable_ppo__mask_true,105105.243127,0.027344
max_slowdown,maskable_dqn__mask_true,maskable_ppo__mask_true,106590.141441,0.027344
max_slowdown,maskable_dqn__mask_true,maskable_ppo__mask_true,108075.039755,0.027344
max_slowdown,maskable_dqn__mask_true,maskable_ppo__mask_true,109559.938069,0.027344
max_slowdown,maskable_dqn__mask_true,maskable_ppo__mask_true,111044.836382,0.027344
max_slowdown,maskable_dqn__mask_true,maskable_ppo__mask_true,112529.734696,0.027344
max_slowdown,maskable_dqn__mask_true,maskable_ppo__mask_true,114014.633010,0.027344
max_slowdown,maskable_dqn__mask_true,maskable_ppo__mask_true,115499.531324,0.027344
max_slowdown,maskable_dqn__mask_true,maskable_ppo__mask_true,116984.429638,0.027344
max_slowdown,maskable_dqn__mask_true,maskable_ppo__mask_true,118469.327952,0.027344
max_slowdown,maskable_dqn__mask_true,maskable_ppo__mask_true,119954.226265,0.027344
max_slowdown,maskable_dqn__mask_true,maskable_ppo__mask_true,121439.124579,0.037109
max_slowdown,maskable_dqn__mask_true,maskable_ppo__mask_true,122924.022893,0.048828
max_slowdown,maskable_dqn__mask_true,maskable_ppo__mask_true,124408.921207,0.048828
max_slowdown,maskable_dqn__mask_true,maskable_ppo__mask_true,125893.819521,0.048828
max_slowdown,maskable_dqn__mask_true,maskable_ppo__mask_true,127378.717835,0.048828
max_slowdown,maskable_dqn__mask_true,maskable_ppo__mask_true,128863.616148,0.064453
max_slowdown,maskable_dqn__mask_true,maskable_ppo__mask_true,130348.514462,0.105469
max_slowdown,maskable_dqn__mask_true,maskable_ppo__mask_true,131833.412776,0.160156
max_slowdown,maskable_dqn__mask_true,maskable_ppo__mask_true,133318.311090,0.160156
max_slowdown,maskable_dqn__mask_true,maskable_ppo__mask_true,134803.209404,0.193359
max_slowdown,maskable_dqn__mask_true,maskable_ppo__mask_true,136288.107718,0.232422
max_slowdown,maskable_dqn__mask_true,maskable_ppo__mask_true,137773.006031,0.275391
max_slowdown,maskable_dqn__mask_true,maskable_ppo__mask_true,139257.904345,0.322266
max_slowdown,maskable_dqn__mask_true,maskable_ppo__mask_true,140742.802659,0.322266
max_slowdown,maskable_dqn__mask_true,maskable_ppo__mask_true,142227.700973,0.322266
max_slowdown,maskable_dqn__mask_true,maskable_ppo__mask_true,143712.599287,0.322266
max_slowdown,maskable_dqn__mask_true,maskable_ppo__mask_true,145197.497601,0.492188
max_slowdown,maskable_dqn__mask_true,maskable_ppo__mask_true,146682.395915,0.625000
max_slowdown,maskable_dqn__mask_true,maskable_ppo__mask_true,148167.294228,0.625000
max_slowdown,maskable_dqn__mask_true,maskable_ppo__mask_true,149652.192542,0.625000
max_slowdown,maskable_dqn__mask_true,maskable_ppo__mask_true,151137.090856,0.625000
max_slowdown,maskable_dqn__mask_true,maskable_ppo__mask_true,152621.989170,0.625000
max_slowdown,maskable_dqn__mask_true,maskable_ppo__mask_true,154106.887484,0.695312
max_slowdown,maskable_dqn__mask_true,maskable_ppo__mask_true,155591.785798,0.769531
max_slowdown,maskable_dqn__mask_true,maskable_ppo__mask_true,157076.684111,0.769531
max_slowdown,maskable_dqn__mask_true,maskable_ppo__mask_true,158561.582425,0.845703
max_slowdown,maskable_dqn__mask_true,maskable_ppo__mask_true,160046.480739,0.921875
max_slowdown,maskable_dqn__mask_true,maskable_ppo__mask_true,161531.379053,0.921875
max_slowdown,maskable_dqn__mask_true,maskable_ppo__mask_true,163016.277367,0.921875
max_slowdown,maskable_dqn__mask_true,maskable_ppo__mask_true,164501.175681,0.921875
max_slowdown,maskable_dqn__mask_true,maskable_ppo__mask_true,165986.073994,0.921875
max_slowdown,maskable_dqn__mask_true,maskable_ppo__mask_true,167470.972308,1.000000
max_slowdown,maskable_dqn__mask_true,maskable_ppo__mask_true,168955.870622,1.000000
max_slowdown,maskable_dqn__mask_true,maskable_ppo__mask_true,170440.768936,1.000000
max_slowdown,maskable_dqn__mask_true,maskable_ppo__mask_true,171925.667250,1.000000
max_slowdown,maskable_dqn__mask_true,maskable_ppo__mask_true,173410.565564,1.000000
max_slowdown,maskable_dqn__mask_true,maskable_ppo__mask_true,174895.463878,1.000000
max_slowdown,maskable_dqn__mask_true,maskable_ppo__mask_true,176380.362191,1.000000
max_slowdown,maskable_dqn__mask_true,maskable_ppo__mask_true,177865.260505,1.000000
max_slowdown,maskable_dqn__mask_true,maskable_ppo__mask_true,179350.158819,1.000000
max_slowdown,maskable_dqn__mask_true,maskable_ppo__mask_true,180835.057133,1.000000
max_slowdown,maskable_dqn__mask_true,maskable_ppo__mask_true,182319.955447,1.000000
max_slowdown,maskable_dqn__mask_true,maskable_ppo__mask_true,183804.853761,1.000000
max_slowdown,maskable_dqn__mask_true,maskable_ppo__mask_true,185289.752074,1.000000
max_slowdown,maskable_dqn__mask_true,maskable_ppo__mask_true,186774.650388,1.000000
max_slowdown,maskable_dqn__mask_true,maskable_ppo__mask_true,188259.548702,1.000000
max_slowdown,maskable_dqn__mask_true,maskable_ppo__mask_true,189744.447016,1.000000
max_slowdown,maskable_dqn__mask_true,maskable_ppo__mask_true,191229.345330,1.000000
max_slowdown,maskable_dqn__mask_true,maskable_ppo__mask_true,192714.243644,1.000000
max_slowdown,maskable_dqn__mask_true,maskable_ppo__mask_true,194199.141957,1.000000
max_slowdown,maskable_dqn__mask_true,maskable_ppo__mask_true,195684.040271,1.000000
max_slowdown,maskable_dqn__mask_true,maskable_ppo__mask_true,197168.938585,1.000000
max_slowdown,maskable_dqn__mask_true,maskable_ppo__mask_true,198653.836899,1.000000
max_slowdown,maskable_dqn__mask_true,maskable_ppo__mask_true,200138.735213,1.000000
max_slowdown,maskable_dqn__mask_true,maskable_ppo__mask_true,201623.633527,1.000000
max_slowdown,maskable_dqn__mask_true,maskable_ppo__mask_true,203108.531841,1.000000
max_slowdown,maskable_dqn__mask_true,maskable_ppo__mask_true,204593.430154,1.000000
max_slowdown,maskable_dqn__mask_true,maskable_ppo__mask_true,206078.328468,1.000000
max_slowdown,maskable_dqn__mask_true,maskable_ppo__mask_true,207563.226782,1.000000
max_slowdown,maskable_dqn__mask_true,maskable_ppo__mask_true,209048.125096,1.000000
max_slowdown,maskable_dqn__mask_true,maskable_ppo__mask_true,210533.023410,1.000000
max_slowdown,maskable_dqn__mask_true,maskable_ppo__mask_true,212017.921724,1.000000
max_slowdown,maskable_dqn__mask_true,maskable_ppo__mask_true,213502.820037,1.000000
max_slowdown,maskable_dqn__mask_true,maskable_ppo__mask_true,214987.718351,1.000000
max_slowdown,maskable_dqn__mask_true,maskable_ppo__mask_true,216472.616665,1.000000
max_slowdown,maskable_dqn__mask_true,maskable_ppo__mask_true,217957.514979,1.000000
max_slowdown,maskable_dqn__mask_true,maskable_ppo__mask_true,219442.413293,1.000000
max_slowdown,maskable_dqn__mask_true,maskable_ppo__mask_true,220927.311607,1.000000
max_slowdown,maskable_dqn__mask_true,maskable_ppo__mask_true,222412.209920,1.000000
max_slowdown,maskable_dqn__mask_true,maskable_ppo__mask_true,223897.108234,1.000000
max_slowdown,maskable_dqn__mask_true,maskable_ppo__mask_true,225382.006548,1.000000
max_slowdown,maskable_dqn__mask_true,maskable_ppo__mask_true,226866.904862,1.000000
max_slowdown,maskable_dqn__mask_true,maskable_ppo__mask_true,228351.803176,1.000000
max_slowdown,maskable_dqn__mask_true,maskable_ppo__mask_true,229836.701490,1.000000
max_slowdown,maskable_dqn__mask_true,maskable_ppo__mask_true,231321.599804,1.000000
max_slowdown,maskable_dqn__mask_true,maskable_ppo__mask_true,232806.498117,1.000000
max_slowdown,maskable_dqn__mask_true,maskable_ppo__mask_true,234291.396431,1.000000
max_slowdown,maskable_dqn__mask_true,maskable_ppo__mask_true,235776.294745,1.000000
max_slowdown,maskable_dqn__mask_true,maskable_ppo__mask_true,237261.193059,1.000000
max_slowdown,maskable_dqn__mask_true,maskable_ppo__mask_true,238746.091373,1.000000
max_slowdown,maskable_dqn__mask_true,maskable_ppo__mask_true,240230.989687,1.000000
max_slowdown,maskable_dqn__mask_true,maskable_ppo__mask_true,241715.888000,0.921875
max_slowdown,maskable_dqn__mask_true,maskable_ppo__mask_true,243200.786314,0.845703
max_slowdown,maskable_dqn__mask_true,maskable_ppo__mask_true,244685.684628,0.845703
max_slowdown,maskable_dqn__mask_true,maskable_ppo__mask_true,246170.582942,0.845703
max_slowdown,maskable_dqn__mask_true,maskable_ppo__mask_true,247655.481256,0.695312
max_slowdown,maskable_dqn__mask_true,maskable_ppo__mask_true,249140.379570,0.625000
max_slowdown,maskable_dqn__mask_true,maskable_ppo__mask_true,250625.277883,0.625000
max_slowdown,maskable_dqn__mask_true,maskable_ppo__mask_true,252110.176197,0.556641
max_slowdown,maskable_dqn__mask_true,maskable_ppo__mask_true,253595.074511,0.556641
max_slowdown,maskable_dqn__mask_true,maskable_ppo__mask_true,255079.972825,0.492188
max_slowdown,maskable_dqn__mask_true,maskable_ppo__mask_true,256564.871139,0.431641
max_slowdown,maskable_dqn__mask_true,maskable_ppo__mask_true,258049.769453,0.322266
max_slowdown,maskable_dqn__mask_true,maskable_ppo__mask_true,259534.667767,0.322266
max_slowdown,maskable_dqn__mask_true,maskable_ppo__mask_true,261019.566080,0.275391
max_slowdown,maskable_dqn__mask_true,maskable_ppo__mask_true,262504.464394,0.275391
max_slowdown,maskable_dqn__mask_true,maskable_ppo__mask_true,263989.362708,0.232422
max_slowdown,maskable_dqn__mask_true,maskable_ppo__mask_true,265474.261022,0.160156
max_slowdown,maskable_dqn__mask_true,maskable_ppo__mask_true,266959.159336,0.130859
max_slowdown,maskable_dqn__mask_true,maskable_ppo__mask_true,268444.057650,0.130859
max_slowdown,maskable_dqn__mask_true,maskable_ppo__mask_true,269928.955963,0.130859
max_slowdown,maskable_dqn__mask_true,maskable_ppo__mask_true,271413.854277,0.064453
max_slowdown,maskable_dqn__mask_true,maskable_ppo__mask_true,272898.752591,0.064453
max_slowdown,maskable_dqn__mask_true,maskable_ppo__mask_true,274383.650905,0.064453
max_slowdown,maskable_dqn__mask_true,maskable_ppo__mask_true,275868.549219,0.064453
max_slowdown,maskable_dqn__mask_true,maskable_ppo__mask_true,277353.447533,0.048828
max_slowdown,maskable_dqn__mask_true,maskable_ppo__mask_true,278838.345846,0.037109
max_slowdown,maskable_dqn__mask_true,maskable_ppo__mask_true,280323.244160,0.027344
max_slowdown,maskable_dqn__mask_true,maskable_ppo__mask_true,281808.142474,0.013672
max_slowdown,maskable_dqn__mask_true,maskable_ppo__mask_true,283293.040788,0.013672
max_slowdown,maskable_dqn__mask_true,maskable_ppo__mask_true,284777.939102,0.009766
max_slowdown,maskable_dqn__mask_true,maskable_ppo__mask_true,286262.837416,0.009766
max_slowdown,maskable_dqn__mask_true,maskable_ppo__mask_true,287747.735730,0.009766
max_slowdown,maskable_dqn__mask_true,maskable_ppo__mask_true,289232.634043,0.009766
max_slowdown,maskable_dqn__mask_true,maskable_ppo__mask_true,290717.532357,0.009766
max_slowdown,maskable_dqn__mask_true,maskable_ppo__mask_true,292202.430671,0.009766
max_slowdown,maskable_dqn__mask_true,maskable_ppo__mask_true,293687.328985,0.005859
max_slowdown,maskable_dqn__mask_true,maskable_ppo__mask_true,295172.227299,0.003906
max_slowdown,maskable_dqn__mask_true,maskable_ppo__mask_true,296657.125613,0.003906
max_slowdown,maskable_dqn__mask_true,maskable_ppo__mask_true,298142.023926,0.003906
max_slowdown,maskable_dqn__mask_true,maskable_ppo__mask_true,299626.922240,0.003906
max_slowdown,maskable_dqn__mask_true,maskable_ppo__mask_true,301111.820554,0.003906
max_slowdown,maskable_dqn__mask_true,maskable_ppo__mask_true,302596.718868,0.003906
max_slowdown,maskable_dqn__mask_true,maskable_ppo__mask_true,304081.617182,0.003906
max_slowdown,maskable_ppo__mask_true,ppo__mask_false,-2748.608727,0.003906
max_slowdown,maskable_ppo__mask_true,ppo__mask_false,-2734.317367,0.003906
max_slowdown,maskable_ppo__mask_true,ppo__mask_false,-2720.026007,0.003906
max_slowdown,maskable_ppo__mask_true,ppo__mask_false,-2705.734646,0.003906
max_slowdown,maskable_ppo__mask_true,ppo__mask_false,-2691.443286,0.003906
max_slowdown,maskable_ppo__mask_true,ppo__mask_false,-2677.151925,0.003906
max_slowdown,maskable_ppo__mask_true,ppo__mask_false,-2662.860565,0.003906
max_slowdown,maskable_ppo__mask_true,ppo__mask_false,-2648.569204,0.003906
max_slowdown,maskable_ppo__mask_true,ppo__mask_false,-2634.277844,0.003906
max_slowdown,maskable_ppo__mask_true,ppo__mask_false,-2619.986483,0.003906
max_slowdown,maskable_ppo__mask_true,ppo__mask_false,-2605.695123,0.003906
max_slowdown,maskable_ppo__mask_true,ppo__mask_false,-2591.403763,0.003906
max_slowdown,maskable_ppo__mask_true,ppo__mask_false,-2577.112402,0.003906
max_slowdown,maskable_ppo__mask_true,ppo__mask_false,-2562.821042,0.003906
max_slowdown,maskable_ppo__mask_true,ppo__mask_false,-2548.529681,0.003906
max_slowdown,maskable_ppo__mask_true,ppo__mask_false,-2534.238321,0.003906
max_slowdown,maskable_ppo__mask_true,ppo__mask_false,-2519.946960,0.003906
max_slowdown,maskable_ppo__mask_true,ppo__mask_false,-2505.655600,0.003906
max_slowdown,maskable_ppo__mask_true,ppo__mask_false,-2491.364240,0.003906
max_slowdown,maskable_ppo__mask_true,ppo__mask_false,-2477.072879,0.003906
max_slowdown,maskable_ppo__mask_true,ppo__mask_false,-2462.781519,0.003906
max_slowdown,maskable_ppo__mask_true,ppo__mask_false,-2448.490158,0.003906
max_slowdown,maskable_ppo__mask_true,ppo__mask_false,-2434.198798,0.003906
max_slowdown,maskable_ppo__mask_true,ppo__mask_false,-2419.907437,0.003906
max_slowdown,maskable_ppo__mask_true,ppo__mask_false,-2405.616077,0.003906
max_slowdown,maskable_ppo__mask_true,ppo__mask_false,-2391.324716,0.003906
max_slowdown,maskable_ppo__mask_true,ppo__mask_false,-2377.033356,0.003906
max_slowdown,maskable_ppo__mask_true,ppo__mask_false,-2362.741996,0.003906
max_slowdown,maskable_ppo__mask_true,ppo__mask_false,-2348.450635,0.003906
max_slowdown,maskable_ppo__mask_true,ppo__mask_false,-2334.159275,0.003906
max_slowdown,maskable_ppo__mask_true,ppo__mask_false,-2319.867914,0.003906
max_slowdown,maskable_ppo__mask_true,ppo__mask_false,-2305.576554,0.003906
max_slowdown,maskable_ppo__mask_true,ppo__mask_false,-2291.285193,0.003906
max_slowdown,maskable_ppo__mask_true,ppo__mask_false,-2276.993833,0.003906
max_slowdown,maskable_ppo__mask_true,ppo__mask_false,-2262.702472,0.003906
max_slowdown,maskable_ppo__mask_true,ppo__mask_false,-2248.411112,0.009766
max_slowdown,maskable_ppo__mask_true,ppo__mask_false,-2234.119752,0.013672
max_slowdown,maskable_ppo__mask_true,ppo__mask_false,-2219.828391,0.013672
max_slowdown,maskable_ppo__mask_true,ppo__mask_false,-2205.537031,0.013672
max_slowdown,maskable_ppo__mask_true,ppo__mask_false,-2191.245670,0.027344
max_slowdown,maskable_ppo__mask_true,ppo__mask_false,-2176.954310,0.027344
max_slowdown,maskable_ppo__mask_true,ppo__mask_false,-2162.662949,0.027344
max_slowdown,maskable_ppo__mask_true,ppo__mask_false,-2148.371589,0.027344
max_slowdown,maskable_ppo__mask_true,ppo__mask_false,-2134.080229,0.027344
max_slowdown,maskable_ppo__mask_true,ppo__mask_false,-2119.788868,0.027344
max_slowdown,maskable_ppo__mask_true,ppo__mask_false,-2105.497508,0.027344
max_slowdown,maskable_ppo__mask_true,ppo__mask_false,-2091.206147,0.027344
max_slowdown,maskable_ppo__mask_true,ppo__mask_false,-2076.914787,0.027344
max_slowdown,maskable_ppo__mask_true,ppo__mask_false,-2062.623426,0.027344
max_slowdown,maskable_ppo__mask_true,ppo__mask_false,-2048.332066,0.027344
max_slowdown,maskable_ppo__mask_true,ppo__mask_false,-2034.040705,0.027344
max_slowdown,maskable_ppo__mask_true,ppo__mask_false,-2019.749345,0.027344
max_slowdown,maskable_ppo__mask_true,ppo__mask_false,-2005.457985,0.027344
max_slowdown,maskable_ppo__mask_true,ppo__mask_false,-1991.166624,0.027344
max_slowdown,maskable_ppo__mask_true,ppo__mask_false,-1976.875264,0.027344
max_slowdown,maskable_ppo__mask_true,ppo__mask_false,-1962.583903,0.027344
max_slowdown,maskable_ppo__mask_true,ppo__mask_false,-1948.292543,0.027344
max_slowdown,maskable_ppo__mask_true,ppo__mask_false,-1934.001182,0.027344
max_slowdown,maskable_ppo__mask_true,ppo__mask_false,-1919.709822,0.027344
max_slowdown,maskable_ppo__mask_true,ppo__mask_false,-1905.418462,0.027344
max_slowdown,maskable_ppo__mask_true,ppo__mask_false,-1891.127101,0.027344
max_slowdown,maskable_ppo__mask_true,ppo__mask_false,-1876.835741,0.027344
max_slowdown,maskable_ppo__mask_true,ppo__mask_false,-1862.544380,0.027344
max_slowdown,maskable_ppo__mask_true,ppo__mask_false,-1848.253020,0.027344
max_slowdown,maskable_ppo__mask_true,ppo__mask_false,-1833.961659,0.027344
max_slowdown,maskable_ppo__mask_true,ppo__mask_false,-1819.670299,0.027344
max_slowdown,maskable_ppo__mask_true,ppo__mask_false,-1805.378938,0.027344
max_slowdown,maskable_ppo__mask_true,ppo__mask_false,-1791.087578,0.027344
max_slowdown,maskable_ppo__mask_true,ppo__mask_false,-1776.796218,0.027344
max_slowdown,maskable_ppo__mask_true,ppo__mask_false,-1762.504857,0.027344
max_slowdown,maskable_ppo__mask_true,ppo__mask_false,-1748.213497,0.027344
max_slowdown,maskable_ppo__mask_true,ppo__mask_false,-1733.922136,0.027344
max_slowdown,maskable_ppo__mask_true,ppo__mask_false,-1719.630776,0.027344
max_slowdown,maskable_ppo__mask_true,ppo__mask_false,-1705.339415,0.027344
max_slowdown,maskable_ppo__mask_true,ppo__mask_false,-1691.048055,0.027344
max_slowdown,maskable_ppo__mask_true,ppo__mask_false,-1676.756694,0.027344
max_slowdown,maskable_ppo__mask_true,ppo__mask_false,-1662.465334,0.037109
max_slowdown,maskable_ppo__mask_true,ppo__mask_false,-1648.173974,0.064453
max_slowdown,maskable_ppo__mask_true,ppo__mask_false,-1633.882613,0.105469
max_slowdown,maskable_ppo__mask_true,ppo__mask_false,-1619.591253,0.130859
max_slowdown,maskable_ppo__mask_true,ppo__mask_false,-1605.299892,0.130859
max_slowdown,maskable_ppo__mask_true,ppo__mask_false,-1591.008532,0.232422
max_slowdown,maskable_ppo__mask_true,ppo__mask_false,-1576.717171,0.431641
max_slowdown,maskable_ppo__mask_true,ppo__mask_false,-1562.425811,0.431641
max_slowdown,maskable_ppo__mask_true,ppo__mask_false,-1548.134451,0.431641
max_slowdown,maskable_ppo__mask_true,ppo__mask_false,-1533.843090,0.556641
max_slowdown,maskable_ppo__mask_true,ppo__mask_false,-1519.551730,0.695312
max_slowdown,maskable_ppo__mask_true,ppo__mask_false,-1505.260369,0.769531
max_slowdown,maskable_ppo__mask_true,ppo__mask_false,-1490.969009,0.769531
max_slowdown,maskable_ppo__mask_true,ppo__mask_false,-1476.677648,0.769531
max_slowdown,maskable_ppo__mask_true,ppo__mask_false,-1462.386288,0.769531
max_slowdown,maskable_ppo__mask_true,ppo__mask_false,-1448.094927,0.769531
max_slowdown,maskable_ppo__mask_true,ppo__mask_false,-1433.803567,0.769531
max_slowdown,maskable_ppo__mask_true,ppo__mask_false,-1419.512207,0.769531
max_slowdown,maskable_ppo__mask_true,ppo__mask_false,-1405.220846,0.769531
max_slowdown,maskable_ppo__mask_true,ppo__mask_false,-1390.929486,0.769531
max_slowdown,maskable_ppo__mask_true,ppo__mask_false,-1376.638125,0.769531
max_slowdown,maskable_ppo__mask_true,ppo__mask_false,-1362.346765,0.845703
max_slowdown,maskable_ppo__mask_true,ppo__mask_false,-1348.055404,0.845703
max_slowdown,maskable_ppo__mask_true,ppo__mask_false,-1333.764044,0.845703
max_slowdown,maskable_ppo__mask_true,ppo__mask_false,-1319.472683,0.845703
max_slowdown,maskable_ppo__mask_true,ppo__mask_false,-1305.181323,0.845703
max_slowdown,maskable_ppo__mask_true,ppo__mask_false,-1290.889963,0.845703
max_slowdown,maskable_ppo__mask_true,ppo__mask_false,-1276.598602,0.845703
max_slowdown,maskable_ppo__mask_true,ppo__mask_false,-1262.307242,0.845703
max_slowdown,maskable_ppo__mask_true,ppo__mask_false,-1248.015881,0.845703
max_slowdown,maskable_ppo__mask_true,ppo__mask_false,-1233.724521,0.845703
max_slowdown,maskable_ppo__mask_true,ppo__mask_false,-1219.433160,0.845703
max_slowdown,maskable_ppo__mask_true,ppo__mask_false,-1205.141800,0.845703
max_slowdown,maskable_ppo__mask_true,ppo__mask_false,-1190.850440,0.845703
max_slowdown,maskable_ppo__mask_true,ppo__mask_false,-1176.559079,0.845703
max_slowdown,maskable_ppo__mask_true,ppo__mask_false,-1162.267719,0.845703
max_slowdown,maskable_ppo__mask_true,ppo__mask_false,-1147.976358,0.845703
max_slowdown,maskable_ppo__mask_true,ppo__mask_false,-1133.684998,0.845703
max_slowdown,maskable_ppo__mask_true,ppo__mask_false,-1119.393637,0.845703
max_slowdown,maskable_ppo__mask_true,ppo__mask_false,-1105.102277,0.845703
max_slowdown,maskable_ppo__mask_true,ppo__mask_false,-1090.810916,0.845703
max_slowdown,maskable_ppo__mask_true,ppo__mask_false,-1076.519556,0.845703
max_slowdown,maskable_ppo__mask_true,ppo__mask_false,-1062.228196,0.845703
max_slowdown,maskable_ppo__mask_true,ppo__mask_false,-1047.936835,0.845703
max_slowdown,maskable_ppo__mask_true,ppo__mask_false,-1033.645475,0.845703
max_slowdown,maskable_ppo__mask_true,ppo__mask_false,-1019.354114,0.845703
max_slowdown,maskable_ppo__mask_true,ppo__mask_false,-1005.062754,0.845703
max_slowdown,maskable_ppo__mask_true,ppo__mask_false,-990.771393,0.845703
max_slowdown,maskable_ppo__mask_true,ppo__mask_false,-976.480033,1.000000
max_slowdown,maskable_ppo__mask_true,ppo__mask_false,-962.188673,1.000000
max_slowdown,maskable_ppo__mask_true,ppo__mask_false,-947.897312,1.000000
max_slowdown,maskable_ppo__mask_true,ppo__mask_false,-933.605952,0.921875
max_slowdown,maskable_ppo__mask_true,ppo__mask_false,-919.314591,0.769531
max_slowdown,maskable_ppo__mask_true,ppo__mask_false,-905.023231,0.492188
max_slowdown,maskable_ppo__mask_true,ppo__mask_false,-890.731870,0.431641
max_slowdown,maskable_ppo__mask_true,ppo__mask_false,-876.440510,0.431641
max_slowdown,maskable_ppo__mask_true,ppo__mask_false,-862.149149,0.322266
max_slowdown,maskable_ppo__mask_true,ppo__mask_false,-847.857789,0.275391
max_slowdown,maskable_ppo__mask_true,ppo__mask_false,-833.566429,0.232422
max_slowdown,maskable_ppo__mask_true,ppo__mask_false,-819.275068,0.232422
max_slowdown,maskable_ppo__mask_true,ppo__mask_false,-804.983708,0.232422
max_slowdown,maskable_ppo__mask_true,ppo__mask_false,-790.692347,0.232422
max_slowdown,maskable_ppo__mask_true,ppo__mask_false,-776.400987,0.232422
max_slowdown,maskable_ppo__mask_true,ppo__mask_false,-762.109626,0.160156
max_slowdown,maskable_ppo__mask_true,ppo__mask_false,-747.818266,0.130859
max_slowdown,maskable_ppo__mask_true,ppo__mask_false,-733.526905,0.130859
max_slowdown,maskable_ppo__mask_true,ppo__mask_false,-719.235545,0.130859
max_slowdown,maskable_ppo__mask_true,ppo__mask_false,-704.944185,0.105469
max_slowdown,maskable_ppo__mask_true,ppo__mask_false,-690.652824,0.083984
max_slowdown,maskable_ppo__mask_true,ppo__mask_false,-676.361464,0.083984
max_slowdown,maskable_ppo__mask_true,ppo__mask_false,-662.070103,0.083984
max_slowdown,maskable_ppo__mask_true,ppo__mask_false,-647.778743,0.083984
max_slowdown,maskable_ppo__mask_true,ppo__mask_false,-633.487382,0.083984
max_slowdown,maskable_ppo__mask_true,ppo__mask_false,-619.196022,0.083984
max_slowdown,maskable_ppo__mask_true,ppo__mask_false,-604.904662,0.083984
max_slowdown,maskable_ppo__mask_true,ppo__mask_false,-590.613301,0.083984
max_slowdown,maskable_ppo__mask_true,ppo__mask_false,-576.321941,0.083984
max_slowdown,maskable_ppo__mask_true,ppo__mask_false,-562.030580,0.083984
max_slowdown,maskable_ppo__mask_true,ppo__mask_false,-547.739220,0.083984
max_slowdown,maskable_ppo__mask_true,ppo__mask_false,-533.447859,0.083984
max_slowdown,maskable_ppo__mask_true,ppo__mask_false,-519.156499,0.083984
max_slowdown,maskable_ppo__mask_true,ppo__mask_false,-504.865138,0.083984
max_slowdown,maskable_ppo__mask_true,ppo__mask_false,-490.573778,0.083984
max_slowdown,maskable_ppo__mask_true,ppo__mask_false,-476.282418,0.083984
max_slowdown,maskable_ppo__mask_true,ppo__mask_false,-461.991057,0.083984
max_slowdown,maskable_ppo__mask_true,ppo__mask_false,-447.699697,0.083984
max_slowdown,maskable_ppo__mask_true,ppo__mask_false,-433.408336,0.083984
max_slowdown,maskable_ppo__mask_true,ppo__mask_false,-419.116976,0.083984
max_slowdown,maskable_ppo__mask_true,ppo__mask_false,-404.825615,0.083984
max_slowdown,maskable_ppo__mask_true,ppo__mask_false,-390.534255,0.083984
max_slowdown,maskable_ppo__mask_true,ppo__mask_false,-376.242894,0.083984
max_slowdown,maskable_ppo__mask_true,ppo__mask_false,-361.951534,0.083984
max_slowdown,maskable_ppo__mask_true,ppo__mask_false,-347.660174,0.083984
max_slowdown,maskable_ppo__mask_true,ppo__mask_false,-333.368813,0.083984
max_slowdown,maskable_ppo__mask_true,ppo__mask_false,-319.077453,0.083984
max_slowdown,maskable_ppo__mask_true,ppo__mask_false,-304.786092,0.064453
max_slowdown,maskable_ppo__mask_true,ppo__mask_false,-290.494732,0.064453
max_slowdown,maskable_ppo__mask_true,ppo__mask_false,-276.203371,0.064453
max_slowdown,maskable_ppo__mask_true,ppo__mask_false,-261.912011,0.064453
max_slowdown,maskable_ppo__mask_true,ppo__mask_false,-247.620651,0.048828
max_slowdown,maskable_ppo__mask_true,ppo__mask_false,-233.329290,0.048828
max_slowdown,maskable_ppo__mask_true,ppo__mask_false,-219.037930,0.037109
max_slowdown,maskable_ppo__mask_true,ppo__mask_false,-204.746569,0.027344
max_slowdown,maskable_ppo__mask_true,ppo__mask_false,-190.455209,0.027344
max_slowdown,maskable_ppo__mask_true,ppo__mask_false,-176.163848,0.019531
max_slowdown,maskable_ppo__mask_true,ppo__mask_false,-161.872488,0.019531
max_slowdown,maskable_ppo__mask_true,ppo__mask_false,-147.581127,0.013672
max_slowdown,maskable_ppo__mask_true,ppo__mask_false,-133.289767,0.013672
max_slowdown,maskable_ppo__mask_true,ppo__mask_false,-118.998407,0.013672
max_slowdown,maskable_ppo__mask_true,ppo__mask_false,-104.707046,0.013672
max_slowdown,maskable_ppo__mask_true,ppo__mask_false,-90.415686,0.009766
max_slowdown,maskable_ppo__mask_true,ppo__mask_false,-76.124325,0.009766
max_slowdown,maskable_ppo__mask_true,ppo__mask_false,-61.832965,0.009766
max_slowdown,maskable_ppo__mask_true,ppo__mask_false,-47.541604,0.009766
max_slowdown,maskable_ppo__mask_true,ppo__mask_false,-33.250244,0.005859
max_slowdown,maskable_ppo__mask_true,ppo__mask_false,-18.958884,0.003906
max_slowdown,maskable_ppo__mask_true,ppo__mask_false,-4.667523,0.003906
max_slowdown,maskable_ppo__mask_true,ppo__mask_false,9.623837,0.003906
max_slowdown,maskable_ppo__mask_true,ppo__mask_false,23.915198,0.003906
max_slowdown,maskable_ppo__mask_true,ppo__mask_false,38.206558,0.003906
max_slowdown,maskable_ppo__mask_true,ppo__mask_false,52.497919,0.003906
max_slowdown,maskable_ppo__mask_true,ppo__mask_false,66.789279,0.003906
max_slowdown,maskable_ppo__mask_true,ppo__mask_false,81.080640,0.003906
max_slowdown,maskable_ppo__mask_true,ppo__mask_false,95.372000,0.003906
avg_turnaround,a2c__mask_false,maskable_ppo__mask_true,-98.094358,0.003906
avg_turnaround,a2c__mask_false,maskable_ppo__mask_true,-37.243399,0.003906
avg_turnaround,a2c__mask_false,maskable_ppo__mask_true,23.607559,0.003906
avg_turnaround,a2c__mask_false,maskable_ppo__mask_true,84.458517,0.003906
avg_turnaround,a2c__mask_false,maskable_ppo__mask_true,145.309475,0.003906
avg_turnaround,a2c__mask_false,maskable_ppo__mask_true,206.160434,0.019531
avg_turnaround,a2c__mask_false,maskable_ppo__mask_true,267.011392,0.037109
avg_turnaround,a2c__mask_false,maskable_ppo__mask_true,327.862350,0.037109
avg_turnaround,a2c__mask_false,maskable_ppo__mask_true,388.713308,0.037109
avg_turnaround,a2c__mask_false,maskable_ppo__mask_true,449.564267,0.037109
avg_turnaround,a2c__mask_false,maskable_ppo__mask_true,510.415225,0.083984
avg_turnaround,a2c__mask_false,maskable_ppo__mask_true,571.266183,0.769531
avg_turnaround,a2c__mask_false,maskable_ppo__mask_true,632.117142,1.000000
avg_turnaround,a2c__mask_false,maskable_ppo__mask_true,692.968100,1.000000
avg_turnaround,a2c__mask_false,maskable_ppo__mask_true,753.819058,1.000000
avg_turnaround,a2c__mask_false,maskable_ppo__mask_true,814.670016,1.000000
avg_turnaround,a2c__mask_false,maskable_ppo__mask_true,875.520975,1.000000
avg_turnaround,a2c__mask_false,maskable_ppo__mask_true,936.371933,1.000000
avg_turnaround,a2c__mask_false,maskable_ppo__mask_true,997.222891,1.000000
avg_turnaround,a2c__mask_false,maskable_ppo__mask_true,1058.073849,1.000000
avg_turnaround,a2c__mask_false,maskable_ppo__mask_true,1118.924808,1.000000
avg_turnaround,a2c__mask_false,maskable_ppo__mask_true,1179.775766,1.000000
avg_turnaround,a2c__mask_false,maskable_ppo__mask_true,1240.626724,1.000000
avg_turnaround,a2c__mask_false,maskable_ppo__mask_true,1301.477683,1.000000
avg_turnaround,a2c__mask_false,maskable_ppo__mask_true,1362.328641,1.000000
avg_turnaround,a2c__mask_false,maskable_ppo__mask_true,1423.179599,1.000000
avg_turnaround,a2c__mask_false,maskable_ppo__mask_true,1484.030557,1.000000
avg_turnaround,a2c__mask_false,maskable_ppo__mask_true,1544.881516,1.000000
avg_turnaround,a2c__mask_false,maskable_ppo__mask_true,1605.732474,1.000000
avg_turnaround,a2c__mask_false,maskable_ppo__mask_true,1666.583432,1.000000
avg_turnaround,a2c__mask_false,maskable_ppo__mask_true,1727.434390,1.000000
avg_turnaround,a2c__mask_false,maskable_ppo__mask_true,1788.285349,1.000000
avg_turnaround,a2c__mask_false,maskable_ppo__mask_true,1849.136307,1.000000
avg_turnaround,a2c__mask_false,maskable_ppo__mask_true,1909.987265,1.000000
avg_turnaround,a2c__mask_false,maskable_ppo__mask_true,1970.838224,0.921875
avg_turnaround,a2c__mask_false,maskable_ppo__mask_true,2031.689182,0.921875
avg_turnaround,a2c__mask_false,maskable_ppo__mask_true,2092.540140,0.921875
avg_turnaround,a2c__mask_false,maskable_ppo__mask_true,2153.391098,0.921875
avg_turnaround,a2c__mask_false,maskable_ppo__mask_true,2214.242057,0.921875
avg_turnaround,a2c__mask_false,maskable_ppo__mask_true,2275.093015,0.769531
avg_turnaround,a2c__mask_false,maskable_ppo__mask_true,2335.943973,0.492188
avg_turnaround,a2c__mask_false,maskable_ppo__mask_true,2396.794931,0.492188
avg_turnaround,a2c__mask_false,maskable_ppo__mask_true,2457.645890,0.492188
avg_turnaround,a2c__mask_false,maskable_ppo__mask_true,2518.496848,0.492188
avg_turnaround,a2c__mask_false,maskable_ppo__mask_true,2579.347806,0.492188
avg_turnaround,a2c__mask_false,maskable_ppo__mask_true,2640.198765,0.492188
avg_turnaround,a2c__mask_false,maskable_ppo__mask_true,2701.049723,0.492188
avg_turnaround,a2c__mask_false,maskable_ppo__mask_true,2761.900681,0.492188
avg_turnaround,a2c__mask_false,maskable_ppo__mask_true,2822.751639,0.492188
avg_turnaround,a2c__mask_false,maskable_ppo__mask_true,2883.602598,0.492188
avg_turnaround,a2c__mask_false,maskable_ppo__mask_true,2944.453556,0.492188
avg_turnaround,a2c__mask_false,maskable_ppo__mask_true,3005.304514,0.492188
avg_turnaround,a2c__mask_false,maskable_ppo__mask_true,3066.155472,0.492188
avg_turnaround,a2c__mask_false,maskable_ppo__mask_true,3127.006431,0.492188
avg_turnaround,a2c__mask_false,maskable_ppo__mask_true,3187.857389,0.492188
avg_turnaround,a2c__mask_false,maskable_ppo__mask_true,3248.708347,0.492188
avg_turnaround,a2c__mask_false,maskable_ppo__mask_true,3309.559306,0.492188
avg_turnaround,a2c__mask_false,maskable_ppo__mask_true,3370.410264,0.492188
avg_turnaround,a2c__mask_false,maskable_ppo__mask_true,3431.261222,0.492188
avg_turnaround,a2c__mask_false,maskable_ppo__mask_true,3492.112180,0.492188
avg_turnaround,a2c__mask_false,maskable_ppo__mask_true,3552.963139,0.492188
avg_turnaround,a2c__mask_false,maskable_ppo__mask_true,3613.814097,0.492188
avg_turnaround,a2c__mask_false,maskable_ppo__mask_true,3674.665055,0.492188
avg_turnaround,a2c__mask_false,maskable_ppo__mask_true,3735.516013,0.492188
avg_turnaround,a2c__mask_false,maskable_ppo__mask_true,3796.366972,0.492188
avg_turnaround,a2c__mask_false,maskable_ppo__mask_true,3857.217930,0.492188
avg_turnaround,a2c__mask_false,maskable_ppo__mask_true,3918.068888,0.492188
avg_turnaround,a2c__mask_false,maskable_ppo__mask_true,3978.919847,0.492188
avg_turnaround,a2c__mask_false,maskable_ppo__mask_true,4039.770805,0.431641
avg_turnaround,a2c__mask_false,maskable_ppo__mask_true,4100.621763,0.431641
avg_turnaround,a2c__mask_false,maskable_ppo__mask_true,4161.472721,0.431641
avg_turnaround,a2c__mask_false,maskable_ppo__mask_true,4222.323680,0.431641
avg_turnaround,a2c__mask_false,maskable_ppo__mask_true,4283.174638,0.431641
avg_turnaround,a2c__mask_false,maskable_ppo__mask_true,4344.025596,0.431641
avg_turnaround,a2c__mask_false,maskable_ppo__mask_true,4404.876554,0.431641
avg_turnaround,a2c__mask_false,maskable_ppo__mask_true,4465.727513,0.431641
avg_turnaround,a2c__mask_false,maskable_ppo__mask_true,4526.578471,0.431641
avg_turnaround,a2c__mask_false,maskable_ppo__mask_true,4587.429429,0.431641
avg_turnaround,a2c__mask_false,maskable_ppo__mask_true,4648.280388,0.431641
avg_turnaround,a2c__mask_false,maskable_ppo__mask_true,4709.131346,0.431641
avg_turnaround,a2c__mask_false,maskable_ppo__mask_true,4769.982304,0.431641
avg_turnaround,a2c__mask_false,maskable_ppo__mask_true,4830.833262,0.431641
avg_turnaround,a2c__mask_false,maskable_ppo__mask_true,4891.684221,0.431641
avg_turnaround,a2c__mask_false,maskable_ppo__mask_true,4952.535179,0.431641
avg_turnaround,a2c__mask_false,maskable_ppo__mask_true,5013.386137,0.431641
avg_turnaround,a2c__mask_false,maskable_ppo__mask_true,5074.237095,0.431641
avg_turnaround,a2c__mask_false,maskable_ppo__mask_true,5135.088054,0.431641
avg_turnaround,a2c__mask_false,maskable_ppo__mask_true,5195.939012,0.431641
avg_turnaround,a2c__mask_false,maskable_ppo__mask_true,5256.789970,0.431641
avg_turnaround,a2c__mask_false,maskable_ppo__mask_true,5317.640929,0.431641
avg_turnaround,a2c__mask_false,maskable_ppo__mask_true,5378.491887,0.431641
avg_turnaround,a2c__mask_false,maskable_ppo__mask_true,5439.342845,0.431641
avg_turnaround,a2c__mask_false,maskable_ppo__mask_true,5500.193803,0.431641
avg_turnaround,a2c__mask_false,maskable_ppo__mask_true,5561.044762,0.431641
avg_turnaround,a2c__mask_false,maskable_ppo__mask_true,5621.895720,0.431641
avg_turnaround,a2c__mask_false,maskable_ppo__mask_true,5682.746678,0.431641
avg_turnaround,a2c__mask_false,maskable_ppo__mask_true,5743.597636,0.431641
avg_turnaround,a2c__mask_false,maskable_ppo__mask_true,5804.448595,0.431641
avg_turnaround,a2c__mask_false,maskable_ppo__mask_true,5865.299553,0.431641
avg_turnaround,a2c__mask_false,maskable_ppo__mask_true,5926.150511,0.375000
avg_turnaround,a2c__mask_false,maskable_ppo__mask_true,5987.001470,0.322266
avg_turnaround,a2c__mask_false,maskable_ppo__mask_true,6047.852428,0.322266
avg_turnaround,a2c__mask_false,maskable_ppo__mask_true,6108.703386,0.322266
avg_turnaround,a2c__mask_false,maskable_ppo__mask_true,6169.554344,0.322266
avg_turnaround,a2c__mask_false,maskable_ppo__mask_true,6230.405303,0.275391
avg_turnaround,a2c__mask_false,maskable_ppo__mask_true,6291.256261,0.037109
avg_turnaround,a2c__mask_false,maskable_ppo__mask_true,6352.107219,0.019531
avg_turnaround,a2c__mask_false,maskable_ppo__mask_true,6412.958177,0.019531
avg_turnaround,a2c__mask_false,maskable_ppo__mask_true,6473.809136,0.019531
avg_turnaround,a2c__mask_false,maskable_ppo__mask_true,6534.660094,0.019531
avg_turnaround,a2c__mask_false,maskable_ppo__mask_true,6595.511052,0.019531
avg_turnaround,a2c__mask_false,maskable_ppo__mask_true,6656.362011,0.019531
avg_turnaround,a2c__mask_false,maskable_ppo__mask_true,6717.212969,0.019531
avg_turnaround,a2c__mask_false,maskable_ppo__mask_true,6778.063927,0.019531
avg_turnaround,a2c__mask_false,maskable_ppo__mask_true,6838.914885,0.019531
avg_turnaround,a2c__mask_false,maskable_ppo__mask_true,6899.765844,0.019531
avg_turnaround,a2c__mask_false,maskable_ppo__mask_true,6960.616802,0.019531
avg_turnaround,a2c__mask_false,maskable_ppo__mask_true,7021.467760,0.019531
avg_turnaround,a2c__mask_false,maskable_ppo__mask_true,7082.318718,0.019531
avg_turnaround,a2c__mask_false,maskable_ppo__mask_true,7143.169677,0.019531
avg_turnaround,a2c__mask_false,maskable_ppo__mask_true,7204.020635,0.019531
avg_turnaround,a2c__mask_false,maskable_ppo__mask_true,7264.871593,0.019531
avg_turnaround,a2c__mask_false,maskable_ppo__mask_true,7325.722552,0.019531
avg_turnaround,a2c__mask_false,maskable_ppo__mask_true,7386.573510,0.019531
avg_turnaround,a2c__mask_false,maskable_ppo__mask_true,7447.424468,0.019531
avg_turnaround,a2c__mask_false,maskable_ppo__mask_true,7508.275426,0.019531
avg_turnaround,a2c__mask_false,maskable_ppo__mask_true,7569.126385,0.019531
avg_turnaround,a2c__mask_false,maskable_ppo__mask_true,7629.977343,0.019531
avg_turnaround,a2c__mask_false,maskable_ppo__mask_true,7690.828301,0.019531
avg_turnaround,a2c__mask_false,maskable_ppo__mask_true,7751.679259,0.019531
avg_turnaround,a2c__mask_false,maskable_ppo__mask_true,7812.530218,0.019531
avg_turnaround,a2c__mask_false,maskable_ppo__mask_true,7873.381176,0.019531
avg_turnaround,a2c__mask_false,maskable_ppo__mask_true,7934.232134,0.019531
avg_turnaround,a2c__mask_false,maskable_ppo__mask_true,7995.083093,0.019531
avg_turnaround,a2c__mask_false,maskable_ppo__mask_true,8055.934051,0.009766
avg_turnaround,a2c__mask_false,maskable_ppo__mask_true,8116.785009,0.009766
avg_turnaround,a2c__mask_false,maskable_ppo__mask_true,8177.635967,0.009766
avg_turnaround,a2c__mask_false,maskable_ppo__mask_true,8238.486926,0.009766
avg_turnaround,a2c__mask_false,maskable_ppo__mask_true,8299.337884,0.009766
avg_turnaround,a2c__mask_false,maskable_ppo__mask_true,8360.188842,0.009766
avg_turnaround,a2c__mask_false,maskable_ppo__mask_true,8421.039800,0.009766
avg_turnaround,a2c__mask_false,maskable_ppo__mask_true,8481.890759,0.009766
avg_turnaround,a2c__mask_false,maskable_ppo__mask_true,8542.741717,0.009766
avg_turnaround,a2c__mask_false,maskable_ppo__mask_true,8603.592675,0.009766
avg_turnaround,a2c__mask_false,maskable_ppo__mask_true,8664.443634,0.009766
avg_turnaround,a2c__mask_false,maskable_ppo__mask_true,8725.294592,0.009766
avg_turnaround,a2c__mask_false,maskable_ppo__mask_true,8786.145550,0.009766
avg_turnaround,a2c__mask_false,maskable_ppo__mask_true,8846.996508,0.009766
avg_turnaround,a2c__mask_false,maskable_ppo__mask_true,8907.847467,0.009766
avg_turnaround,a2c__mask_false,maskable_ppo__mask_true,8968.698425,0.009766
avg_turnaround,a2c__mask_false,maskable_ppo__mask_true,9029.549383,0.009766
avg_turnaround,a2c__mask_false,maskable_ppo__mask_true,9090.400341,0.009766
avg_turnaround,a2c__mask_false,maskable_ppo__mask_true,9151.251300,0.009766
avg_turnaround,a2c__mask_false,maskable_ppo__mask_true,9212.102258,0.009766
avg_turnaround,a2c__mask_false,maskable_ppo__mask_true,9272.953216,0.009766
avg_turnaround,a2c__mask_false,maskable_ppo__mask_true,9333.804175,0.009766
avg_turnaround,a2c__mask_false,maskable_ppo__mask_true,9394.655133,0.009766
avg_turnaround,a2c__mask_false,maskable_ppo__mask_true,9455.506091,0.009766
avg_turnaround,a2c__mask_false,maskable_ppo__mask_true,9516.357049,0.009766
avg_turnaround,a2c__mask_false,maskable_ppo__mask_true,9577.208008,0.009766
avg_turnaround,a2c__mask_false,maskable_ppo__mask_true,9638.058966,0.009766
avg_turnaround,a2c__mask_false,maskable_ppo__mask_true,9698.909924,0.009766
avg_turnaround,a2c__mask_false,maskable_ppo__mask_true,9759.760882,0.009766
avg_turnaround,a2c__mask_false,maskable_ppo__mask_true,9820.611841,0.009766
avg_turnaround,a2c__mask_false,maskable_ppo__mask_true,9881.462799,0.009766
avg_turnaround,a2c__mask_false,maskable_ppo__mask_true,9942.313757,0.009766
avg_turnaround,a2c__mask_false,maskable_ppo__mask_true,10003.164716,0.009766
avg_turnaround,a2c__mask_false,maskable_ppo__mask_true,10064.015674,0.009766
avg_turnaround,a2c__mask_false,maskable_ppo__mask_true,10124.866632,0.009766
avg_turnaround,a2c__mask_false,maskable_ppo__mask_true,10185.717590,0.009766
avg_turnaround,a2c__mask_false,maskable_ppo__mask_true,10246.568549,0.009766
avg_turnaround,a2c__mask_false,maskable_ppo__mask_true,10307.419507,0.009766
avg_turnaround,a2c__mask_false,maskable_ppo__mask_true,10368.270465,0.009766
avg_turnaround,a2c__mask_false,maskable_ppo__mask_true,10429.121423,0.009766
avg_turnaround,a2c__mask_false,maskable_ppo__mask_true,10489.972382,0.009766
avg_turnaround,a2c__mask_false,maskable_ppo__mask_true,10550.823340,0.009766
avg_turnaround,a2c__mask_false,maskable_ppo__mask_true,10611.674298,0.009766
avg_turnaround,a2c__mask_false,maskable_ppo__mask_true,10672.525257,0.009766
avg_turnaround,a2c__mask_false,maskable_ppo__mask_true,10733.376215,0.009766
avg_turnaround,a2c__mask_false,maskable_ppo__mask_true,10794.227173,0.009766
avg_turnaround,a2c__mask_false,maskable_ppo__mask_true,10855.078131,0.009766
avg_turnaround,a2c__mask_false,maskable_ppo__mask_true,10915.929090,0.009766
avg_turnaround,a2c__mask_false,maskable_ppo__mask_true,10976.780048,0.009766
avg_turnaround,a2c__mask_false,maskable_ppo__mask_true,11037.631006,0.009766
avg_turnaround,a2c__mask_false,maskable_ppo__mask_true,11098.481964,0.009766
avg_turnaround,a2c__mask_false,maskable_ppo__mask_true,11159.332923,0.009766
avg_turnaround,a2c__mask_false,maskable_ppo__mask_true,11220.183881,0.009766
avg_turnaround,a2c__mask_false,maskable_ppo__mask_true,11281.034839,0.009766
avg_turnaround,a2c__mask_false,maskable_ppo__mask_true,11341.885798,0.009766
avg_turnaround,a2c__mask_false,maskable_ppo__mask_true,11402.736756,0.009766
avg_turnaround,a2c__mask_false,maskable_ppo__mask_true,11463.587714,0.009766
avg_turnaround,a2c__mask_false,maskable_ppo__mask_true,11524.438672,0.009766
avg_turnaround,a2c__mask_false,maskable_ppo__mask_true,11585.289631,0.009766
avg_turnaround,a2c__mask_false,maskable_ppo__mask_true,11646.140589,0.009766
avg_turnaround,a2c__mask_false,maskable_ppo__mask_true,11706.991547,0.009766
avg_turnaround,a2c__mask_false,maskable_ppo__mask_true,11767.842505,0.009766
avg_turnaround,a2c__mask_false,maskable_ppo__mask_true,11828.693464,0.009766
avg_turnaround,a2c__mask_false,maskable_ppo__mask_true,11889.544422,0.009766
avg_turnaround,a2c__mask_false,maskable_ppo__mask_true,11950.395380,0.009766
avg_turnaround,a2c__mask_false,maskable_ppo__mask_true,12011.246339,0.003906
avg_turnaround,dqn__mask_false,maskable_a2c__mask_true,433.217249,0.003906
avg_turnaround,dqn__mask_false,maskable_a2c__mask_true,491.212371,0.009766
avg_turnaround,dqn__mask_false,maskable_a2c__mask_true,549.207492,0.037109
avg_turnaround,dqn__mask_false,maskable_a2c__mask_true,607.202614,0.048828
avg_turnaround,dqn__mask_false,maskable_a2c__mask_true,665.197736,0.083984
avg_turnaround,dqn__mask_false,maskable_a2c__mask_true,723.192858,0.083984
avg_turnaround,dqn__mask_false,maskable_a2c__mask_true,781.187979,0.083984
avg_turnaround,dqn__mask_false,maskable_a2c__mask_true,839.183101,0.130859
avg_turnaround,dqn__mask_false,maskable_a2c__mask_true,897.178223,0.130859
avg_turnaround,dqn__mask_false,maskable_a2c__mask_true,955.173345,0.193359
avg_turnaround,dqn__mask_false,maskable_a2c__mask_true,1013.168467,0.193359
avg_turnaround,dqn__mask_false,maskable_a2c__mask_true,1071.163588,0.193359
avg_turnaround,dqn__mask_false,maskable_a2c__mask_true,1129.158710,0.193359
avg_turnaround,dqn__mask_false,maskable_a2c__mask_true,1187.153832,0.193359
avg_turnaround,dqn__mask_false,maskable_a2c__mask_true,1245.148954,0.232422
avg_turnaround,dqn__mask_false,maskable_a2c__mask_true,1303.144075,0.232422
avg_turnaround,dqn__mask_false,maskable_a2c__mask_true,1361.139197,0.232422
avg_turnaround,dqn__mask_false,maskable_a2c__mask_true,1419.134319,0.232422
avg_turnaround,dqn__mask_false,maskable_a2c__mask_true,1477.129441,0.232422
avg_turnaround,dqn__mask_false,maskable_a2c__mask_true,1535.124562,0.232422
avg_turnaround,dqn__mask_false,maskable_a2c__mask_true,1593.119684,0.232422
avg_turnaround,dqn__mask_false,maskable_a2c__mask_true,1651.114806,0.232422
avg_turnaround,dqn__mask_false,maskable_a2c__mask_true,1709.109928,0.322266
avg_turnaround,dqn__mask_false,maskable_a2c__mask_true,1767.105049,0.431641
avg_turnaround,dqn__mask_false,maskable_a2c__mask_true,1825.100171,0.431641
avg_turnaround,dqn__mask_false,maskable_a2c__mask_true,1883.095293,0.431641
avg_turnaround,dqn__mask_false,maskable_a2c__mask_true,1941.090415,0.431641
avg_turnaround,dqn__mask_false,maskable_a2c__mask_true,1999.085536,0.431641
avg_turnaround,dqn__mask_false,maskable_a2c__mask_true,2057.080658,0.492188
avg_turnaround,dqn__mask_false,maskable_a2c__mask_true,2115.075780,0.492188
avg_turnaround,dqn__mask_false,maskable_a2c__mask_true,2173.070902,0.625000
avg_turnaround,dqn__mask_false,maskable_a2c__mask_true,2231.066023,0.695312
avg_turnaround,dqn__mask_false,maskable_a2c__mask_true,2289.061145,0.769531
avg_turnaround,dqn__mask_false,maskable_a2c__mask_true,2347.056267,0.769531
avg_turnaround,dqn__mask_false,maskable_a2c__mask_true,2405.051389,0.769531
avg_turnaround,dqn__mask_false,maskable_a2c__mask_true,2463.046510,0.769531
avg_turnaround,dqn__mask_false,maskable_a2c__mask_true,2521.041632,0.769531
avg_turnaround,dqn__mask_false,maskable_a2c__mask_true,2579.036754,0.845703
avg_turnaround,dqn__mask_false,maskable_a2c__mask_true,2637.031876,1.000000
avg_turnaround,dqn__mask_false,maskable_a2c__mask_true,2695.026997,1.000000
avg_turnaround,dqn__mask_false,maskable_a2c__mask_true,2753.022119,0.921875
avg_turnaround,dqn__mask_false,maskable_a2c__mask_true,2811.017241,0.921875
avg_turnaround,dqn__mask_false,maskable_a2c__mask_true,2869.012363,0.921875
avg_turnaround,dqn__mask_false,maskable_a2c__mask_true,2927.007484,0.845703
avg_turnaround,dqn__mask_false,maskable_a2c__mask_true,2985.002606,0.845703
avg_turnaround,dqn__mask_false,maskable_a2c__mask_true,3042.997728,0.769531
avg_turnaround,dqn__mask_false,maskable_a2c__mask_true,3100.992850,0.769531
avg_turnaround,dqn__mask_false,maskable_a2c__mask_true,3158.987972,0.769531
avg_turnaround,dqn__mask_false,maskable_a2c__mask_true,3216.983093,0.769531
avg_turnaround,dqn__mask_false,maskable_a2c__mask_true,3274.978215,0.769531
avg_turnaround,dqn__mask_false,maskable_a2c__mask_true,3332.973337,0.769531
avg_turnaround,dqn__mask_false,maskable_a2c__mask_true,3390.968459,0.695312
avg_turnaround,dqn__mask_false,maskable_a2c__mask_true,3448.963580,0.695312
avg_turnaround,dqn__mask_false,maskable_a2c__mask_true,3506.958702,0.695312
avg_turnaround,dqn__mask_false,maskable_a2c__mask_true,3564.953824,0.695312
avg_turnaround,dqn__mask_false,maskable_a2c__mask_true,3622.948946,0.695312
avg_turnaround,dqn__mask_false,maskable_a2c__mask_true,3680.944067,0.695312
avg_turnaround,dqn__mask_false,maskable_a2c__mask_true,3738.939189,0.695312
avg_turnaround,dqn__mask_false,maskable_a2c__mask_true,3796.934311,0.695312
avg_turnaround,dqn__mask_false,maskable_a2c__mask_true,3854.929433,0.556641
avg_turnaround,dqn__mask_false,maskable_a2c__mask_true,3912.924554,0.556641
avg_turnaround,dqn__mask_false,maskable_a2c__mask_true,3970.919676,0.556641
avg_turnaround,dqn__mask_false,maskable_a2c__mask_true,4028.914798,0.556641
avg_turnaround,dqn__mask_false,maskable_a2c__mask_true,4086.909920,0.556641
avg_turnaround,dqn__mask_false,maskable_a2c__mask_true,4144.905041,0.556641
avg_turnaround,dqn__mask_false,maskable_a2c__mask_true,4202.900163,0.556641
avg_turnaround,dqn__mask_false,maskable_a2c__mask_true,4260.895285,0.556641
avg_turnaround,dqn__mask_false,maskable_a2c__mask_true,4318.890407,0.492188
avg_turnaround,dqn__mask_false,maskable_a2c__mask_true,4376.885528,0.492188
avg_turnaround,dqn__mask_false,maskable_a2c__mask_true,4434.880650,0.492188
avg_turnaround,dqn__mask_false,maskable_a2c__mask_true,4492.875772,0.492188
avg_turnaround,dqn__mask_false,maskable_a2c__mask_true,4550.870894,0.492188
avg_turnaround,dqn__mask_false,maskable_a2c__mask_true,4608.866015,0.492188
avg_turnaround,dqn__mask_false,maskable_a2c__mask_true,4666.861137,0.492188
avg_turnaround,dqn__mask_false,maskable_a2c__mask_true,4724.856259,0.492188
avg_turnaround,dqn__mask_false,maskable_a2c__mask_true,4782.851381,0.492188
avg_turnaround,dqn__mask_false,maskable_a2c__mask_true,4840.846502,0.431641
avg_turnaround,dqn__mask_false,maskable_a2c__mask_true,4898.841624,0.431641
avg_turnaround,dqn__mask_false,maskable_a2c__mask_true,4956.836746,0.431641
avg_turnaround,dqn__mask_false,maskable_a2c__mask_true,5014.831868,0.431641
avg_turnaround,dqn__mask_false,maskable_a2c__mask_true,5072.826989,0.431641
avg_turnaround,dqn__mask_false,maskable_a2c__mask_true,5130.822111,0.431641
avg_turnaround,dqn__mask_false,maskable_a2c__mask_true,5188.817233,0.431641
avg_turnaround,dqn__mask_false,maskable_a2c__mask_true,5246.812355,0.431641
avg_turnaround,dqn__mask_false,maskable_a2c__mask_true,5304.807477,0.431641
avg_turnaround,dqn__mask_false,maskable_a2c__mask_true,5362.802598,0.431641
avg_turnaround,dqn__mask_false,maskable_a2c__mask_true,5420.797720,0.431641
avg_turnaround,dqn__mask_false,maskable_a2c__mask_true,5478.792842,0.431641
avg_turnaround,dqn__mask_false,maskable_a2c__mask_true,5536.787964,0.431641
avg_turnaround,dqn__mask_false,maskable_a2c__mask_true,5594.783085,0.431641
avg_turnaround,dqn__mask_false,maskable_a2c__mask_true,5652.778207,0.431641
avg_turnaround,dqn__mask_false,maskable_a2c__mask_true,5710.773329,0.431641
avg_turnaround,dqn__mask_false,maskable_a2c__mask_true,5768.768451,0.431641
avg_turnaround,dqn__mask_false,maskable_a2c__mask_true,5826.763572,0.431641
avg_turnaround,dqn__mask_false,maskable_a2c__mask_true,5884.758694,0.431641
avg_turnaround,dqn__mask_false,maskable_a2c__mask_true,5942.753816,0.431641
avg_turnaround,dqn__mask_false,maskable_a2c__mask_true,6000.748938,0.431641
avg_turnaround,dqn__mask_false,maskable_a2c__mask_true,6058.744059,0.431641
avg_turnaround,dqn__mask_false,maskable_a2c__mask_true,6116.739181,0.322266
avg_turnaround,dqn__mask_false,maskable_a2c__mask_true,6174.734303,0.232422
avg_turnaround,dqn__mask_false,maskable_a2c__mask_true,6232.729425,0.160156
avg_turnaround,dqn__mask_false,maskable_a2c__mask_true,6290.724546,0.160156
avg_turnaround,dqn__mask_false,maskable_a2c__mask_true,6348.719668,0.105469
avg_turnaround,dqn__mask_false,maskable_a2c__mask_true,6406.714790,0.105469
avg_turnaround,dqn__mask_false,maskable_a2c__mask_true,6464.709912,0.105469
avg_turnaround,dqn__mask_false,maskable_a2c__mask_true,6522.705033,0.083984
avg_turnaround,dqn__mask_false,maskable_a2c__mask_true,6580.700155,0.083984
avg_turnaround,dqn__mask_false,maskable_a2c__mask_true,6638.695277,0.064453
avg_turnaround,dqn__mask_false,maskable_a2c__mask_true,6696.690399,0.064453
avg_turnaround,dqn__mask_false,maskable_a2c__mask_true,6754.685520,0.064453
avg_turnaround,dqn__mask_false,maskable_a2c__mask_true,6812.680642,0.064453
avg_turnaround,dqn__mask_false,maskable_a2c__mask_true,6870.675764,0.064453
avg_turnaround,dqn__mask_false,maskable_a2c__mask_true,6928.670886,0.064453
avg_turnaround,dqn__mask_false,maskable_a2c__mask_true,6986.666007,0.064453
avg_turnaround,dqn__mask_false,maskable_a2c__mask_true,7044.661129,0.064453
avg_turnaround,dqn__mask_false,maskable_a2c__mask_true,7102.656251,0.064453
avg_turnaround,dqn__mask_false,maskable_a2c__mask_true,7160.651373,0.064453
avg_turnaround,dqn__mask_false,maskable_a2c__mask_true,7218.646494,0.064453
avg_turnaround,dqn__mask_false,maskable_a2c__mask_true,7276.641616,0.064453
avg_turnaround,dqn__mask_false,maskable_a2c__mask_true,7334.636738,0.048828
avg_turnaround,dqn__mask_false,maskable_a2c__mask_true,7392.631860,0.048828
avg_turnaround,dqn__mask_false,maskable_a2c__mask_true,7450.626982,0.037109
avg_turnaround,dqn__mask_false,maskable_a2c__mask_true,7508.622103,0.037109
avg_turnaround,dqn__mask_false,maskable_a2c__mask_true,7566.617225,0.037109
avg_turnaround,dqn__mask_false,maskable_a2c__mask_true,7624.612347,0.037109
avg_turnaround,dqn__mask_false,maskable_a2c__mask_true,7682.607469,0.037109
avg_turnaround,dqn__mask_false,maskable_a2c__mask_true,7740.602590,0.037109
avg_turnaround,dqn__mask_false,maskable_a2c__mask_true,7798.597712,0.027344
avg_turnaround,dqn__mask_false,maskable_a2c__mask_true,7856.592834,0.027344
avg_turnaround,dqn__mask_false,maskable_a2c__mask_true,7914.587956,0.027344
avg_turnaround,dqn__mask_false,maskable_a2c__mask_true,7972.583077,0.019531
avg_turnaround,dqn__mask_false,maskable_a2c__mask_true,8030.578199,0.019531
avg_turnaround,dqn__mask_false,maskable_a2c__mask_true,8088.573321,0.019531
avg_turnaround,dqn__mask_false,maskable_a2c__mask_true,8146.568443,0.019531
avg_turnaround,dqn__mask_false,maskable_a2c__mask_true,8204.563564,0.019531
avg_turnaround,dqn__mask_false,maskable_a2c__mask_true,8262.558686,0.013672
avg_turnaround,dqn__mask_false,maskable_a2c__mask_true,8320.553808,0.013672
avg_turnaround,dqn__mask_false,maskable_a2c__mask_true,8378.548930,0.013672
avg_turnaround,dqn__mask_false,maskable_a2c__mask_true,8436.544051,0.009766
avg_turnaround,dqn__mask_false,maskable_a2c__mask_true,8494.539173,0.009766
avg_turnaround,dqn__mask_false,maskable_a2c__mask_true,8552.534295,0.009766
avg_turnaround,dqn__mask_false,maskable_a2c__mask_true,8610.529417,0.009766
avg_turnaround,dqn__mask_false,maskable_a2c__mask_true,8668.524538,0.009766
avg_turnaround,dqn__mask_false,maskable_a2c__mask_true,8726.519660,0.009766
avg_turnaround,dqn__mask_false,maskable_a2c__mask_true,8784.514782,0.009766
avg_turnaround,dqn__mask_false,maskable_a2c__mask_true,8842.509904,0.009766
avg_turnaround,dqn__mask_false,maskable_a2c__mask_true,8900.505025,0.009766
avg_turnaround,dqn__mask_false,maskable_a2c__mask_true,8958.500147,0.009766
avg_turnaround,dqn__mask_false,maskable_a2c__mask_true,9016.495269,0.009766
avg_turnaround,dqn__mask_false,maskable_a2c__mask_true,9074.490391,0.009766
avg_turnaround,dqn__mask_false,maskable_a2c__mask_true,9132.485512,0.009766
avg_turnaround,dqn__mask_false,maskable_a2c__mask_true,9190.480634,0.009766
avg_turnaround,dqn__mask_false,maskable_a2c__mask_true,9248.475756,0.009766
avg_turnaround,dqn__mask_false,maskable_a2c__mask_true,9306.470878,0.009766
avg_turnaround,dqn__mask_false,maskable_a2c__mask_true,9364.466000,0.009766
avg_turnaround,dqn__mask_false,maskable_a2c__mask_true,9422.461121,0.009766
avg_turnaround,dqn__mask_false,maskable_a2c__mask_true,9480.456243,0.009766
avg_turnaround,dqn__mask_false,maskable_a2c__mask_true,9538.451365,0.009766
avg_turnaround,dqn__mask_false,maskable_a2c__mask_true,9596.446487,0.009766
avg_turnaround,dqn__mask_false,maskable_a2c__mask_true,9654.441608,0.009766
avg_turnaround,dqn__mask_false,maskable_a2c__mask_true,9712.436730,0.009766
avg_turnaround,dqn__mask_false,maskable_a2c__mask_true,9770.431852,0.009766
avg_turnaround,dqn__mask_false,maskable_a2c__mask_true,9828.426974,0.009766
avg_turnaround,dqn__mask_false,maskable_a2c__mask_true,9886.422095,0.009766
avg_turnaround,dqn__mask_false,maskable_a2c__mask_true,9944.417217,0.009766
avg_turnaround,dqn__mask_false,maskable_a2c__mask_true,10002.412339,0.009766
avg_turnaround,dqn__mask_false,maskable_a2c__mask_true,10060.407461,0.009766
avg_turnaround,dqn__mask_false,maskable_a2c__mask_true,10118.402582,0.009766
avg_turnaround,dqn__mask_false,maskable_a2c__mask_true,10176.397704,0.009766
avg_turnaround,dqn__mask_false,maskable_a2c__mask_true,10234.392826,0.009766
avg_turnaround,dqn__mask_false,maskable_a2c__mask_true,10292.387948,0.009766
avg_turnaround,dqn__mask_false,maskable_a2c__mask_true,10350.383069,0.009766
avg_turnaround,dqn__mask_false,maskable_a2c__mask_true,10408.378191,0.009766
avg_turnaround,dqn__mask_false,maskable_a2c__mask_true,10466.373313,0.009766
avg_turnaround,dqn__mask_false,maskable_a2c__mask_true,10524.368435,0.009766
avg_turnaround,dqn__mask_false,maskable_a2c__mask_true,10582.363556,0.009766
avg_turnaround,dqn__mask_false,maskable_a2c__mask_true,10640.358678,0.009766
avg_turnaround,dqn__mask_false,maskable_a2c__mask_true,10698.353800,0.009766
avg_turnaround,dqn__mask_false,maskable_a2c__mask_true,10756.348922,0.009766
avg_turnaround,dqn__mask_false,maskable_a2c__mask_true,10814.344043,0.009766
avg_turnaround,dqn__mask_false,maskable_a2c__mask_true,10872.339165,0.009766
avg_turnaround,dqn__mask_false,maskable_a2c__mask_true,10930.334287,0.009766
avg_turnaround,dqn__mask_false,maskable_a2c__mask_true,10988.329409,0.009766
avg_turnaround,dqn__mask_false,maskable_a2c__mask_true,11046.324530,0.009766
avg_turnaround,dqn__mask_false,maskable_a2c__mask_true,11104.319652,0.009766
avg_turnaround,dqn__mask_false,maskable_a2c__mask_true,11162.314774,0.009766
avg_turnaround,dqn__mask_false,maskable_a2c__mask_true,11220.309896,0.009766
avg_turnaround,dqn__mask_false,maskable_a2c__mask_true,11278.305017,0.009766
avg_turnaround,dqn__mask_false,maskable_a2c__mask_true,11336.300139,0.009766
avg_turnaround,dqn__mask_false,maskable_a2c__mask_true,11394.295261,0.009766
avg_turnaround,dqn__mask_false,maskable_a2c__mask_true,11452.290383,0.009766
avg_turnaround,dqn__mask_false,maskable_a2c__mask_true,11510.285505,0.009766
avg_turnaround,dqn__mask_false,maskable_a2c__mask_true,11568.280626,0.009766
avg_turnaround,dqn__mask_false,maskable_a2c__mask_true,11626.275748,0.009766
avg_turnaround,dqn__mask_false,maskable_a2c__mask_true,11684.270870,0.009766
avg_turnaround,dqn__mask_false,maskable_a2c__mask_true,11742.265992,0.005859
avg_turnaround,dqn__mask_false,maskable_a2c__mask_true,11800.261113,0.005859
avg_turnaround,dqn__mask_false,maskable_a2c__mask_true,11858.256235,0.003906
avg_turnaround,dqn__mask_false,maskable_a2c__mask_true,11916.251357,0.003906
avg_turnaround,dqn__mask_false,maskable_a2c__mask_true,11974.246479,0.003906
avg_turnaround,dqn__mask_false,maskable_ppo__mask_true,439.776415,0.003906
avg_turnaround,dqn__mask_false,maskable_ppo__mask_true,497.429370,0.027344
avg_turnaround,dqn__mask_false,maskable_ppo__mask_true,555.082325,0.064453
avg_turnaround,dqn__mask_false,maskable_ppo__mask_true,612.735280,0.083984
avg_turnaround,dqn__mask_false,maskable_ppo__mask_true,670.388235,0.083984
avg_turnaround,dqn__mask_false,maskable_ppo__mask_true,728.041190,0.083984
avg_turnaround,dqn__mask_false,maskable_ppo__mask_true,785.694145,0.083984
avg_turnaround,dqn__mask_false,maskable_ppo__mask_true,843.347100,0.160156
avg_turnaround,dqn__mask_false,maskable_ppo__mask_true,901.000055,0.160156
avg_turnaround,dqn__mask_false,maskable_ppo__mask_true,958.653010,0.193359
avg_turnaround,dqn__mask_false,maskable_ppo__mask_true,1016.305966,0.193359
avg_turnaround,dqn__mask_false,maskable_ppo__mask_true,1073.958921,0.193359
avg_turnaround,dqn__mask_false,maskable_ppo__mask_true,1131.611876,0.193359
avg_turnaround,dqn__mask_false,maskable_ppo__mask_true,1189.264831,0.193359
avg_turnaround,dqn__mask_false,maskable_ppo__mask_true,1246.917786,0.232422
avg_turnaround,dqn__mask_false,maskable_ppo__mask_true,1304.570741,0.232422
avg_turnaround,dqn__mask_false,maskable_ppo__mask_true,1362.223696,0.232422
avg_turnaround,dqn__mask_false,maskable_ppo__mask_true,1419.876651,0.232422
avg_turnaround,dqn__mask_false,maskable_ppo__mask_true,1477.529606,0.232422
avg_turnaround,dqn__mask_false,maskable_ppo__mask_true,1535.182561,0.232422
avg_turnaround,dqn__mask_false,maskable_ppo__mask_true,1592.835516,0.232422
avg_turnaround,dqn__mask_false,maskable_ppo__mask_true,1650.488471,0.232422
avg_turnaround,dqn__mask_false,maskable_ppo__mask_true,1708.141426,0.375000
avg_turnaround,dqn__mask_false,maskable_ppo__mask_true,1765.794381,0.431641
avg_turnaround,dqn__mask_false,maskable_ppo__mask_true,1823.447337,0.431641
avg_turnaround,dqn__mask_false,maskable_ppo__mask_true,1881.100292,0.431641
avg_turnaround,dqn__mask_false,maskable_ppo__mask_true,1938.753247,0.431641
avg_turnaround,dqn__mask_false,maskable_ppo__mask_true,1996.406202,0.431641
avg_turnaround,dqn__mask_false,maskable_ppo__mask_true,2054.059157,0.431641
avg_turnaround,dqn__mask_false,maskable_ppo__mask_true,2111.712112,0.492188
avg_turnaround,dqn__mask_false,maskable_ppo__mask_true,2169.365067,0.695312
avg_turnaround,dqn__mask_false,maskable_ppo__mask_true,2227.018022,0.769531
avg_turnaround,dqn__mask_false,maskable_ppo__mask_true,2284.670977,0.769531
avg_turnaround,dqn__mask_false,maskable_ppo__mask_true,2342.323932,0.769531
avg_turnaround,dqn__mask_false,maskable_ppo__mask_true,2399.976887,0.769531
avg_turnaround,dqn__mask_false,maskable_ppo__mask_true,2457.629842,0.769531
avg_turnaround,dqn__mask_false,maskable_ppo__mask_true,2515.282797,0.769531
avg_turnaround,dqn__mask_false,maskable_ppo__mask_true,2572.935753,0.845703
avg_turnaround,dqn__mask_false,maskable_ppo__mask_true,2630.588708,1.000000
avg_turnaround,dqn__mask_false,maskable_ppo__mask_true,2688.241663,0.921875
avg_turnaround,dqn__mask_false,maskable_ppo__mask_true,2745.894618,0.921875
avg_turnaround,dqn__mask_false,maskable_ppo__mask_true,2803.547573,0.921875
avg_turnaround,dqn__mask_false,maskable_ppo__mask_true,2861.200528,0.921875
avg_turnaround,dqn__mask_false,maskable_ppo__mask_true,2918.853483,0.845703
avg_turnaround,dqn__mask_false,maskable_ppo__mask_true,2976.506438,0.845703
avg_turnaround,dqn__mask_false,maskable_ppo__mask_true,3034.159393,0.769531
avg_turnaround,dqn__mask_false,maskable_ppo__mask_true,3091.812348,0.769531
avg_turnaround,dqn__mask_false,maskable_ppo__mask_true,3149.465303,0.769531
avg_turnaround,dqn__mask_false,maskable_ppo__mask_true,3207.118258,0.769531
avg_turnaround,dqn__mask_false,maskable_ppo__mask_true,3264.771213,0.769531
avg_turnaround,dqn__mask_false,maskable_ppo__mask_true,3322.424168,0.769531
avg_turnaround,dqn__mask_false,maskable_ppo__mask_true,3380.077124,0.695312
avg_turnaround,dqn__mask_false,maskable_ppo__mask_true,3437.730079,0.695312
avg_turnaround,dqn__mask_false,maskable_ppo__mask_true,3495.383034,0.695312
avg_turnaround,dqn__mask_false,maskable_ppo__mask_true,3553.035989,0.695312
avg_turnaround,dqn__mask_false,maskable_ppo__mask_true,3610.688944,0.695312
avg_turnaround,dqn__mask_false,maskable_ppo__mask_true,3668.341899,0.695312
avg_turnaround,dqn__mask_false,maskable_ppo__mask_true,3725.994854,0.695312
avg_turnaround,dqn__mask_false,maskable_ppo__mask_true,3783.647809,0.695312
avg_turnaround,dqn__mask_false,maskable_ppo__mask_true,3841.300764,0.625000
avg_turnaround,dqn__mask_false,maskable_ppo__mask_true,3898.953719,0.556641
avg_turnaround,dqn__mask_false,maskable_ppo__mask_true,3956.606674,0.556641
avg_turnaround,dqn__mask_false,maskable_ppo__mask_true,4014.259629,0.556641
avg_turnaround,dqn__mask_false,maskable_ppo__mask_true,4071.912584,0.556641
avg_turnaround,dqn__mask_false,maskable_ppo__mask_true,4129.565539,0.556641
avg_turnaround,dqn__mask_false,maskable_ppo__mask_true,4187.218495,0.556641
avg_turnaround,dqn__mask_false,maskable_ppo__mask_true,4244.871450,0.556641
avg_turnaround,dqn__mask_false,maskable_ppo__mask_true,4302.524405,0.556641
avg_turnaround,dqn__mask_false,maskable_ppo__mask_true,4360.177360,0.492188
avg_turnaround,dqn__mask_false,maskable_ppo__mask_true,4417.830315,0.492188
avg_turnaround,dqn__mask_false,maskable_ppo__mask_true,4475.483270,0.492188
avg_turnaround,dqn__mask_false,maskable_ppo__mask_true,4533.136225,0.492188
avg_turnaround,dqn__mask_false,maskable_ppo__mask_true,4590.789180,0.492188
avg_turnaround,dqn__mask_false,maskable_ppo__mask_true,4648.442135,0.492188
avg_turnaround,dqn__mask_false,maskable_ppo__mask_true,4706.095090,0.492188
avg_turnaround,dqn__mask_false,maskable_ppo__mask_true,4763.748045,0.492188
avg_turnaround,dqn__mask_false,maskable_ppo__mask_true,4821.401000,0.431641
avg_turnaround,dqn__mask_false,maskable_ppo__mask_true,4879.053955,0.431641
avg_turnaround,dqn__mask_false,maskable_ppo__mask_true,4936.706910,0.431641
avg_turnaround,dqn__mask_false,maskable_ppo__mask_true,4994.359866,0.431641
avg_turnaround,dqn__mask_false,maskable_ppo__mask_true,5052.012821,0.431641
avg_turnaround,dqn__mask_false,maskable_ppo__mask_true,5109.665776,0.431641
avg_turnaround,dqn__mask_false,maskable_ppo__mask_true,5167.318731,0.431641
avg_turnaround,dqn__mask_false,maskable_ppo__mask_true,5224.971686,0.431641
avg_turnaround,dqn__mask_false,maskable_ppo__mask_true,5282.624641,0.431641
avg_turnaround,dqn__mask_false,maskable_ppo__mask_true,5340.277596,0.431641
avg_turnaround,dqn__mask_false,maskable_ppo__mask_true,5397.930551,0.431641
avg_turnaround,dqn__mask_false,maskable_ppo__mask_true,5455.583506,0.431641
avg_turnaround,dqn__mask_false,maskable_ppo__mask_true,5513.236461,0.431641
avg_turnaround,dqn__mask_false,maskable_ppo__mask_true,5570.889416,0.431641
avg_turnaround,dqn__mask_false,maskable_ppo__mask_true,5628.542371,0.431641
avg_turnaround,dqn__mask_false,maskable_ppo__mask_true,5686.195326,0.431641
avg_turnaround,dqn__mask_false,maskable_ppo__mask_true,5743.848281,0.431641
avg_turnaround,dqn__mask_false,maskable_ppo__mask_true,5801.501237,0.431641
avg_turnaround,dqn__mask_false,maskable_ppo__mask_true,5859.154192,0.431641
avg_turnaround,dqn__mask_false,maskable_ppo__mask_true,5916.807147,0.431641
avg_turnaround,dqn__mask_false,maskable_ppo__mask_true,5974.460102,0.431641
avg_turnaround,dqn__mask_false,maskable_ppo__mask_true,6032.113057,0.431641
avg_turnaround,dqn__mask_false,maskable_ppo__mask_true,6089.766012,0.375000
avg_turnaround,dqn__mask_false,maskable_ppo__mask_true,6147.418967,0.275391
avg_turnaround,dqn__mask_false,maskable_ppo__mask_true,6205.071922,0.130859
avg_turnaround,dqn__mask_false,maskable_ppo__mask_true,6262.724877,0.105469
avg_turnaround,dqn__mask_false,maskable_ppo__mask_true,6320.377832,0.105469
avg_turnaround,dqn__mask_false,maskable_ppo__mask_true,6378.030787,0.105469
avg_turnaround,dqn__mask_false,maskable_ppo__mask_true,6435.683742,0.105469
avg_turnaround,dqn__mask_false,maskable_ppo__mask_true,6493.336697,0.083984
avg_turnaround,dqn__mask_false,maskable_ppo__mask_true,6550.989652,0.083984
avg_turnaround,dqn__mask_false,maskable_ppo__mask_true,6608.642608,0.064453
avg_turnaround,dqn__mask_false,maskable_ppo__mask_true,6666.295563,0.064453
avg_turnaround,dqn__mask_false,maskable_ppo__mask_true,6723.948518,0.064453
avg_turnaround,dqn__mask_false,maskable_ppo__mask_true,6781.601473,0.064453
avg_turnaround,dqn__mask_false,maskable_ppo__mask_true,6839.254428,0.064453
avg_turnaround,dqn__mask_false,maskable_ppo__mask_true,6896.907383,0.064453
avg_turnaround,dqn__mask_false,maskable_ppo__mask_true,6954.560338,0.064453
avg_turnaround,dqn__mask_false,maskable_ppo__mask_true,7012.213293,0.064453
avg_turnaround,dqn__mask_false,maskable_ppo__mask_true,7069.866248,0.064453
avg_turnaround,dqn__mask_false,maskable_ppo__mask_true,7127.519203,0.064453
avg_turnaround,dqn__mask_false,maskable_ppo__mask_true,7185.172158,0.064453
avg_turnaround,dqn__mask_false,maskable_ppo__mask_true,7242.825113,0.064453
avg_turnaround,dqn__mask_false,maskable_ppo__mask_true,7300.478068,0.064453
avg_turnaround,dqn__mask_false,maskable_ppo__mask_true,7358.131023,0.048828
avg_turnaround,dqn__mask_false,maskable_ppo__mask_true,7415.783979,0.037109
avg_turnaround,dqn__mask_false,maskable_ppo__mask_true,7473.436934,0.037109
avg_turnaround,dqn__mask_false,maskable_ppo__mask_true,7531.089889,0.037109
avg_turnaround,dqn__mask_false,maskable_ppo__mask_true,7588.742844,0.037109
avg_turnaround,dqn__mask_false,maskable_ppo__mask_true,7646.395799,0.037109
avg_turnaround,dqn__mask_false,maskable_ppo__mask_true,7704.048754,0.037109
avg_turnaround,dqn__mask_false,maskable_ppo__mask_true,7761.701709,0.037109
avg_turnaround,dqn__mask_false,maskable_ppo__mask_true,7819.354664,0.027344
avg_turnaround,dqn__mask_false,maskable_ppo__mask_true,7877.007619,0.027344
avg_turnaround,dqn__mask_false,maskable_ppo__mask_true,7934.660574,0.019531
avg_turnaround,dqn__mask_false,maskable_ppo__mask_true,7992.313529,0.019531
avg_turnaround,dqn__mask_false,maskable_ppo__mask_true,8049.966484,0.019531
avg_turnaround,dqn__mask_false,maskable_ppo__mask_true,8107.619439,0.019531
avg_turnaround,dqn__mask_false,maskable_ppo__mask_true,8165.272395,0.019531
avg_turnaround,dqn__mask_false,maskable_ppo__mask_true,8222.925350,0.019531
avg_turnaround,dqn__mask_false,maskable_ppo__mask_true,8280.578305,0.013672
avg_turnaround,dqn__mask_false,maskable_ppo__mask_true,8338.231260,0.013672
avg_turnaround,dqn__mask_false,maskable_ppo__mask_true,8395.884215,0.009766
avg_turnaround,dqn__mask_false,maskable_ppo__mask_true,8453.537170,0.009766
avg_turnaround,dqn__mask_false,maskable_ppo__mask_true,8511.190125,0.009766
avg_turnaround,dqn__mask_false,maskable_ppo__mask_true,8568.843080,0.009766
avg_turnaround,dqn__mask_false,maskable_ppo__mask_true,8626.496035,0.009766
avg_turnaround,dqn__mask_false,maskable_ppo__mask_true,8684.148990,0.009766
avg_turnaround,dqn__mask_false,maskable_ppo__mask_true,8741.801945,0.009766
avg_turnaround,dqn__mask_false,maskable_ppo__mask_true,8799.454900,0.009766
avg_turnaround,dqn__mask_false,maskable_ppo__mask_true,8857.107855,0.009766
avg_turnaround,dqn__mask_false,maskable_ppo__mask_true,8914.760810,0.009766
avg_turnaround,dqn__mask_false,maskable_ppo__mask_true,8972.413766,0.009766
avg_turnaround,dqn__mask_false,maskable_ppo__mask_true,9030.066721,0.009766
avg_turnaround,dqn__mask_false,maskable_ppo__mask_true,9087.719676,0.009766
avg_turnaround,dqn__mask_false,maskable_ppo__mask_true,9145.372631,0.009766
avg_turnaround,dqn__mask_false,maskable_ppo__mask_true,9203.025586,0.009766
avg_turnaround,dqn__mask_false,maskable_ppo__mask_true,9260.678541,0.009766
avg_turnaround,dqn__mask_false,maskable_ppo__mask_true,9318.331496,0.009766
avg_turnaround,dqn__mask_false,maskable_ppo__mask_true,9375.984451,0.009766
avg_turnaround,dqn__mask_false,maskable_ppo__mask_true,9433.637406,0.009766
avg_turnaround,dqn__mask_false,maskable_ppo__mask_true,9491.290361,0.009766
avg_turnaround,dqn__mask_false,maskable_ppo__mask_true,9548.943316,0.009766
avg_turnaround,dqn__mask_false,maskable_ppo__mask_true,9606.596271,0.009766
avg_turnaround,dqn__mask_false,maskable_ppo__mask_true,9664.249226,0.009766
avg_turnaround,dqn__mask_false,maskable_ppo__mask_true,9721.902181,0.009766
avg_turnaround,dqn__mask_false,maskable_ppo__mask_true,9779.555137,0.009766
avg_turnaround,dqn__mask_false,maskable_ppo__mask_true,9837.208092,0.009766
avg_turnaround,dqn__mask_false,maskable_ppo__mask_true,9894.861047,0.009766
avg_turnaround,dqn__mask_false,maskable_ppo__mask_true,9952.514002,0.009766
avg_turnaround,dqn__mask_false,maskable_ppo__mask_true,10010.166957,0.009766
avg_turnaround,dqn__mask_false,maskable_ppo__mask_true,10067.819912,0.009766
avg_turnaround,dqn__mask_false,maskable_ppo__mask_true,10125.472867,0.009766
avg_turnaround,dqn__mask_false,maskable_ppo__mask_true,10183.125822,0.009766
avg_turnaround,dqn__mask_false,maskable_ppo__mask_true,10240.778777,0.009766
avg_turnaround,dqn__mask_false,maskable_ppo__mask_true,10298.431732,0.009766
avg_turnaround,dqn__mask_false,maskable_ppo__mask_true,10356.084687,0.009766
avg_turnaround,dqn__mask_false,maskable_ppo__mask_true,10413.737642,0.009766
avg_turnaround,dqn__mask_false,maskable_ppo__mask_true,10471.390597,0.009766
avg_turnaround,dqn__mask_false,maskable_ppo__mask_true,10529.043552,0.009766
avg_turnaround,dqn__mask_false,maskable_ppo__mask_true,10586.696508,0.009766
avg_turnaround,dqn__mask_false,maskable_ppo__mask_true,10644.349463,0.009766
avg_turnaround,dqn__mask_false,maskable_ppo__mask_true,10702.002418,0.009766
avg_turnaround,dqn__mask_false,maskable_ppo__mask_true,10759.655373,0.009766
avg_turnaround,dqn__mask_false,maskable_ppo__mask_true,10817.308328,0.009766
avg_turnaround,dqn__mask_false,maskable_ppo__mask_true,10874.961283,0.009766
avg_turnaround,dqn__mask_false,maskable_ppo__mask_true,10932.614238,0.009766
avg_turnaround,dqn__mask_false,maskable_ppo__mask_true,10990.267193,0.009766
avg_turnaround,dqn__mask_false,maskable_ppo__mask_true,11047.920148,0.009766
avg_turnaround,dqn__mask_false,maskable_ppo__mask_true,11105.573103,0.009766
avg_turnaround,dqn__mask_false,maskable_ppo__mask_true,11163.226058,0.009766
avg_turnaround,dqn__mask_false,maskable_ppo__mask_true,11220.879013,0.009766
avg_turnaround,dqn__mask_false,maskable_ppo__mask_true,11278.531968,0.009766
avg_turnaround,dqn__mask_false,maskable_ppo__mask_true,11336.184923,0.009766
avg_turnaround,dqn__mask_false,maskable_ppo__mask_true,11393.837879,0.009766
avg_turnaround,dqn__mask_false,maskable_ppo__mask_true,11451.490834,0.009766
avg_turnaround,dqn__mask_false,maskable_ppo__mask_true,11509.143789,0.009766
avg_turnaround,dqn__mask_false,maskable_ppo__mask_true,11566.796744,0.009766
avg_turnaround,dqn__mask_false,maskable_ppo__mask_true,11624.449699,0.009766
avg_turnaround,dqn__mask_false,maskable_ppo__mask_true,11682.102654,0.009766
avg_turnaround,dqn__mask_false,maskable_ppo__mask_true,11739.755609,0.005859
avg_turnaround,dqn__mask_false,maskable_ppo__mask_true,11797.408564,0.005859
avg_turnaround,dqn__mask_false,maskable_ppo__mask_true,11855.061519,0.003906
avg_turnaround,dqn__mask_false,maskable_ppo__mask_true,11912.714474,0.003906
avg_turnaround,maskable_a2c__mask_true,maskable_dqn__mask_true,-4547.819605,0.003906
avg_turnaround,maskable_a2c__mask_true,maskable_dqn__mask_true,-4524.601840,0.003906
avg_turnaround,maskable_a2c__mask_true,maskable_dqn__mask_true,-4501.384075,0.003906
avg_turnaround,maskable_a2c__mask_true,maskable_dqn__mask_true,-4478.166310,0.003906
avg_turnaround,maskable_a2c__mask_true,maskable_dqn__mask_true,-4454.948545,0.003906
avg_turnaround,maskable_a2c__mask_true,maskable_dqn__mask_true,-4431.730780,0.003906
avg_turnaround,maskable_a2c__mask_true,maskable_dqn__mask_true,-4408.513015,0.003906
avg_turnaround,maskable_a2c__mask_true,maskable_dqn__mask_true,-4385.295250,0.003906
avg_turnaround,maskable_a2c__mask_true,maskable_dqn__mask_true,-4362.077485,0.003906
avg_turnaround,maskable_a2c__mask_true,maskable_dqn__mask_true,-4338.859720,0.003906
avg_turnaround,maskable_a2c__mask_true,maskable_dqn__mask_true,-4315.641955,0.003906
avg_turnaround,maskable_a2c__mask_true,maskable_dqn__mask_true,-4292.424190,0.003906
avg_turnaround,maskable_a2c__mask_true,maskable_dqn__mask_true,-4269.206425,0.003906
avg_turnaround,maskable_a2c__mask_true,maskable_dqn__mask_true,-4245.988660,0.003906
avg_turnaround,maskable_a2c__mask_true,maskable_dqn__mask_true,-4222.770895,0.003906
avg_turnaround,maskable_a2c__mask_true,maskable_dqn__mask_true,-4199.553129,0.003906
avg_turnaround,maskable_a2c__mask_true,maskable_dqn__mask_true,-4176.335364,0.005859
avg_turnaround,maskable_a2c__mask_true,maskable_dqn__mask_true,-4153.117599,0.009766
avg_turnaround,maskable_a2c__mask_true,maskable_dqn__mask_true,-4129.899834,0.009766
avg_turnaround,maskable_a2c__mask_true,maskable_dqn__mask_true,-4106.682069,0.009766
avg_turnaround,maskable_a2c__mask_true,maskable_dqn__mask_true,-4083.464304,0.009766
avg_turnaround,maskable_a2c__mask_true,maskable_dqn__mask_true,-4060.246539,0.009766
avg_turnaround,maskable_a2c__mask_true,maskable_dqn__mask_true,-4037.028774,0.009766
avg_turnaround,maskable_a2c__mask_true,maskable_dqn__mask_true,-4013.811009,0.009766
avg_turnaround,maskable_a2c__mask_true,maskable_dqn__mask_true,-3990.593244,0.009766
avg_turnaround,maskable_a2c__mask_true,maskable_dqn__mask_true,-3967.375479,0.013672
avg_turnaround,maskable_a2c__mask_true,maskable_dqn__mask_true,-3944.157714,0.013672
avg_turnaround,maskable_a2c__mask_true,maskable_dqn__mask_true,-3920.939949,0.013672
avg_turnaround,maskable_a2c__mask_true,maskable_dqn__mask_true,-3897.722184,0.013672
avg_turnaround,maskable_a2c__mask_true,maskable_dqn__mask_true,-3874.504419,0.019531
avg_turnaround,maskable_a2c__mask_true,maskable_dqn__mask_true,-3851.286653,0.019531
avg_turnaround,maskable_a2c__mask_true,maskable_dqn__mask_true,-3828.068888,0.019531
avg_turnaround,maskable_a2c__mask_true,maskable_dqn__mask_true,-3804.851123,0.019531
avg_turnaround,maskable_a2c__mask_true,maskable_dqn__mask_true,-3781.633358,0.019531
avg_turnaround,maskable_a2c__mask_true,maskable_dqn__mask_true,-3758.415593,0.027344
avg_turnaround,maskable_a2c__mask_true,maskable_dqn__mask_true,-3735.197828,0.027344
avg_turnaround,maskable_a2c__mask_true,maskable_dqn__mask_true,-3711.980063,0.037109
avg_turnaround,maskable_a2c__mask_true,maskable_dqn__mask_true,-3688.762298,0.037109
avg_turnaround,maskable_a2c__mask_true,maskable_dqn__mask_true,-3665.544533,0.048828
avg_turnaround,maskable_a2c__mask_true,maskable_dqn__mask_true,-3642.326768,0.048828
avg_turnaround,maskable_a2c__mask_true,maskable_dqn__mask_true,-3619.109003,0.048828
avg_turnaround,maskable_a2c__mask_true,maskable_dqn__mask_true,-3595.891238,0.048828
avg_turnaround,maskable_a2c__mask_true,maskable_dqn__mask_true,-3572.673473,0.048828
avg_turnaround,maskable_a2c__mask_true,maskable_dqn__mask_true,-3549.455708,0.048828
avg_turnaround,maskable_a2c__mask_true,maskable_dqn__mask_true,-3526.237943,0.064453
avg_turnaround,maskable_a2c__mask_true,maskable_dqn__mask_true,-3503.020177,0.105469
avg_turnaround,maskable_a2c__mask_true,maskable_dqn__mask_true,-3479.802412,0.105469
avg_turnaround,maskable_a2c__mask_true,maskable_dqn__mask_true,-3456.584647,0.105469
avg_turnaround,maskable_a2c__mask_true,maskable_dqn__mask_true,-3433.366882,0.130859
avg_turnaround,maskable_a2c__mask_true,maskable_dqn__mask_true,-3410.149117,0.160156
avg_turnaround,maskable_a2c__mask_true,maskable_dqn__mask_true,-3386.931352,0.160156
avg_turnaround,maskable_a2c__mask_true,maskable_dqn__mask_true,-3363.713587,0.160156
avg_turnaround,maskable_a2c__mask_true,maskable_dqn__mask_true,-3340.495822,0.160156
avg_turnaround,maskable_a2c__mask_true,maskable_dqn__mask_true,-3317.278057,0.193359
avg_turnaround,maskable_a2c__mask_true,maskable_dqn__mask_true,-3294.060292,0.193359
avg_turnaround,maskable_a2c__mask_true,maskable_dqn__mask_true,-3270.842527,0.193359
avg_turnaround,maskable_a2c__mask_true,maskable_dqn__mask_true,-3247.624762,0.193359
avg_turnaround,maskable_a2c__mask_true,maskable_dqn__mask_true,-3224.406997,0.232422
avg_turnaround,maskable_a2c__mask_true,maskable_dqn__mask_true,-3201.189232,0.232422
avg_turnaround,maskable_a2c__mask_true,maskable_dqn__mask_true,-3177.971467,0.232422
avg_turnaround,maskable_a2c__mask_true,maskable_dqn__mask_true,-3154.753702,0.232422
avg_turnaround,maskable_a2c__mask_true,maskable_dqn__mask_true,-3131.535936,0.275391
avg_turnaround,maskable_a2c__mask_true,maskable_dqn__mask_true,-3108.318171,0.275391
avg_turnaround,maskable_a2c__mask_true,maskable_dqn__mask_true,-3085.100406,0.275391
avg_turnaround,maskable_a2c__mask_true,maskable_dqn__mask_true,-3061.882641,0.322266
avg_turnaround,maskable_a2c__mask_true,maskable_dqn__mask_true,-3038.664876,0.375000
avg_turnaround,maskable_a2c__mask_true,maskable_dqn__mask_true,-3015.447111,0.375000
avg_turnaround,maskable_a2c__mask_true,maskable_dqn__mask_true,-2992.229346,0.375000
avg_turnaround,maskable_a2c__mask_true,maskable_dqn__mask_true,-2969.011581,0.375000
avg_turnaround,maskable_a2c__mask_true,maskable_dqn__mask_true,-2945.793816,0.375000
avg_turnaround,maskable_a2c__mask_true,maskable_dqn__mask_true,-2922.576051,0.375000
avg_turnaround,maskable_a2c__mask_true,maskable_dqn__mask_true,-2899.358286,0.375000
avg_turnaround,maskable_a2c__mask_true,maskable_dqn__mask_true,-2876.140521,0.375000
avg_turnaround,maskable_a2c__mask_true,maskable_dqn__mask_true,-2852.922756,0.431641
avg_turnaround,maskable_a2c__mask_true,maskable_dqn__mask_true,-2829.704991,0.431641
avg_turnaround,maskable_a2c__mask_true,maskable_dqn__mask_true,-2806.487226,0.431641
avg_turnaround,maskable_a2c__mask_true,maskable_dqn__mask_true,-2783.269460,0.431641
avg_turnaround,maskable_a2c__mask_true,maskable_dqn__mask_true,-2760.051695,0.492188
avg_turnaround,maskable_a2c__mask_true,maskable_dqn__mask_true,-2736.833930,0.492188
avg_turnaround,maskable_a2c__mask_true,maskable_dqn__mask_true,-2713.616165,0.492188
avg_turnaround,maskable_a2c__mask_true,maskable_dqn__mask_true,-2690.398400,0.492188
avg_turnaround,maskable_a2c__mask_true,maskable_dqn__mask_true,-2667.180635,0.556641
avg_turnaround,maskable_a2c__mask_true,maskable_dqn__mask_true,-2643.962870,0.625000
avg_turnaround,maskable_a2c__mask_true,maskable_dqn__mask_true,-2620.745105,0.625000
avg_turnaround,maskable_a2c__mask_true,maskable_dqn__mask_true,-2597.527340,0.625000
avg_turnaround,maskable_a2c__mask_true,maskable_dqn__mask_true,-2574.309575,0.625000
avg_turnaround,maskable_a2c__mask_true,maskable_dqn__mask_true,-2551.091810,0.625000
avg_turnaround,maskable_a2c__mask_true,maskable_dqn__mask_true,-2527.874045,0.625000
avg_turnaround,maskable_a2c__mask_true,maskable_dqn__mask_true,-2504.656280,0.625000
avg_turnaround,maskable_a2c__mask_true,maskable_dqn__mask_true,-2481.438515,0.625000
avg_turnaround,maskable_a2c__mask_true,maskable_dqn__mask_true,-2458.220750,0.625000
avg_turnaround,maskable_a2c__mask_true,maskable_dqn__mask_true,-2435.002984,0.695312
avg_turnaround,maskable_a2c__mask_true,maskable_dqn__mask_true,-2411.785219,0.695312
avg_turnaround,maskable_a2c__mask_true,maskable_dqn__mask_true,-2388.567454,0.769531
avg_turnaround,maskable_a2c__mask_true,maskable_dqn__mask_true,-2365.349689,0.769531
avg_turnaround,maskable_a2c__mask_true,maskable_dqn__mask_true,-2342.131924,0.769531
avg_turnaround,maskable_a2c__mask_true,maskable_dqn__mask_true,-2318.914159,0.769531
avg_turnaround,maskable_a2c__mask_true,maskable_dqn__mask_true,-2295.696394,0.769531
avg_turnaround,maskable_a2c__mask_true,maskable_dqn__mask_true,-2272.478629,0.769531
avg_turnaround,maskable_a2c__mask_true,maskable_dqn__mask_true,-2249.260864,0.845703
avg_turnaround,maskable_a2c__mask_true,maskable_dqn__mask_true,-2226.043099,0.921875
avg_turnaround,maskable_a2c__mask_true,maskable_dqn__mask_true,-2202.825334,1.000000
avg_turnaround,maskable_a2c__mask_true,maskable_dqn__mask_true,-2179.607569,0.921875
avg_turnaround,maskable_a2c__mask_true,maskable_dqn__mask_true,-2156.389804,0.921875
avg_turnaround,maskable_a2c__mask_true,maskable_dqn__mask_true,-2133.172039,0.921875
avg_turnaround,maskable_a2c__mask_true,maskable_dqn__mask_true,-2109.954274,0.921875
avg_turnaround,maskable_a2c__mask_true,maskable_dqn__mask_true,-2086.736508,0.921875
avg_turnaround,maskable_a2c__mask_true,maskable_dqn__mask_true,-2063.518743,0.921875
avg_turnaround,maskable_a2c__mask_true,maskable_dqn__mask_true,-2040.300978,0.921875
avg_turnaround,maskable_a2c__mask_true,maskable_dqn__mask_true,-2017.083213,0.845703
avg_turnaround,maskable_a2c__mask_true,maskable_dqn__mask_true,-1993.865448,0.695312
avg_turnaround,maskable_a2c__mask_true,maskable_dqn__mask_true,-1970.647683,0.625000
avg_turnaround,maskable_a2c__mask_true,maskable_dqn__mask_true,-1947.429918,0.625000
avg_turnaround,maskable_a2c__mask_true,maskable_dqn__mask_true,-1924.212153,0.556641
avg_turnaround,maskable_a2c__mask_true,maskable_dqn__mask_true,-1900.994388,0.492188
avg_turnaround,maskable_a2c__mask_true,maskable_dqn__mask_true,-1877.776623,0.492188
avg_turnaround,maskable_a2c__mask_true,maskable_dqn__mask_true,-1854.558858,0.492188
avg_turnaround,maskable_a2c__mask_true,maskable_dqn__mask_true,-1831.341093,0.492188
avg_turnaround,maskable_a2c__mask_true,maskable_dqn__mask_true,-1808.123328,0.431641
avg_turnaround,maskable_a2c__mask_true,maskable_dqn__mask_true,-1784.905563,0.322266
avg_turnaround,maskable_a2c__mask_true,maskable_dqn__mask_true,-1761.687798,0.322266
avg_turnaround,maskable_a2c__mask_true,maskable_dqn__mask_true,-1738.470033,0.322266
avg_turnaround,maskable_a2c__mask_true,maskable_dqn__mask_true,-1715.252267,0.322266
avg_turnaround,maskable_a2c__mask_true,maskable_dqn__mask_true,-1692.034502,0.275391
avg_turnaround,maskable_a2c__mask_true,maskable_dqn__mask_true,-1668.816737,0.275391
avg_turnaround,maskable_a2c__mask_true,maskable_dqn__mask_true,-1645.598972,0.275391
avg_turnaround,maskable_a2c__mask_true,maskable_dqn__mask_true,-1622.381207,0.275391
avg_turnaround,maskable_a2c__mask_true,maskable_dqn__mask_true,-1599.163442,0.232422
avg_turnaround,maskable_a2c__mask_true,maskable_dqn__mask_true,-1575.945677,0.232422
avg_turnaround,maskable_a2c__mask_true,maskable_dqn__mask_true,-1552.727912,0.193359
avg_turnaround,maskable_a2c__mask_true,maskable_dqn__mask_true,-1529.510147,0.160156
avg_turnaround,maskable_a2c__mask_true,maskable_dqn__mask_true,-1506.292382,0.130859
avg_turnaround,maskable_a2c__mask_true,maskable_dqn__mask_true,-1483.074617,0.130859
avg_turnaround,maskable_a2c__mask_true,maskable_dqn__mask_true,-1459.856852,0.130859
avg_turnaround,maskable_a2c__mask_true,maskable_dqn__mask_true,-1436.639087,0.130859
avg_turnaround,maskable_a2c__mask_true,maskable_dqn__mask_true,-1413.421322,0.130859
avg_turnaround,maskable_a2c__mask_true,maskable_dqn__mask_true,-1390.203557,0.130859
avg_turnaround,maskable_a2c__mask_true,maskable_dqn__mask_true,-1366.985791,0.130859
avg_turnaround,maskable_a2c__mask_true,maskable_dqn__mask_true,-1343.768026,0.130859
avg_turnaround,maskable_a2c__mask_true,maskable_dqn__mask_true,-1320.550261,0.105469
avg_turnaround,maskable_a2c__mask_true,maskable_dqn__mask_true,-1297.332496,0.105469
avg_turnaround,maskable_a2c__mask_true,maskable_dqn__mask_true,-1274.114731,0.105469
avg_turnaround,maskable_a2c__mask_true,maskable_dqn__mask_true,-1250.896966,0.105469
avg_turnaround,maskable_a2c__mask_true,maskable_dqn__mask_true,-1227.679201,0.105469
avg_turnaround,maskable_a2c__mask_true,maskable_dqn__mask_true,-1204.461436,0.105469
avg_turnaround,maskable_a2c__mask_true,maskable_dqn__mask_true,-1181.243671,0.105469
avg_turnaround,maskable_a2c__mask_true,maskable_dqn__mask_true,-1158.025906,0.105469
avg_turnaround,maskable_a2c__mask_true,maskable_dqn__mask_true,-1134.808141,0.083984
avg_turnaround,maskable_a2c__mask_true,maskable_dqn__mask_true,-1111.590376,0.083984
avg_turnaround,maskable_a2c__mask_true,maskable_dqn__mask_true,-1088.372611,0.083984
avg_turnaround,maskable_a2c__mask_true,maskable_dqn__mask_true,-1065.154846,0.083984
avg_turnaround,maskable_a2c__mask_true,maskable_dqn__mask_true,-1041.937081,0.083984
avg_turnaround,maskable_a2c__mask_true,maskable_dqn__mask_true,-1018.719315,0.083984
avg_turnaround,maskable_a2c__mask_true,maskable_dqn__mask_true,-995.501550,0.083984
avg_turnaround,maskable_a2c__mask_true,maskable_dqn__mask_true,-972.283785,0.083984
avg_turnaround,maskable_a2c__mask_true,maskable_dqn__mask_true,-949.066020,0.083984
avg_turnaround,maskable_a2c__mask_true,maskable_dqn__mask_true,-925.848255,0.083984
avg_turnaround,maskable_a2c__mask_true,maskable_dqn__mask_true,-902.630490,0.083984
avg_turnaround,maskable_a2c__mask_true,maskable_dqn__mask_true,-879.412725,0.083984
avg_turnaround,maskable_a2c__mask_true,maskable_dqn__mask_true,-856.194960,0.083984
avg_turnaround,maskable_a2c__mask_true,maskable_dqn__mask_true,-832.977195,0.083984
avg_turnaround,maskable_a2c__mask_true,maskable_dqn__mask_true,-809.759430,0.083984
avg_turnaround,maskable_a2c__mask_true,maskable_dqn__mask_true,-786.541665,0.083984
avg_turnaround,maskable_a2c__mask_true,maskable_dqn__mask_true,-763.323900,0.083984
avg_turnaround,maskable_a2c__mask_true,maskable_dqn__mask_true,-740.106135,0.083984
avg_turnaround,maskable_a2c__mask_true,maskable_dqn__mask_true,-716.888370,0.064453
avg_turnaround,maskable_a2c__mask_true,maskable_dqn__mask_true,-693.670605,0.048828
avg_turnaround,maskable_a2c__mask_true,maskable_dqn__mask_true,-670.452840,0.037109
avg_turnaround,maskable_a2c__mask_true,maskable_dqn__mask_true,-647.235074,0.037109
avg_turnaround,maskable_a2c__mask_true,maskable_dqn__mask_true,-624.017309,0.037109
avg_turnaround,maskable_a2c__mask_true,maskable_dqn__mask_true,-600.799544,0.037109
avg_turnaround,maskable_a2c__mask_true,maskable_dqn__mask_true,-577.581779,0.037109
avg_turnaround,maskable_a2c__mask_true,maskable_dqn__mask_true,-554.364014,0.037109
avg_turnaround,maskable_a2c__mask_true,maskable_dqn__mask_true,-531.146249,0.037109
avg_turnaround,maskable_a2c__mask_true,maskable_dqn__mask_true,-507.928484,0.037109
avg_turnaround,maskable_a2c__mask_true,maskable_dqn__mask_true,-484.710719,0.027344
avg_turnaround,maskable_a2c__mask_true,maskable_dqn__mask_true,-461.492954,0.019531
avg_turnaround,maskable_a2c__mask_true,maskable_dqn__mask_true,-438.275189,0.019531
avg_turnaround,maskable_a2c__mask_true,maskable_dqn__mask_true,-415.057424,0.019531
avg_turnaround,maskable_a2c__mask_true,maskable_dqn__mask_true,-391.839659,0.019531
avg_turnaround,maskable_a2c__mask_true,maskable_dqn__mask_true,-368.621894,0.019531
avg_turnaround,maskable_a2c__mask_true,maskable_dqn__mask_true,-345.404129,0.019531
avg_turnaround,maskable_a2c__mask_true,maskable_dqn__mask_true,-322.186364,0.019531
avg_turnaround,maskable_a2c__mask_true,maskable_dqn__mask_true,-298.968598,0.013672
avg_turnaround,maskable_a2c__mask_true,maskable_dqn__mask_true,-275.750833,0.009766
avg_turnaround,maskable_a2c__mask_true,maskable_dqn__mask_true,-252.533068,0.005859
avg_turnaround,maskable_a2c__mask_true,maskable_dqn__mask_true,-229.315303,0.005859
avg_turnaround,maskable_a2c__mask_true,maskable_dqn__mask_true,-206.097538,0.005859
avg_turnaround,maskable_a2c__mask_true,maskable_dqn__mask_true,-182.879773,0.005859
avg_turnaround,maskable_a2c__mask_true,maskable_dqn__mask_true,-159.662008,0.005859
avg_turnaround,maskable_a2c__mask_true,maskable_dqn__mask_true,-136.444243,0.005859
avg_turnaround,maskable_a2c__mask_true,maskable_dqn__mask_true,-113.226478,0.005859
avg_turnaround,maskable_a2c__mask_true,maskable_dqn__mask_true,-90.008713,0.005859
avg_turnaround,maskable_a2c__mask_true,maskable_dqn__mask_true,-66.790948,0.003906
avg_turnaround,maskable_a2c__mask_true,maskable_dqn__mask_true,-43.573183,0.003906
avg_turnaround,maskable_a2c__mask_true,maskable_dqn__mask_true,-20.355418,0.003906
avg_turnaround,maskable_a2c__mask_true,maskable_dqn__mask_true,2.862347,0.003906
avg_turnaround,maskable_a2c__mask_true,maskable_dqn__mask_true,26.080112,0.003906
avg_turnaround,maskable_a2c__mask_true,maskable_dqn__mask_true,49.297878,0.003906
avg_turnaround,maskable_a2c__mask_true,maskable_dqn__mask_true,72.515643,0.003906
avg_turnaround,maskable_dqn__mask_true,maskable_ppo__mask_true,-56.355736,0.003906
avg_turnaround,maskable_dqn__mask_true,maskable_ppo__mask_true,-33.914135,0.003906
avg_turnaround,maskable_dqn__mask_true,maskable_ppo__mask_true,-11.472533,0.003906
avg_turnaround,maskable_dqn__mask_true,maskable_ppo__mask_true,10.969068,0.003906
avg_turnaround,maskable_dqn__mask_true,maskable_ppo__mask_true,33.410669,0.003906
avg_turnaround,maskable_dqn__mask_true,maskable_ppo__mask_true,55.852271,0.003906
avg_turnaround,maskable_dqn__mask_true,maskable_ppo__mask_true,78.293872,0.003906
avg_turnaround,maskable_dqn__mask_true,maskable_ppo__mask_true,100.735474,0.005859
avg_turnaround,maskable_dqn__mask_true,maskable_ppo__mask_true,123.177075,0.005859
avg_turnaround,maskable_dqn__mask_true,maskable_ppo__mask_true,145.618677,0.005859
avg_turnaround,maskable_dqn__mask_true,maskable_ppo__mask_true,168.060278,0.005859
avg_turnaround,maskable_dqn__mask_true,maskable_ppo__mask_true,190.501879,0.005859
avg_turnaround,maskable_dqn__mask_true,maskable_ppo__mask_true,212.943481,0.005859
avg_turnaround,maskable_dqn__mask_true,maskable_ppo__mask_true,235.385082,0.005859
avg_turnaround,maskable_dqn__mask_true,maskable_ppo__mask_true,257.826684,0.005859
avg_turnaround,maskable_dqn__mask_true,maskable_ppo__mask_true,280.268285,0.009766
avg_turnaround,maskable_dqn__mask_true,maskable_ppo__mask_true,302.709887,0.013672
avg_turnaround,maskable_dqn__mask_true,maskable_ppo__mask_true,325.151488,0.019531
avg_turnaround,maskable_dqn__mask_true,maskable_ppo__mask_true,347.593089,0.019531
avg_turnaround,maskable_dqn__mask_true,maskable_ppo__mask_true,370.034691,0.019531
avg_turnaround,maskable_dqn__mask_true,maskable_ppo__mask_true,392.476292,0.019531
avg_turnaround,maskable_dqn__mask_true,maskable_ppo__mask_true,414.917894,0.019531
avg_turnaround,maskable_dqn__mask_true,maskable_ppo__mask_true,437.359495,0.019531
avg_turnaround,maskable_dqn__mask_true,maskable_ppo__mask_true,459.801096,0.019531
avg_turnaround,maskable_dqn__mask_true,maskable_ppo__mask_true,482.242698,0.027344
avg_turnaround,maskable_dqn__mask_true,maskable_ppo__mask_true,504.684299,0.037109
avg_turnaround,maskable_dqn__mask_true,maskable_ppo__mask_true,527.125901,0.037109
avg_turnaround,maskable_dqn__mask_true,maskable_ppo__mask_true,549.567502,0.037109
avg_turnaround,maskable_dqn__mask_true,maskable_ppo__mask_true,572.009104,0.037109
avg_turnaround,maskable_dqn__mask_true,maskable_ppo__mask_true,594.450705,0.037109
avg_turnaround,maskable_dqn__mask_true,maskable_ppo__mask_true,616.892306,0.037109
avg_turnaround,maskable_dqn__mask_true,maskable_ppo__mask_true,639.333908,0.037109
avg_turnaround,maskable_dqn__mask_true,maskable_ppo__mask_true,661.775509,0.037109
avg_turnaround,maskable_dqn__mask_true,maskable_ppo__mask_true,684.217111,0.048828
avg_turnaround,maskable_dqn__mask_true,maskable_ppo__mask_true,706.658712,0.048828
avg_turnaround,maskable_dqn__mask_true,maskable_ppo__mask_true,729.100314,0.064453
avg_turnaround,maskable_dqn__mask_true,maskable_ppo__mask_true,751.541915,0.083984
avg_turnaround,maskable_dqn__mask_true,maskable_ppo__mask_true,773.983516,0.083984
avg_turnaround,maskable_dqn__mask_true,maskable_ppo__mask_true,796.425118,0.083984
avg_turnaround,maskable_dqn__mask_true,maskable_ppo__mask_true,818.866719,0.083984
avg_turnaround,maskable_dqn__mask_true,maskable_ppo__mask_true,841.308321,0.083984
avg_turnaround,maskable_dqn__mask_true,maskable_ppo__mask_true,863.749922,0.083984
avg_turnaround,maskable_dqn__mask_true,maskable_ppo__mask_true,886.191524,0.083984
avg_turnaround,maskable_dqn__mask_true,maskable_ppo__mask_true,908.633125,0.083984
avg_turnaround,maskable_dqn__mask_true,maskable_ppo__mask_true,931.074726,0.083984
avg_turnaround,maskable_dqn__mask_true,maskable_ppo__mask_true,953.516328,0.083984
avg_turnaround,maskable_dqn__mask_true,maskable_ppo__mask_true,975.957929,0.083984
avg_turnaround,maskable_dqn__mask_true,maskable_ppo__mask_true,998.399531,0.083984
avg_turnaround,maskable_dqn__mask_true,maskable_ppo__mask_true,1020.841132,0.083984
avg_turnaround,maskable_dqn__mask_true,maskable_ppo__mask_true,1043.282734,0.083984
avg_turnaround,maskable_dqn__mask_true,maskable_ppo__mask_true,1065.724335,0.083984
avg_turnaround,maskable_dqn__mask_true,maskable_ppo__mask_true,1088.165936,0.083984
avg_turnaround,maskable_dqn__mask_true,maskable_ppo__mask_true,1110.607538,0.083984
avg_turnaround,maskable_dqn__mask_true,maskable_ppo__mask_true,1133.049139,0.105469
avg_turnaround,maskable_dqn__mask_true,maskable_ppo__mask_true,1155.490741,0.105469
avg_turnaround,maskable_dqn__mask_true,maskable_ppo__mask_true,1177.932342,0.105469
avg_turnaround,maskable_dqn__mask_true,maskable_ppo__mask_true,1200.373944,0.105469
avg_turnaround,maskable_dqn__mask_true,maskable_ppo__mask_true,1222.815545,0.105469
avg_turnaround,maskable_dqn__mask_true,maskable_ppo__mask_true,1245.257146,0.105469
avg_turnaround,maskable_dqn__mask_true,maskable_ppo__mask_true,1267.698748,0.105469
avg_turnaround,maskable_dqn__mask_true,maskable_ppo__mask_true,1290.140349,0.105469
avg_turnaround,maskable_dqn__mask_true,maskable_ppo__mask_true,1312.581951,0.105469
avg_turnaround,maskable_dqn__mask_true,maskable_ppo__mask_true,1335.023552,0.130859
avg_turnaround,maskable_dqn__mask_true,maskable_ppo__mask_true,1357.465154,0.130859
avg_turnaround,maskable_dqn__mask_true,maskable_ppo__mask_true,1379.906755,0.130859
avg_turnaround,maskable_dqn__mask_true,maskable_ppo__mask_true,1402.348356,0.130859
avg_turnaround,maskable_dqn__mask_true,maskable_ppo__mask_true,1424.789958,0.130859
avg_turnaround,maskable_dqn__mask_true,maskable_ppo__mask_true,1447.231559,0.130859
avg_turnaround,maskable_dqn__mask_true,maskable_ppo__mask_true,1469.673161,0.130859
avg_turnaround,maskable_dqn__mask_true,maskable_ppo__mask_true,1492.114762,0.130859
avg_turnaround,maskable_dqn__mask_true,maskable_ppo__mask_true,1514.556363,0.130859
avg_turnaround,maskable_dqn__mask_true,maskable_ppo__mask_true,1536.997965,0.193359
avg_turnaround,maskable_dqn__mask_true,maskable_ppo__mask_true,1559.439566,0.232422
avg_turnaround,maskable_dqn__mask_true,maskable_ppo__mask_true,1581.881168,0.232422
avg_turnaround,maskable_dqn__mask_true,maskable_ppo__mask_true,1604.322769,0.232422
avg_turnaround,maskable_dqn__mask_true,maskable_ppo__mask_true,1626.764371,0.232422
avg_turnaround,maskable_dqn__mask_true,maskable_ppo__mask_true,1649.205972,0.275391
avg_turnaround,maskable_dqn__mask_true,maskable_ppo__mask_true,1671.647573,0.275391
avg_turnaround,maskable_dqn__mask_true,maskable_ppo__mask_true,1694.089175,0.275391
avg_turnaround,maskable_dqn__mask_true,maskable_ppo__mask_true,1716.530776,0.322266
avg_turnaround,maskable_dqn__mask_true,maskable_ppo__mask_true,1738.972378,0.322266
avg_turnaround,maskable_dqn__mask_true,maskable_ppo__mask_true,1761.413979,0.322266
avg_turnaround,maskable_dqn__mask_true,maskable_ppo__mask_true,1783.855581,0.322266
avg_turnaround,maskable_dqn__mask_true,maskable_ppo__mask_true,1806.297182,0.431641
avg_turnaround,maskable_dqn__mask_true,maskable_ppo__mask_true,1828.738783,0.492188
avg_turnaround,maskable_dqn__mask_true,maskable_ppo__mask_true,1851.180385,0.492188
avg_turnaround,maskable_dqn__mask_true,maskable_ppo__mask_true,1873.621986,0.492188
avg_turnaround,maskable_dqn__mask_true,maskable_ppo__mask_true,1896.063588,0.492188
avg_turnaround,maskable_dqn__mask_true,maskable_ppo__mask_true,1918.505189,0.556641
avg_turnaround,maskable_dqn__mask_true,maskable_ppo__mask_true,1940.946791,0.556641
avg_turnaround,maskable_dqn__mask_true,maskable_ppo__mask_true,1963.388392,0.625000
avg_turnaround,maskable_dqn__mask_true,maskable_ppo__mask_true,1985.829993,0.769531
avg_turnaround,maskable_dqn__mask_true,maskable_ppo__mask_true,2008.271595,0.769531
avg_turnaround,maskable_dqn__mask_true,maskable_ppo__mask_true,2030.713196,0.845703
avg_turnaround,maskable_dqn__mask_true,maskable_ppo__mask_true,2053.154798,0.921875
avg_turnaround,maskable_dqn__mask_true,maskable_ppo__mask_true,2075.596399,0.921875
avg_turnaround,maskable_dqn__mask_true,maskable_ppo__mask_true,2098.038001,0.921875
avg_turnaround,maskable_dqn__mask_true,maskable_ppo__mask_true,2120.479602,0.921875
avg_turnaround,maskable_dqn__mask_true,maskable_ppo__mask_true,2142.921203,0.921875
avg_turnaround,maskable_dqn__mask_true,maskable_ppo__mask_true,2165.362805,0.921875
avg_turnaround,maskable_dqn__mask_true,maskable_ppo__mask_true,2187.804406,1.000000
avg_turnaround,maskable_dqn__mask_true,maskable_ppo__mask_true,2210.246008,0.845703
avg_turnaround,maskable_dqn__mask_true,maskable_ppo__mask_true,2232.687609,0.769531
avg_turnaround,maskable_dqn__mask_true,maskable_ppo__mask_true,2255.129211,0.769531
avg_turnaround,maskable_dqn__mask_true,maskable_ppo__mask_true,2277.570812,0.769531
avg_turnaround,maskable_dqn__mask_true,maskable_ppo__mask_true,2300.012413,0.769531
avg_turnaround,maskable_dqn__mask_true,maskable_ppo__mask_true,2322.454015,0.769531
avg_turnaround,maskable_dqn__mask_true,maskable_ppo__mask_true,2344.895616,0.769531
avg_turnaround,maskable_dqn__mask_true,maskable_ppo__mask_true,2367.337218,0.695312
avg_turnaround,maskable_dqn__mask_true,maskable_ppo__mask_true,2389.778819,0.625000
avg_turnaround,maskable_dqn__mask_true,maskable_ppo__mask_true,2412.220421,0.625000
avg_turnaround,maskable_dqn__mask_true,maskable_ppo__mask_true,2434.662022,0.625000
avg_turnaround,maskable_dqn__mask_true,maskable_ppo__mask_true,2457.103623,0.625000
avg_turnaround,maskable_dqn__mask_true,maskable_ppo__mask_true,2479.545225,0.625000
avg_turnaround,maskable_dqn__mask_true,maskable_ppo__mask_true,2501.986826,0.625000
avg_turnaround,maskable_dqn__mask_true,maskable_ppo__mask_true,2524.428428,0.625000
avg_turnaround,maskable_dqn__mask_true,maskable_ppo__mask_true,2546.870029,0.625000
avg_turnaround,maskable_dqn__mask_true,maskable_ppo__mask_true,2569.311630,0.625000
avg_turnaround,maskable_dqn__mask_true,maskable_ppo__mask_true,2591.753232,0.556641
avg_turnaround,maskable_dqn__mask_true,maskable_ppo__mask_true,2614.194833,0.492188
avg_turnaround,maskable_dqn__mask_true,maskable_ppo__mask_true,2636.636435,0.492188
avg_turnaround,maskable_dqn__mask_true,maskable_ppo__mask_true,2659.078036,0.492188
avg_turnaround,maskable_dqn__mask_true,maskable_ppo__mask_true,2681.519638,0.492188
avg_turnaround,maskable_dqn__mask_true,maskable_ppo__mask_true,2703.961239,0.492188
avg_turnaround,maskable_dqn__mask_true,maskable_ppo__mask_true,2726.402840,0.492188
avg_turnaround,maskable_dqn__mask_true,maskable_ppo__mask_true,2748.844442,0.492188
avg_turnaround,maskable_dqn__mask_true,maskable_ppo__mask_true,2771.286043,0.431641
avg_turnaround,maskable_dqn__mask_true,maskable_ppo__mask_true,2793.727645,0.431641
avg_turnaround,maskable_dqn__mask_true,maskable_ppo__mask_true,2816.169246,0.431641
avg_turnaround,maskable_dqn__mask_true,maskable_ppo__mask_true,2838.610848,0.431641
avg_turnaround,maskable_dqn__mask_true,maskable_ppo__mask_true,2861.052449,0.375000
avg_turnaround,maskable_dqn__mask_true,maskable_ppo__mask_true,2883.494050,0.375000
avg_turnaround,maskable_dqn__mask_true,maskable_ppo__mask_true,2905.935652,0.375000
avg_turnaround,maskable_dqn__mask_true,maskable_ppo__mask_true,2928.377253,0.375000
avg_turnaround,maskable_dqn__mask_true,maskable_ppo__mask_true,2950.818855,0.375000
avg_turnaround,maskable_dqn__mask_true,maskable_ppo__mask_true,2973.260456,0.375000
avg_turnaround,maskable_dqn__mask_true,maskable_ppo__mask_true,2995.702058,0.375000
avg_turnaround,maskable_dqn__mask_true,maskable_ppo__mask_true,3018.143659,0.322266
avg_turnaround,maskable_dqn__mask_true,maskable_ppo__mask_true,3040.585260,0.275391
avg_turnaround,maskable_dqn__mask_true,maskable_ppo__mask_true,3063.026862,0.275391
avg_turnaround,maskable_dqn__mask_true,maskable_ppo__mask_true,3085.468463,0.275391
avg_turnaround,maskable_dqn__mask_true,maskable_ppo__mask_true,3107.910065,0.275391
avg_turnaround,maskable_dqn__mask_true,maskable_ppo__mask_true,3130.351666,0.275391
avg_turnaround,maskable_dqn__mask_true,maskable_ppo__mask_true,3152.793268,0.275391
avg_turnaround,maskable_dqn__mask_true,maskable_ppo__mask_true,3175.234869,0.232422
avg_turnaround,maskable_dqn__mask_true,maskable_ppo__mask_true,3197.676470,0.232422
avg_turnaround,maskable_dqn__mask_true,maskable_ppo__mask_true,3220.118072,0.232422
avg_turnaround,maskable_dqn__mask_true,maskable_ppo__mask_true,3242.559673,0.232422
avg_turnaround,maskable_dqn__mask_true,maskable_ppo__mask_true,3265.001275,0.193359
avg_turnaround,maskable_dqn__mask_true,maskable_ppo__mask_true,3287.442876,0.193359
avg_turnaround,maskable_dqn__mask_true,maskable_ppo__mask_true,3309.884478,0.193359
avg_turnaround,maskable_dqn__mask_true,maskable_ppo__mask_true,3332.326079,0.193359
avg_turnaround,maskable_dqn__mask_true,maskable_ppo__mask_true,3354.767680,0.160156
avg_turnaround,maskable_dqn__mask_true,maskable_ppo__mask_true,3377.209282,0.160156
avg_turnaround,maskable_dqn__mask_true,maskable_ppo__mask_true,3399.650883,0.160156
avg_turnaround,maskable_dqn__mask_true,maskable_ppo__mask_true,3422.092485,0.105469
avg_turnaround,maskable_dqn__mask_true,maskable_ppo__mask_true,3444.534086,0.083984
avg_turnaround,maskable_dqn__mask_true,maskable_ppo__mask_true,3466.975687,0.083984
avg_turnaround,maskable_dqn__mask_true,maskable_ppo__mask_true,3489.417289,0.083984
avg_turnaround,maskable_dqn__mask_true,maskable_ppo__mask_true,3511.858890,0.083984
avg_turnaround,maskable_dqn__mask_true,maskable_ppo__mask_true,3534.300492,0.048828
avg_turnaround,maskable_dqn__mask_true,maskable_ppo__mask_true,3556.742093,0.048828
avg_turnaround,maskable_dqn__mask_true,maskable_ppo__mask_true,3579.183695,0.048828
avg_turnaround,maskable_dqn__mask_true,maskable_ppo__mask_true,3601.625296,0.048828
avg_turnaround,maskable_dqn__mask_true,maskable_ppo__mask_true,3624.066897,0.048828
avg_turnaround,maskable_dqn__mask_true,maskable_ppo__mask_true,3646.508499,0.048828
avg_turnaround,maskable_dqn__mask_true,maskable_ppo__mask_true,3668.950100,0.048828
avg_turnaround,maskable_dqn__mask_true,maskable_ppo__mask_true,3691.391702,0.027344
avg_turnaround,maskable_dqn__mask_true,maskable_ppo__mask_true,3713.833303,0.019531
avg_turnaround,maskable_dqn__mask_true,maskable_ppo__mask_true,3736.274905,0.019531
avg_turnaround,maskable_dqn__mask_true,maskable_ppo__mask_true,3758.716506,0.019531
avg_turnaround,maskable_dqn__mask_true,maskable_ppo__mask_true,3781.158107,0.019531
avg_turnaround,maskable_dqn__mask_true,maskable_ppo__mask_true,3803.599709,0.019531
avg_turnaround,maskable_dqn__mask_true,maskable_ppo__mask_true,3826.041310,0.013672
avg_turnaround,maskable_dqn__mask_true,maskable_ppo__mask_true,3848.482912,0.013672
avg_turnaround,maskable_dqn__mask_true,maskable_ppo__mask_true,3870.924513,0.013672
avg_turnaround,maskable_dqn__mask_true,maskable_ppo__mask_true,3893.366115,0.013672
avg_turnaround,maskable_dqn__mask_true,maskable_ppo__mask_true,3915.807716,0.009766
avg_turnaround,maskable_dqn__mask_true,maskable_ppo__mask_true,3938.249317,0.009766
avg_turnaround,maskable_dqn__mask_true,maskable_ppo__mask_true,3960.690919,0.009766
avg_turnaround,maskable_dqn__mask_true,maskable_ppo__mask_true,3983.132520,0.009766
avg_turnaround,maskable_dqn__mask_true,maskable_ppo__mask_true,4005.574122,0.009766
avg_turnaround,maskable_dqn__mask_true,maskable_ppo__mask_true,4028.015723,0.009766
avg_turnaround,maskable_dqn__mask_true,maskable_ppo__mask_true,4050.457325,0.009766
avg_turnaround,maskable_dqn__mask_true,maskable_ppo__mask_true,4072.898926,0.009766
avg_turnaround,maskable_dqn__mask_true,maskable_ppo__mask_true,4095.340527,0.003906
avg_turnaround,maskable_dqn__mask_true,maskable_ppo__mask_true,4117.782129,0.003906
avg_turnaround,maskable_dqn__mask_true,maskable_ppo__mask_true,4140.223730,0.003906
avg_turnaround,maskable_dqn__mask_true,maskable_ppo__mask_true,4162.665332,0.003906
avg_turnaround,maskable_dqn__mask_true,maskable_ppo__mask_true,4185.106933,0.003906
avg_turnaround,maskable_dqn__mask_true,maskable_ppo__mask_true,4207.548535,0.003906
avg_turnaround,maskable_dqn__mask_true,maskable_ppo__mask_true,4229.990136,0.003906
avg_turnaround,maskable_dqn__mask_true,maskable_ppo__mask_true,4252.431737,0.003906
avg_turnaround,maskable_dqn__mask_true,maskable_ppo__mask_true,4274.873339,0.003906
avg_turnaround,maskable_dqn__mask_true,maskable_ppo__mask_true,4297.314940,0.003906
avg_turnaround,maskable_dqn__mask_true,maskable_ppo__mask_true,4319.756542,0.003906
avg_turnaround,maskable_dqn__mask_true,maskable_ppo__mask_true,4342.198143,0.003906
avg_turnaround,maskable_dqn__mask_true,maskable_ppo__mask_true,4364.639745,0.003906
avg_turnaround,maskable_dqn__mask_true,maskable_ppo__mask_true,4387.081346,0.003906
avg_turnaround,maskable_dqn__mask_true,maskable_ppo__mask_true,4409.522947,0.003906
avg_turnaround,maskable_ppo__mask_true,ppo__mask_false,-11972.260835,0.003906
avg_turnaround,maskable_ppo__mask_true,ppo__mask_false,-11910.490908,0.048828
avg_turnaround,maskable_ppo__mask_true,ppo__mask_false,-11848.720981,0.193359
avg_turnaround,maskable_ppo__mask_true,ppo__mask_false,-11786.951054,0.232422
avg_turnaround,maskable_ppo__mask_true,ppo__mask_false,-11725.181127,0.232422
avg_turnaround,maskable_ppo__mask_true,ppo__mask_false,-11663.411200,0.232422
avg_turnaround,maskable_ppo__mask_true,ppo__mask_false,-11601.641273,0.232422
avg_turnaround,maskable_ppo__mask_true,ppo__mask_false,-11539.871346,0.232422
avg_turnaround,maskable_ppo__mask_true,ppo__mask_false,-11478.101419,0.232422
avg_turnaround,maskable_ppo__mask_true,ppo__mask_false,-11416.331492,0.232422
avg_turnaround,maskable_ppo__mask_true,ppo__mask_false,-11354.561565,0.232422
avg_turnaround,maskable_ppo__mask_true,ppo__mask_false,-11292.791638,0.232422
avg_turnaround,maskable_ppo__mask_true,ppo__mask_false,-11231.021711,0.232422
avg_turnaround,maskable_ppo__mask_true,ppo__mask_false,-11169.251784,0.232422
avg_turnaround,maskable_ppo__mask_true,ppo__mask_false,-11107.481857,0.232422
avg_turnaround,maskable_ppo__mask_true,ppo__mask_false,-11045.711930,0.232422
avg_turnaround,maskable_ppo__mask_true,ppo__mask_false,-10983.942003,0.232422
avg_turnaround,maskable_ppo__mask_true,ppo__mask_false,-10922.172076,0.232422
avg_turnaround,maskable_ppo__mask_true,ppo__mask_false,-10860.402150,0.232422
avg_turnaround,maskable_ppo__mask_true,ppo__mask_false,-10798.632223,0.232422
avg_turnaround,maskable_ppo__mask_true,ppo__mask_false,-10736.862296,0.232422
avg_turnaround,maskable_ppo__mask_true,ppo__mask_false,-10675.092369,0.232422
avg_turnaround,maskable_ppo__mask_true,ppo__mask_false,-10613.322442,0.232422
avg_turnaround,maskable_ppo__mask_true,ppo__mask_false,-10551.552515,0.232422
avg_turnaround,maskable_ppo__mask_true,ppo__mask_false,-10489.782588,0.232422
avg_turnaround,maskable_ppo__mask_true,ppo__mask_false,-10428.012661,0.232422
avg_turnaround,maskable_ppo__mask_true,ppo__mask_false,-10366.242734,0.232422
avg_turnaround,maskable_ppo__mask_true,ppo__mask_false,-10304.472807,0.232422
avg_turnaround,maskable_ppo__mask_true,ppo__mask_false,-10242.702880,0.232422
avg_turnaround,maskable_ppo__mask_true,ppo__mask_false,-10180.932953,0.232422
avg_turnaround,maskable_ppo__mask_true,ppo__mask_false,-10119.163026,0.232422
avg_turnaround,maskable_ppo__mask_true,ppo__mask_false,-10057.393099,0.232422
avg_turnaround,maskable_ppo__mask_true,ppo__mask_false,-9995.623172,0.232422
avg_turnaround,maskable_ppo__mask_true,ppo__mask_false,-9933.853245,0.232422
avg_turnaround,maskable_ppo__mask_true,ppo__mask_false,-9872.083318,0.232422
avg_turnaround,maskable_ppo__mask_true,ppo__mask_false,-9810.313392,0.232422
avg_turnaround,maskable_ppo__mask_true,ppo__mask_false,-9748.543465,0.232422
avg_turnaround,maskable_ppo__mask_true,ppo__mask_false,-9686.773538,0.232422
avg_turnaround,maskable_ppo__mask_true,ppo__mask_false,-9625.003611,0.232422
avg_turnaround,maskable_ppo__mask_true,ppo__mask_false,-9563.233684,0.232422
avg_turnaround,maskable_ppo__mask_true,ppo__mask_false,-9501.463757,0.232422
avg_turnaround,maskable_ppo__mask_true,ppo__mask_false,-9439.693830,0.232422
avg_turnaround,maskable_ppo__mask_true,ppo__mask_false,-9377.923903,0.232422
avg_turnaround,maskable_ppo__mask_true,ppo__mask_false,-9316.153976,0.232422
avg_turnaround,maskable_ppo__mask_true,ppo__mask_false,-9254.384049,0.232422
avg_turnaround,maskable_ppo__mask_true,ppo__mask_false,-9192.614122,0.232422
avg_turnaround,maskable_ppo__mask_true,ppo__mask_false,-9130.844195,0.232422
avg_turnaround,maskable_ppo__mask_true,ppo__mask_false,-9069.074268,0.232422
avg_turnaround,maskable_ppo__mask_true,ppo__mask_false,-9007.304341,0.232422
avg_turnaround,maskable_ppo__mask_true,ppo__mask_false,-8945.534414,0.232422
avg_turnaround,maskable_ppo__mask_true,ppo__mask_false,-8883.764487,0.232422
avg_turnaround,maskable_ppo__mask_true,ppo__mask_false,-8821.994560,0.232422
avg_turnaround,maskable_ppo__mask_true,ppo__mask_false,-8760.224633,0.232422
avg_turnaround,maskable_ppo__mask_true,ppo__mask_false,-8698.454707,0.232422
avg_turnaround,maskable_ppo__mask_true,ppo__mask_false,-8636.684780,0.232422
avg_turnaround,maskable_ppo__mask_true,ppo__mask_false,-8574.914853,0.232422
avg_turnaround,maskable_ppo__mask_true,ppo__mask_false,-8513.144926,0.232422
avg_turnaround,maskable_ppo__mask_true,ppo__mask_false,-8451.374999,0.232422
avg_turnaround,maskable_ppo__mask_true,ppo__mask_false,-8389.605072,0.232422
avg_turnaround,maskable_ppo__mask_true,ppo__mask_false,-8327.835145,0.232422
avg_turnaround,maskable_ppo__mask_true,ppo__mask_false,-8266.065218,0.232422
avg_turnaround,maskable_ppo__mask_true,ppo__mask_false,-8204.295291,0.232422
avg_turnaround,maskable_ppo__mask_true,ppo__mask_false,-8142.525364,0.232422
avg_turnaround,maskable_ppo__mask_true,ppo__mask_false,-8080.755437,0.232422
avg_turnaround,maskable_ppo__mask_true,ppo__mask_false,-8018.985510,0.232422
avg_turnaround,maskable_ppo__mask_true,ppo__mask_false,-7957.215583,0.232422
avg_turnaround,maskable_ppo__mask_true,ppo__mask_false,-7895.445656,0.232422
avg_turnaround,maskable_ppo__mask_true,ppo__mask_false,-7833.675729,0.232422
avg_turnaround,maskable_ppo__mask_true,ppo__mask_false,-7771.905802,0.232422
avg_turnaround,maskable_ppo__mask_true,ppo__mask_false,-7710.135875,0.232422
avg_turnaround,maskable_ppo__mask_true,ppo__mask_false,-7648.365948,0.232422
avg_turnaround,maskable_ppo__mask_true,ppo__mask_false,-7586.596022,0.232422
avg_turnaround,maskable_ppo__mask_true,ppo__mask_false,-7524.826095,0.232422
avg_turnaround,maskable_ppo__mask_true,ppo__mask_false,-7463.056168,0.232422
avg_turnaround,maskable_ppo__mask_true,ppo__mask_false,-7401.286241,0.232422
avg_turnaround,maskable_ppo__mask_true,ppo__mask_false,-7339.516314,0.232422
avg_turnaround,maskable_ppo__mask_true,ppo__mask_false,-7277.746387,0.232422
avg_turnaround,maskable_ppo__mask_true,ppo__mask_false,-7215.976460,0.232422
avg_turnaround,maskable_ppo__mask_true,ppo__mask_false,-7154.206533,0.232422
avg_turnaround,maskable_ppo__mask_true,ppo__mask_false,-7092.436606,0.232422
avg_turnaround,maskable_ppo__mask_true,ppo__mask_false,-7030.666679,0.232422
avg_turnaround,maskable_ppo__mask_true,ppo__mask_false,-6968.896752,0.232422
avg_turnaround,maskable_ppo__mask_true,ppo__mask_false,-6907.126825,0.232422
avg_turnaround,maskable_ppo__mask_true,ppo__mask_false,-6845.356898,0.232422
avg_turnaround,maskable_ppo__mask_true,ppo__mask_false,-6783.586971,0.232422
avg_turnaround,maskable_ppo__mask_true,ppo__mask_false,-6721.817044,0.232422
avg_turnaround,maskable_ppo__mask_true,ppo__mask_false,-6660.047117,0.232422
avg_turnaround,maskable_ppo__mask_true,ppo__mask_false,-6598.277190,0.232422
avg_turnaround,maskable_ppo__mask_true,ppo__mask_false,-6536.507263,0.232422
avg_turnaround,maskable_ppo__mask_true,ppo__mask_false,-6474.737337,0.232422
avg_turnaround,maskable_ppo__mask_true,ppo__mask_false,-6412.967410,0.232422
avg_turnaround,maskable_ppo__mask_true,ppo__mask_false,-6351.197483,0.232422
avg_turnaround,maskable_ppo__mask_true,ppo__mask_false,-6289.427556,0.375000
avg_turnaround,maskable_ppo__mask_true,ppo__mask_false,-6227.657629,0.845703
avg_turnaround,maskable_ppo__mask_true,ppo__mask_false,-6165.887702,0.921875
avg_turnaround,maskable_ppo__mask_true,ppo__mask_false,-6104.117775,0.845703
avg_turnaround,maskable_ppo__mask_true,ppo__mask_false,-6042.347848,0.845703
avg_turnaround,maskable_ppo__mask_true,ppo__mask_false,-5980.577921,0.845703
avg_turnaround,maskable_ppo__mask_true,ppo__mask_false,-5918.807994,0.845703
avg_turnaround,maskable_ppo__mask_true,ppo__mask_false,-5857.038067,0.556641
avg_turnaround,maskable_ppo__mask_true,ppo__mask_false,-5795.268140,0.375000
avg_turnaround,maskable_ppo__mask_true,ppo__mask_false,-5733.498213,0.232422
avg_turnaround,maskable_ppo__mask_true,ppo__mask_false,-5671.728286,0.232422
avg_turnaround,maskable_ppo__mask_true,ppo__mask_false,-5609.958359,0.232422
avg_turnaround,maskable_ppo__mask_true,ppo__mask_false,-5548.188432,0.232422
avg_turnaround,maskable_ppo__mask_true,ppo__mask_false,-5486.418505,0.232422
avg_turnaround,maskable_ppo__mask_true,ppo__mask_false,-5424.648579,0.232422
avg_turnaround,maskable_ppo__mask_true,ppo__mask_false,-5362.878652,0.232422
avg_turnaround,maskable_ppo__mask_true,ppo__mask_false,-5301.108725,0.232422
avg_turnaround,maskable_ppo__mask_true,ppo__mask_false,-5239.338798,0.232422
avg_turnaround,maskable_ppo__mask_true,ppo__mask_false,-5177.568871,0.232422
avg_turnaround,maskable_ppo__mask_true,ppo__mask_false,-5115.798944,0.232422
avg_turnaround,maskable_ppo__mask_true,ppo__mask_false,-5054.029017,0.232422
avg_turnaround,maskable_ppo__mask_true,ppo__mask_false,-4992.259090,0.232422
avg_turnaround,maskable_ppo__mask_true,ppo__mask_false,-4930.489163,0.232422
avg_turnaround,maskable_ppo__mask_true,ppo__mask_false,-4868.719236,0.232422
avg_turnaround,maskable_ppo__mask_true,ppo__mask_false,-4806.949309,0.232422
avg_turnaround,maskable_ppo__mask_true,ppo__mask_false,-4745.179382,0.232422
avg_turnaround,maskable_ppo__mask_true,ppo__mask_false,-4683.409455,0.232422
avg_turnaround,maskable_ppo__mask_true,ppo__mask_false,-4621.639528,0.232422
avg_turnaround,maskable_ppo__mask_true,ppo__mask_false,-4559.869601,0.232422
avg_turnaround,maskable_ppo__mask_true,ppo__mask_false,-4498.099674,0.232422
avg_turnaround,maskable_ppo__mask_true,ppo__mask_false,-4436.329747,0.232422
avg_turnaround,maskable_ppo__mask_true,ppo__mask_false,-4374.559820,0.232422
avg_turnaround,maskable_ppo__mask_true,ppo__mask_false,-4312.789894,0.232422
avg_turnaround,maskable_ppo__mask_true,ppo__mask_false,-4251.019967,0.232422
avg_turnaround,maskable_ppo__mask_true,ppo__mask_false,-4189.250040,0.232422
avg_turnaround,maskable_ppo__mask_true,ppo__mask_false,-4127.480113,0.232422
avg_turnaround,maskable_ppo__mask_true,ppo__mask_false,-4065.710186,0.232422
avg_turnaround,maskable_ppo__mask_true,ppo__mask_false,-4003.940259,0.232422
avg_turnaround,maskable_ppo__mask_true,ppo__mask_false,-3942.170332,0.232422
avg_turnaround,maskable_ppo__mask_true,ppo__mask_false,-3880.400405,0.232422
avg_turnaround,maskable_ppo__mask_true,ppo__mask_false,-3818.630478,0.232422
avg_turnaround,maskable_ppo__mask_true,ppo__mask_false,-3756.860551,0.232422
avg_turnaround,maskable_ppo__mask_true,ppo__mask_false,-3695.090624,0.232422
avg_turnaround,maskable_ppo__mask_true,ppo__mask_false,-3633.320697,0.232422
avg_turnaround,maskable_ppo__mask_true,ppo__mask_false,-3571.550770,0.232422
avg_turnaround,maskable_ppo__mask_true,ppo__mask_false,-3509.780843,0.232422
avg_turnaround,maskable_ppo__mask_true,ppo__mask_false,-3448.010916,0.232422
avg_turnaround,maskable_ppo__mask_true,ppo__mask_false,-3386.240989,0.232422
avg_turnaround,maskable_ppo__mask_true,ppo__mask_false,-3324.471062,0.232422
avg_turnaround,maskable_ppo__mask_true,ppo__mask_false,-3262.701135,0.232422
avg_turnaround,maskable_ppo__mask_true,ppo__mask_false,-3200.931209,0.232422
avg_turnaround,maskable_ppo__mask_true,ppo__mask_false,-3139.161282,0.232422
avg_turnaround,maskable_ppo__mask_true,ppo__mask_false,-3077.391355,0.232422
avg_turnaround,maskable_ppo__mask_true,ppo__mask_false,-3015.621428,0.232422
avg_turnaround,maskable_ppo__mask_true,ppo__mask_false,-2953.851501,0.232422
avg_turnaround,maskable_ppo__mask_true,ppo__mask_false,-2892.081574,0.232422
avg_turnaround,maskable_ppo__mask_true,ppo__mask_false,-2830.311647,0.232422
avg_turnaround,maskable_ppo__mask_true,ppo__mask_false,-2768.541720,0.232422
avg_turnaround,maskable_ppo__mask_true,ppo__mask_false,-2706.771793,0.232422
avg_turnaround,maskable_ppo__mask_true,ppo__mask_false,-2645.001866,0.232422
avg_turnaround,maskable_ppo__mask_true,ppo__mask_false,-2583.231939,0.232422
avg_turnaround,maskable_ppo__mask_true,ppo__mask_false,-2521.462012,0.232422
avg_turnaround,maskable_ppo__mask_true,ppo__mask_false,-2459.692085,0.232422
avg_turnaround,maskable_ppo__mask_true,ppo__mask_false,-2397.922158,0.232422
avg_turnaround,maskable_ppo__mask_true,ppo__mask_false,-2336.152231,0.232422
avg_turnaround,maskable_ppo__mask_true,ppo__mask_false,-2274.382304,0.232422
avg_turnaround,maskable_ppo__mask_true,ppo__mask_false,-2212.612377,0.232422
avg_turnaround,maskable_ppo__mask_true,ppo__mask_false,-2150.842450,0.232422
avg_turnaround,maskable_ppo__mask_true,ppo__mask_false,-2089.072524,0.232422
avg_turnaround,maskable_ppo__mask_true,ppo__mask_false,-2027.302597,0.232422
avg_turnaround,maskable_ppo__mask_true,ppo__mask_false,-1965.532670,0.232422
avg_turnaround,maskable_ppo__mask_true,ppo__mask_false,-1903.762743,0.232422
avg_turnaround,maskable_ppo__mask_true,ppo__mask_false,-1841.992816,0.232422
avg_turnaround,maskable_ppo__mask_true,ppo__mask_false,-1780.222889,0.232422
avg_turnaround,maskable_ppo__mask_true,ppo__mask_false,-1718.452962,0.232422
avg_turnaround,maskable_ppo__mask_true,ppo__mask_false,-1656.683035,0.232422
avg_turnaround,maskable_ppo__mask_true,ppo__mask_false,-1594.913108,0.232422
avg_turnaround,maskable_ppo__mask_true,ppo__mask_false,-1533.143181,0.232422
avg_turnaround,maskable_ppo__mask_true,ppo__mask_false,-1471.373254,0.232422
avg_turnaround,maskable_ppo__mask_true,ppo__mask_false,-1409.603327,0.232422
avg_turnaround,maskable_ppo__mask_true,ppo__mask_false,-1347.833400,0.232422
avg_turnaround,maskable_ppo__mask_true,ppo__mask_false,-1286.063473,0.232422
avg_turnaround,maskable_ppo__mask_true,ppo__mask_false,-1224.293546,0.232422
avg_turnaround,maskable_ppo__mask_true,ppo__mask_false,-1162.523619,0.232422
avg_turnaround,maskable_ppo__mask_true,ppo__mask_false,-1100.753692,0.232422
avg_turnaround,maskable_ppo__mask_true,ppo__mask_false,-1038.983766,0.232422
avg_turnaround,maskable_ppo__mask_true,ppo__mask_false,-977.213839,0.232422
avg_turnaround,maskable_ppo__mask_true,ppo__mask_false,-915.443912,0.232422
avg_turnaround,maskable_ppo__mask_true,ppo__mask_false,-853.673985,0.232422
avg_turnaround,maskable_ppo__mask_true,ppo__mask_false,-791.904058,0.232422
avg_turnaround,maskable_ppo__mask_true,ppo__mask_false,-730.134131,0.232422
avg_turnaround,maskable_ppo__mask_true,ppo__mask_false,-668.364204,0.193359
avg_turnaround,maskable_ppo__mask_true,ppo__mask_false,-606.594277,0.160156
avg_turnaround,maskable_ppo__mask_true,ppo__mask_false,-544.824350,0.105469
avg_turnaround,maskable_ppo__mask_true,ppo__mask_false,-483.054423,0.064453
avg_turnaround,maskable_ppo__mask_true,ppo__mask_false,-421.284496,0.064453
avg_turnaround,maskable_ppo__mask_true,ppo__mask_false,-359.514569,0.064453
avg_turnaround,maskable_ppo__mask_true,ppo__mask_false,-297.744642,0.064453
avg_turnaround,maskable_ppo__mask_true,ppo__mask_false,-235.974715,0.048828
avg_turnaround,maskable_ppo__mask_true,ppo__mask_false,-174.204788,0.027344
avg_turnaround,maskable_ppo__mask_true,ppo__mask_false,-112.434861,0.013672
avg_turnaround,maskable_ppo__mask_true,ppo__mask_false,-50.664934,0.009766
avg_turnaround,maskable_ppo__mask_true,ppo__mask_false,11.104993,0.009766
avg_turnaround,maskable_ppo__mask_true,ppo__mask_false,72.874919,0.009766
avg_turnaround,maskable_ppo__mask_true,ppo__mask_false,134.644846,0.009766
avg_turnaround,maskable_ppo__mask_true,ppo__mask_false,196.414773,0.005859
avg_turnaround,maskable_ppo__mask_true,ppo__mask_false,258.184700,0.003906
avg_turnaround,maskable_ppo__mask_true,ppo__mask_false,319.954627,0.003906
cpu_utilization,a2c__mask_false,maskable_a2c__mask_true,-0.010250,0.003906
cpu_utilization,a2c__mask_false,maskable_a2c__mask_true,-0.010240,0.003906
cpu_utilization,a2c__mask_false,maskable_a2c__mask_true,-0.010229,0.003906
cpu_utilization,a2c__mask_false,maskable_a2c__mask_true,-0.010219,0.003906
cpu_utilization,a2c__mask_false,maskable_a2c__mask_true,-0.010208,0.003906
cpu_utilization,a2c__mask_false,maskable_a2c__mask_true,-0.010198,0.003906
cpu_utilization,a2c__mask_false,maskable_a2c__mask_true,-0.010188,0.003906
cpu_utilization,a2c__mask_false,maskable_a2c__mask_true,-0.010177,0.003906
cpu_utilization,a2c__mask_false,maskable_a2c__mask_true,-0.010167,0.003906
cpu_utilization,a2c__mask_false,maskable_a2c__mask_true,-0.010156,0.003906
cpu_utilization,a2c__mask_false,maskable_a2c__mask_true,-0.010146,0.003906
cpu_utilization,a2c__mask_false,maskable_a2c__mask_true,-0.010135,0.003906
cpu_utilization,a2c__mask_false,maskable_a2c__mask_true,-0.010125,0.003906
cpu_utilization,a2c__mask_false,maskable_a2c__mask_true,-0.010114,0.003906
cpu_utilization,a2c__mask_false,maskable_a2c__mask_true,-0.010104,0.003906
cpu_utilization,a2c__mask_false,maskable_a2c__mask_true,-0.010094,0.003906
cpu_utilization,a2c__mask_false,maskable_a2c__mask_true,-0.010083,0.003906
cpu_utilization,a2c__mask_false,maskable_a2c__mask_true,-0.010073,0.003906
cpu_utilization,a2c__mask_false,maskable_a2c__mask_true,-0.010062,0.003906
cpu_utilization,a2c__mask_false,maskable_a2c__mask_true,-0.010052,0.003906
cpu_utilization,a2c__mask_false,maskable_a2c__mask_true,-0.010041,0.003906
cpu_utilization,a2c__mask_false,maskable_a2c__mask_true,-0.010031,0.003906
cpu_utilization,a2c__mask_false,maskable_a2c__mask_true,-0.010021,0.003906
cpu_utilization,a2c__mask_false,maskable_a2c__mask_true,-0.010010,0.003906
cpu_utilization,a2c__mask_false,maskable_a2c__mask_true,-0.010000,0.003906
cpu_utilization,a2c__mask_false,maskable_a2c__mask_true,-0.009989,0.003906
cpu_utilization,a2c__mask_false,maskable_a2c__mask_true,-0.009979,0.003906
cpu_utilization,a2c__mask_false,maskable_a2c__mask_true,-0.009968,0.003906
cpu_utilization,a2c__mask_false,maskable_a2c__mask_true,-0.009958,0.003906
cpu_utilization,a2c__mask_false,maskable_a2c__mask_true,-0.009948,0.003906
cpu_utilization,a2c__mask_false,maskable_a2c__mask_true,-0.009937,0.003906
cpu_utilization,a2c__mask_false,maskable_a2c__mask_true,-0.009927,0.003906
cpu_utilization,a2c__mask_false,maskable_a2c__mask_true,-0.009916,0.003906
cpu_utilization,a2c__mask_false,maskable_a2c__mask_true,-0.009906,0.003906
cpu_utilization,a2c__mask_false,maskable_a2c__mask_true,-0.009895,0.003906
cpu_utilization,a2c__mask_false,maskable_a2c__mask_true,-0.009885,0.005859
cpu_utilization,a2c__mask_false,maskable_a2c__mask_true,-0.009874,0.005859
cpu_utilization,a2c__mask_false,maskable_a2c__mask_true,-0.009864,0.005859
cpu_utilization,a2c__mask_false,maskable_a2c__mask_true,-0.009854,0.005859
cpu_utilization,a2c__mask_false,maskable_a2c__mask_true,-0.009843,0.005859
cpu_utilization,a2c__mask_false,maskable_a2c__mask_true,-0.009833,0.005859
cpu_utilization,a2c__mask_false,maskable_a2c__mask_true,-0.009822,0.005859
cpu_utilization,a2c__mask_false,maskable_a2c__mask_true,-0.009812,0.005859
cpu_utilization,a2c__mask_false,maskable_a2c__mask_true,-0.009801,0.005859
cpu_utilization,a2c__mask_false,maskable_a2c__mask_true,-0.009791,0.005859
cpu_utilization,a2c__mask_false,maskable_a2c__mask_true,-0.009781,0.005859
cpu_utilization,a2c__mask_false,maskable_a2c__mask_true,-0.009770,0.005859
cpu_utilization,a2c__mask_false,maskable_a2c__mask_true,-0.009760,0.005859
cpu_utilization,a2c__mask_false,maskable_a2c__mask_true,-0.009749,0.005859
cpu_utilization,a2c__mask_false,maskable_a2c__mask_true,-0.009739,0.005859
cpu_utilization,a2c__mask_false,maskable_a2c__mask_true,-0.009728,0.005859
cpu_utilization,a2c__mask_false,maskable_a2c__mask_true,-0.009718,0.005859
cpu_utilization,a2c__mask_false,maskable_a2c__mask_true,-0.009707,0.009766
cpu_utilization,a2c__mask_false,maskable_a2c__mask_true,-0.009697,0.009766
cpu_utilization,a2c__mask_false,maskable_a2c__mask_true,-0.009687,0.009766
cpu_utilization,a2c__mask_false,maskable_a2c__mask_true,-0.009676,0.009766
cpu_utilization,a2c__mask_false,maskable_a2c__mask_true,-0.009666,0.009766
cpu_utilization,a2c__mask_false,maskable_a2c__mask_true,-0.009655,0.009766
cpu_utilization,a2c__mask_false,maskable_a2c__mask_true,-0.009645,0.009766
cpu_utilization,a2c__mask_false,maskable_a2c__mask_true,-0.009634,0.009766
cpu_utilization,a2c__mask_false,maskable_a2c__mask_true,-0.009624,0.009766
cpu_utilization,a2c__mask_false,maskable_a2c__mask_true,-0.009614,0.009766
cpu_utilization,a2c__mask_false,maskable_a2c__mask_true,-0.009603,0.009766
cpu_utilization,a2c__mask_false,maskable_a2c__mask_true,-0.009593,0.009766
cpu_utilization,a2c__mask_false,maskable_a2c__mask_true,-0.009582,0.009766
cpu_utilization,a2c__mask_false,maskable_a2c__mask_true,-0.009572,0.009766
cpu_utilization,a2c__mask_false,maskable_a2c__mask_true,-0.009561,0.009766
cpu_utilization,a2c__mask_false,maskable_a2c__mask_true,-0.009551,0.009766
cpu_utilization,a2c__mask_false,maskable_a2c__mask_true,-0.009540,0.009766
cpu_utilization,a2c__mask_false,maskable_a2c__mask_true,-0.009530,0.009766
cpu_utilization,a2c__mask_false,maskable_a2c__mask_true,-0.009520,0.009766
cpu_utilization,a2c__mask_false,maskable_a2c__mask_true,-0.009509,0.013672
cpu_utilization,a2c__mask_false,maskable_a2c__mask_true,-0.009499,0.013672
cpu_utilization,a2c__mask_false,maskable_a2c__mask_true,-0.009488,0.048828
cpu_utilization,a2c__mask_false,maskable_a2c__mask_true,-0.009478,0.064453
cpu_utilization,a2c__mask_false,maskable_a2c__mask_true,-0.009467,0.064453
cpu_utilization,a2c__mask_false,maskable_a2c__mask_true,-0.009457,0.064453
cpu_utilization,a2c__mask_false,maskable_a2c__mask_true,-0.009447,0.083984
cpu_utilization,a2c__mask_false,maskable_a2c__mask_true,-0.009436,0.083984
cpu_utilization,a2c__mask_false,maskable_a2c__mask_true,-0.009426,0.083984
cpu_utilization,a2c__mask_false,maskable_a2c__mask_true,-0.009415,0.083984
cpu_utilization,a2c__mask_false,maskable_a2c__mask_true,-0.009405,0.083984
cpu_utilization,a2c__mask_false,maskable_a2c__mask_true,-0.009394,0.083984
cpu_utilization,a2c__mask_false,maskable_a2c__mask_true,-0.009384,0.083984
cpu_utilization,a2c__mask_false,maskable_a2c__mask_true,-0.009374,0.083984
cpu_utilization,a2c__mask_false,maskable_a2c__mask_true,-0.009363,0.083984
cpu_utilization,a2c__mask_false,maskable_a2c__mask_true,-0.009353,0.083984
cpu_utilization,a2c__mask_false,maskable_a2c__mask_true,-0.009342,0.083984
cpu_utilization,a2c__mask_false,maskable_a2c__mask_true,-0.009332,0.083984
cpu_utilization,a2c__mask_false,maskable_a2c__mask_true,-0.009321,0.083984
cpu_utilization,a2c__mask_false,maskable_a2c__mask_true,-0.009311,0.083984
cpu_utilization,a2c__mask_false,maskable_a2c__mask_true,-0.009300,0.083984
cpu_utilization,a2c__mask_false,maskable_a2c__mask_true,-0.009290,0.083984
cpu_utilization,a2c__mask_false,maskable_a2c__mask_true,-0.009280,0.083984
cpu_utilization,a2c__mask_false,maskable_a2c__mask_true,-0.009269,0.105469
cpu_utilization,a2c__mask_false,maskable_a2c__mask_true,-0.009259,0.105469
cpu_utilization,a2c__mask_false,maskable_a2c__mask_true,-0.009248,0.105469
cpu_utilization,a2c__mask_false,maskable_a2c__mask_true,-0.009238,0.105469
cpu_utilization,a2c__mask_false,maskable_a2c__mask_true,-0.009227,0.130859
cpu_utilization,a2c__mask_false,maskable_a2c__mask_true,-0.009217,0.130859
cpu_utilization,a2c__mask_false,maskable_a2c__mask_true,-0.009207,0.130859
cpu_utilization,a2c__mask_false,maskable_a2c__mask_true,-0.009196,0.130859
cpu_utilization,a2c__mask_false,maskable_a2c__mask_true,-0.009186,0.130859
cpu_utilization,a2c__mask_false,maskable_a2c__mask_true,-0.009175,0.130859
cpu_utilization,a2c__mask_false,maskable_a2c__mask_true,-0.009165,0.130859
cpu_utilization,a2c__mask_false,maskable_a2c__mask_true,-0.009154,0.130859
cpu_utilization,a2c__mask_false,maskable_a2c__mask_true,-0.009144,0.130859
cpu_utilization,a2c__mask_false,maskable_a2c__mask_true,-0.009133,0.130859
cpu_utilization,a2c__mask_false,maskable_a2c__mask_true,-0.009123,0.130859
cpu_utilization,a2c__mask_false,maskable_a2c__mask_true,-0.009113,0.130859
cpu_utilization,a2c__mask_false,maskable_a2c__mask_true,-0.009102,0.130859
cpu_utilization,a2c__mask_false,maskable_a2c__mask_true,-0.009092,0.160156
cpu_utilization,a2c__mask_false,maskable_a2c__mask_true,-0.009081,0.160156
cpu_utilization,a2c__mask_false,maskable_a2c__mask_true,-0.009071,0.193359
cpu_utilization,a2c__mask_false,maskable_a2c__mask_true,-0.009060,0.193359
cpu_utilization,a2c__mask_false,maskable_a2c__mask_true,-0.009050,0.375000
cpu_utilization,a2c__mask_false,maskable_a2c__mask_true,-0.009040,0.431641
cpu_utilization,a2c__mask_false,maskable_a2c__mask_true,-0.009029,0.431641
cpu_utilization,a2c__mask_false,maskable_a2c__mask_true,-0.009019,0.431641
cpu_utilization,a2c__mask_false,maskable_a2c__mask_true,-0.009008,0.431641
cpu_utilization,a2c__mask_false,maskable_a2c__mask_true,-0.008998,0.431641
cpu_utilization,a2c__mask_false,maskable_a2c__mask_true,-0.008987,0.431641
cpu_utilization,a2c__mask_false,maskable_a2c__mask_true,-0.008977,0.431641
cpu_utilization,a2c__mask_false,maskable_a2c__mask_true,-0.008967,0.431641
cpu_utilization,a2c__mask_false,maskable_a2c__mask_true,-0.008956,0.431641
cpu_utilization,a2c__mask_false,maskable_a2c__mask_true,-0.008946,0.431641
cpu_utilization,a2c__mask_false,maskable_a2c__mask_true,-0.008935,0.431641
cpu_utilization,a2c__mask_false,maskable_a2c__mask_true,-0.008925,0.431641
cpu_utilization,a2c__mask_false,maskable_a2c__mask_true,-0.008914,0.431641
cpu_utilization,a2c__mask_false,maskable_a2c__mask_true,-0.008904,0.431641
cpu_utilization,a2c__mask_false,maskable_a2c__mask_true,-0.008893,0.492188
cpu_utilization,a2c__mask_false,maskable_a2c__mask_true,-0.008883,0.492188
cpu_utilization,a2c__mask_false,maskable_a2c__mask_true,-0.008873,0.769531
cpu_utilization,a2c__mask_false,maskable_a2c__mask_true,-0.008862,0.845703
cpu_utilization,a2c__mask_false,maskable_a2c__mask_true,-0.008852,0.845703
cpu_utilization,a2c__mask_false,maskable_a2c__mask_true,-0.008841,0.845703
cpu_utilization,a2c__mask_false,maskable_a2c__mask_true,-0.008831,0.845703
cpu_utilization,a2c__mask_false,maskable_a2c__mask_true,-0.008820,0.845703
cpu_utilization,a2c__mask_false,maskable_a2c__mask_true,-0.008810,0.845703
cpu_utilization,a2c__mask_false,maskable_a2c__mask_true,-0.008800,0.845703
cpu_utilization,a2c__mask_false,maskable_a2c__mask_true,-0.008789,0.921875
cpu_utilization,a2c__mask_false,maskable_a2c__mask_true,-0.008779,0.921875
cpu_utilization,a2c__mask_false,maskable_a2c__mask_true,-0.008768,0.921875
cpu_utilization,a2c__mask_false,maskable_a2c__mask_true,-0.008758,0.921875
cpu_utilization,a2c__mask_false,maskable_a2c__mask_true,-0.008747,0.921875
cpu_utilization,a2c__mask_false,maskable_a2c__mask_true,-0.008737,0.921875
cpu_utilization,a2c__mask_false,maskable_a2c__mask_true,-0.008726,0.921875
cpu_utilization,a2c__mask_false,maskable_a2c__mask_true,-0.008716,0.921875
cpu_utilization,a2c__mask_false,maskable_a2c__mask_true,-0.008706,0.921875
cpu_utilization,a2c__mask_false,maskable_a2c__mask_true,-0.008695,1.000000
cpu_utilization,a2c__mask_false,maskable_a2c__mask_true,-0.008685,1.000000
cpu_utilization,a2c__mask_false,maskable_a2c__mask_true,-0.008674,0.769531
cpu_utilization,a2c__mask_false,maskable_a2c__mask_true,-0.008664,0.625000
cpu_utilization,a2c__mask_false,maskable_a2c__mask_true,-0.008653,0.160156
cpu_utilization,a2c__mask_false,maskable_a2c__mask_true,-0.008643,0.064453
cpu_utilization,a2c__mask_false,maskable_a2c__mask_true,-0.008633,0.064453
cpu_utilization,a2c__mask_false,maskable_a2c__mask_true,-0.008622,0.048828
cpu_utilization,a2c__mask_false,maskable_a2c__mask_true,-0.008612,0.037109
cpu_utilization,a2c__mask_false,maskable_a2c__mask_true,-0.008601,0.037109
cpu_utilization,a2c__mask_false,maskable_a2c__mask_true,-0.008591,0.037109
cpu_utilization,a2c__mask_false,maskable_a2c__mask_true,-0.008580,0.037109
cpu_utilization,a2c__mask_false,maskable_a2c__mask_true,-0.008570,0.037109
cpu_utilization,a2c__mask_false,maskable_a2c__mask_true,-0.008559,0.037109
cpu_utilization,a2c__mask_false,maskable_a2c__mask_true,-0.008549,0.037109
cpu_utilization,a2c__mask_false,maskable_a2c__mask_true,-0.008539,0.037109
cpu_utilization,a2c__mask_false,maskable_a2c__mask_true,-0.008528,0.037109
cpu_utilization,a2c__mask_false,maskable_a2c__mask_true,-0.008518,0.037109
cpu_utilization,a2c__mask_false,maskable_a2c__mask_true,-0.008507,0.037109
cpu_utilization,a2c__mask_false,maskable_a2c__mask_true,-0.008497,0.037109
cpu_utilization,a2c__mask_false,maskable_a2c__mask_true,-0.008486,0.037109
cpu_utilization,a2c__mask_false,maskable_a2c__mask_true,-0.008476,0.037109
cpu_utilization,a2c__mask_false,maskable_a2c__mask_true,-0.008466,0.037109
cpu_utilization,a2c__mask_false,maskable_a2c__mask_true,-0.008455,0.037109
cpu_utilization,a2c__mask_false,maskable_a2c__mask_true,-0.008445,0.037109
cpu_utilization,a2c__mask_false,maskable_a2c__mask_true,-0.008434,0.037109
cpu_utilization,a2c__mask_false,maskable_a2c__mask_true,-0.008424,0.037109
cpu_utilization,a2c__mask_false,maskable_a2c__mask_true,-0.008413,0.037109
cpu_utilization,a2c__mask_false,maskable_a2c__mask_true,-0.008403,0.027344
cpu_utilization,a2c__mask_false,maskable_a2c__mask_true,-0.008393,0.009766
cpu_utilization,a2c__mask_false,maskable_a2c__mask_true,-0.008382,0.005859
cpu_utilization,a2c__mask_false,maskable_a2c__mask_true,-0.008372,0.003906
cpu_utilization,a2c__mask_false,maskable_a2c__mask_true,-0.008361,0.003906
cpu_utilization,a2c__mask_false,maskable_a2c__mask_true,-0.008351,0.003906
cpu_utilization,a2c__mask_false,maskable_a2c__mask_true,-0.008340,0.003906
cpu_utilization,a2c__mask_false,maskable_a2c__mask_true,-0.008330,0.003906
cpu_utilization,a2c__mask_false,maskable_a2c__mask_true,-0.008319,0.003906
cpu_utilization,a2c__mask_false,maskable_a2c__mask_true,-0.008309,0.003906
cpu_utilization,a2c__mask_false,maskable_a2c__mask_true,-0.008299,0.003906
cpu_utilization,a2c__mask_false,maskable_a2c__mask_true,-0.008288,0.003906
cpu_utilization,a2c__mask_false,maskable_a2c__mask_true,-0.008278,0.003906
cpu_utilization,a2c__mask_false,maskable_a2c__mask_true,-0.008267,0.003906
cpu_utilization,a2c__mask_false,maskable_a2c__mask_true,-0.008257,0.003906
cpu_utilization,a2c__mask_false,maskable_a2c__mask_true,-0.008246,0.003906
cpu_utilization,a2c__mask_false,maskable_a2c__mask_true,-0.008236,0.003906
cpu_utilization,a2c__mask_false,maskable_a2c__mask_true,-0.008226,0.003906
cpu_utilization,a2c__mask_false,maskable_a2c__mask_true,-0.008215,0.003906
cpu_utilization,a2c__mask_false,maskable_a2c__mask_true,-0.008205,0.003906
cpu_utilization,a2c__mask_false,maskable_a2c__mask_true,-0.008194,0.003906
cpu_utilization,a2c__mask_false,maskable_a2c__mask_true,-0.008184,0.003906
cpu_utilization,a2c__mask_false,maskable_a2c__mask_true,-0.008173,0.003906
cpu_utilization,a2c__mask_false,maskable_ppo__mask_true,-0.010249,0.003906
cpu_utilization,a2c__mask_false,maskable_ppo__mask_true,-0.010238,0.003906
cpu_utilization,a2c__mask_false,maskable_ppo__mask_true,-0.010228,0.003906
cpu_utilization,a2c__mask_false,maskable_ppo__mask_true,-0.010218,0.003906
cpu_utilization,a2c__mask_false,maskable_ppo__mask_true,-0.010207,0.003906
cpu_utilization,a2c__mask_false,maskable_ppo__mask_true,-0.010197,0.003906
cpu_utilization,a2c__mask_false,maskable_ppo__mask_true,-0.010187,0.003906
cpu_utilization,a2c__mask_false,maskable_ppo__mask_true,-0.010176,0.003906
cpu_utilization,a2c__mask_false,maskable_ppo__mask_true,-0.010166,0.003906
cpu_utilization,a2c__mask_false,maskable_ppo__mask_true,-0.010156,0.003906
cpu_utilization,a2c__mask_false,maskable_ppo__mask_true,-0.010145,0.003906
cpu_utilization,a2c__mask_false,maskable_ppo__mask_true,-0.010135,0.003906
cpu_utilization,a2c__mask_false,maskable_ppo__mask_true,-0.010124,0.003906
cpu_utilization,a2c__mask_false,maskable_ppo__mask_true,-0.010114,0.003906
cpu_utilization,a2c__mask_false,maskable_ppo__mask_true,-0.010104,0.003906
cpu_utilization,a2c__mask_false,maskable_ppo__mask_true,-0.010093,0.003906
cpu_utilization,a2c__mask_false,maskable_ppo__mask_true,-0.010083,0.003906
cpu_utilization,a2c__mask_false,maskable_ppo__mask_true,-0.010073,0.003906
cpu_utilization,a2c__mask_false,maskable_ppo__mask_true,-0.010062,0.003906
cpu_utilization,a2c__mask_false,maskable_ppo__mask_true,-0.010052,0.003906
cpu_utilization,a2c__mask_false,maskable_ppo__mask_true,-0.010042,0.003906
cpu_utilization,a2c__mask_false,maskable_ppo__mask_true,-0.010031,0.003906
cpu_utilization,a2c__mask_false,maskable_ppo__mask_true,-0.010021,0.003906
cpu_utilization,a2c__mask_false,maskable_ppo__mask_true,-0.010011,0.003906
cpu_utilization,a2c__mask_false,maskable_ppo__mask_true,-0.010000,0.003906
cpu_utilization,a2c__mask_false,maskable_ppo__mask_true,-0.009990,0.003906
cpu_utilization,a2c__mask_false,maskable_ppo__mask_true,-0.009979,0.003906
cpu_utilization,a2c__mask_false,maskable_ppo__mask_true,-0.009969,0.003906
cpu_utilization,a2c__mask_false,maskable_ppo__mask_true,-0.009959,0.003906
cpu_utilization,a2c__mask_false,maskable_ppo__mask_true,-0.009948,0.003906
cpu_utilization,a2c__mask_false,maskable_ppo__mask_true,-0.009938,0.003906
cpu_utilization,a2c__mask_false,maskable_ppo__mask_true,-0.009928,0.003906
cpu_utilization,a2c__mask_false,maskable_ppo__mask_true,-0.009917,0.003906
cpu_utilization,a2c__mask_false,maskable_ppo__mask_true,-0.009907,0.003906
cpu_utilization,a2c__mask_false,maskable_ppo__mask_true,-0.009897,0.003906
cpu_utilization,a2c__mask_false,maskable_ppo__mask_true,-0.009886,0.005859
cpu_utilization,a2c__mask_false,maskable_ppo__mask_true,-0.009876,0.005859
cpu_utilization,a2c__mask_false,maskable_ppo__mask_true,-0.009866,0.005859
cpu_utilization,a2c__mask_false,maskable_ppo__mask_true,-0.009855,0.005859
cpu_utilization,a2c__mask_false,maskable_ppo__mask_true,-0.009845,0.005859
cpu_utilization,a2c__mask_false,maskable_ppo__mask_true,-0.009834,0.005859
cpu_utilization,a2c__mask_false,maskable_ppo__mask_true,-0.009824,0.005859
cpu_utilization,a2c__mask_false,maskable_ppo__mask_true,-0.009814,0.005859
cpu_utilization,a2c__mask_false,maskable_ppo__mask_true,-0.009803,0.005859
cpu_utilization,a2c__mask_false,maskable_ppo__mask_true,-0.009793,0.005859
cpu_utilization,a2c__mask_false,maskable_ppo__mask_true,-0.009783,0.005859
cpu_utilization,a2c__mask_false,maskable_ppo__mask_true,-0.009772,0.005859
cpu_utilization,a2c__mask_false,maskable_ppo__mask_true,-0.009762,0.005859
cpu_utilization,a2c__mask_false,maskable_ppo__mask_true,-0.009752,0.005859
cpu_utilization,a2c__mask_false,maskable_ppo__mask_true,-0.009741,0.005859
cpu_utilization,a2c__mask_false,maskable_ppo__mask_true,-0.009731,0.005859
cpu_utilization,a2c__mask_false,maskable_ppo__mask_true,-0.009721,0.009766
cpu_utilization,a2c__mask_false,maskable_ppo__mask_true,-0.009710,0.009766
cpu_utilization,a2c__mask_false,maskable_ppo__mask_true,-0.009700,0.009766
cpu_utilization,a2c__mask_false,maskable_ppo__mask_true,-0.009690,0.009766
cpu_utilization,a2c__mask_false,maskable_ppo__mask_true,-0.009679,0.009766
cpu_utilization,a2c__mask_false,maskable_ppo__mask_true,-0.009669,0.009766
cpu_utilization,a2c__mask_false,maskable_ppo__mask_true,-0.009658,0.009766
cpu_utilization,a2c__mask_false,maskable_ppo__mask_true,-0.009648,0.009766
cpu_utilization,a2c__mask_false,maskable_ppo__mask_true,-0.009638,0.009766
cpu_utilization,a2c__mask_false,maskable_ppo__mask_true,-0.009627,0.009766
cpu_utilization,a2c__mask_false,maskable_ppo__mask_true,-0.009617,0.009766
cpu_utilization,a2c__mask_false,maskable_ppo__mask_true,-0.009607,0.009766
cpu_utilization,a2c__mask_false,maskable_ppo__mask_true,-0.009596,0.009766
cpu_utilization,a2c__mask_false,maskable_ppo__mask_true,-0.009586,0.009766
cpu_utilization,a2c__mask_false,maskable_ppo__mask_true,-0.009576,0.009766
cpu_utilization,a2c__mask_false,maskable_ppo__mask_true,-0.009565,0.009766
cpu_utilization,a2c__mask_false,maskable_ppo__mask_true,-0.009555,0.009766
cpu_utilization,a2c__mask_false,maskable_ppo__mask_true,-0.009545,0.009766
cpu_utilization,a2c__mask_false,maskable_ppo__mask_true,-0.009534,0.009766
cpu_utilization,a2c__mask_false,maskable_ppo__mask_true,-0.009524,0.009766
cpu_utilization,a2c__mask_false,maskable_ppo__mask_true,-0.009513,0.013672
cpu_utilization,a2c__mask_false,maskable_ppo__mask_true,-0.009503,0.013672
cpu_utilization,a2c__mask_false,maskable_ppo__mask_true,-0.009493,0.027344
cpu_utilization,a2c__mask_false,maskable_ppo__mask_true,-0.009482,0.064453
cpu_utilization,a2c__mask_false,maskable_ppo__mask_true,-0.009472,0.064453
cpu_utilization,a2c__mask_false,maskable_ppo__mask_true,-0.009462,0.064453
cpu_utilization,a2c__mask_false,maskable_ppo__mask_true,-0.009451,0.064453
cpu_utilization,a2c__mask_false,maskable_ppo__mask_true,-0.009441,0.083984
cpu_utilization,a2c__mask_false,maskable_ppo__mask_true,-0.009431,0.083984
cpu_utilization,a2c__mask_false,maskable_ppo__mask_true,-0.009420,0.083984
cpu_utilization,a2c__mask_false,maskable_ppo__mask_true,-0.009410,0.083984
cpu_utilization,a2c__mask_false,maskable_ppo__mask_true,-0.009400,0.083984
cpu_utilization,a2c__mask_false,maskable_ppo__mask_true,-0.009389,0.083984
cpu_utilization,a2c__mask_false,maskable_ppo__mask_true,-0.009379,0.083984
cpu_utilization,a2c__mask_false,maskable_ppo__mask_true,-0.009369,0.083984
cpu_utilization,a2c__mask_false,maskable_ppo__mask_true,-0.009358,0.083984
cpu_utilization,a2c__mask_false,maskable_ppo__mask_true,-0.009348,0.083984
cpu_utilization,a2c__mask_false,maskable_ppo__mask_true,-0.009337,0.083984
cpu_utilization,a2c__mask_false,maskable_ppo__mask_true,-0.009327,0.083984
cpu_utilization,a2c__mask_false,maskable_ppo__mask_true,-0.009317,0.083984
cpu_utilization,a2c__mask_false,maskable_ppo__mask_true,-0.009306,0.083984
cpu_utilization,a2c__mask_false,maskable_ppo__mask_true,-0.009296,0.083984
cpu_utilization,a2c__mask_false,maskable_ppo__mask_true,-0.009286,0.083984
cpu_utilization,a2c__mask_false,maskable_ppo__mask_true,-0.009275,0.105469
cpu_utilization,a2c__mask_false,maskable_ppo__mask_true,-0.009265,0.105469
cpu_utilization,a2c__mask_false,maskable_ppo__mask_true,-0.009255,0.105469
cpu_utilization,a2c__mask_false,maskable_ppo__mask_true,-0.009244,0.105469
cpu_utilization,a2c__mask_false,maskable_ppo__mask_true,-0.009234,0.130859
cpu_utilization,a2c__mask_false,maskable_ppo__mask_true,-0.009224,0.130859
cpu_utilization,a2c__mask_false,maskable_ppo__mask_true,-0.009213,0.130859
cpu_utilization,a2c__mask_false,maskable_ppo__mask_true,-0.009203,0.130859
cpu_utilization,a2c__mask_false,maskable_ppo__mask_true,-0.009192,0.130859
cpu_utilization,a2c__mask_false,maskable_ppo__mask_true,-0.009182,0.130859
cpu_utilization,a2c__mask_false,maskable_ppo__mask_true,-0.009172,0.130859
cpu_utilization,a2c__mask_false,maskable_ppo__mask_true,-0.009161,0.130859
cpu_utilization,a2c__mask_false,maskable_ppo__mask_true,-0.009151,0.130859
cpu_utilization,a2c__mask_false,maskable_ppo__mask_true,-0.009141,0.130859
cpu_utilization,a2c__mask_false,maskable_ppo__mask_true,-0.009130,0.130859
cpu_utilization,a2c__mask_false,maskable_ppo__mask_true,-0.009120,0.130859
cpu_utilization,a2c__mask_false,maskable_ppo__mask_true,-0.009110,0.160156
cpu_utilization,a2c__mask_false,maskable_ppo__mask_true,-0.009099,0.160156
cpu_utilization,a2c__mask_false,maskable_ppo__mask_true,-0.009089,0.160156
cpu_utilization,a2c__mask_false,maskable_ppo__mask_true,-0.009079,0.160156
cpu_utilization,a2c__mask_false,maskable_ppo__mask_true,-0.009068,0.193359
cpu_utilization,a2c__mask_false,maskable_ppo__mask_true,-0.009058,0.232422
cpu_utilization,a2c__mask_false,maskable_ppo__mask_true,-0.009047,0.375000
cpu_utilization,a2c__mask_false,maskable_ppo__mask_true,-0.009037,0.431641
cpu_utilization,a2c__mask_false,maskable_ppo__mask_true,-0.009027,0.431641
cpu_utilization,a2c__mask_false,maskable_ppo__mask_true,-0.009016,0.431641
cpu_utilization,a2c__mask_false,maskable_ppo__mask_true,-0.009006,0.431641
cpu_utilization,a2c__mask_false,maskable_ppo__mask_true,-0.008996,0.431641
cpu_utilization,a2c__mask_false,maskable_ppo__mask_true,-0.008985,0.431641
cpu_utilization,a2c__mask_false,maskable_ppo__mask_true,-0.008975,0.431641
cpu_utilization,a2c__mask_false,maskable_ppo__mask_true,-0.008965,0.431641
cpu_utilization,a2c__mask_false,maskable_ppo__mask_true,-0.008954,0.431641
cpu_utilization,a2c__mask_false,maskable_ppo__mask_true,-0.008944,0.431641
cpu_utilization,a2c__mask_false,maskable_ppo__mask_true,-0.008934,0.431641
cpu_utilization,a2c__mask_false,maskable_ppo__mask_true,-0.008923,0.431641
cpu_utilization,a2c__mask_false,maskable_ppo__mask_true,-0.008913,0.431641
cpu_utilization,a2c__mask_false,maskable_ppo__mask_true,-0.008903,0.492188
cpu_utilization,a2c__mask_false,maskable_ppo__mask_true,-0.008892,0.556641
cpu_utilization,a2c__mask_false,maskable_ppo__mask_true,-0.008882,0.769531
cpu_utilization,a2c__mask_false,maskable_ppo__mask_true,-0.008871,0.845703
cpu_utilization,a2c__mask_false,maskable_ppo__mask_true,-0.008861,0.845703
cpu_utilization,a2c__mask_false,maskable_ppo__mask_true,-0.008851,0.845703
cpu_utilization,a2c__mask_false,maskable_ppo__mask_true,-0.008840,0.845703
cpu_utilization,a2c__mask_false,maskable_ppo__mask_true,-0.008830,0.845703
cpu_utilization,a2c__mask_false,maskable_ppo__mask_true,-0.008820,0.845703
cpu_utilization,a2c__mask_false,maskable_ppo__mask_true,-0.008809,0.845703
cpu_utilization,a2c__mask_false,maskable_ppo__mask_true,-0.008799,0.845703
cpu_utilization,a2c__mask_false,maskable_ppo__mask_true,-0.008789,0.921875
cpu_utilization,a2c__mask_false,maskable_ppo__mask_true,-0.008778,0.921875
cpu_utilization,a2c__mask_false,maskable_ppo__mask_true,-0.008768,0.921875
cpu_utilization,a2c__mask_false,maskable_ppo__mask_true,-0.008758,0.921875
cpu_utilization,a2c__mask_false,maskable_ppo__mask_true,-0.008747,0.921875
cpu_utilization,a2c__mask_false,maskable_ppo__mask_true,-0.008737,0.921875
cpu_utilization,a2c__mask_false,maskable_ppo__mask_true,-0.008726,0.921875
cpu_utilization,a2c__mask_false,maskable_ppo__mask_true,-0.008716,0.921875
cpu_utilization,a2c__mask_false,maskable_ppo__mask_true,-0.008706,0.921875
cpu_utilization,a2c__mask_false,maskable_ppo__mask_true,-0.008695,1.000000
cpu_utilization,a2c__mask_false,maskable_ppo__mask_true,-0.008685,1.000000
cpu_utilization,a2c__mask_false,maskable_ppo__mask_true,-0.008675,0.695312
cpu_utilization,a2c__mask_false,maskable_ppo__mask_true,-0.008664,0.492188
cpu_utilization,a2c__mask_false,maskable_ppo__mask_true,-0.008654,0.160156
cpu_utilization,a2c__mask_false,maskable_ppo__mask_true,-0.008644,0.064453
cpu_utilization,a2c__mask_false,maskable_ppo__mask_true,-0.008633,0.048828
cpu_utilization,a2c__mask_false,maskable_ppo__mask_true,-0.008623,0.037109
cpu_utilization,a2c__mask_false,maskable_ppo__mask_true,-0.008613,0.037109
cpu_utilization,a2c__mask_false,maskable_ppo__mask_true,-0.008602,0.037109
cpu_utilization,a2c__mask_false,maskable_ppo__mask_true,-0.008592,0.037109
cpu_utilization,a2c__mask_false,maskable_ppo__mask_true,-0.008582,0.037109
cpu_utilization,a2c__mask_false,maskable_ppo__mask_true,-0.008571,0.037109
cpu_utilization,a2c__mask_false,maskable_ppo__mask_true,-0.008561,0.037109
cpu_utilization,a2c__mask_false,maskable_ppo__mask_true,-0.008550,0.037109
cpu_utilization,a2c__mask_false,maskable_ppo__mask_true,-0.008540,0.037109
cpu_utilization,a2c__mask_false,maskable_ppo__mask_true,-0.008530,0.037109
cpu_utilization,a2c__mask_false,maskable_ppo__mask_true,-0.008519,0.037109
cpu_utilization,a2c__mask_false,maskable_ppo__mask_true,-0.008509,0.037109
cpu_utilization,a2c__mask_false,maskable_ppo__mask_true,-0.008499,0.037109
cpu_utilization,a2c__mask_false,maskable_ppo__mask_true,-0.008488,0.037109
cpu_utilization,a2c__mask_false,maskable_ppo__mask_true,-0.008478,0.037109
cpu_utilization,a2c__mask_false,maskable_ppo__mask_true,-0.008468,0.037109
cpu_utilization,a2c__mask_false,maskable_ppo__mask_true,-0.008457,0.037109
cpu_utilization,a2c__mask_false,maskable_ppo__mask_true,-0.008447,0.037109
cpu_utilization,a2c__mask_false,maskable_ppo__mask_true,-0.008437,0.037109
cpu_utilization,a2c__mask_false,maskable_ppo__mask_true,-0.008426,0.037109
cpu_utilization,a2c__mask_false,maskable_ppo__mask_true,-0.008416,0.027344
cpu_utilization,a2c__mask_false,maskable_ppo__mask_true,-0.008405,0.019531
cpu_utilization,a2c__mask_false,maskable_ppo__mask_true,-0.008395,0.005859
cpu_utilization,a2c__mask_false,maskable_ppo__mask_true,-0.008385,0.003906
cpu_utilization,a2c__mask_false,maskable_ppo__mask_true,-0.008374,0.003906
cpu_utilization,a2c__mask_false,maskable_ppo__mask_true,-0.008364,0.003906
cpu_utilization,a2c__mask_false,maskable_ppo__mask_true,-0.008354,0.003906
cpu_utilization,a2c__mask_false,maskable_ppo__mask_true,-0.008343,0.003906
cpu_utilization,a2c__mask_false,maskable_ppo__mask_true,-0.008333,0.003906
cpu_utilization,a2c__mask_false,maskable_ppo__mask_true,-0.008323,0.003906
cpu_utilization,a2c__mask_false,maskable_ppo__mask_true,-0.008312,0.003906
cpu_utilization,a2c__mask_false,maskable_ppo__mask_true,-0.008302,0.003906
cpu_utilization,a2c__mask_false,maskable_ppo__mask_true,-0.008292,0.003906
cpu_utilization,a2c__mask_false,maskable_ppo__mask_true,-0.008281,0.003906
cpu_utilization,a2c__mask_false,maskable_ppo__mask_true,-0.008271,0.003906
cpu_utilization,a2c__mask_false,maskable_ppo__mask_true,-0.008260,0.003906
cpu_utilization,a2c__mask_false,maskable_ppo__mask_true,-0.008250,0.003906
cpu_utilization,a2c__mask_false,maskable_ppo__mask_true,-0.008240,0.003906
cpu_utilization,a2c__mask_false,maskable_ppo__mask_true,-0.008229,0.003906
cpu_utilization,a2c__mask_false,maskable_ppo__mask_true,-0.008219,0.003906
cpu_utilization,a2c__mask_false,maskable_ppo__mask_true,-0.008209,0.003906
cpu_utilization,a2c__mask_false,maskable_ppo__mask_true,-0.008198,0.003906
cpu_utilization,a2c__mask_false,maskable_ppo__mask_true,-0.008188,0.003906
cpu_utilization,maskable_a2c__mask_true,ppo__mask_false,0.000812,0.003906
cpu_utilization,maskable_a2c__mask_true,ppo__mask_false,0.000858,0.003906
cpu_utilization,maskable_a2c__mask_true,ppo__mask_false,0.000904,0.003906
cpu_utilization,maskable_a2c__mask_true,ppo__mask_false,0.000950,0.003906
cpu_utilization,maskable_a2c__mask_true,ppo__mask_false,0.000997,0.003906
cpu_utilization,maskable_a2c__mask_true,ppo__mask_false,0.001043,0.003906
cpu_utilization,maskable_a2c__mask_true,ppo__mask_false,0.001089,0.003906
cpu_utilization,maskable_a2c__mask_true,ppo__mask_false,0.001135,0.003906
cpu_utilization,maskable_a2c__mask_true,ppo__mask_false,0.001182,0.003906
cpu_utilization,maskable_a2c__mask_true,ppo__mask_false,0.001228,0.003906
cpu_utilization,maskable_a2c__mask_true,ppo__mask_false,0.001274,0.003906
cpu_utilization,maskable_a2c__mask_true,ppo__mask_false,0.001320,0.003906
cpu_utilization,maskable_a2c__mask_true,ppo__mask_false,0.001367,0.003906
cpu_utilization,maskable_a2c__mask_true,ppo__mask_false,0.001413,0.003906
cpu_utilization,maskable_a2c__mask_true,ppo__mask_false,0.001459,0.003906
cpu_utilization,maskable_a2c__mask_true,ppo__mask_false,0.001505,0.003906
cpu_utilization,maskable_a2c__mask_true,ppo__mask_false,0.001551,0.003906
cpu_utilization,maskable_a2c__mask_true,ppo__mask_false,0.001598,0.003906
cpu_utilization,maskable_a2c__mask_true,ppo__mask_false,0.001644,0.003906
cpu_utilization,maskable_a2c__mask_true,ppo__mask_false,0.001690,0.003906
cpu_utilization,maskable_a2c__mask_true,ppo__mask_false,0.001736,0.003906
cpu_utilization,maskable_a2c__mask_true,ppo__mask_false,0.001783,0.003906
cpu_utilization,maskable_a2c__mask_true,ppo__mask_false,0.001829,0.003906
cpu_utilization,maskable_a2c__mask_true,ppo__mask_false,0.001875,0.003906
cpu_utilization,maskable_a2c__mask_true,ppo__mask_false,0.001921,0.003906
cpu_utilization,maskable_a2c__mask_true,ppo__mask_false,0.001967,0.003906
cpu_utilization,maskable_a2c__mask_true,ppo__mask_false,0.002014,0.003906
cpu_utilization,maskable_a2c__mask_true,ppo__mask_false,0.002060,0.003906
cpu_utilization,maskable_a2c__mask_true,ppo__mask_false,0.002106,0.003906
cpu_utilization,maskable_a2c__mask_true,ppo__mask_false,0.002152,0.003906
cpu_utilization,maskable_a2c__mask_true,ppo__mask_false,0.002199,0.003906
cpu_utilization,maskable_a2c__mask_true,ppo__mask_false,0.002245,0.003906
cpu_utilization,maskable_a2c__mask_true,ppo__mask_false,0.002291,0.003906
cpu_utilization,maskable_a2c__mask_true,ppo__mask_false,0.002337,0.003906
cpu_utilization,maskable_a2c__mask_true,ppo__mask_false,0.002384,0.003906
cpu_utilization,maskable_a2c__mask_true,ppo__mask_false,0.002430,0.003906
cpu_utilization,maskable_a2c__mask_true,ppo__mask_false,0.002476,0.003906
cpu_utilization,maskable_a2c__mask_true,ppo__mask_false,0.002522,0.003906
cpu_utilization,maskable_a2c__mask_true,ppo__mask_false,0.002568,0.003906
cpu_utilization,maskable_a2c__mask_true,ppo__mask_false,0.002615,0.003906
cpu_utilization,maskable_a2c__mask_true,ppo__mask_false,0.002661,0.003906
cpu_utilization,maskable_a2c__mask_true,ppo__mask_false,0.002707,0.003906
cpu_utilization,maskable_a2c__mask_true,ppo__mask_false,0.002753,0.003906
cpu_utilization,maskable_a2c__mask_true,ppo__mask_false,0.002800,0.003906
cpu_utilization,maskable_a2c__mask_true,ppo__mask_false,0.002846,0.003906
cpu_utilization,maskable_a2c__mask_true,ppo__mask_false,0.002892,0.003906
cpu_utilization,maskable_a2c__mask_true,ppo__mask_false,0.002938,0.003906
cpu_utilization,maskable_a2c__mask_true,ppo__mask_false,0.002984,0.003906
cpu_utilization,maskable_a2c__mask_true,ppo__mask_false,0.003031,0.003906
cpu_utilization,maskable_a2c__mask_true,ppo__mask_false,0.003077,0.003906
cpu_utilization,maskable_a2c__mask_true,ppo__mask_false,0.003123,0.003906
cpu_utilization,maskable_a2c__mask_true,ppo__mask_false,0.003169,0.003906
cpu_utilization,maskable_a2c__mask_true,ppo__mask_false,0.003216,0.003906
cpu_utilization,maskable_a2c__mask_true,ppo__mask_false,0.003262,0.003906
cpu_utilization,maskable_a2c__mask_true,ppo__mask_false,0.003308,0.003906
cpu_utilization,maskable_a2c__mask_true,ppo__mask_false,0.003354,0.003906
cpu_utilization,maskable_a2c__mask_true,ppo__mask_false,0.003400,0.003906
cpu_utilization,maskable_a2c__mask_true,ppo__mask_false,0.003447,0.003906
cpu_utilization,maskable_a2c__mask_true,ppo__mask_false,0.003493,0.003906
cpu_utilization,maskable_a2c__mask_true,ppo__mask_false,0.003539,0.003906
cpu_utilization,maskable_a2c__mask_true,ppo__mask_false,0.003585,0.003906
cpu_utilization,maskable_a2c__mask_true,ppo__mask_false,0.003632,0.003906
cpu_utilization,maskable_a2c__mask_true,ppo__mask_false,0.003678,0.003906
cpu_utilization,maskable_a2c__mask_true,ppo__mask_false,0.003724,0.003906
cpu_utilization,maskable_a2c__mask_true,ppo__mask_false,0.003770,0.003906
cpu_utilization,maskable_a2c__mask_true,ppo__mask_false,0.003817,0.003906
cpu_utilization,maskable_a2c__mask_true,ppo__mask_false,0.003863,0.003906
cpu_utilization,maskable_a2c__mask_true,ppo__mask_false,0.003909,0.003906
cpu_utilization,maskable_a2c__mask_true,ppo__mask_false,0.003955,0.003906
cpu_utilization,maskable_a2c__mask_true,ppo__mask_false,0.004001,0.003906
cpu_utilization,maskable_a2c__mask_true,ppo__mask_false,0.004048,0.003906
cpu_utilization,maskable_a2c__mask_true,ppo__mask_false,0.004094,0.003906
cpu_utilization,maskable_a2c__mask_true,ppo__mask_false,0.004140,0.003906
cpu_utilization,maskable_a2c__mask_true,ppo__mask_false,0.004186,0.003906
cpu_utilization,maskable_a2c__mask_true,ppo__mask_false,0.004233,0.003906
cpu_utilization,maskable_a2c__mask_true,ppo__mask_false,0.004279,0.003906
cpu_utilization,maskable_a2c__mask_true,ppo__mask_false,0.004325,0.003906
cpu_utilization,maskable_a2c__mask_true,ppo__mask_false,0.004371,0.013672
cpu_utilization,maskable_a2c__mask_true,ppo__mask_false,0.004417,0.013672
cpu_utilization,maskable_a2c__mask_true,ppo__mask_false,0.004464,0.013672
cpu_utilization,maskable_a2c__mask_true,ppo__mask_false,0.004510,0.013672
cpu_utilization,maskable_a2c__mask_true,ppo__mask_false,0.004556,0.013672
cpu_utilization,maskable_a2c__mask_true,ppo__mask_false,0.004602,0.013672
cpu_utilization,maskable_a2c__mask_true,ppo__mask_false,0.004649,0.013672
cpu_utilization,maskable_a2c__mask_true,ppo__mask_false,0.004695,0.013672
cpu_utilization,maskable_a2c__mask_true,ppo__mask_false,0.004741,0.027344
cpu_utilization,maskable_a2c__mask_true,ppo__mask_false,0.004787,0.064453
cpu_utilization,maskable_a2c__mask_true,ppo__mask_false,0.004834,0.064453
cpu_utilization,maskable_a2c__mask_true,ppo__mask_false,0.004880,0.064453
cpu_utilization,maskable_a2c__mask_true,ppo__mask_false,0.004926,0.064453
cpu_utilization,maskable_a2c__mask_true,ppo__mask_false,0.004972,0.064453
cpu_utilization,maskable_a2c__mask_true,ppo__mask_false,0.005018,0.064453
cpu_utilization,maskable_a2c__mask_true,ppo__mask_false,0.005065,0.083984
cpu_utilization,maskable_a2c__mask_true,ppo__mask_false,0.005111,0.083984
cpu_utilization,maskable_a2c__mask_true,ppo__mask_false,0.005157,0.083984
cpu_utilization,maskable_a2c__mask_true,ppo__mask_false,0.005203,0.083984
cpu_utilization,maskable_a2c__mask_true,ppo__mask_false,0.005250,0.083984
cpu_utilization,maskable_a2c__mask_true,ppo__mask_false,0.005296,0.083984
cpu_utilization,maskable_a2c__mask_true,ppo__mask_false,0.005342,0.083984
cpu_utilization,maskable_a2c__mask_true,ppo__mask_false,0.005388,0.083984
cpu_utilization,maskable_a2c__mask_true,ppo__mask_false,0.005434,0.083984
cpu_utilization,maskable_a2c__mask_true,ppo__mask_false,0.005481,0.083984
cpu_utilization,maskable_a2c__mask_true,ppo__mask_false,0.005527,0.083984
cpu_utilization,maskable_a2c__mask_true,ppo__mask_false,0.005573,0.083984
cpu_utilization,maskable_a2c__mask_true,ppo__mask_false,0.005619,0.083984
cpu_utilization,maskable_a2c__mask_true,ppo__mask_false,0.005666,0.083984
cpu_utilization,maskable_a2c__mask_true,ppo__mask_false,0.005712,0.083984
cpu_utilization,maskable_a2c__mask_true,ppo__mask_false,0.005758,0.083984
cpu_utilization,maskable_a2c__mask_true,ppo__mask_false,0.005804,0.083984
cpu_utilization,maskable_a2c__mask_true,ppo__mask_false,0.005851,0.083984
cpu_utilization,maskable_a2c__mask_true,ppo__mask_false,0.005897,0.083984
cpu_utilization,maskable_a2c__mask_true,ppo__mask_false,0.005943,0.083984
cpu_utilization,maskable_a2c__mask_true,ppo__mask_false,0.005989,0.083984
cpu_utilization,maskable_a2c__mask_true,ppo__mask_false,0.006035,0.083984
cpu_utilization,maskable_a2c__mask_true,ppo__mask_false,0.006082,0.083984
cpu_utilization,maskable_a2c__mask_true,ppo__mask_false,0.006128,0.083984
cpu_utilization,maskable_a2c__mask_true,ppo__mask_false,0.006174,0.083984
cpu_utilization,maskable_a2c__mask_true,ppo__mask_false,0.006220,0.083984
cpu_utilization,maskable_a2c__mask_true,ppo__mask_false,0.006267,0.083984
cpu_utilization,maskable_a2c__mask_true,ppo__mask_false,0.006313,0.083984
cpu_utilization,maskable_a2c__mask_true,ppo__mask_false,0.006359,0.083984
cpu_utilization,maskable_a2c__mask_true,ppo__mask_false,0.006405,0.083984
cpu_utilization,maskable_a2c__mask_true,ppo__mask_false,0.006451,0.083984
cpu_utilization,maskable_a2c__mask_true,ppo__mask_false,0.006498,0.083984
cpu_utilization,maskable_a2c__mask_true,ppo__mask_false,0.006544,0.083984
cpu_utilization,maskable_a2c__mask_true,ppo__mask_false,0.006590,0.083984
cpu_utilization,maskable_a2c__mask_true,ppo__mask_false,0.006636,0.083984
cpu_utilization,maskable_a2c__mask_true,ppo__mask_false,0.006683,0.083984
cpu_utilization,maskable_a2c__mask_true,ppo__mask_false,0.006729,0.083984
cpu_utilization,maskable_a2c__mask_true,ppo__mask_false,0.006775,0.083984
cpu_utilization,maskable_a2c__mask_true,ppo__mask_false,0.006821,0.083984
cpu_utilization,maskable_a2c__mask_true,ppo__mask_false,0.006868,0.083984
cpu_utilization,maskable_a2c__mask_true,ppo__mask_false,0.006914,0.083984
cpu_utilization,maskable_a2c__mask_true,ppo__mask_false,0.006960,0.083984
cpu_utilization,maskable_a2c__mask_true,ppo__mask_false,0.007006,0.083984
cpu_utilization,maskable_a2c__mask_true,ppo__mask_false,0.007052,0.083984
cpu_utilization,maskable_a2c__mask_true,ppo__mask_false,0.007099,0.083984
cpu_utilization,maskable_a2c__mask_true,ppo__mask_false,0.007145,0.083984
cpu_utilization,maskable_a2c__mask_true,ppo__mask_false,0.007191,0.083984
cpu_utilization,maskable_a2c__mask_true,ppo__mask_false,0.007237,0.083984
cpu_utilization,maskable_a2c__mask_true,ppo__mask_false,0.007284,0.083984
cpu_utilization,maskable_a2c__mask_true,ppo__mask_false,0.007330,0.083984
cpu_utilization,maskable_a2c__mask_true,ppo__mask_false,0.007376,0.083984
cpu_utilization,maskable_a2c__mask_true,ppo__mask_false,0.007422,0.083984
cpu_utilization,maskable_a2c__mask_true,ppo__mask_false,0.007468,0.083984
cpu_utilization,maskable_a2c__mask_true,ppo__mask_false,0.007515,0.083984
cpu_utilization,maskable_a2c__mask_true,ppo__mask_false,0.007561,0.083984
cpu_utilization,maskable_a2c__mask_true,ppo__mask_false,0.007607,0.083984
cpu_utilization,maskable_a2c__mask_true,ppo__mask_false,0.007653,0.083984
cpu_utilization,maskable_a2c__mask_true,ppo__mask_false,0.007700,0.083984
cpu_utilization,maskable_a2c__mask_true,ppo__mask_false,0.007746,0.083984
cpu_utilization,maskable_a2c__mask_true,ppo__mask_false,0.007792,0.083984
cpu_utilization,maskable_a2c__mask_true,ppo__mask_false,0.007838,0.083984
cpu_utilization,maskable_a2c__mask_true,ppo__mask_false,0.007884,0.083984
cpu_utilization,maskable_a2c__mask_true,ppo__mask_false,0.007931,0.083984
cpu_utilization,maskable_a2c__mask_true,ppo__mask_false,0.007977,0.083984
cpu_utilization,maskable_a2c__mask_true,ppo__mask_false,0.008023,0.083984
cpu_utilization,maskable_a2c__mask_true,ppo__mask_false,0.008069,0.083984
cpu_utilization,maskable_a2c__mask_true,ppo__mask_false,0.008116,0.083984
cpu_utilization,maskable_a2c__mask_true,ppo__mask_false,0.008162,0.083984
cpu_utilization,maskable_a2c__mask_true,ppo__mask_false,0.008208,0.083984
cpu_utilization,maskable_a2c__mask_true,ppo__mask_false,0.008254,0.083984
cpu_utilization,maskable_a2c__mask_true,ppo__mask_false,0.008301,0.083984
cpu_utilization,maskable_a2c__mask_true,ppo__mask_false,0.008347,0.083984
cpu_utilization,maskable_a2c__mask_true,ppo__mask_false,0.008393,0.083984
cpu_utilization,maskable_a2c__mask_true,ppo__mask_false,0.008439,0.083984
cpu_utilization,maskable_a2c__mask_true,ppo__mask_false,0.008485,0.083984
cpu_utilization,maskable_a2c__mask_true,ppo__mask_false,0.008532,0.083984
cpu_utilization,maskable_a2c__mask_true,ppo__mask_false,0.008578,0.083984
cpu_utilization,maskable_a2c__mask_true,ppo__mask_false,0.008624,0.083984
cpu_utilization,maskable_a2c__mask_true,ppo__mask_false,0.008670,0.275391
cpu_utilization,maskable_a2c__mask_true,ppo__mask_false,0.008717,0.275391
cpu_utilization,maskable_a2c__mask_true,ppo__mask_false,0.008763,0.275391
cpu_utilization,maskable_a2c__mask_true,ppo__mask_false,0.008809,0.275391
cpu_utilization,maskable_a2c__mask_true,ppo__mask_false,0.008855,0.275391
cpu_utilization,maskable_a2c__mask_true,ppo__mask_false,0.008901,0.275391
cpu_utilization,maskable_a2c__mask_true,ppo__mask_false,0.008948,0.275391
cpu_utilization,maskable_a2c__mask_true,ppo__mask_false,0.008994,0.275391
cpu_utilization,maskable_a2c__mask_true,ppo__mask_false,0.009040,0.375000
cpu_utilization,maskable_a2c__mask_true,ppo__mask_false,0.009086,0.769531
cpu_utilization,maskable_a2c__mask_true,ppo__mask_false,0.009133,0.769531
cpu_utilization,maskable_a2c__mask_true,ppo__mask_false,0.009179,0.769531
cpu_utilization,maskable_a2c__mask_true,ppo__mask_false,0.009225,0.769531
cpu_utilization,maskable_a2c__mask_true,ppo__mask_false,0.009271,0.769531
cpu_utilization,maskable_a2c__mask_true,ppo__mask_false,0.009318,0.769531
cpu_utilization,maskable_a2c__mask_true,ppo__mask_false,0.009364,0.556641
cpu_utilization,maskable_a2c__mask_true,ppo__mask_false,0.009410,0.556641
cpu_utilization,maskable_a2c__mask_true,ppo__mask_false,0.009456,0.027344
cpu_utilization,maskable_a2c__mask_true,ppo__mask_false,0.009502,0.027344
cpu_utilization,maskable_a2c__mask_true,ppo__mask_false,0.009549,0.027344
cpu_utilization,maskable_a2c__mask_true,ppo__mask_false,0.009595,0.027344
cpu_utilization,maskable_a2c__mask_true,ppo__mask_false,0.009641,0.027344
cpu_utilization,maskable_a2c__mask_true,ppo__mask_false,0.009687,0.027344
cpu_utilization,maskable_a2c__mask_true,ppo__mask_false,0.009734,0.027344
cpu_utilization,maskable_a2c__mask_true,ppo__mask_false,0.009780,0.003906
cpu_utilization,maskable_a2c__mask_true,ppo__mask_false,0.009826,0.003906
cpu_utilization,maskable_a2c__mask_true,ppo__mask_false,0.009872,0.003906
cpu_utilization,maskable_a2c__mask_true,ppo__mask_false,0.009918,0.003906
cpu_utilization,maskable_a2c__mask_true,ppo__mask_false,0.009965,0.003906
cpu_utilization,maskable_a2c__mask_true,ppo__mask_false,0.010011,0.003906
cpu_utilization,maskable_ppo__mask_true,ppo__mask_false,0.000828,0.003906
cpu_utilization,maskable_ppo__mask_true,ppo__mask_false,0.000874,0.003906
cpu_utilization,maskable_ppo__mask_true,ppo__mask_false,0.000920,0.003906
cpu_utilization,maskable_ppo__mask_true,ppo__mask_false,0.000966,0.003906
cpu_utilization,maskable_ppo__mask_true,ppo__mask_false,0.001012,0.003906
cpu_utilization,maskable_ppo__mask_true,ppo__mask_false,0.001058,0.003906
cpu_utilization,maskable_ppo__mask_true,ppo__mask_false,0.001105,0.003906
cpu_utilization,maskable_ppo__mask_true,ppo__mask_false,0.001151,0.003906
cpu_utilization,maskable_ppo__mask_true,ppo__mask_false,0.001197,0.003906
cpu_utilization,maskable_ppo__mask_true,ppo__mask_false,0.001243,0.003906
cpu_utilization,maskable_ppo__mask_true,ppo__mask_false,0.001289,0.003906
cpu_utilization,maskable_ppo__mask_true,ppo__mask_false,0.001335,0.003906
cpu_utilization,maskable_ppo__mask_true,ppo__mask_false,0.001381,0.003906
cpu_utilization,maskable_ppo__mask_true,ppo__mask_false,0.001427,0.003906
cpu_utilization,maskable_ppo__mask_true,ppo__mask_false,0.001474,0.003906
cpu_utilization,maskable_ppo__mask_true,ppo__mask_false,0.001520,0.003906
cpu_utilization,maskable_ppo__mask_true,ppo__mask_false,0.001566,0.003906
cpu_utilization,maskable_ppo__mask_true,ppo__mask_false,0.001612,0.003906
cpu_utilization,maskable_ppo__mask_true,ppo__mask_false,0.001658,0.003906
cpu_utilization,maskable_ppo__mask_true,ppo__mask_false,0.001704,0.003906
cpu_utilization,maskable_ppo__mask_true,ppo__mask_false,0.001750,0.003906
cpu_utilization,maskable_ppo__mask_true,ppo__mask_false,0.001796,0.003906
cpu_utilization,maskable_ppo__mask_true,ppo__mask_false,0.001843,0.003906
cpu_utilization,maskable_ppo__mask_true,ppo__mask_false,0.001889,0.003906
cpu_utilization,maskable_ppo__mask_true,ppo__mask_false,0.001935,0.003906
cpu_utilization,maskable_ppo__mask_true,ppo__mask_false,0.001981,0.003906
cpu_utilization,maskable_ppo__mask_true,ppo__mask_false,0.002027,0.003906
cpu_utilization,maskable_ppo__mask_true,ppo__mask_false,0.002073,0.003906
cpu_utilization,maskable_ppo__mask_true,ppo__mask_false,0.002119,0.003906
cpu_utilization,maskable_ppo__mask_true,ppo__mask_false,0.002165,0.003906
cpu_utilization,maskable_ppo__mask_true,ppo__mask_false,0.002212,0.003906
cpu_utilization,maskable_ppo__mask_true,ppo__mask_false,0.002258,0.003906
cpu_utilization,maskable_ppo__mask_true,ppo__mask_false,0.002304,0.003906
cpu_utilization,maskable_ppo__mask_true,ppo__mask_false,0.002350,0.003906
cpu_utilization,maskable_ppo__mask_true,ppo__mask_false,0.002396,0.003906
cpu_utilization,maskable_ppo__mask_true,ppo__mask_false,0.002442,0.003906
cpu_utilization,maskable_ppo__mask_true,ppo__mask_false,0.002488,0.003906
cpu_utilization,maskable_ppo__mask_true,ppo__mask_false,0.002534,0.003906
cpu_utilization,maskable_ppo__mask_true,ppo__mask_false,0.002581,0.003906
cpu_utilization,maskable_ppo__mask_true,ppo__mask_false,0.002627,0.003906
cpu_utilization,maskable_ppo__mask_true,ppo__mask_false,0.002673,0.003906
cpu_utilization,maskable_ppo__mask_true,ppo__mask_false,0.002719,0.003906
cpu_utilization,maskable_ppo__mask_true,ppo__mask_false,0.002765,0.003906
cpu_utilization,maskable_ppo__mask_true,ppo__mask_false,0.002811,0.003906
cpu_utilization,maskable_ppo__mask_true,ppo__mask_false,0.002857,0.003906
cpu_utilization,maskable_ppo__mask_true,ppo__mask_false,0.002903,0.003906
cpu_utilization,maskable_ppo__mask_true,ppo__mask_false,0.002950,0.003906
cpu_utilization,maskable_ppo__mask_true,ppo__mask_false,0.002996,0.003906
cpu_utilization,maskable_ppo__mask_true,ppo__mask_false,0.003042,0.003906
cpu_utilization,maskable_ppo__mask_true,ppo__mask_false,0.003088,0.003906
cpu_utilization,maskable_ppo__mask_true,ppo__mask_false,0.003134,0.003906
cpu_utilization,maskable_ppo__mask_true,ppo__mask_false,0.003180,0.003906
cpu_utilization,maskable_ppo__mask_true,ppo__mask_false,0.003226,0.003906
cpu_utilization,maskable_ppo__mask_true,ppo__mask_false,0.003272,0.003906
cpu_utilization,maskable_ppo__mask_true,ppo__mask_false,0.003319,0.003906
cpu_utilization,maskable_ppo__mask_true,ppo__mask_false,0.003365,0.003906
cpu_utilization,maskable_ppo__mask_true,ppo__mask_false,0.003411,0.003906
cpu_utilization,maskable_ppo__mask_true,ppo__mask_false,0.003457,0.003906
cpu_utilization,maskable_ppo__mask_true,ppo__mask_false,0.003503,0.003906
cpu_utilization,maskable_ppo__mask_true,ppo__mask_false,0.003549,0.003906
cpu_utilization,maskable_ppo__mask_true,ppo__mask_false,0.003595,0.003906
cpu_utilization,maskable_ppo__mask_true,ppo__mask_false,0.003641,0.003906
cpu_utilization,maskable_ppo__mask_true,ppo__mask_false,0.003688,0.003906
cpu_utilization,maskable_ppo__mask_true,ppo__mask_false,0.003734,0.003906
cpu_utilization,maskable_ppo__mask_true,ppo__mask_false,0.003780,0.003906
cpu_utilization,maskable_ppo__mask_true,ppo__mask_false,0.003826,0.003906
cpu_utilization,maskable_ppo__mask_true,ppo__mask_false,0.003872,0.003906
cpu_utilization,maskable_ppo__mask_true,ppo__mask_false,0.003918,0.003906
cpu_utilization,maskable_ppo__mask_true,ppo__mask_false,0.003964,0.003906
cpu_utilization,maskable_ppo__mask_true,ppo__mask_false,0.004010,0.003906
cpu_utilization,maskable_ppo__mask_true,ppo__mask_false,0.004057,0.003906
cpu_utilization,maskable_ppo__mask_true,ppo__mask_false,0.004103,0.003906
cpu_utilization,maskable_ppo__mask_true,ppo__mask_false,0.004149,0.003906
cpu_utilization,maskable_ppo__mask_true,ppo__mask_false,0.004195,0.003906
cpu_utilization,maskable_ppo__mask_true,ppo__mask_false,0.004241,0.003906
cpu_utilization,maskable_ppo__mask_true,ppo__mask_false,0.004287,0.003906
cpu_utilization,maskable_ppo__mask_true,ppo__mask_false,0.004333,0.003906
cpu_utilization,maskable_ppo__mask_true,ppo__mask_false,0.004379,0.013672
cpu_utilization,maskable_ppo__mask_true,ppo__mask_false,0.004426,0.013672
cpu_utilization,maskable_ppo__mask_true,ppo__mask_false,0.004472,0.013672
cpu_utilization,maskable_ppo__mask_true,ppo__mask_false,0.004518,0.013672
cpu_utilization,maskable_ppo__mask_true,ppo__mask_false,0.004564,0.013672
cpu_utilization,maskable_ppo__mask_true,ppo__mask_false,0.004610,0.013672
cpu_utilization,maskable_ppo__mask_true,ppo__mask_false,0.004656,0.013672
cpu_utilization,maskable_ppo__mask_true,ppo__mask_false,0.004702,0.013672
cpu_utilization,maskable_ppo__mask_true,ppo__mask_false,0.004748,0.019531
cpu_utilization,maskable_ppo__mask_true,ppo__mask_false,0.004795,0.064453
cpu_utilization,maskable_ppo__mask_true,ppo__mask_false,0.004841,0.064453
cpu_utilization,maskable_ppo__mask_true,ppo__mask_false,0.004887,0.064453
cpu_utilization,maskable_ppo__mask_true,ppo__mask_false,0.004933,0.064453
cpu_utilization,maskable_ppo__mask_true,ppo__mask_false,0.004979,0.064453
cpu_utilization,maskable_ppo__mask_true,ppo__mask_false,0.005025,0.064453
cpu_utilization,maskable_ppo__mask_true,ppo__mask_false,0.005071,0.083984
cpu_utilization,maskable_ppo__mask_true,ppo__mask_false,0.005117,0.083984
cpu_utilization,maskable_ppo__mask_true,ppo__mask_false,0.005163,0.083984
cpu_utilization,maskable_ppo__mask_true,ppo__mask_false,0.005210,0.083984
cpu_utilization,maskable_ppo__mask_true,ppo__mask_false,0.005256,0.083984
cpu_utilization,maskable_ppo__mask_true,ppo__mask_false,0.005302,0.083984
cpu_utilization,maskable_ppo__mask_true,ppo__mask_false,0.005348,0.083984
cpu_utilization,maskable_ppo__mask_true,ppo__mask_false,0.005394,0.083984
cpu_utilization,maskable_ppo__mask_true,ppo__mask_false,0.005440,0.083984
cpu_utilization,maskable_ppo__mask_true,ppo__mask_false,0.005486,0.083984
cpu_utilization,maskable_ppo__mask_true,ppo__mask_false,0.005532,0.083984
cpu_utilization,maskable_ppo__mask_true,ppo__mask_false,0.005579,0.083984
cpu_utilization,maskable_ppo__mask_true,ppo__mask_false,0.005625,0.083984
cpu_utilization,maskable_ppo__mask_true,ppo__mask_false,0.005671,0.083984
cpu_utilization,maskable_ppo__mask_true,ppo__mask_false,0.005717,0.083984
cpu_utilization,maskable_ppo__mask_true,ppo__mask_false,0.005763,0.083984
cpu_utilization,maskable_ppo__mask_true,ppo__mask_false,0.005809,0.083984
cpu_utilization,maskable_ppo__mask_true,ppo__mask_false,0.005855,0.083984
cpu_utilization,maskable_ppo__mask_true,ppo__mask_false,0.005901,0.083984
cpu_utilization,maskable_ppo__mask_true,ppo__mask_false,0.005948,0.083984
cpu_utilization,maskable_ppo__mask_true,ppo__mask_false,0.005994,0.083984
cpu_utilization,maskable_ppo__mask_true,ppo__mask_false,0.006040,0.083984
cpu_utilization,maskable_ppo__mask_true,ppo__mask_false,0.006086,0.083984
cpu_utilization,maskable_ppo__mask_true,ppo__mask_false,0.006132,0.083984
cpu_utilization,maskable_ppo__mask_true,ppo__mask_false,0.006178,0.083984
cpu_utilization,maskable_ppo__mask_true,ppo__mask_false,0.006224,0.083984
cpu_utilization,maskable_ppo__mask_true,ppo__mask_false,0.006270,0.083984
cpu_utilization,maskable_ppo__mask_true,ppo__mask_false,0.006317,0.083984
cpu_utilization,maskable_ppo__mask_true,ppo__mask_false,0.006363,0.083984
cpu_utilization,maskable_ppo__mask_true,ppo__mask_false,0.006409,0.083984
cpu_utilization,maskable_ppo__mask_true,ppo__mask_false,0.006455,0.083984
cpu_utilization,maskable_ppo__mask_true,ppo__mask_false,0.006501,0.083984
cpu_utilization,maskable_ppo__mask_true,ppo__mask_false,0.006547,0.083984
cpu_utilization,maskable_ppo__mask_true,ppo__mask_false,0.006593,0.083984
cpu_utilization,maskable_ppo__mask_true,ppo__mask_false,0.006639,0.083984
cpu_utilization,maskable_ppo__mask_true,ppo__mask_false,0.006686,0.083984
cpu_utilization,maskable_ppo__mask_true,ppo__mask_false,0.006732,0.083984
cpu_utilization,maskable_ppo__mask_true,ppo__mask_false,0.006778,0.083984
cpu_utilization,maskable_ppo__mask_true,ppo__mask_false,0.006824,0.083984
cpu_utilization,maskable_ppo__mask_true,ppo__mask_false,0.006870,0.083984
cpu_utilization,maskable_ppo__mask_true,ppo__mask_false,0.006916,0.083984
cpu_utilization,maskable_ppo__mask_true,ppo__mask_false,0.006962,0.083984
cpu_utilization,maskable_ppo__mask_true,ppo__mask_false,0.007008,0.083984
cpu_utilization,maskable_ppo__mask_true,ppo__mask_false,0.007055,0.083984
cpu_utilization,maskable_ppo__mask_true,ppo__mask_false,0.007101,0.083984
cpu_utilization,maskable_ppo__mask_true,ppo__mask_false,0.007147,0.083984
cpu_utilization,maskable_ppo__mask_true,ppo__mask_false,0.007193,0.083984
cpu_utilization,maskable_ppo__mask_true,ppo__mask_false,0.007239,0.083984
cpu_utilization,maskable_ppo__mask_true,ppo__mask_false,0.007285,0.083984
cpu_utilization,maskable_ppo__mask_true,ppo__mask_false,0.007331,0.083984
cpu_utilization,maskable_ppo__mask_true,ppo__mask_false,0.007377,0.083984
cpu_utilization,maskable_ppo__mask_true,ppo__mask_false,0.007424,0.083984
cpu_utilization,maskable_ppo__mask_true,ppo__mask_false,0.007470,0.083984
cpu_utilization,maskable_ppo__mask_true,ppo__mask_false,0.007516,0.083984
cpu_utilization,maskable_ppo__mask_true,ppo__mask_false,0.007562,0.083984
cpu_utilization,maskable_ppo__mask_true,ppo__mask_false,0.007608,0.083984
cpu_utilization,maskable_ppo__mask_true,ppo__mask_false,0.007654,0.083984
cpu_utilization,maskable_ppo__mask_true,ppo__mask_false,0.007700,0.083984
cpu_utilization,maskable_ppo__mask_true,ppo__mask_false,0.007746,0.083984
cpu_utilization,maskable_ppo__mask_true,ppo__mask_false,0.007793,0.083984
cpu_utilization,maskable_ppo__mask_true,ppo__mask_false,0.007839,0.083984
cpu_utilization,maskable_ppo__mask_true,ppo__mask_false,0.007885,0.083984
cpu_utilization,maskable_ppo__mask_true,ppo__mask_false,0.007931,0.083984
cpu_utilization,maskable_ppo__mask_true,ppo__mask_false,0.007977,0.083984
cpu_utilization,maskable_ppo__mask_true,ppo__mask_false,0.008023,0.083984
cpu_utilization,maskable_ppo__mask_true,ppo__mask_false,0.008069,0.083984
cpu_utilization,maskable_ppo__mask_true,ppo__mask_false,0.008115,0.083984
cpu_utilization,maskable_ppo__mask_true,ppo__mask_false,0.008162,0.083984
cpu_utilization,maskable_ppo__mask_true,ppo__mask_false,0.008208,0.083984
cpu_utilization,maskable_ppo__mask_true,ppo__mask_false,0.008254,0.083984
cpu_utilization,maskable_ppo__mask_true,ppo__mask_false,0.008300,0.083984
cpu_utilization,maskable_ppo__mask_true,ppo__mask_false,0.008346,0.083984
cpu_utilization,maskable_ppo__mask_true,ppo__mask_false,0.008392,0.083984
cpu_utilization,maskable_ppo__mask_true,ppo__mask_false,0.008438,0.083984
cpu_utilization,maskable_ppo__mask_true,ppo__mask_false,0.008484,0.083984
cpu_utilization,maskable_ppo__mask_true,ppo__mask_false,0.008531,0.083984
cpu_utilization,maskable_ppo__mask_true,ppo__mask_false,0.008577,0.083984
cpu_utilization,maskable_ppo__mask_true,ppo__mask_false,0.008623,0.083984
cpu_utilization,maskable_ppo__mask_true,ppo__mask_false,0.008669,0.275391
cpu_utilization,maskable_ppo__mask_true,ppo__mask_false,0.008715,0.275391
cpu_utilization,maskable_ppo__mask_true,ppo__mask_false,0.008761,0.275391
cpu_utilization,maskable_ppo__mask_true,ppo__mask_false,0.008807,0.275391
cpu_utilization,maskable_ppo__mask_true,ppo__mask_false,0.008853,0.275391
cpu_utilization,maskable_ppo__mask_true,ppo__mask_false,0.008900,0.275391
cpu_utilization,maskable_ppo__mask_true,ppo__mask_false,0.008946,0.275391
cpu_utilization,maskable_ppo__mask_true,ppo__mask_false,0.008992,0.275391
cpu_utilization,maskable_ppo__mask_true,ppo__mask_false,0.009038,0.275391
cpu_utilization,maskable_ppo__mask_true,ppo__mask_false,0.009084,0.769531
cpu_utilization,maskable_ppo__mask_true,ppo__mask_false,0.009130,0.769531
cpu_utilization,maskable_ppo__mask_true,ppo__mask_false,0.009176,0.769531
cpu_utilization,maskable_ppo__mask_true,ppo__mask_false,0.009222,0.769531
cpu_utilization,maskable_ppo__mask_true,ppo__mask_false,0.009269,0.769531
cpu_utilization,maskable_ppo__mask_true,ppo__mask_false,0.009315,0.769531
cpu_utilization,maskable_ppo__mask_true,ppo__mask_false,0.009361,0.625000
cpu_utilization,maskable_ppo__mask_true,ppo__mask_false,0.009407,0.556641
cpu_utilization,maskable_ppo__mask_true,ppo__mask_false,0.009453,0.105469
cpu_utilization,maskable_ppo__mask_true,ppo__mask_false,0.009499,0.027344
cpu_utilization,maskable_ppo__mask_true,ppo__mask_false,0.009545,0.027344
cpu_utilization,maskable_ppo__mask_true,ppo__mask_false,0.009591,0.027344
cpu_utilization,maskable_ppo__mask_true,ppo__mask_false,0.009638,0.027344
cpu_utilization,maskable_ppo__mask_true,ppo__mask_false,0.009684,0.027344
cpu_utilization,maskable_ppo__mask_true,ppo__mask_false,0.009730,0.027344
cpu_utilization,maskable_ppo__mask_true,ppo__mask_false,0.009776,0.003906
cpu_utilization,maskable_ppo__mask_true,ppo__mask_false,0.009822,0.003906
cpu_utilization,maskable_ppo__mask_true,ppo__mask_false,0.009868,0.003906
cpu_utilization,maskable_ppo__mask_true,ppo__mask_false,0.009914,0.003906
cpu_utilization,maskable_ppo__mask_true,ppo__mask_false,0.009960,0.003906
cpu_utilization,maskable_ppo__mask_true,ppo__mask_false,0.010007,0.003906
episode_reward,a2c__mask_false,maskable_a2c__mask_true,-811355.115926,0.003906
episode_reward,a2c__mask_false,maskable_a2c__mask_true,-811325.729656,0.003906
episode_reward,a2c__mask_false,maskable_a2c__mask_true,-811296.343387,0.003906
episode_reward,a2c__mask_false,maskable_a2c__mask_true,-811266.957117,0.003906
episode_reward,a2c__mask_false,maskable_a2c__mask_true,-811237.570848,0.003906
episode_reward,a2c__mask_false,maskable_a2c__mask_true,-811208.184578,0.003906
episode_reward,a2c__mask_false,maskable_a2c__mask_true,-811178.798309,0.003906
episode_reward,a2c__mask_false,maskable_a2c__mask_true,-811149.412039,0.003906
episode_reward,a2c__mask_false,maskable_a2c__mask_true,-811120.025770,0.003906
episode_reward,a2c__mask_false,maskable_a2c__mask_true,-811090.639500,0.003906
episode_reward,a2c__mask_false,maskable_a2c__mask_true,-811061.253231,0.003906
episode_reward,a2c__mask_false,maskable_a2c__mask_true,-811031.866961,0.003906
episode_reward,a2c__mask_false,maskable_a2c__mask_true,-811002.480692,0.003906
episode_reward,a2c__mask_false,maskable_a2c__mask_true,-810973.094422,0.003906
episode_reward,a2c__mask_false,maskable_a2c__mask_true,-810943.708153,0.003906
episode_reward,a2c__mask_false,maskable_a2c__mask_true,-810914.321883,0.003906
episode_reward,a2c__mask_false,maskable_a2c__mask_true,-810884.935614,0.003906
episode_reward,a2c__mask_false,maskable_a2c__mask_true,-810855.549344,0.003906
episode_reward,a2c__mask_false,maskable_a2c__mask_true,-810826.163075,0.003906
episode_reward,a2c__mask_false,maskable_a2c__mask_true,-810796.776805,0.003906
episode_reward,a2c__mask_false,maskable_a2c__mask_true,-810767.390536,0.003906
episode_reward,a2c__mask_false,maskable_a2c__mask_true,-810738.004266,0.003906
episode_reward,a2c__mask_false,maskable_a2c__mask_true,-810708.617997,0.003906
episode_reward,a2c__mask_false,maskable_a2c__mask_true,-810679.231727,0.003906
episode_reward,a2c__mask_false,maskable_a2c__mask_true,-810649.845458,0.003906
episode_reward,a2c__mask_false,maskable_a2c__mask_true,-810620.459188,0.003906
episode_reward,a2c__mask_false,maskable_a2c__mask_true,-810591.072919,0.003906
episode_reward,a2c__mask_false,maskable_a2c__mask_true,-810561.686649,0.005859
episode_reward,a2c__mask_false,maskable_a2c__mask_true,-810532.300380,0.005859
episode_reward,a2c__mask_false,maskable_a2c__mask_true,-810502.914110,0.005859
episode_reward,a2c__mask_false,maskable_a2c__mask_true,-810473.527841,0.005859
episode_reward,a2c__mask_false,maskable_a2c__mask_true,-810444.141571,0.005859
episode_reward,a2c__mask_false,maskable_a2c__mask_true,-810414.755302,0.005859
episode_reward,a2c__mask_false,maskable_a2c__mask_true,-810385.369032,0.005859
episode_reward,a2c__mask_false,maskable_a2c__mask_true,-810355.982763,0.005859
episode_reward,a2c__mask_false,maskable_a2c__mask_true,-810326.596493,0.005859
episode_reward,a2c__mask_false,maskable_a2c__mask_true,-810297.210224,0.005859
episode_reward,a2c__mask_false,maskable_a2c__mask_true,-810267.823954,0.005859
episode_reward,a2c__mask_false,maskable_a2c__mask_true,-810238.437685,0.005859
episode_reward,a2c__mask_false,maskable_a2c__mask_true,-810209.051415,0.005859
episode_reward,a2c__mask_false,maskable_a2c__mask_true,-810179.665146,0.005859
episode_reward,a2c__mask_false,maskable_a2c__mask_true,-810150.278876,0.005859
episode_reward,a2c__mask_false,maskable_a2c__mask_true,-810120.892607,0.005859
episode_reward,a2c__mask_false,maskable_a2c__mask_true,-810091.506337,0.005859
episode_reward,a2c__mask_false,maskable_a2c__mask_true,-810062.120068,0.005859
episode_reward,a2c__mask_false,maskable_a2c__mask_true,-810032.733798,0.005859
episode_reward,a2c__mask_false,maskable_a2c__mask_true,-810003.347528,0.005859
episode_reward,a2c__mask_false,maskable_a2c__mask_true,-809973.961259,0.005859
episode_reward,a2c__mask_false,maskable_a2c__mask_true,-809944.574989,0.005859
episode_reward,a2c__mask_false,maskable_a2c__mask_true,-809915.188720,0.005859
episode_reward,a2c__mask_false,maskable_a2c__mask_true,-809885.802450,0.005859
episode_reward,a2c__mask_false,maskable_a2c__mask_true,-809856.416181,0.005859
episode_reward,a2c__mask_false,maskable_a2c__mask_true,-809827.029911,0.005859
episode_reward,a2c__mask_false,maskable_a2c__mask_true,-809797.643642,0.005859
episode_reward,a2c__mask_false,maskable_a2c__mask_true,-809768.257372,0.005859
episode_reward,a2c__mask_false,maskable_a2c__mask_true,-809738.871103,0.005859
episode_reward,a2c__mask_false,maskable_a2c__mask_true,-809709.484833,0.005859
episode_reward,a2c__mask_false,maskable_a2c__mask_true,-809680.098564,0.005859
episode_reward,a2c__mask_false,maskable_a2c__mask_true,-809650.712294,0.005859
episode_reward,a2c__mask_false,maskable_a2c__mask_true,-809621.326025,0.005859
episode_reward,a2c__mask_false,maskable_a2c__mask_true,-809591.939755,0.009766
episode_reward,a2c__mask_false,maskable_a2c__mask_true,-809562.553486,0.009766
episode_reward,a2c__mask_false,maskable_a2c__mask_true,-809533.167216,0.009766
episode_reward,a2c__mask_false,maskable_a2c__mask_true,-809503.780947,0.009766
episode_reward,a2c__mask_false,maskable_a2c__mask_true,-809474.394677,0.009766
episode_reward,a2c__mask_false,maskable_a2c__mask_true,-809445.008408,0.009766
episode_reward,a2c__mask_false,maskable_a2c__mask_true,-809415.622138,0.009766
episode_reward,a2c__mask_false,maskable_a2c__mask_true,-809386.235869,0.009766
episode_reward,a2c__mask_false,maskable_a2c__mask_true,-809356.849599,0.013672
episode_reward,a2c__mask_false,maskable_a2c__mask_true,-809327.463330,0.013672
episode_reward,a2c__mask_false,maskable_a2c__mask_true,-809298.077060,0.013672
episode_reward,a2c__mask_false,maskable_a2c__mask_true,-809268.690791,0.013672
episode_reward,a2c__mask_false,maskable_a2c__mask_true,-809239.304521,0.019531
episode_reward,a2c__mask_false,maskable_a2c__mask_true,-809209.918252,0.019531
episode_reward,a2c__mask_false,maskable_a2c__mask_true,-809180.531982,0.019531
episode_reward,a2c__mask_false,maskable_a2c__mask_true,-809151.145713,0.019531
episode_reward,a2c__mask_false,maskable_a2c__mask_true,-809121.759443,0.019531
episode_reward,a2c__mask_false,maskable_a2c__mask_true,-809092.373174,0.019531
episode_reward,a2c__mask_false,maskable_a2c__mask_true,-809062.986904,0.019531
episode_reward,a2c__mask_false,maskable_a2c__mask_true,-809033.600635,0.019531
episode_reward,a2c__mask_false,maskable_a2c__mask_true,-809004.214365,0.027344
episode_reward,a2c__mask_false,maskable_a2c__mask_true,-808974.828096,0.037109
episode_reward,a2c__mask_false,maskable_a2c__mask_true,-808945.441826,0.037109
episode_reward,a2c__mask_false,maskable_a2c__mask_true,-808916.055557,0.037109
episode_reward,a2c__mask_false,maskable_a2c__mask_true,-808886.669287,0.037109
episode_reward,a2c__mask_false,maskable_a2c__mask_true,-808857.283018,0.037109
episode_reward,a2c__mask_false,maskable_a2c__mask_true,-808827.896748,0.048828
episode_reward,a2c__mask_false,maskable_a2c__mask_true,-808798.510479,0.048828
episode_reward,a2c__mask_false,maskable_a2c__mask_true,-808769.124209,0.048828
episode_reward,a2c__mask_false,maskable_a2c__mask_true,-808739.737940,0.048828
episode_reward,a2c__mask_false,maskable_a2c__mask_true,-808710.351670,0.048828
episode_reward,a2c__mask_false,maskable_a2c__mask_true,-808680.965401,0.048828
episode_reward,a2c__mask_false,maskable_a2c__mask_true,-808651.579131,0.048828
episode_reward,a2c__mask_false,maskable_a2c__mask_true,-808622.192862,0.064453
episode_reward,a2c__mask_false,maskable_a2c__mask_true,-808592.806592,0.064453
episode_reward,a2c__mask_false,maskable_a2c__mask_true,-808563.420323,0.083984
episode_reward,a2c__mask_false,maskable_a2c__mask_true,-808534.034053,0.083984
episode_reward,a2c__mask_false,maskable_a2c__mask_true,-808504.647784,0.105469
episode_reward,a2c__mask_false,maskable_a2c__mask_true,-808475.261514,0.105469
episode_reward,a2c__mask_false,maskable_a2c__mask_true,-808445.875245,0.105469
episode_reward,a2c__mask_false,maskable_a2c__mask_true,-808416.488975,0.105469
episode_reward,a2c__mask_false,maskable_a2c__mask_true,-808387.102706,0.130859
episode_reward,a2c__mask_false,maskable_a2c__mask_true,-808357.716436,0.130859
episode_reward,a2c__mask_false,maskable_a2c__mask_true,-808328.330167,0.130859
episode_reward,a2c__mask_false,maskable_a2c__mask_true,-808298.943897,0.130859
episode_reward,a2c__mask_false,maskable_a2c__mask_true,-808269.557628,0.160156
episode_reward,a2c__mask_false,maskable_a2c__mask_true,-808240.171358,0.160156
episode_reward,a2c__mask_false,maskable_a2c__mask_true,-808210.785089,0.160156
episode_reward,a2c__mask_false,maskable_a2c__mask_true,-808181.398819,0.160156
episode_reward,a2c__mask_false,maskable_a2c__mask_true,-808152.012550,0.160156
episode_reward,a2c__mask_false,maskable_a2c__mask_true,-808122.626280,0.160156
episode_reward,a2c__mask_false,maskable_a2c__mask_true,-808093.240011,0.160156
episode_reward,a2c__mask_false,maskable_a2c__mask_true,-808063.853741,0.160156
episode_reward,a2c__mask_false,maskable_a2c__mask_true,-808034.467472,0.193359
episode_reward,a2c__mask_false,maskable_a2c__mask_true,-808005.081202,0.232422
episode_reward,a2c__mask_false,maskable_a2c__mask_true,-807975.694932,0.232422
episode_reward,a2c__mask_false,maskable_a2c__mask_true,-807946.308663,0.232422
episode_reward,a2c__mask_false,maskable_a2c__mask_true,-807916.922393,0.232422
episode_reward,a2c__mask_false,maskable_a2c__mask_true,-807887.536124,0.275391
episode_reward,a2c__mask_false,maskable_a2c__mask_true,-807858.149854,0.275391
episode_reward,a2c__mask_false,maskable_a2c__mask_true,-807828.763585,0.275391
episode_reward,a2c__mask_false,maskable_a2c__mask_true,-807799.377315,0.275391
episode_reward,a2c__mask_false,maskable_a2c__mask_true,-807769.991046,0.275391
episode_reward,a2c__mask_false,maskable_a2c__mask_true,-807740.604776,0.275391
episode_reward,a2c__mask_false,maskable_a2c__mask_true,-807711.218507,0.275391
episode_reward,a2c__mask_false,maskable_a2c__mask_true,-807681.832237,0.275391
episode_reward,a2c__mask_false,maskable_a2c__mask_true,-807652.445968,0.322266
episode_reward,a2c__mask_false,maskable_a2c__mask_true,-807623.059698,0.322266
episode_reward,a2c__mask_false,maskable_a2c__mask_true,-807593.673429,0.375000
episode_reward,a2c__mask_false,maskable_a2c__mask_true,-807564.287159,0.375000
episode_reward,a2c__mask_false,maskable_a2c__mask_true,-807534.900890,0.431641
episode_reward,a2c__mask_false,maskable_a2c__mask_true,-807505.514620,0.431641
episode_reward,a2c__mask_false,maskable_a2c__mask_true,-807476.128351,0.431641
episode_reward,a2c__mask_false,maskable_a2c__mask_true,-807446.742081,0.431641
episode_reward,a2c__mask_false,maskable_a2c__mask_true,-807417.355812,0.431641
episode_reward,a2c__mask_false,maskable_a2c__mask_true,-807387.969542,0.431641
episode_reward,a2c__mask_false,maskable_a2c__mask_true,-807358.583273,0.431641
episode_reward,a2c__mask_false,maskable_a2c__mask_true,-807329.197003,0.431641
episode_reward,a2c__mask_false,maskable_a2c__mask_true,-807299.810734,0.431641
episode_reward,a2c__mask_false,maskable_a2c__mask_true,-807270.424464,0.431641
episode_reward,a2c__mask_false,maskable_a2c__mask_true,-807241.038195,0.431641
episode_reward,a2c__mask_false,maskable_a2c__mask_true,-807211.651925,0.431641
episode_reward,a2c__mask_false,maskable_a2c__mask_true,-807182.265656,0.492188
episode_reward,a2c__mask_false,maskable_a2c__mask_true,-807152.879386,0.492188
episode_reward,a2c__mask_false,maskable_a2c__mask_true,-807123.493117,0.492188
episode_reward,a2c__mask_false,maskable_a2c__mask_true,-807094.106847,0.492188
episode_reward,a2c__mask_false,maskable_a2c__mask_true,-807064.720578,0.556641
episode_reward,a2c__mask_false,maskable_a2c__mask_true,-807035.334308,0.556641
episode_reward,a2c__mask_false,maskable_a2c__mask_true,-807005.948039,0.556641
episode_reward,a2c__mask_false,maskable_a2c__mask_true,-806976.561769,0.556641
episode_reward,a2c__mask_false,maskable_a2c__mask_true,-806947.175500,0.625000
episode_reward,a2c__mask_false,maskable_a2c__mask_true,-806917.789230,0.625000
episode_reward,a2c__mask_false,maskable_a2c__mask_true,-806888.402961,0.625000
episode_reward,a2c__mask_false,maskable_a2c__mask_true,-806859.016691,0.625000
episode_reward,a2c__mask_false,maskable_a2c__mask_true,-806829.630422,0.695312
episode_reward,a2c__mask_false,maskable_a2c__mask_true,-806800.244152,0.769531
episode_reward,a2c__mask_false,maskable_a2c__mask_true,-806770.857883,0.769531
episode_reward,a2c__mask_false,maskable_a2c__mask_true,-806741.471613,0.769531
episode_reward,a2c__mask_false,maskable_a2c__mask_true,-806712.085344,0.845703
episode_reward,a2c__mask_false,maskable_a2c__mask_true,-806682.699074,1.000000
episode_reward,a2c__mask_false,maskable_a2c__mask_true,-806653.312805,1.000000
episode_reward,a2c__mask_false,maskable_a2c__mask_true,-806623.926535,1.000000
episode_reward,a2c__mask_false,maskable_a2c__mask_true,-806594.540266,1.000000
episode_reward,a2c__mask_false,maskable_a2c__mask_true,-806565.153996,1.000000
episode_reward,a2c__mask_false,maskable_a2c__mask_true,-806535.767727,1.000000
episode_reward,a2c__mask_false,maskable_a2c__mask_true,-806506.381457,0.921875
episode_reward,a2c__mask_false,maskable_a2c__mask_true,-806476.995188,0.921875
episode_reward,a2c__mask_false,maskable_a2c__mask_true,-806447.608918,0.769531
episode_reward,a2c__mask_false,maskable_a2c__mask_true,-806418.222649,0.695312
episode_reward,a2c__mask_false,maskable_a2c__mask_true,-806388.836379,0.625000
episode_reward,a2c__mask_false,maskable_a2c__mask_true,-806359.450110,0.625000
episode_reward,a2c__mask_false,maskable_a2c__mask_true,-806330.063840,0.431641
episode_reward,a2c__mask_false,maskable_a2c__mask_true,-806300.677571,0.375000
episode_reward,a2c__mask_false,maskable_a2c__mask_true,-806271.291301,0.322266
episode_reward,a2c__mask_false,maskable_a2c__mask_true,-806241.905032,0.322266
episode_reward,a2c__mask_false,maskable_a2c__mask_true,-806212.518762,0.275391
episode_reward,a2c__mask_false,maskable_a2c__mask_true,-806183.132493,0.275391
episode_reward,a2c__mask_false,maskable_a2c__mask_true,-806153.746223,0.232422
episode_reward,a2c__mask_false,maskable_a2c__mask_true,-806124.359954,0.232422
episode_reward,a2c__mask_false,maskable_a2c__mask_true,-806094.973684,0.193359
episode_reward,a2c__mask_false,maskable_a2c__mask_true,-806065.587415,0.160156
episode_reward,a2c__mask_false,maskable_a2c__mask_true,-806036.201145,0.130859
episode_reward,a2c__mask_false,maskable_a2c__mask_true,-806006.814876,0.105469
episode_reward,a2c__mask_false,maskable_a2c__mask_true,-805977.428606,0.083984
episode_reward,a2c__mask_false,maskable_a2c__mask_true,-805948.042336,0.048828
episode_reward,a2c__mask_false,maskable_a2c__mask_true,-805918.656067,0.048828
episode_reward,a2c__mask_false,maskable_a2c__mask_true,-805889.269797,0.037109
episode_reward,a2c__mask_false,maskable_a2c__mask_true,-805859.883528,0.037109
episode_reward,a2c__mask_false,maskable_a2c__mask_true,-805830.497258,0.027344
episode_reward,a2c__mask_false,maskable_a2c__mask_true,-805801.110989,0.027344
episode_reward,a2c__mask_false,maskable_a2c__mask_true,-805771.724719,0.027344
episode_reward,a2c__mask_false,maskable_a2c__mask_true,-805742.338450,0.027344
episode_reward,a2c__mask_false,maskable_a2c__mask_true,-805712.952180,0.019531
episode_reward,a2c__mask_false,maskable_a2c__mask_true,-805683.565911,0.019531
episode_reward,a2c__mask_false,maskable_a2c__mask_true,-805654.179641,0.013672
episode_reward,a2c__mask_false,maskable_a2c__mask_true,-805624.793372,0.013672
episode_reward,a2c__mask_false,maskable_a2c__mask_true,-805595.407102,0.005859
episode_reward,a2c__mask_false,maskable_a2c__mask_true,-805566.020833,0.005859
episode_reward,a2c__mask_false,maskable_a2c__mask_true,-805536.634563,0.003906
episode_reward,a2c__mask_false,maskable_a2c__mask_true,-805507.248294,0.003906
episode_reward,a2c__mask_false,maskable_ppo__mask_true,-811344.086617,0.003906
episode_reward,a2c__mask_false,maskable_ppo__mask_true,-811314.823670,0.003906
episode_reward,a2c__mask_false,maskable_ppo__mask_true,-811285.560722,0.003906
episode_reward,a2c__mask_false,maskable_ppo__mask_true,-811256.297774,0.003906
episode_reward,a2c__mask_false,maskable_ppo__mask_true,-811227.034826,0.003906
episode_reward,a2c__mask_false,maskable_ppo__mask_true,-811197.771878,0.003906
episode_reward,a2c__mask_false,maskable_ppo__mask_true,-811168.508930,0.003906
episode_reward,a2c__mask_false,maskable_ppo__mask_true,-811139.245982,0.003906
episode_reward,a2c__mask_false,maskable_ppo__mask_true,-811109.983034,0.003906
episode_reward,a2c__mask_false,maskable_ppo__mask_true,-811080.720086,0.003906
episode_reward,a2c__mask_false,maskable_ppo__mask_true,-811051.457138,0.003906
episode_reward,a2c__mask_false,maskable_ppo__mask_true,-811022.194190,0.003906
episode_reward,a2c__mask_false,maskable_ppo__mask_true,-810992.931242,0.003906
episode_reward,a2c__mask_false,maskable_ppo__mask_true,-810963.668294,0.003906
episode_reward,a2c__mask_false,maskable_ppo__mask_true,-810934.405346,0.003906
episode_reward,a2c__mask_false,maskable_ppo__mask_true,-810905.142398,0.003906
episode_reward,a2c__mask_false,maskable_ppo__mask_true,-810875.879450,0.003906
episode_reward,a2c__mask_false,maskable_ppo__mask_true,-810846.616502,0.003906
episode_reward,a2c__mask_false,maskable_ppo__mask_true,-810817.353554,0.003906
episode_reward,a2c__mask_false,maskable_ppo__mask_true,-810788.090606,0.003906
episode_reward,a2c__mask_false,maskable_ppo__mask_true,-810758.827658,0.003906
episode_reward,a2c__mask_false,maskable_ppo__mask_true,-810729.564710,0.003906
episode_reward,a2c__mask_false,maskable_ppo__mask_true,-810700.301762,0.003906
episode_reward,a2c__mask_false,maskable_ppo__mask_true,-810671.038814,0.003906
episode_reward,a2c__mask_false,maskable_ppo__mask_true,-810641.775866,0.003906
episode_reward,a2c__mask_false,maskable_ppo__mask_true,-810612.512918,0.003906
episode_reward,a2c__mask_false,maskable_ppo__mask_true,-810583.249971,0.003906
episode_reward,a2c__mask_false,maskable_ppo__mask_true,-810553.987023,0.003906
episode_reward,a2c__mask_false,maskable_ppo__mask_true,-810524.724075,0.005859
episode_reward,a2c__mask_false,maskable_ppo__mask_true,-810495.461127,0.005859
episode_reward,a2c__mask_false,maskable_ppo__mask_true,-810466.198179,0.005859
episode_reward,a2c__mask_false,maskable_ppo__mask_true,-810436.935231,0.005859
episode_reward,a2c__mask_false,maskable_ppo__mask_true,-810407.672283,0.005859
episode_reward,a2c__mask_false,maskable_ppo__mask_true,-810378.409335,0.005859
episode_reward,a2c__mask_false,maskable_ppo__mask_true,-810349.146387,0.005859
episode_reward,a2c__mask_false,maskable_ppo__mask_true,-810319.883439,0.005859
episode_reward,a2c__mask_false,maskable_ppo__mask_true,-810290.620491,0.005859
episode_reward,a2c__mask_false,maskable_ppo__mask_true,-810261.357543,0.005859
episode_reward,a2c__mask_false,maskable_ppo__mask_true,-810232.094595,0.005859
episode_reward,a2c__mask_false,maskable_ppo__mask_true,-810202.831647,0.005859
episode_reward,a2c__mask_false,maskable_ppo__mask_true,-810173.568699,0.005859
episode_reward,a2c__mask_false,maskable_ppo__mask_true,-810144.305751,0.005859
episode_reward,a2c__mask_false,maskable_ppo__mask_true,-810115.042803,0.005859
episode_reward,a2c__mask_false,maskable_ppo__mask_true,-810085.779855,0.005859
episode_reward,a2c__mask_false,maskable_ppo__mask_true,-810056.516907,0.005859
episode_reward,a2c__mask_false,maskable_ppo__mask_true,-810027.253959,0.005859
episode_reward,a2c__mask_false,maskable_ppo__mask_true,-809997.991011,0.005859
episode_reward,a2c__mask_false,maskable_ppo__mask_true,-809968.728063,0.005859
episode_reward,a2c__mask_false,maskable_ppo__mask_true,-809939.465115,0.005859
episode_reward,a2c__mask_false,maskable_ppo__mask_true,-809910.202167,0.005859
episode_reward,a2c__mask_false,maskable_ppo__mask_true,-809880.939219,0.005859
episode_reward,a2c__mask_false,maskable_ppo__mask_true,-809851.676271,0.005859
episode_reward,a2c__mask_false,maskable_ppo__mask_true,-809822.413324,0.005859
episode_reward,a2c__mask_false,maskable_ppo__mask_true,-809793.150376,0.005859
episode_reward,a2c__mask_false,maskable_ppo__mask_true,-809763.887428,0.005859
episode_reward,a2c__mask_false,maskable_ppo__mask_true,-809734.624480,0.005859
episode_reward,a2c__mask_false,maskable_ppo__mask_true,-809705.361532,0.005859
episode_reward,a2c__mask_false,maskable_ppo__mask_true,-809676.098584,0.005859
episode_reward,a2c__mask_false,maskable_ppo__mask_true,-809646.835636,0.005859
episode_reward,a2c__mask_false,maskable_ppo__mask_true,-809617.572688,0.005859
episode_reward,a2c__mask_false,maskable_ppo__mask_true,-809588.309740,0.005859
episode_reward,a2c__mask_false,maskable_ppo__mask_true,-809559.046792,0.005859
episode_reward,a2c__mask_false,maskable_ppo__mask_true,-809529.783844,0.009766
episode_reward,a2c__mask_false,maskable_ppo__mask_true,-809500.520896,0.009766
episode_reward,a2c__mask_false,maskable_ppo__mask_true,-809471.257948,0.009766
episode_reward,a2c__mask_false,maskable_ppo__mask_true,-809441.995000,0.009766
episode_reward,a2c__mask_false,maskable_ppo__mask_true,-809412.732052,0.009766
episode_reward,a2c__mask_false,maskable_ppo__mask_true,-809383.469104,0.009766
episode_reward,a2c__mask_false,maskable_ppo__mask_true,-809354.206156,0.009766
episode_reward,a2c__mask_false,maskable_ppo__mask_true,-809324.943208,0.013672
episode_reward,a2c__mask_false,maskable_ppo__mask_true,-809295.680260,0.013672
episode_reward,a2c__mask_false,maskable_ppo__mask_true,-809266.417312,0.013672
episode_reward,a2c__mask_false,maskable_ppo__mask_true,-809237.154364,0.019531
episode_reward,a2c__mask_false,maskable_ppo__mask_true,-809207.891416,0.019531
episode_reward,a2c__mask_false,maskable_ppo__mask_true,-809178.628468,0.019531
episode_reward,a2c__mask_false,maskable_ppo__mask_true,-809149.365520,0.019531
episode_reward,a2c__mask_false,maskable_ppo__mask_true,-809120.102572,0.019531
episode_reward,a2c__mask_false,maskable_ppo__mask_true,-809090.839625,0.019531
episode_reward,a2c__mask_false,maskable_ppo__mask_true,-809061.576677,0.019531
episode_reward,a2c__mask_false,maskable_ppo__mask_true,-809032.313729,0.019531
episode_reward,a2c__mask_false,maskable_ppo__mask_true,-809003.050781,0.019531
episode_reward,a2c__mask_false,maskable_ppo__mask_true,-808973.787833,0.027344
episode_reward,a2c__mask_false,maskable_ppo__mask_true,-808944.524885,0.027344
episode_reward,a2c__mask_false,maskable_ppo__mask_true,-808915.261937,0.037109
episode_reward,a2c__mask_false,maskable_ppo__mask_true,-808885.998989,0.037109
episode_reward,a2c__mask_false,maskable_ppo__mask_true,-808856.736041,0.037109
episode_reward,a2c__mask_false,maskable_ppo__mask_true,-808827.473093,0.048828
episode_reward,a2c__mask_false,maskable_ppo__mask_true,-808798.210145,0.048828
episode_reward,a2c__mask_false,maskable_ppo__mask_true,-808768.947197,0.048828
episode_reward,a2c__mask_false,maskable_ppo__mask_true,-808739.684249,0.048828
episode_reward,a2c__mask_false,maskable_ppo__mask_true,-808710.421301,0.048828
episode_reward,a2c__mask_false,maskable_ppo__mask_true,-808681.158353,0.048828
episode_reward,a2c__mask_false,maskable_ppo__mask_true,-808651.895405,0.048828
episode_reward,a2c__mask_false,maskable_ppo__mask_true,-808622.632457,0.048828
episode_reward,a2c__mask_false,maskable_ppo__mask_true,-808593.369509,0.064453
episode_reward,a2c__mask_false,maskable_ppo__mask_true,-808564.106561,0.064453
episode_reward,a2c__mask_false,maskable_ppo__mask_true,-808534.843613,0.083984
episode_reward,a2c__mask_false,maskable_ppo__mask_true,-808505.580665,0.105469
episode_reward,a2c__mask_false,maskable_ppo__mask_true,-808476.317717,0.105469
episode_reward,a2c__mask_false,maskable_ppo__mask_true,-808447.054769,0.105469
episode_reward,a2c__mask_false,maskable_ppo__mask_true,-808417.791821,0.105469
episode_reward,a2c__mask_false,maskable_ppo__mask_true,-808388.528873,0.105469
episode_reward,a2c__mask_false,maskable_ppo__mask_true,-808359.265925,0.105469
episode_reward,a2c__mask_false,maskable_ppo__mask_true,-808330.002978,0.130859
episode_reward,a2c__mask_false,maskable_ppo__mask_true,-808300.740030,0.130859
episode_reward,a2c__mask_false,maskable_ppo__mask_true,-808271.477082,0.130859
episode_reward,a2c__mask_false,maskable_ppo__mask_true,-808242.214134,0.160156
episode_reward,a2c__mask_false,maskable_ppo__mask_true,-808212.951186,0.160156
episode_reward,a2c__mask_false,maskable_ppo__mask_true,-808183.688238,0.160156
episode_reward,a2c__mask_false,maskable_ppo__mask_true,-808154.425290,0.160156
episode_reward,a2c__mask_false,maskable_ppo__mask_true,-808125.162342,0.160156
episode_reward,a2c__mask_false,maskable_ppo__mask_true,-808095.899394,0.160156
episode_reward,a2c__mask_false,maskable_ppo__mask_true,-808066.636446,0.160156
episode_reward,a2c__mask_false,maskable_ppo__mask_true,-808037.373498,0.160156
episode_reward,a2c__mask_false,maskable_ppo__mask_true,-808008.110550,0.160156
episode_reward,a2c__mask_false,maskable_ppo__mask_true,-807978.847602,0.193359
episode_reward,a2c__mask_false,maskable_ppo__mask_true,-807949.584654,0.193359
episode_reward,a2c__mask_false,maskable_ppo__mask_true,-807920.321706,0.232422
episode_reward,a2c__mask_false,maskable_ppo__mask_true,-807891.058758,0.232422
episode_reward,a2c__mask_false,maskable_ppo__mask_true,-807861.795810,0.275391
episode_reward,a2c__mask_false,maskable_ppo__mask_true,-807832.532862,0.275391
episode_reward,a2c__mask_false,maskable_ppo__mask_true,-807803.269914,0.275391
episode_reward,a2c__mask_false,maskable_ppo__mask_true,-807774.006966,0.275391
episode_reward,a2c__mask_false,maskable_ppo__mask_true,-807744.744018,0.275391
episode_reward,a2c__mask_false,maskable_ppo__mask_true,-807715.481070,0.275391
episode_reward,a2c__mask_false,maskable_ppo__mask_true,-807686.218122,0.275391
episode_reward,a2c__mask_false,maskable_ppo__mask_true,-807656.955174,0.275391
episode_reward,a2c__mask_false,maskable_ppo__mask_true,-807627.692226,0.275391
episode_reward,a2c__mask_false,maskable_ppo__mask_true,-807598.429279,0.322266
episode_reward,a2c__mask_false,maskable_ppo__mask_true,-807569.166331,0.375000
episode_reward,a2c__mask_false,maskable_ppo__mask_true,-807539.903383,0.375000
episode_reward,a2c__mask_false,maskable_ppo__mask_true,-807510.640435,0.431641
episode_reward,a2c__mask_false,maskable_ppo__mask_true,-807481.377487,0.431641
episode_reward,a2c__mask_false,maskable_ppo__mask_true,-807452.114539,0.431641
episode_reward,a2c__mask_false,maskable_ppo__mask_true,-807422.851591,0.431641
episode_reward,a2c__mask_false,maskable_ppo__mask_true,-807393.588643,0.431641
episode_reward,a2c__mask_false,maskable_ppo__mask_true,-807364.325695,0.431641
episode_reward,a2c__mask_false,maskable_ppo__mask_true,-807335.062747,0.431641
episode_reward,a2c__mask_false,maskable_ppo__mask_true,-807305.799799,0.431641
episode_reward,a2c__mask_false,maskable_ppo__mask_true,-807276.536851,0.431641
episode_reward,a2c__mask_false,maskable_ppo__mask_true,-807247.273903,0.431641
episode_reward,a2c__mask_false,maskable_ppo__mask_true,-807218.010955,0.431641
episode_reward,a2c__mask_false,maskable_ppo__mask_true,-807188.748007,0.431641
episode_reward,a2c__mask_false,maskable_ppo__mask_true,-807159.485059,0.492188
episode_reward,a2c__mask_false,maskable_ppo__mask_true,-807130.222111,0.492188
episode_reward,a2c__mask_false,maskable_ppo__mask_true,-807100.959163,0.492188
episode_reward,a2c__mask_false,maskable_ppo__mask_true,-807071.696215,0.492188
episode_reward,a2c__mask_false,maskable_ppo__mask_true,-807042.433267,0.556641
episode_reward,a2c__mask_false,maskable_ppo__mask_true,-807013.170319,0.556641
episode_reward,a2c__mask_false,maskable_ppo__mask_true,-806983.907371,0.556641
episode_reward,a2c__mask_false,maskable_ppo__mask_true,-806954.644423,0.625000
episode_reward,a2c__mask_false,maskable_ppo__mask_true,-806925.381475,0.625000
episode_reward,a2c__mask_false,maskable_ppo__mask_true,-806896.118527,0.625000
episode_reward,a2c__mask_false,maskable_ppo__mask_true,-806866.855579,0.625000
episode_reward,a2c__mask_false,maskable_ppo__mask_true,-806837.592632,0.625000
episode_reward,a2c__mask_false,maskable_ppo__mask_true,-806808.329684,0.625000
episode_reward,a2c__mask_false,maskable_ppo__mask_true,-806779.066736,0.695312
episode_reward,a2c__mask_false,maskable_ppo__mask_true,-806749.803788,0.695312
episode_reward,a2c__mask_false,maskable_ppo__mask_true,-806720.540840,0.769531
episode_reward,a2c__mask_false,maskable_ppo__mask_true,-806691.277892,0.845703
episode_reward,a2c__mask_false,maskable_ppo__mask_true,-806662.014944,0.921875
episode_reward,a2c__mask_false,maskable_ppo__mask_true,-806632.751996,1.000000
episode_reward,a2c__mask_false,maskable_ppo__mask_true,-806603.489048,1.000000
episode_reward,a2c__mask_false,maskable_ppo__mask_true,-806574.226100,1.000000
episode_reward,a2c__mask_false,maskable_ppo__mask_true,-806544.963152,1.000000
episode_reward,a2c__mask_false,maskable_ppo__mask_true,-806515.700204,1.000000
episode_reward,a2c__mask_false,maskable_ppo__mask_true,-806486.437256,1.000000
episode_reward,a2c__mask_false,maskable_ppo__mask_true,-806457.174308,1.000000
episode_reward,a2c__mask_false,maskable_ppo__mask_true,-806427.911360,0.921875
episode_reward,a2c__mask_false,maskable_ppo__mask_true,-806398.648412,0.845703
episode_reward,a2c__mask_false,maskable_ppo__mask_true,-806369.385464,0.695312
episode_reward,a2c__mask_false,maskable_ppo__mask_true,-806340.122516,0.695312
episode_reward,a2c__mask_false,maskable_ppo__mask_true,-806310.859568,0.492188
episode_reward,a2c__mask_false,maskable_ppo__mask_true,-806281.596620,0.431641
episode_reward,a2c__mask_false,maskable_ppo__mask_true,-806252.333672,0.322266
episode_reward,a2c__mask_false,maskable_ppo__mask_true,-806223.070724,0.275391
episode_reward,a2c__mask_false,maskable_ppo__mask_true,-806193.807776,0.275391
episode_reward,a2c__mask_false,maskable_ppo__mask_true,-806164.544828,0.232422
episode_reward,a2c__mask_false,maskable_ppo__mask_true,-806135.281880,0.232422
episode_reward,a2c__mask_false,maskable_ppo__mask_true,-806106.018933,0.232422
episode_reward,a2c__mask_false,maskable_ppo__mask_true,-806076.755985,0.232422
episode_reward,a2c__mask_false,maskable_ppo__mask_true,-806047.493037,0.193359
episode_reward,a2c__mask_false,maskable_ppo__mask_true,-806018.230089,0.193359
episode_reward,a2c__mask_false,maskable_ppo__mask_true,-805988.967141,0.130859
episode_reward,a2c__mask_false,maskable_ppo__mask_true,-805959.704193,0.083984
episode_reward,a2c__mask_false,maskable_ppo__mask_true,-805930.441245,0.064453
episode_reward,a2c__mask_false,maskable_ppo__mask_true,-805901.178297,0.048828
episode_reward,a2c__mask_false,maskable_ppo__mask_true,-805871.915349,0.037109
episode_reward,a2c__mask_false,maskable_ppo__mask_true,-805842.652401,0.027344
episode_reward,a2c__mask_false,maskable_ppo__mask_true,-805813.389453,0.027344
episode_reward,a2c__mask_false,maskable_ppo__mask_true,-805784.126505,0.027344
episode_reward,a2c__mask_false,maskable_ppo__mask_true,-805754.863557,0.027344
episode_reward,a2c__mask_false,maskable_ppo__mask_true,-805725.600609,0.027344
episode_reward,a2c__mask_false,maskable_ppo__mask_true,-805696.337661,0.027344
episode_reward,a2c__mask_false,maskable_ppo__mask_true,-805667.074713,0.019531
episode_reward,a2c__mask_false,maskable_ppo__mask_true,-805637.811765,0.019531
episode_reward,a2c__mask_false,maskable_ppo__mask_true,-805608.548817,0.013672
episode_reward,a2c__mask_false,maskable_ppo__mask_true,-805579.285869,0.005859
episode_reward,a2c__mask_false,maskable_ppo__mask_true,-805550.022921,0.003906
episode_reward,a2c__mask_false,maskable_ppo__mask_true,-805520.759973,0.003906
episode_reward,dqn__mask_false,maskable_a2c__mask_true,-811770.303457,0.003906
episode_reward,dqn__mask_false,maskable_a2c__mask_true,-811301.309772,0.005859
episode_reward,dqn__mask_false,maskable_a2c__mask_true,-810832.316087,0.005859
episode_reward,dqn__mask_false,maskable_a2c__mask_true,-810363.322401,0.009766
episode_reward,dqn__mask_false,maskable_a2c__mask_true,-809894.328716,0.013672
episode_reward,dqn__mask_false,maskable_a2c__mask_true,-809425.335031,0.048828
episode_reward,dqn__mask_false,maskable_a2c__mask_true,-808956.341345,0.083984
episode_reward,dqn__mask_false,maskable_a2c__mask_true,-808487.347660,0.193359
episode_reward,dqn__mask_false,maskable_a2c__mask_true,-808018.353975,0.431641
episode_reward,dqn__mask_false,maskable_a2c__mask_true,-807549.360289,0.769531
episode_reward,dqn__mask_false,maskable_a2c__mask_true,-807080.366604,1.000000
episode_reward,dqn__mask_false,maskable_a2c__mask_true,-806611.372919,0.431641
episode_reward,dqn__mask_false,maskable_a2c__mask_true,-806142.379234,0.275391
episode_reward,dqn__mask_false,maskable_a2c__mask_true,-805673.385548,0.130859
episode_reward,dqn__mask_false,maskable_a2c__mask_true,-805204.391863,0.083984
episode_reward,dqn__mask_false,maskable_a2c__mask_true,-804735.398178,0.083984
episode_reward,dqn__mask_false,maskable_a2c__mask_true,-804266.404492,0.083984
episode_reward,dqn__mask_false,maskable_a2c__mask_true,-803797.410807,0.083984
episode_reward,dqn__mask_false,maskable_a2c__mask_true,-803328.417122,0.083984
episode_reward,dqn__mask_false,maskable_a2c__mask_true,-802859.423436,0.083984
episode_reward,dqn__mask_false,maskable_a2c__mask_true,-802390.429751,0.083984
episode_reward,dqn__mask_false,maskable_a2c__mask_true,-801921.436066,0.083984
episode_reward,dqn__mask_false,maskable_a2c__mask_true,-801452.442380,0.083984
episode_reward,dqn__mask_false,maskable_a2c__mask_true,-800983.448695,0.083984
episode_reward,dqn__mask_false,maskable_a2c__mask_true,-800514.455010,0.083984
episode_reward,dqn__mask_false,maskable_a2c__mask_true,-800045.461324,0.083984
episode_reward,dqn__mask_false,maskable_a2c__mask_true,-799576.467639,0.083984
episode_reward,dqn__mask_false,maskable_a2c__mask_true,-799107.473954,0.083984
episode_reward,dqn__mask_false,maskable_a2c__mask_true,-798638.480268,0.083984
episode_reward,dqn__mask_false,maskable_a2c__mask_true,-798169.486583,0.083984
episode_reward,dqn__mask_false,maskable_a2c__mask_true,-797700.492898,0.083984
episode_reward,dqn__mask_false,maskable_a2c__mask_true,-797231.499213,0.083984
episode_reward,dqn__mask_false,maskable_a2c__mask_true,-796762.505527,0.083984
episode_reward,dqn__mask_false,maskable_a2c__mask_true,-796293.511842,0.083984
episode_reward,dqn__mask_false,maskable_a2c__mask_true,-795824.518157,0.083984
episode_reward,dqn__mask_false,maskable_a2c__mask_true,-795355.524471,0.083984
episode_reward,dqn__mask_false,maskable_a2c__mask_true,-794886.530786,0.083984
episode_reward,dqn__mask_false,maskable_a2c__mask_true,-794417.537101,0.083984
episode_reward,dqn__mask_false,maskable_a2c__mask_true,-793948.543415,0.083984
episode_reward,dqn__mask_false,maskable_a2c__mask_true,-793479.549730,0.083984
episode_reward,dqn__mask_false,maskable_a2c__mask_true,-793010.556045,0.083984
episode_reward,dqn__mask_false,maskable_a2c__mask_true,-792541.562359,0.083984
episode_reward,dqn__mask_false,maskable_a2c__mask_true,-792072.568674,0.083984
episode_reward,dqn__mask_false,maskable_a2c__mask_true,-791603.574989,0.083984
episode_reward,dqn__mask_false,maskable_a2c__mask_true,-791134.581303,0.083984
episode_reward,dqn__mask_false,maskable_a2c__mask_true,-790665.587618,0.083984
episode_reward,dqn__mask_false,maskable_a2c__mask_true,-790196.593933,0.083984
episode_reward,dqn__mask_false,maskable_a2c__mask_true,-789727.600248,0.083984
episode_reward,dqn__mask_false,maskable_a2c__mask_true,-789258.606562,0.083984
episode_reward,dqn__mask_false,maskable_a2c__mask_true,-788789.612877,0.083984
episode_reward,dqn__mask_false,maskable_a2c__mask_true,-788320.619192,0.083984
episode_reward,dqn__mask_false,maskable_a2c__mask_true,-787851.625506,0.083984
episode_reward,dqn__mask_false,maskable_a2c__mask_true,-787382.631821,0.083984
episode_reward,dqn__mask_false,maskable_a2c__mask_true,-786913.638136,0.083984
episode_reward,dqn__mask_false,maskable_a2c__mask_true,-786444.644450,0.083984
episode_reward,dqn__mask_false,maskable_a2c__mask_true,-785975.650765,0.083984
episode_reward,dqn__mask_false,maskable_a2c__mask_true,-785506.657080,0.083984
episode_reward,dqn__mask_false,maskable_a2c__mask_true,-785037.663394,0.083984
episode_reward,dqn__mask_false,maskable_a2c__mask_true,-784568.669709,0.083984
episode_reward,dqn__mask_false,maskable_a2c__mask_true,-784099.676024,0.083984
episode_reward,dqn__mask_false,maskable_a2c__mask_true,-783630.682338,0.083984
episode_reward,dqn__mask_false,maskable_a2c__mask_true,-783161.688653,0.083984
episode_reward,dqn__mask_false,maskable_a2c__mask_true,-782692.694968,0.083984
episode_reward,dqn__mask_false,maskable_a2c__mask_true,-782223.701283,0.083984
episode_reward,dqn__mask_false,maskable_a2c__mask_true,-781754.707597,0.083984
episode_reward,dqn__mask_false,maskable_a2c__mask_true,-781285.713912,0.083984
episode_reward,dqn__mask_false,maskable_a2c__mask_true,-780816.720227,0.083984
episode_reward,dqn__mask_false,maskable_a2c__mask_true,-780347.726541,0.083984
episode_reward,dqn__mask_false,maskable_a2c__mask_true,-779878.732856,0.083984
episode_reward,dqn__mask_false,maskable_a2c__mask_true,-779409.739171,0.083984
episode_reward,dqn__mask_false,maskable_a2c__mask_true,-778940.745485,0.083984
episode_reward,dqn__mask_false,maskable_a2c__mask_true,-778471.751800,0.083984
episode_reward,dqn__mask_false,maskable_a2c__mask_true,-778002.758115,0.083984
episode_reward,dqn__mask_false,maskable_a2c__mask_true,-777533.764429,0.083984
episode_reward,dqn__mask_false,maskable_a2c__mask_true,-777064.770744,0.083984
episode_reward,dqn__mask_false,maskable_a2c__mask_true,-776595.777059,0.083984
episode_reward,dqn__mask_false,maskable_a2c__mask_true,-776126.783373,0.083984
episode_reward,dqn__mask_false,maskable_a2c__mask_true,-775657.789688,0.083984
episode_reward,dqn__mask_false,maskable_a2c__mask_true,-775188.796003,0.083984
episode_reward,dqn__mask_false,maskable_a2c__mask_true,-774719.802318,0.083984
episode_reward,dqn__mask_false,maskable_a2c__mask_true,-774250.808632,0.083984
episode_reward,dqn__mask_false,maskable_a2c__mask_true,-773781.814947,0.083984
episode_reward,dqn__mask_false,maskable_a2c__mask_true,-773312.821262,0.083984
episode_reward,dqn__mask_false,maskable_a2c__mask_true,-772843.827576,0.083984
episode_reward,dqn__mask_false,maskable_a2c__mask_true,-772374.833891,0.083984
episode_reward,dqn__mask_false,maskable_a2c__mask_true,-771905.840206,0.083984
episode_reward,dqn__mask_false,maskable_a2c__mask_true,-771436.846520,0.083984
episode_reward,dqn__mask_false,maskable_a2c__mask_true,-770967.852835,0.083984
episode_reward,dqn__mask_false,maskable_a2c__mask_true,-770498.859150,0.083984
episode_reward,dqn__mask_false,maskable_a2c__mask_true,-770029.865464,0.083984
episode_reward,dqn__mask_false,maskable_a2c__mask_true,-769560.871779,0.083984
episode_reward,dqn__mask_false,maskable_a2c__mask_true,-769091.878094,0.083984
episode_reward,dqn__mask_false,maskable_a2c__mask_true,-768622.884408,0.083984
episode_reward,dqn__mask_false,maskable_a2c__mask_true,-768153.890723,0.083984
episode_reward,dqn__mask_false,maskable_a2c__mask_true,-767684.897038,0.083984
episode_reward,dqn__mask_false,maskable_a2c__mask_true,-767215.903353,0.083984
episode_reward,dqn__mask_false,maskable_a2c__mask_true,-766746.909667,0.083984
episode_reward,dqn__mask_false,maskable_a2c__mask_true,-766277.915982,0.083984
episode_reward,dqn__mask_false,maskable_a2c__mask_true,-765808.922297,0.083984
episode_reward,dqn__mask_false,maskable_a2c__mask_true,-765339.928611,0.083984
episode_reward,dqn__mask_false,maskable_a2c__mask_true,-764870.934926,0.083984
episode_reward,dqn__mask_false,maskable_a2c__mask_true,-764401.941241,0.083984
episode_reward,dqn__mask_false,maskable_a2c__mask_true,-763932.947555,0.083984
episode_reward,dqn__mask_false,maskable_a2c__mask_true,-763463.953870,0.083984
episode_reward,dqn__mask_false,maskable_a2c__mask_true,-762994.960185,0.083984
episode_reward,dqn__mask_false,maskable_a2c__mask_true,-762525.966499,0.083984
episode_reward,dqn__mask_false,maskable_a2c__mask_true,-762056.972814,0.083984
episode_reward,dqn__mask_false,maskable_a2c__mask_true,-761587.979129,0.083984
episode_reward,dqn__mask_false,maskable_a2c__mask_true,-761118.985443,0.083984
episode_reward,dqn__mask_false,maskable_a2c__mask_true,-760649.991758,0.064453
episode_reward,dqn__mask_false,maskable_a2c__mask_true,-760180.998073,0.048828
episode_reward,dqn__mask_false,maskable_a2c__mask_true,-759712.004387,0.048828
episode_reward,dqn__mask_false,maskable_a2c__mask_true,-759243.010702,0.048828
episode_reward,dqn__mask_false,maskable_a2c__mask_true,-758774.017017,0.027344
episode_reward,dqn__mask_false,maskable_a2c__mask_true,-758305.023332,0.013672
episode_reward,dqn__mask_false,maskable_a2c__mask_true,-757836.029646,0.009766
episode_reward,dqn__mask_false,maskable_a2c__mask_true,-757367.035961,0.003906
episode_reward,dqn__mask_false,maskable_a2c__mask_true,-756898.042276,0.003906
episode_reward,dqn__mask_false,maskable_a2c__mask_true,-756429.048590,0.003906
episode_reward,dqn__mask_false,maskable_a2c__mask_true,-755960.054905,0.003906
episode_reward,dqn__mask_false,maskable_a2c__mask_true,-755491.061220,0.003906
episode_reward,dqn__mask_false,maskable_a2c__mask_true,-755022.067534,0.003906
episode_reward,dqn__mask_false,maskable_a2c__mask_true,-754553.073849,0.003906
episode_reward,dqn__mask_false,maskable_a2c__mask_true,-754084.080164,0.003906
episode_reward,dqn__mask_false,maskable_a2c__mask_true,-753615.086478,0.003906
episode_reward,dqn__mask_false,maskable_a2c__mask_true,-753146.092793,0.003906
episode_reward,dqn__mask_false,maskable_a2c__mask_true,-752677.099108,0.003906
episode_reward,dqn__mask_false,maskable_a2c__mask_true,-752208.105422,0.003906
episode_reward,dqn__mask_false,maskable_a2c__mask_true,-751739.111737,0.003906
episode_reward,dqn__mask_false,maskable_a2c__mask_true,-751270.118052,0.003906
episode_reward,dqn__mask_false,maskable_a2c__mask_true,-750801.124367,0.003906
episode_reward,dqn__mask_false,maskable_a2c__mask_true,-750332.130681,0.003906
episode_reward,dqn__mask_false,maskable_a2c__mask_true,-749863.136996,0.003906
episode_reward,dqn__mask_false,maskable_a2c__mask_true,-749394.143311,0.003906
episode_reward,dqn__mask_false,maskable_a2c__mask_true,-748925.149625,0.003906
episode_reward,dqn__mask_false,maskable_a2c__mask_true,-748456.155940,0.003906
episode_reward,dqn__mask_false,maskable_a2c__mask_true,-747987.162255,0.003906
episode_reward,dqn__mask_false,maskable_a2c__mask_true,-747518.168569,0.003906
episode_reward,dqn__mask_false,maskable_a2c__mask_true,-747049.174884,0.003906
episode_reward,dqn__mask_false,maskable_a2c__mask_true,-746580.181199,0.003906
episode_reward,dqn__mask_false,maskable_a2c__mask_true,-746111.187513,0.003906
episode_reward,dqn__mask_false,maskable_a2c__mask_true,-745642.193828,0.003906
episode_reward,dqn__mask_false,maskable_a2c__mask_true,-745173.200143,0.003906
episode_reward,dqn__mask_false,maskable_a2c__mask_true,-744704.206457,0.003906
episode_reward,dqn__mask_false,maskable_a2c__mask_true,-744235.212772,0.003906
episode_reward,dqn__mask_false,maskable_a2c__mask_true,-743766.219087,0.003906
episode_reward,dqn__mask_false,maskable_a2c__mask_true,-743297.225402,0.003906
episode_reward,dqn__mask_false,maskable_a2c__mask_true,-742828.231716,0.003906
episode_reward,dqn__mask_false,maskable_a2c__mask_true,-742359.238031,0.003906
episode_reward,dqn__mask_false,maskable_a2c__mask_true,-741890.244346,0.003906
episode_reward,dqn__mask_false,maskable_a2c__mask_true,-741421.250660,0.003906
episode_reward,dqn__mask_false,maskable_a2c__mask_true,-740952.256975,0.003906
episode_reward,dqn__mask_false,maskable_a2c__mask_true,-740483.263290,0.003906
episode_reward,dqn__mask_false,maskable_a2c__mask_true,-740014.269604,0.003906
episode_reward,dqn__mask_false,maskable_a2c__mask_true,-739545.275919,0.003906
episode_reward,dqn__mask_false,maskable_a2c__mask_true,-739076.282234,0.003906
episode_reward,dqn__mask_false,maskable_a2c__mask_true,-738607.288548,0.003906
episode_reward,dqn__mask_false,maskable_a2c__mask_true,-738138.294863,0.003906
episode_reward,dqn__mask_false,maskable_a2c__mask_true,-737669.301178,0.003906
episode_reward,dqn__mask_false,maskable_a2c__mask_true,-737200.307492,0.003906
episode_reward,dqn__mask_false,maskable_a2c__mask_true,-736731.313807,0.003906
episode_reward,dqn__mask_false,maskable_a2c__mask_true,-736262.320122,0.003906
episode_reward,dqn__mask_false,maskable_a2c__mask_true,-735793.326437,0.003906
episode_reward,dqn__mask_false,maskable_a2c__mask_true,-735324.332751,0.003906
episode_reward,dqn__mask_false,maskable_a2c__mask_true,-734855.339066,0.003906
episode_reward,dqn__mask_false,maskable_a2c__mask_true,-734386.345381,0.003906
episode_reward,dqn__mask_false,maskable_a2c__mask_true,-733917.351695,0.003906
episode_reward,dqn__mask_false,maskable_a2c__mask_true,-733448.358010,0.003906
episode_reward,dqn__mask_false,maskable_a2c__mask_true,-732979.364325,0.003906
episode_reward,dqn__mask_false,maskable_a2c__mask_true,-732510.370639,0.003906
episode_reward,dqn__mask_false,maskable_a2c__mask_true,-732041.376954,0.003906
episode_reward,dqn__mask_false,maskable_a2c__mask_true,-731572.383269,0.003906
episode_reward,dqn__mask_false,maskable_a2c__mask_true,-731103.389583,0.003906
episode_reward,dqn__mask_false,maskable_a2c__mask_true,-730634.395898,0.003906
episode_reward,dqn__mask_false,maskable_a2c__mask_true,-730165.402213,0.003906
episode_reward,dqn__mask_false,maskable_a2c__mask_true,-729696.408527,0.003906
episode_reward,dqn__mask_false,maskable_a2c__mask_true,-729227.414842,0.003906
episode_reward,dqn__mask_false,maskable_a2c__mask_true,-728758.421157,0.003906
episode_reward,dqn__mask_false,maskable_a2c__mask_true,-728289.427472,0.003906
episode_reward,dqn__mask_false,maskable_a2c__mask_true,-727820.433786,0.003906
episode_reward,dqn__mask_false,maskable_a2c__mask_true,-727351.440101,0.003906
episode_reward,dqn__mask_false,maskable_a2c__mask_true,-726882.446416,0.003906
episode_reward,dqn__mask_false,maskable_a2c__mask_true,-726413.452730,0.003906
episode_reward,dqn__mask_false,maskable_a2c__mask_true,-725944.459045,0.003906
episode_reward,dqn__mask_false,maskable_a2c__mask_true,-725475.465360,0.003906
episode_reward,dqn__mask_false,maskable_a2c__mask_true,-725006.471674,0.003906
episode_reward,dqn__mask_false,maskable_a2c__mask_true,-724537.477989,0.003906
episode_reward,dqn__mask_false,maskable_a2c__mask_true,-724068.484304,0.003906
episode_reward,dqn__mask_false,maskable_a2c__mask_true,-723599.490618,0.003906
episode_reward,dqn__mask_false,maskable_a2c__mask_true,-723130.496933,0.003906
episode_reward,dqn__mask_false,maskable_a2c__mask_true,-722661.503248,0.003906
episode_reward,dqn__mask_false,maskable_a2c__mask_true,-722192.509562,0.003906
episode_reward,dqn__mask_false,maskable_a2c__mask_true,-721723.515877,0.003906
episode_reward,dqn__mask_false,maskable_a2c__mask_true,-721254.522192,0.003906
episode_reward,dqn__mask_false,maskable_a2c__mask_true,-720785.528507,0.003906
episode_reward,dqn__mask_false,maskable_a2c__mask_true,-720316.534821,0.003906
episode_reward,dqn__mask_false,maskable_a2c__mask_true,-719847.541136,0.003906
episode_reward,dqn__mask_false,maskable_a2c__mask_true,-719378.547451,0.003906
episode_reward,dqn__mask_false,maskable_a2c__mask_true,-718909.553765,0.003906
episode_reward,dqn__mask_false,maskable_a2c__mask_true,-718440.560080,0.003906
episode_reward,dqn__mask_false,maskable_ppo__mask_true,-811769.694447,0.003906
episode_reward,dqn__mask_false,maskable_ppo__mask_true,-811300.680420,0.005859
episode_reward,dqn__mask_false,maskable_ppo__mask_true,-810831.666393,0.005859
episode_reward,dqn__mask_false,maskable_ppo__mask_true,-810362.652366,0.009766
episode_reward,dqn__mask_false,maskable_ppo__mask_true,-809893.638339,0.013672
episode_reward,dqn__mask_false,maskable_ppo__mask_true,-809424.624311,0.048828
episode_reward,dqn__mask_false,maskable_ppo__mask_true,-808955.610284,0.083984
episode_reward,dqn__mask_false,maskable_ppo__mask_true,-808486.596257,0.193359
episode_reward,dqn__mask_false,maskable_ppo__mask_true,-808017.582230,0.431641
episode_reward,dqn__mask_false,maskable_ppo__mask_true,-807548.568203,0.769531
episode_reward,dqn__mask_false,maskable_ppo__mask_true,-807079.554176,1.000000
episode_reward,dqn__mask_false,maskable_ppo__mask_true,-806610.540149,0.492188
episode_reward,dqn__mask_false,maskable_ppo__mask_true,-806141.526122,0.275391
episode_reward,dqn__mask_false,maskable_ppo__mask_true,-805672.512095,0.160156
episode_reward,dqn__mask_false,maskable_ppo__mask_true,-805203.498067,0.083984
episode_reward,dqn__mask_false,maskable_ppo__mask_true,-804734.484040,0.083984
episode_reward,dqn__mask_false,maskable_ppo__mask_true,-804265.470013,0.083984
episode_reward,dqn__mask_false,maskable_ppo__mask_true,-803796.455986,0.083984
episode_reward,dqn__mask_false,maskable_ppo__mask_true,-803327.441959,0.083984
episode_reward,dqn__mask_false,maskable_ppo__mask_true,-802858.427932,0.083984
episode_reward,dqn__mask_false,maskable_ppo__mask_true,-802389.413905,0.083984
episode_reward,dqn__mask_false,maskable_ppo__mask_true,-801920.399878,0.083984
episode_reward,dqn__mask_false,maskable_ppo__mask_true,-801451.385851,0.083984
episode_reward,dqn__mask_false,maskable_ppo__mask_true,-800982.371823,0.083984
episode_reward,dqn__mask_false,maskable_ppo__mask_true,-800513.357796,0.083984
episode_reward,dqn__mask_false,maskable_ppo__mask_true,-800044.343769,0.083984
episode_reward,dqn__mask_false,maskable_ppo__mask_true,-799575.329742,0.083984
episode_reward,dqn__mask_false,maskable_ppo__mask_true,-799106.315715,0.083984
episode_reward,dqn__mask_false,maskable_ppo__mask_true,-798637.301688,0.083984
episode_reward,dqn__mask_false,maskable_ppo__mask_true,-798168.287661,0.083984
episode_reward,dqn__mask_false,maskable_ppo__mask_true,-797699.273634,0.083984
episode_reward,dqn__mask_false,maskable_ppo__mask_true,-797230.259607,0.083984
episode_reward,dqn__mask_false,maskable_ppo__mask_true,-796761.245579,0.083984
episode_reward,dqn__mask_false,maskable_ppo__mask_true,-796292.231552,0.083984
episode_reward,dqn__mask_false,maskable_ppo__mask_true,-795823.217525,0.083984
episode_reward,dqn__mask_false,maskable_ppo__mask_true,-795354.203498,0.083984
episode_reward,dqn__mask_false,maskable_ppo__mask_true,-794885.189471,0.083984
episode_reward,dqn__mask_false,maskable_ppo__mask_true,-794416.175444,0.083984
episode_reward,dqn__mask_false,maskable_ppo__mask_true,-793947.161417,0.083984
episode_reward,dqn__mask_false,maskable_ppo__mask_true,-793478.147390,0.083984
episode_reward,dqn__mask_false,maskable_ppo__mask_true,-793009.133363,0.083984
episode_reward,dqn__mask_false,maskable_ppo__mask_true,-792540.119335,0.083984
episode_reward,dqn__mask_false,maskable_ppo__mask_true,-792071.105308,0.083984
episode_reward,dqn__mask_false,maskable_ppo__mask_true,-791602.091281,0.083984
episode_reward,dqn__mask_false,maskable_ppo__mask_true,-791133.077254,0.083984
episode_reward,dqn__mask_false,maskable_ppo__mask_true,-790664.063227,0.083984
episode_reward,dqn__mask_false,maskable_ppo__mask_true,-790195.049200,0.083984
episode_reward,dqn__mask_false,maskable_ppo__mask_true,-789726.035173,0.083984
episode_reward,dqn__mask_false,maskable_ppo__mask_true,-789257.021146,0.083984
episode_reward,dqn__mask_false,maskable_ppo__mask_true,-788788.007119,0.083984
episode_reward,dqn__mask_false,maskable_ppo__mask_true,-788318.993091,0.083984
episode_reward,dqn__mask_false,maskable_ppo__mask_true,-787849.979064,0.083984
episode_reward,dqn__mask_false,maskable_ppo__mask_true,-787380.965037,0.083984
episode_reward,dqn__mask_false,maskable_ppo__mask_true,-786911.951010,0.083984
episode_reward,dqn__mask_false,maskable_ppo__mask_true,-786442.936983,0.083984
episode_reward,dqn__mask_false,maskable_ppo__mask_true,-785973.922956,0.083984
episode_reward,dqn__mask_false,maskable_ppo__mask_true,-785504.908929,0.083984
episode_reward,dqn__mask_false,maskable_ppo__mask_true,-785035.894902,0.083984
episode_reward,dqn__mask_false,maskable_ppo__mask_true,-784566.880875,0.083984
episode_reward,dqn__mask_false,maskable_ppo__mask_true,-784097.866847,0.083984
episode_reward,dqn__mask_false,maskable_ppo__mask_true,-783628.852820,0.083984
episode_reward,dqn__mask_false,maskable_ppo__mask_true,-783159.838793,0.083984
episode_reward,dqn__mask_false,maskable_ppo__mask_true,-782690.824766,0.083984
episode_reward,dqn__mask_false,maskable_ppo__mask_true,-782221.810739,0.083984
episode_reward,dqn__mask_false,maskable_ppo__mask_true,-781752.796712,0.083984
episode_reward,dqn__mask_false,maskable_ppo__mask_true,-781283.782685,0.083984
episode_reward,dqn__mask_false,maskable_ppo__mask_true,-780814.768658,0.083984
episode_reward,dqn__mask_false,maskable_ppo__mask_true,-780345.754631,0.083984
episode_reward,dqn__mask_false,maskable_ppo__mask_true,-779876.740603,0.083984
episode_reward,dqn__mask_false,maskable_ppo__mask_true,-779407.726576,0.083984
episode_reward,dqn__mask_false,maskable_ppo__mask_true,-778938.712549,0.083984
episode_reward,dqn__mask_false,maskable_ppo__mask_true,-778469.698522,0.083984
episode_reward,dqn__mask_false,maskable_ppo__mask_true,-778000.684495,0.083984
episode_reward,dqn__mask_false,maskable_ppo__mask_true,-777531.670468,0.083984
episode_reward,dqn__mask_false,maskable_ppo__mask_true,-777062.656441,0.083984
episode_reward,dqn__mask_false,maskable_ppo__mask_true,-776593.642414,0.083984
episode_reward,dqn__mask_false,maskable_ppo__mask_true,-776124.628387,0.083984
episode_reward,dqn__mask_false,maskable_ppo__mask_true,-775655.614359,0.083984
episode_reward,dqn__mask_false,maskable_ppo__mask_true,-775186.600332,0.083984
episode_reward,dqn__mask_false,maskable_ppo__mask_true,-774717.586305,0.083984
episode_reward,dqn__mask_false,maskable_ppo__mask_true,-774248.572278,0.083984
episode_reward,dqn__mask_false,maskable_ppo__mask_true,-773779.558251,0.083984
episode_reward,dqn__mask_false,maskable_ppo__mask_true,-773310.544224,0.083984
episode_reward,dqn__mask_false,maskable_ppo__mask_true,-772841.530197,0.083984
episode_reward,dqn__mask_false,maskable_ppo__mask_true,-772372.516170,0.083984
episode_reward,dqn__mask_false,maskable_ppo__mask_true,-771903.502142,0.083984
episode_reward,dqn__mask_false,maskable_ppo__mask_true,-771434.488115,0.083984
episode_reward,dqn__mask_false,maskable_ppo__mask_true,-770965.474088,0.083984
episode_reward,dqn__mask_false,maskable_ppo__mask_true,-770496.460061,0.083984
episode_reward,dqn__mask_false,maskable_ppo__mask_true,-770027.446034,0.083984
episode_reward,dqn__mask_false,maskable_ppo__mask_true,-769558.432007,0.083984
episode_reward,dqn__mask_false,maskable_ppo__mask_true,-769089.417980,0.083984
episode_reward,dqn__mask_false,maskable_ppo__mask_true,-768620.403953,0.083984
episode_reward,dqn__mask_false,maskable_ppo__mask_true,-768151.389926,0.083984
episode_reward,dqn__mask_false,maskable_ppo__mask_true,-767682.375898,0.083984
episode_reward,dqn__mask_false,maskable_ppo__mask_true,-767213.361871,0.083984
episode_reward,dqn__mask_false,maskable_ppo__mask_true,-766744.347844,0.083984
episode_reward,dqn__mask_false,maskable_ppo__mask_true,-766275.333817,0.083984
episode_reward,dqn__mask_false,maskable_ppo__mask_true,-765806.319790,0.083984
episode_reward,dqn__mask_false,maskable_ppo__mask_true,-765337.305763,0.083984
episode_reward,dqn__mask_false,maskable_ppo__mask_true,-764868.291736,0.083984
episode_reward,dqn__mask_false,maskable_ppo__mask_true,-764399.277709,0.083984
episode_reward,dqn__mask_false,maskable_ppo__mask_true,-763930.263682,0.083984
episode_reward,dqn__mask_false,maskable_ppo__mask_true,-763461.249654,0.083984
episode_reward,dqn__mask_false,maskable_ppo__mask_true,-762992.235627,0.083984
episode_reward,dqn__mask_false,maskable_ppo__mask_true,-762523.221600,0.083984
episode_reward,dqn__mask_false,maskable_ppo__mask_true,-762054.207573,0.083984
episode_reward,dqn__mask_false,maskable_ppo__mask_true,-761585.193546,0.083984
episode_reward,dqn__mask_false,maskable_ppo__mask_true,-761116.179519,0.083984
episode_reward,dqn__mask_false,maskable_ppo__mask_true,-760647.165492,0.064453
episode_reward,dqn__mask_false,maskable_ppo__mask_true,-760178.151465,0.048828
episode_reward,dqn__mask_false,maskable_ppo__mask_true,-759709.137438,0.048828
episode_reward,dqn__mask_false,maskable_ppo__mask_true,-759240.123410,0.048828
episode_reward,dqn__mask_false,maskable_ppo__mask_true,-758771.109383,0.027344
episode_reward,dqn__mask_false,maskable_ppo__mask_true,-758302.095356,0.013672
episode_reward,dqn__mask_false,maskable_ppo__mask_true,-757833.081329,0.009766
episode_reward,dqn__mask_false,maskable_ppo__mask_true,-757364.067302,0.003906
episode_reward,dqn__mask_false,maskable_ppo__mask_true,-756895.053275,0.003906
episode_reward,dqn__mask_false,maskable_ppo__mask_true,-756426.039248,0.003906
episode_reward,dqn__mask_false,maskable_ppo__mask_true,-755957.025221,0.003906
episode_reward,dqn__mask_false,maskable_ppo__mask_true,-755488.011194,0.003906
episode_reward,dqn__mask_false,maskable_ppo__mask_true,-755018.997166,0.003906
episode_reward,dqn__mask_false,maskable_ppo__mask_true,-754549.983139,0.003906
episode_reward,dqn__mask_false,maskable_ppo__mask_true,-754080.969112,0.003906
episode_reward,dqn__mask_false,maskable_ppo__mask_true,-753611.955085,0.003906
episode_reward,dqn__mask_false,maskable_ppo__mask_true,-753142.941058,0.003906
episode_reward,dqn__mask_false,maskable_ppo__mask_true,-752673.927031,0.003906
episode_reward,dqn__mask_false,maskable_ppo__mask_true,-752204.913004,0.003906
episode_reward,dqn__mask_false,maskable_ppo__mask_true,-751735.898977,0.003906
episode_reward,dqn__mask_false,maskable_ppo__mask_true,-751266.884950,0.003906
episode_reward,dqn__mask_false,maskable_ppo__mask_true,-750797.870922,0.003906
episode_reward,dqn__mask_false,maskable_ppo__mask_true,-750328.856895,0.003906
episode_reward,dqn__mask_false,maskable_ppo__mask_true,-749859.842868,0.003906
episode_reward,dqn__mask_false,maskable_ppo__mask_true,-749390.828841,0.003906
episode_reward,dqn__mask_false,maskable_ppo__mask_true,-748921.814814,0.003906
episode_reward,dqn__mask_false,maskable_ppo__mask_true,-748452.800787,0.003906
episode_reward,dqn__mask_false,maskable_ppo__mask_true,-747983.786760,0.003906
episode_reward,dqn__mask_false,maskable_ppo__mask_true,-747514.772733,0.003906
episode_reward,dqn__mask_false,maskable_ppo__mask_true,-747045.758706,0.003906
episode_reward,dqn__mask_false,maskable_ppo__mask_true,-746576.744678,0.003906
episode_reward,dqn__mask_false,maskable_ppo__mask_true,-746107.730651,0.003906
episode_reward,dqn__mask_false,maskable_ppo__mask_true,-745638.716624,0.003906
episode_reward,dqn__mask_false,maskable_ppo__mask_true,-745169.702597,0.003906
episode_reward,dqn__mask_false,maskable_ppo__mask_true,-744700.688570,0.003906
episode_reward,dqn__mask_false,maskable_ppo__mask_true,-744231.674543,0.003906
episode_reward,dqn__mask_false,maskable_ppo__mask_true,-743762.660516,0.003906
episode_reward,dqn__mask_false,maskable_ppo__mask_true,-743293.646489,0.003906
episode_reward,dqn__mask_false,maskable_ppo__mask_true,-742824.632462,0.003906
episode_reward,dqn__mask_false,maskable_ppo__mask_true,-742355.618434,0.003906
episode_reward,dqn__mask_false,maskable_ppo__mask_true,-741886.604407,0.003906
episode_reward,dqn__mask_false,maskable_ppo__mask_true,-741417.590380,0.003906
episode_reward,dqn__mask_false,maskable_ppo__mask_true,-740948.576353,0.003906
episode_reward,dqn__mask_false,maskable_ppo__mask_true,-740479.562326,0.003906
episode_reward,dqn__mask_false,maskable_ppo__mask_true,-740010.548299,0.003906
episode_reward,dqn__mask_false,maskable_ppo__mask_true,-739541.534272,0.003906
episode_reward,dqn__mask_false,maskable_ppo__mask_true,-739072.520245,0.003906
episode_reward,dqn__mask_false,maskable_ppo__mask_true,-738603.506218,0.003906
episode_reward,dqn__mask_false,maskable_ppo__mask_true,-738134.492190,0.003906
episode_reward,dqn__mask_false,maskable_ppo__mask_true,-737665.478163,0.003906
episode_reward,dqn__mask_false,maskable_ppo__mask_true,-737196.464136,0.003906
episode_reward,dqn__mask_false,maskable_ppo__mask_true,-736727.450109,0.003906
episode_reward,dqn__mask_false,maskable_ppo__mask_true,-736258.436082,0.003906
episode_reward,dqn__mask_false,maskable_ppo__mask_true,-735789.422055,0.003906
episode_reward,dqn__mask_false,maskable_ppo__mask_true,-735320.408028,0.003906
episode_reward,dqn__mask_false,maskable_ppo__mask_true,-734851.394001,0.003906
episode_reward,dqn__mask_false,maskable_ppo__mask_true,-734382.379974,0.003906
episode_reward,dqn__mask_false,maskable_ppo__mask_true,-733913.365946,0.003906
episode_reward,dqn__mask_false,maskable_ppo__mask_true,-733444.351919,0.003906
episode_reward,dqn__mask_false,maskable_ppo__mask_true,-732975.337892,0.003906
episode_reward,dqn__mask_false,maskable_ppo__mask_true,-732506.323865,0.003906
episode_reward,dqn__mask_false,maskable_ppo__mask_true,-732037.309838,0.003906
episode_reward,dqn__mask_false,maskable_ppo__mask_true,-731568.295811,0.003906
episode_reward,dqn__mask_false,maskable_ppo__mask_true,-731099.281784,0.003906
episode_reward,dqn__mask_false,maskable_ppo__mask_true,-730630.267757,0.003906
episode_reward,dqn__mask_false,maskable_ppo__mask_true,-730161.253730,0.003906
episode_reward,dqn__mask_false,maskable_ppo__mask_true,-729692.239702,0.003906
episode_reward,dqn__mask_false,maskable_ppo__mask_true,-729223.225675,0.003906
episode_reward,dqn__mask_false,maskable_ppo__mask_true,-728754.211648,0.003906
episode_reward,dqn__mask_false,maskable_ppo__mask_true,-728285.197621,0.003906
episode_reward,dqn__mask_false,maskable_ppo__mask_true,-727816.183594,0.003906
episode_reward,dqn__mask_false,maskable_ppo__mask_true,-727347.169567,0.003906
episode_reward,dqn__mask_false,maskable_ppo__mask_true,-726878.155540,0.003906
episode_reward,dqn__mask_false,maskable_ppo__mask_true,-726409.141513,0.003906
episode_reward,dqn__mask_false,maskable_ppo__mask_true,-725940.127486,0.003906
episode_reward,dqn__mask_false,maskable_ppo__mask_true,-725471.113458,0.003906
episode_reward,dqn__mask_false,maskable_ppo__mask_true,-725002.099431,0.003906
episode_reward,dqn__mask_false,maskable_ppo__mask_true,-724533.085404,0.003906
episode_reward,dqn__mask_false,maskable_ppo__mask_true,-724064.071377,0.003906
episode_reward,dqn__mask_false,maskable_ppo__mask_true,-723595.057350,0.003906
episode_reward,dqn__mask_false,maskable_ppo__mask_true,-723126.043323,0.003906
episode_reward,dqn__mask_false,maskable_ppo__mask_true,-722657.029296,0.003906
episode_reward,dqn__mask_false,maskable_ppo__mask_true,-722188.015269,0.003906
episode_reward,dqn__mask_false,maskable_ppo__mask_true,-721719.001242,0.003906
episode_reward,dqn__mask_false,maskable_ppo__mask_true,-721249.987214,0.003906
episode_reward,dqn__mask_false,maskable_ppo__mask_true,-720780.973187,0.003906
episode_reward,dqn__mask_false,maskable_ppo__mask_true,-720311.959160,0.003906
episode_reward,dqn__mask_false,maskable_ppo__mask_true,-719842.945133,0.003906
episode_reward,dqn__mask_false,maskable_ppo__mask_true,-719373.931106,0.003906
episode_reward,dqn__mask_false,maskable_ppo__mask_true,-718904.917079,0.003906
episode_reward,dqn__mask_false,maskable_ppo__mask_true,-718435.903052,0.003906
episode_reward,maskable_a2c__mask_true,ppo__mask_false,805274.642726,0.003906
episode_reward,maskable_a2c__mask_true,ppo__mask_false,805307.765099,0.003906
episode_reward,maskable_a2c__mask_true,ppo__mask_false,805340.887473,0.003906
episode_reward,maskable_a2c__mask_true,ppo__mask_false,805374.009846,0.003906
episode_reward,maskable_a2c__mask_true,ppo__mask_false,805407.132219,0.005859
episode_reward,maskable_a2c__mask_true,ppo__mask_false,805440.254593,0.005859
episode_reward,maskable_a2c__mask_true,ppo__mask_false,805473.376966,0.005859
episode_reward,maskable_a2c__mask_true,ppo__mask_false,805506.499339,0.005859
episode_reward,maskable_a2c__mask_true,ppo__mask_false,805539.621713,0.005859
episode_reward,maskable_a2c__mask_true,ppo__mask_false,805572.744086,0.009766
episode_reward,maskable_a2c__mask_true,ppo__mask_false,805605.866459,0.009766
episode_reward,maskable_a2c__mask_true,ppo__mask_false,805638.988833,0.009766
episode_reward,maskable_a2c__mask_true,ppo__mask_false,805672.111206,0.009766
episode_reward,maskable_a2c__mask_true,ppo__mask_false,805705.233580,0.009766
episode_reward,maskable_a2c__mask_true,ppo__mask_false,805738.355953,0.009766
episode_reward,maskable_a2c__mask_true,ppo__mask_false,805771.478326,0.009766
episode_reward,maskable_a2c__mask_true,ppo__mask_false,805804.600700,0.009766
episode_reward,maskable_a2c__mask_true,ppo__mask_false,805837.723073,0.009766
episode_reward,maskable_a2c__mask_true,ppo__mask_false,805870.845446,0.009766
episode_reward,maskable_a2c__mask_true,ppo__mask_false,805903.967820,0.013672
episode_reward,maskable_a2c__mask_true,ppo__mask_false,805937.090193,0.013672
episode_reward,maskable_a2c__mask_true,ppo__mask_false,805970.212566,0.013672
episode_reward,maskable_a2c__mask_true,ppo__mask_false,806003.334940,0.013672
episode_reward,maskable_a2c__mask_true,ppo__mask_false,806036.457313,0.019531
episode_reward,maskable_a2c__mask_true,ppo__mask_false,806069.579686,0.019531
episode_reward,maskable_a2c__mask_true,ppo__mask_false,806102.702060,0.019531
episode_reward,maskable_a2c__mask_true,ppo__mask_false,806135.824433,0.019531
episode_reward,maskable_a2c__mask_true,ppo__mask_false,806168.946807,0.019531
episode_reward,maskable_a2c__mask_true,ppo__mask_false,806202.069180,0.027344
episode_reward,maskable_a2c__mask_true,ppo__mask_false,806235.191553,0.027344
episode_reward,maskable_a2c__mask_true,ppo__mask_false,806268.313927,0.027344
episode_reward,maskable_a2c__mask_true,ppo__mask_false,806301.436300,0.027344
episode_reward,maskable_a2c__mask_true,ppo__mask_false,806334.558673,0.027344
episode_reward,maskable_a2c__mask_true,ppo__mask_false,806367.681047,0.037109
episode_reward,maskable_a2c__mask_true,ppo__mask_false,806400.803420,0.037109
episode_reward,maskable_a2c__mask_true,ppo__mask_false,806433.925793,0.037109
episode_reward,maskable_a2c__mask_true,ppo__mask_false,806467.048167,0.037109
episode_reward,maskable_a2c__mask_true,ppo__mask_false,806500.170540,0.037109
episode_reward,maskable_a2c__mask_true,ppo__mask_false,806533.292913,0.048828
episode_reward,maskable_a2c__mask_true,ppo__mask_false,806566.415287,0.048828
episode_reward,maskable_a2c__mask_true,ppo__mask_false,806599.537660,0.048828
episode_reward,maskable_a2c__mask_true,ppo__mask_false,806632.660034,0.048828
episode_reward,maskable_a2c__mask_true,ppo__mask_false,806665.782407,0.048828
episode_reward,maskable_a2c__mask_true,ppo__mask_false,806698.904780,0.048828
episode_reward,maskable_a2c__mask_true,ppo__mask_false,806732.027154,0.048828
episode_reward,maskable_a2c__mask_true,ppo__mask_false,806765.149527,0.048828
episode_reward,maskable_a2c__mask_true,ppo__mask_false,806798.271900,0.048828
episode_reward,maskable_a2c__mask_true,ppo__mask_false,806831.394274,0.064453
episode_reward,maskable_a2c__mask_true,ppo__mask_false,806864.516647,0.064453
episode_reward,maskable_a2c__mask_true,ppo__mask_false,806897.639020,0.064453
episode_reward,maskable_a2c__mask_true,ppo__mask_false,806930.761394,0.064453
episode_reward,maskable_a2c__mask_true,ppo__mask_false,806963.883767,0.064453
episode_reward,maskable_a2c__mask_true,ppo__mask_false,806997.006140,0.064453
episode_reward,maskable_a2c__mask_true,ppo__mask_false,807030.128514,0.064453
episode_reward,maskable_a2c__mask_true,ppo__mask_false,807063.250887,0.064453
episode_reward,maskable_a2c__mask_true,ppo__mask_false,807096.373261,0.064453
episode_reward,maskable_a2c__mask_true,ppo__mask_false,807129.495634,0.064453
episode_reward,maskable_a2c__mask_true,ppo__mask_false,807162.618007,0.083984
episode_reward,maskable_a2c__mask_true,ppo__mask_false,807195.740381,0.083984
episode_reward,maskable_a2c__mask_true,ppo__mask_false,807228.862754,0.083984
episode_reward,maskable_a2c__mask_true,ppo__mask_false,807261.985127,0.083984
episode_reward,maskable_a2c__mask_true,ppo__mask_false,807295.107501,0.083984
episode_reward,maskable_a2c__mask_true,ppo__mask_false,807328.229874,0.083984
episode_reward,maskable_a2c__mask_true,ppo__mask_false,807361.352247,0.083984
episode_reward,maskable_a2c__mask_true,ppo__mask_false,807394.474621,0.083984
episode_reward,maskable_a2c__mask_true,ppo__mask_false,807427.596994,0.083984
episode_reward,maskable_a2c__mask_true,ppo__mask_false,807460.719368,0.083984
episode_reward,maskable_a2c__mask_true,ppo__mask_false,807493.841741,0.083984
episode_reward,maskable_a2c__mask_true,ppo__mask_false,807526.964114,0.105469
episode_reward,maskable_a2c__mask_true,ppo__mask_false,807560.086488,0.105469
episode_reward,maskable_a2c__mask_true,ppo__mask_false,807593.208861,0.105469
episode_reward,maskable_a2c__mask_true,ppo__mask_false,807626.331234,0.105469
episode_reward,maskable_a2c__mask_true,ppo__mask_false,807659.453608,0.130859
episode_reward,maskable_a2c__mask_true,ppo__mask_false,807692.575981,0.130859
episode_reward,maskable_a2c__mask_true,ppo__mask_false,807725.698354,0.130859
episode_reward,maskable_a2c__mask_true,ppo__mask_false,807758.820728,0.130859
episode_reward,maskable_a2c__mask_true,ppo__mask_false,807791.943101,0.130859
episode_reward,maskable_a2c__mask_true,ppo__mask_false,807825.065474,0.130859
episode_reward,maskable_a2c__mask_true,ppo__mask_false,807858.187848,0.130859
episode_reward,maskable_a2c__mask_true,ppo__mask_false,807891.310221,0.130859
episode_reward,maskable_a2c__mask_true,ppo__mask_false,807924.432595,0.130859
episode_reward,maskable_a2c__mask_true,ppo__mask_false,807957.554968,0.130859
episode_reward,maskable_a2c__mask_true,ppo__mask_false,807990.677341,0.130859
episode_reward,maskable_a2c__mask_true,ppo__mask_false,808023.799715,0.130859
episode_reward,maskable_a2c__mask_true,ppo__mask_false,808056.922088,0.130859
episode_reward,maskable_a2c__mask_true,ppo__mask_false,808090.044461,0.130859
episode_reward,maskable_a2c__mask_true,ppo__mask_false,808123.166835,0.130859
episode_reward,maskable_a2c__mask_true,ppo__mask_false,808156.289208,0.160156
episode_reward,maskable_a2c__mask_true,ppo__mask_false,808189.411581,0.160156
episode_reward,maskable_a2c__mask_true,ppo__mask_false,808222.533955,0.160156
episode_reward,maskable_a2c__mask_true,ppo__mask_false,808255.656328,0.160156
episode_reward,maskable_a2c__mask_true,ppo__mask_false,808288.778701,0.193359
episode_reward,maskable_a2c__mask_true,ppo__mask_false,808321.901075,0.193359
episode_reward,maskable_a2c__mask_true,ppo__mask_false,808355.023448,0.193359
episode_reward,maskable_a2c__mask_true,ppo__mask_false,808388.145822,0.322266
episode_reward,maskable_a2c__mask_true,ppo__mask_false,808421.268195,0.375000
episode_reward,maskable_a2c__mask_true,ppo__mask_false,808454.390568,0.431641
episode_reward,maskable_a2c__mask_true,ppo__mask_false,808487.512942,0.431641
episode_reward,maskable_a2c__mask_true,ppo__mask_false,808520.635315,0.556641
episode_reward,maskable_a2c__mask_true,ppo__mask_false,808553.757688,0.625000
episode_reward,maskable_a2c__mask_true,ppo__mask_false,808586.880062,0.695312
episode_reward,maskable_a2c__mask_true,ppo__mask_false,808620.002435,0.695312
episode_reward,maskable_a2c__mask_true,ppo__mask_false,808653.124808,0.695312
episode_reward,maskable_a2c__mask_true,ppo__mask_false,808686.247182,0.695312
episode_reward,maskable_a2c__mask_true,ppo__mask_false,808719.369555,0.695312
episode_reward,maskable_a2c__mask_true,ppo__mask_false,808752.491929,0.769531
episode_reward,maskable_a2c__mask_true,ppo__mask_false,808785.614302,0.769531
episode_reward,maskable_a2c__mask_true,ppo__mask_false,808818.736675,0.769531
episode_reward,maskable_a2c__mask_true,ppo__mask_false,808851.859049,0.769531
episode_reward,maskable_a2c__mask_true,ppo__mask_false,808884.981422,0.769531
episode_reward,maskable_a2c__mask_true,ppo__mask_false,808918.103795,0.845703
episode_reward,maskable_a2c__mask_true,ppo__mask_false,808951.226169,0.845703
episode_reward,maskable_a2c__mask_true,ppo__mask_false,808984.348542,0.845703
episode_reward,maskable_a2c__mask_true,ppo__mask_false,809017.470915,1.000000
episode_reward,maskable_a2c__mask_true,ppo__mask_false,809050.593289,1.000000
episode_reward,maskable_a2c__mask_true,ppo__mask_false,809083.715662,1.000000
episode_reward,maskable_a2c__mask_true,ppo__mask_false,809116.838035,1.000000
episode_reward,maskable_a2c__mask_true,ppo__mask_false,809149.960409,1.000000
episode_reward,maskable_a2c__mask_true,ppo__mask_false,809183.082782,1.000000
episode_reward,maskable_a2c__mask_true,ppo__mask_false,809216.205156,0.845703
episode_reward,maskable_a2c__mask_true,ppo__mask_false,809249.327529,0.845703
episode_reward,maskable_a2c__mask_true,ppo__mask_false,809282.449902,0.845703
episode_reward,maskable_a2c__mask_true,ppo__mask_false,809315.572276,0.769531
episode_reward,maskable_a2c__mask_true,ppo__mask_false,809348.694649,0.625000
episode_reward,maskable_a2c__mask_true,ppo__mask_false,809381.817022,0.625000
episode_reward,maskable_a2c__mask_true,ppo__mask_false,809414.939396,0.625000
episode_reward,maskable_a2c__mask_true,ppo__mask_false,809448.061769,0.625000
episode_reward,maskable_a2c__mask_true,ppo__mask_false,809481.184142,0.625000
episode_reward,maskable_a2c__mask_true,ppo__mask_false,809514.306516,0.625000
episode_reward,maskable_a2c__mask_true,ppo__mask_false,809547.428889,0.556641
episode_reward,maskable_a2c__mask_true,ppo__mask_false,809580.551262,0.556641
episode_reward,maskable_a2c__mask_true,ppo__mask_false,809613.673636,0.556641
episode_reward,maskable_a2c__mask_true,ppo__mask_false,809646.796009,0.556641
episode_reward,maskable_a2c__mask_true,ppo__mask_false,809679.918383,0.556641
episode_reward,maskable_a2c__mask_true,ppo__mask_false,809713.040756,0.556641
episode_reward,maskable_a2c__mask_true,ppo__mask_false,809746.163129,0.556641
episode_reward,maskable_a2c__mask_true,ppo__mask_false,809779.285503,0.492188
episode_reward,maskable_a2c__mask_true,ppo__mask_false,809812.407876,0.492188
episode_reward,maskable_a2c__mask_true,ppo__mask_false,809845.530249,0.492188
episode_reward,maskable_a2c__mask_true,ppo__mask_false,809878.652623,0.492188
episode_reward,maskable_a2c__mask_true,ppo__mask_false,809911.774996,0.492188
episode_reward,maskable_a2c__mask_true,ppo__mask_false,809944.897369,0.492188
episode_reward,maskable_a2c__mask_true,ppo__mask_false,809978.019743,0.492188
episode_reward,maskable_a2c__mask_true,ppo__mask_false,810011.142116,0.492188
episode_reward,maskable_a2c__mask_true,ppo__mask_false,810044.264489,0.492188
episode_reward,maskable_a2c__mask_true,ppo__mask_false,810077.386863,0.492188
episode_reward,maskable_a2c__mask_true,ppo__mask_false,810110.509236,0.492188
episode_reward,maskable_a2c__mask_true,ppo__mask_false,810143.631610,0.492188
episode_reward,maskable_a2c__mask_true,ppo__mask_false,810176.753983,0.492188
episode_reward,maskable_a2c__mask_true,ppo__mask_false,810209.876356,0.492188
episode_reward,maskable_a2c__mask_true,ppo__mask_false,810242.998730,0.492188
episode_reward,maskable_a2c__mask_true,ppo__mask_false,810276.121103,0.492188
episode_reward,maskable_a2c__mask_true,ppo__mask_false,810309.243476,0.492188
episode_reward,maskable_a2c__mask_true,ppo__mask_false,810342.365850,0.492188
episode_reward,maskable_a2c__mask_true,ppo__mask_false,810375.488223,0.492188
episode_reward,maskable_a2c__mask_true,ppo__mask_false,810408.610596,0.492188
episode_reward,maskable_a2c__mask_true,ppo__mask_false,810441.732970,0.492188
episode_reward,maskable_a2c__mask_true,ppo__mask_false,810474.855343,0.492188
episode_reward,maskable_a2c__mask_true,ppo__mask_false,810507.977717,0.492188
episode_reward,maskable_a2c__mask_true,ppo__mask_false,810541.100090,0.431641
episode_reward,maskable_a2c__mask_true,ppo__mask_false,810574.222463,0.431641
episode_reward,maskable_a2c__mask_true,ppo__mask_false,810607.344837,0.431641
episode_reward,maskable_a2c__mask_true,ppo__mask_false,810640.467210,0.275391
episode_reward,maskable_a2c__mask_true,ppo__mask_false,810673.589583,0.275391
episode_reward,maskable_a2c__mask_true,ppo__mask_false,810706.711957,0.275391
episode_reward,maskable_a2c__mask_true,ppo__mask_false,810739.834330,0.275391
episode_reward,maskable_a2c__mask_true,ppo__mask_false,810772.956703,0.275391
episode_reward,maskable_a2c__mask_true,ppo__mask_false,810806.079077,0.275391
episode_reward,maskable_a2c__mask_true,ppo__mask_false,810839.201450,0.232422
episode_reward,maskable_a2c__mask_true,ppo__mask_false,810872.323823,0.232422
episode_reward,maskable_a2c__mask_true,ppo__mask_false,810905.446197,0.232422
episode_reward,maskable_a2c__mask_true,ppo__mask_false,810938.568570,0.232422
episode_reward,maskable_a2c__mask_true,ppo__mask_false,810971.690944,0.232422
episode_reward,maskable_a2c__mask_true,ppo__mask_false,811004.813317,0.232422
episode_reward,maskable_a2c__mask_true,ppo__mask_false,811037.935690,0.232422
episode_reward,maskable_a2c__mask_true,ppo__mask_false,811071.058064,0.232422
episode_reward,maskable_a2c__mask_true,ppo__mask_false,811104.180437,0.232422
episode_reward,maskable_a2c__mask_true,ppo__mask_false,811137.302810,0.232422
episode_reward,maskable_a2c__mask_true,ppo__mask_false,811170.425184,0.232422
episode_reward,maskable_a2c__mask_true,ppo__mask_false,811203.547557,0.232422
episode_reward,maskable_a2c__mask_true,ppo__mask_false,811236.669930,0.232422
episode_reward,maskable_a2c__mask_true,ppo__mask_false,811269.792304,0.193359
episode_reward,maskable_a2c__mask_true,ppo__mask_false,811302.914677,0.193359
episode_reward,maskable_a2c__mask_true,ppo__mask_false,811336.037050,0.193359
episode_reward,maskable_a2c__mask_true,ppo__mask_false,811369.159424,0.193359
episode_reward,maskable_a2c__mask_true,ppo__mask_false,811402.281797,0.105469
episode_reward,maskable_a2c__mask_true,ppo__mask_false,811435.404171,0.105469
episode_reward,maskable_a2c__mask_true,ppo__mask_false,811468.526544,0.105469
episode_reward,maskable_a2c__mask_true,ppo__mask_false,811501.648917,0.037109
episode_reward,maskable_a2c__mask_true,ppo__mask_false,811534.771291,0.019531
episode_reward,maskable_a2c__mask_true,ppo__mask_false,811567.893664,0.019531
episode_reward,maskable_a2c__mask_true,ppo__mask_false,811601.016037,0.013672
episode_reward,maskable_a2c__mask_true,ppo__mask_false,811634.138411,0.013672
episode_reward,maskable_a2c__mask_true,ppo__mask_false,811667.260784,0.013672
episode_reward,maskable_a2c__mask_true,ppo__mask_false,811700.383157,0.005859
episode_reward,maskable_a2c__mask_true,ppo__mask_false,811733.505531,0.003906
episode_reward,maskable_a2c__mask_true,ppo__mask_false,811766.627904,0.003906
episode_reward,maskable_a2c__mask_true,ppo__mask_false,811799.750277,0.003906
episode_reward,maskable_a2c__mask_true,ppo__mask_false,811832.872651,0.003906
episode_reward,maskable_a2c__mask_true,ppo__mask_false,811865.995024,0.003906
episode_reward,maskable_ppo__mask_true,ppo__mask_false,805263.684990,0.003906
episode_reward,maskable_ppo__mask_true,ppo__mask_false,805296.850827,0.003906
episode_reward,maskable_ppo__mask_true,ppo__mask_false,805330.016665,0.003906
episode_reward,maskable_ppo__mask_true,ppo__mask_false,805363.182503,0.003906
episode_reward,maskable_ppo__mask_true,ppo__mask_false,805396.348340,0.005859
episode_reward,maskable_ppo__mask_true,ppo__mask_false,805429.514178,0.005859
episode_reward,maskable_ppo__mask_true,ppo__mask_false,805462.680015,0.005859
episode_reward,maskable_ppo__mask_true,ppo__mask_false,805495.845853,0.005859
episode_reward,maskable_ppo__mask_true,ppo__mask_false,805529.011691,0.009766
episode_reward,maskable_ppo__mask_true,ppo__mask_false,805562.177528,0.009766
episode_reward,maskable_ppo__mask_true,ppo__mask_false,805595.343366,0.009766
episode_reward,maskable_ppo__mask_true,ppo__mask_false,805628.509204,0.009766
episode_reward,maskable_ppo__mask_true,ppo__mask_false,805661.675041,0.009766
episode_reward,maskable_ppo__mask_true,ppo__mask_false,805694.840879,0.009766
episode_reward,maskable_ppo__mask_true,ppo__mask_false,805728.006717,0.009766
episode_reward,maskable_ppo__mask_true,ppo__mask_false,805761.172554,0.009766
episode_reward,maskable_ppo__mask_true,ppo__mask_false,805794.338392,0.009766
episode_reward,maskable_ppo__mask_true,ppo__mask_false,805827.504229,0.009766
episode_reward,maskable_ppo__mask_true,ppo__mask_false,805860.670067,0.009766
episode_reward,maskable_ppo__mask_true,ppo__mask_false,805893.835905,0.013672
episode_reward,maskable_ppo__mask_true,ppo__mask_false,805927.001742,0.013672
episode_reward,maskable_ppo__mask_true,ppo__mask_false,805960.167580,0.013672
episode_reward,maskable_ppo__mask_true,ppo__mask_false,805993.333418,0.013672
episode_reward,maskable_ppo__mask_true,ppo__mask_false,806026.499255,0.019531
episode_reward,maskable_ppo__mask_true,ppo__mask_false,806059.665093,0.019531
episode_reward,maskable_ppo__mask_true,ppo__mask_false,806092.830931,0.019531
episode_reward,maskable_ppo__mask_true,ppo__mask_false,806125.996768,0.019531
episode_reward,maskable_ppo__mask_true,ppo__mask_false,806159.162606,0.019531
episode_reward,maskable_ppo__mask_true,ppo__mask_false,806192.328443,0.027344
episode_reward,maskable_ppo__mask_true,ppo__mask_false,806225.494281,0.027344
episode_reward,maskable_ppo__mask_true,ppo__mask_false,806258.660119,0.027344
episode_reward,maskable_ppo__mask_true,ppo__mask_false,806291.825956,0.027344
episode_reward,maskable_ppo__mask_true,ppo__mask_false,806324.991794,0.037109
episode_reward,maskable_ppo__mask_true,ppo__mask_false,806358.157632,0.037109
episode_reward,maskable_ppo__mask_true,ppo__mask_false,806391.323469,0.037109
episode_reward,maskable_ppo__mask_true,ppo__mask_false,806424.489307,0.037109
episode_reward,maskable_ppo__mask_true,ppo__mask_false,806457.655145,0.037109
episode_reward,maskable_ppo__mask_true,ppo__mask_false,806490.820982,0.037109
episode_reward,maskable_ppo__mask_true,ppo__mask_false,806523.986820,0.048828
episode_reward,maskable_ppo__mask_true,ppo__mask_false,806557.152657,0.048828
episode_reward,maskable_ppo__mask_true,ppo__mask_false,806590.318495,0.048828
episode_reward,maskable_ppo__mask_true,ppo__mask_false,806623.484333,0.048828
episode_reward,maskable_ppo__mask_true,ppo__mask_false,806656.650170,0.048828
episode_reward,maskable_ppo__mask_true,ppo__mask_false,806689.816008,0.048828
episode_reward,maskable_ppo__mask_true,ppo__mask_false,806722.981846,0.048828
episode_reward,maskable_ppo__mask_true,ppo__mask_false,806756.147683,0.048828
episode_reward,maskable_ppo__mask_true,ppo__mask_false,806789.313521,0.048828
episode_reward,maskable_ppo__mask_true,ppo__mask_false,806822.479359,0.064453
episode_reward,maskable_ppo__mask_true,ppo__mask_false,806855.645196,0.064453
episode_reward,maskable_ppo__mask_true,ppo__mask_false,806888.811034,0.064453
episode_reward,maskable_ppo__mask_true,ppo__mask_false,806921.976871,0.064453
episode_reward,maskable_ppo__mask_true,ppo__mask_false,806955.142709,0.064453
episode_reward,maskable_ppo__mask_true,ppo__mask_false,806988.308547,0.064453
episode_reward,maskable_ppo__mask_true,ppo__mask_false,807021.474384,0.064453
episode_reward,maskable_ppo__mask_true,ppo__mask_false,807054.640222,0.064453
episode_reward,maskable_ppo__mask_true,ppo__mask_false,807087.806060,0.064453
episode_reward,maskable_ppo__mask_true,ppo__mask_false,807120.971897,0.083984
episode_reward,maskable_ppo__mask_true,ppo__mask_false,807154.137735,0.083984
episode_reward,maskable_ppo__mask_true,ppo__mask_false,807187.303572,0.083984
episode_reward,maskable_ppo__mask_true,ppo__mask_false,807220.469410,0.083984
episode_reward,maskable_ppo__mask_true,ppo__mask_false,807253.635248,0.083984
episode_reward,maskable_ppo__mask_true,ppo__mask_false,807286.801085,0.083984
episode_reward,maskable_ppo__mask_true,ppo__mask_false,807319.966923,0.083984
episode_reward,maskable_ppo__mask_true,ppo__mask_false,807353.132761,0.083984
episode_reward,maskable_ppo__mask_true,ppo__mask_false,807386.298598,0.083984
episode_reward,maskable_ppo__mask_true,ppo__mask_false,807419.464436,0.083984
episode_reward,maskable_ppo__mask_true,ppo__mask_false,807452.630274,0.083984
episode_reward,maskable_ppo__mask_true,ppo__mask_false,807485.796111,0.083984
episode_reward,maskable_ppo__mask_true,ppo__mask_false,807518.961949,0.105469
episode_reward,maskable_ppo__mask_true,ppo__mask_false,807552.127786,0.105469
episode_reward,maskable_ppo__mask_true,ppo__mask_false,807585.293624,0.105469
episode_reward,maskable_ppo__mask_true,ppo__mask_false,807618.459462,0.105469
episode_reward,maskable_ppo__mask_true,ppo__mask_false,807651.625299,0.130859
episode_reward,maskable_ppo__mask_true,ppo__mask_false,807684.791137,0.130859
episode_reward,maskable_ppo__mask_true,ppo__mask_false,807717.956975,0.130859
episode_reward,maskable_ppo__mask_true,ppo__mask_false,807751.122812,0.130859
episode_reward,maskable_ppo__mask_true,ppo__mask_false,807784.288650,0.130859
episode_reward,maskable_ppo__mask_true,ppo__mask_false,807817.454488,0.130859
episode_reward,maskable_ppo__mask_true,ppo__mask_false,807850.620325,0.130859
episode_reward,maskable_ppo__mask_true,ppo__mask_false,807883.786163,0.130859
episode_reward,maskable_ppo__mask_true,ppo__mask_false,807916.952000,0.130859
episode_reward,maskable_ppo__mask_true,ppo__mask_false,807950.117838,0.130859
episode_reward,maskable_ppo__mask_true,ppo__mask_false,807983.283676,0.130859
episode_reward,maskable_ppo__mask_true,ppo__mask_false,808016.449513,0.130859
episode_reward,maskable_ppo__mask_true,ppo__mask_false,808049.615351,0.130859
episode_reward,maskable_ppo__mask_true,ppo__mask_false,808082.781189,0.130859
episode_reward,maskable_ppo__mask_true,ppo__mask_false,808115.947026,0.130859
episode_reward,maskable_ppo__mask_true,ppo__mask_false,808149.112864,0.160156
episode_reward,maskable_ppo__mask_true,ppo__mask_false,808182.278702,0.193359
episode_reward,maskable_ppo__mask_true,ppo__mask_false,808215.444539,0.193359
episode_reward,maskable_ppo__mask_true,ppo__mask_false,808248.610377,0.193359
episode_reward,maskable_ppo__mask_true,ppo__mask_false,808281.776214,0.193359
episode_reward,maskable_ppo__mask_true,ppo__mask_false,808314.942052,0.232422
episode_reward,maskable_ppo__mask_true,ppo__mask_false,808348.107890,0.275391
episode_reward,maskable_ppo__mask_true,ppo__mask_false,808381.273727,0.322266
episode_reward,maskable_ppo__mask_true,ppo__mask_false,808414.439565,0.375000
episode_reward,maskable_ppo__mask_true,ppo__mask_false,808447.605403,0.431641
episode_reward,maskable_ppo__mask_true,ppo__mask_false,808480.771240,0.492188
episode_reward,maskable_ppo__mask_true,ppo__mask_false,808513.937078,0.556641
episode_reward,maskable_ppo__mask_true,ppo__mask_false,808547.102916,0.625000
episode_reward,maskable_ppo__mask_true,ppo__mask_false,808580.268753,0.695312
episode_reward,maskable_ppo__mask_true,ppo__mask_false,808613.434591,0.695312
episode_reward,maskable_ppo__mask_true,ppo__mask_false,808646.600428,0.695312
episode_reward,maskable_ppo__mask_true,ppo__mask_false,808679.766266,0.695312
episode_reward,maskable_ppo__mask_true,ppo__mask_false,808712.932104,0.769531
episode_reward,maskable_ppo__mask_true,ppo__mask_false,808746.097941,0.769531
episode_reward,maskable_ppo__mask_true,ppo__mask_false,808779.263779,0.769531
episode_reward,maskable_ppo__mask_true,ppo__mask_false,808812.429617,0.845703
episode_reward,maskable_ppo__mask_true,ppo__mask_false,808845.595454,0.845703
episode_reward,maskable_ppo__mask_true,ppo__mask_false,808878.761292,0.845703
episode_reward,maskable_ppo__mask_true,ppo__mask_false,808911.927130,0.845703
episode_reward,maskable_ppo__mask_true,ppo__mask_false,808945.092967,0.845703
episode_reward,maskable_ppo__mask_true,ppo__mask_false,808978.258805,0.921875
episode_reward,maskable_ppo__mask_true,ppo__mask_false,809011.424642,1.000000
episode_reward,maskable_ppo__mask_true,ppo__mask_false,809044.590480,1.000000
episode_reward,maskable_ppo__mask_true,ppo__mask_false,809077.756318,1.000000
episode_reward,maskable_ppo__mask_true,ppo__mask_false,809110.922155,0.921875
episode_reward,maskable_ppo__mask_true,ppo__mask_false,809144.087993,0.921875
episode_reward,maskable_ppo__mask_true,ppo__mask_false,809177.253831,0.921875
episode_reward,maskable_ppo__mask_true,ppo__mask_false,809210.419668,0.845703
episode_reward,maskable_ppo__mask_true,ppo__mask_false,809243.585506,0.845703
episode_reward,maskable_ppo__mask_true,ppo__mask_false,809276.751344,0.769531
episode_reward,maskable_ppo__mask_true,ppo__mask_false,809309.917181,0.695312
episode_reward,maskable_ppo__mask_true,ppo__mask_false,809343.083019,0.625000
episode_reward,maskable_ppo__mask_true,ppo__mask_false,809376.248856,0.625000
episode_reward,maskable_ppo__mask_true,ppo__mask_false,809409.414694,0.625000
episode_reward,maskable_ppo__mask_true,ppo__mask_false,809442.580532,0.625000
episode_reward,maskable_ppo__mask_true,ppo__mask_false,809475.746369,0.625000
episode_reward,maskable_ppo__mask_true,ppo__mask_false,809508.912207,0.556641
episode_reward,maskable_ppo__mask_true,ppo__mask_false,809542.078045,0.556641
episode_reward,maskable_ppo__mask_true,ppo__mask_false,809575.243882,0.556641
episode_reward,maskable_ppo__mask_true,ppo__mask_false,809608.409720,0.556641
episode_reward,maskable_ppo__mask_true,ppo__mask_false,809641.575558,0.556641
episode_reward,maskable_ppo__mask_true,ppo__mask_false,809674.741395,0.556641
episode_reward,maskable_ppo__mask_true,ppo__mask_false,809707.907233,0.556641
episode_reward,maskable_ppo__mask_true,ppo__mask_false,809741.073070,0.556641
episode_reward,maskable_ppo__mask_true,ppo__mask_false,809774.238908,0.492188
episode_reward,maskable_ppo__mask_true,ppo__mask_false,809807.404746,0.492188
episode_reward,maskable_ppo__mask_true,ppo__mask_false,809840.570583,0.492188
episode_reward,maskable_ppo__mask_true,ppo__mask_false,809873.736421,0.492188
episode_reward,maskable_ppo__mask_true,ppo__mask_false,809906.902259,0.492188
episode_reward,maskable_ppo__mask_true,ppo__mask_false,809940.068096,0.492188
episode_reward,maskable_ppo__mask_true,ppo__mask_false,809973.233934,0.492188
episode_reward,maskable_ppo__mask_true,ppo__mask_false,810006.399771,0.492188
episode_reward,maskable_ppo__mask_true,ppo__mask_false,810039.565609,0.492188
episode_reward,maskable_ppo__mask_true,ppo__mask_false,810072.731447,0.492188
episode_reward,maskable_ppo__mask_true,ppo__mask_false,810105.897284,0.492188
episode_reward,maskable_ppo__mask_true,ppo__mask_false,810139.063122,0.492188
episode_reward,maskable_ppo__mask_true,ppo__mask_false,810172.228960,0.492188
episode_reward,maskable_ppo__mask_true,ppo__mask_false,810205.394797,0.492188
episode_reward,maskable_ppo__mask_true,ppo__mask_false,810238.560635,0.492188
episode_reward,maskable_ppo__mask_true,ppo__mask_false,810271.726473,0.492188
episode_reward,maskable_ppo__mask_true,ppo__mask_false,810304.892310,0.492188
episode_reward,maskable_ppo__mask_true,ppo__mask_false,810338.058148,0.492188
episode_reward,maskable_ppo__mask_true,ppo__mask_false,810371.223985,0.492188
episode_reward,maskable_ppo__mask_true,ppo__mask_false,810404.389823,0.492188
episode_reward,maskable_ppo__mask_true,ppo__mask_false,810437.555661,0.431641
episode_reward,maskable_ppo__mask_true,ppo__mask_false,810470.721498,0.431641
episode_reward,maskable_ppo__mask_true,ppo__mask_false,810503.887336,0.431641
episode_reward,maskable_ppo__mask_true,ppo__mask_false,810537.053174,0.431641
episode_reward,maskable_ppo__mask_true,ppo__mask_false,810570.219011,0.431641
episode_reward,maskable_ppo__mask_true,ppo__mask_false,810603.384849,0.375000
episode_reward,maskable_ppo__mask_true,ppo__mask_false,810636.550687,0.322266
episode_reward,maskable_ppo__mask_true,ppo__mask_false,810669.716524,0.275391
episode_reward,maskable_ppo__mask_true,ppo__mask_false,810702.882362,0.275391
episode_reward,maskable_ppo__mask_true,ppo__mask_false,810736.048199,0.275391
episode_reward,maskable_ppo__mask_true,ppo__mask_false,810769.214037,0.275391
episode_reward,maskable_ppo__mask_true,ppo__mask_false,810802.379875,0.275391
episode_reward,maskable_ppo__mask_true,ppo__mask_false,810835.545712,0.232422
episode_reward,maskable_ppo__mask_true,ppo__mask_false,810868.711550,0.232422
episode_reward,maskable_ppo__mask_true,ppo__mask_false,810901.877388,0.232422
episode_reward,maskable_ppo__mask_true,ppo__mask_false,810935.043225,0.232422
episode_reward,maskable_ppo__mask_true,ppo__mask_false,810968.209063,0.232422
episode_reward,maskable_ppo__mask_true,ppo__mask_false,811001.374901,0.232422
episode_reward,maskable_ppo__mask_true,ppo__mask_false,811034.540738,0.232422
episode_reward,maskable_ppo__mask_true,ppo__mask_false,811067.706576,0.232422
episode_reward,maskable_ppo__mask_true,ppo__mask_false,811100.872413,0.193359
episode_reward,maskable_ppo__mask_true,ppo__mask_false,811134.038251,0.193359
episode_reward,maskable_ppo__mask_true,ppo__mask_false,811167.204089,0.193359
episode_reward,maskable_ppo__mask_true,ppo__mask_false,811200.369926,0.193359
episode_reward,maskable_ppo__mask_true,ppo__mask_false,811233.535764,0.193359
episode_reward,maskable_ppo__mask_true,ppo__mask_false,811266.701602,0.193359
episode_reward,maskable_ppo__mask_true,ppo__mask_false,811299.867439,0.130859
episode_reward,maskable_ppo__mask_true,ppo__mask_false,811333.033277,0.105469
episode_reward,maskable_ppo__mask_true,ppo__mask_false,811366.199115,0.105469
episode_reward,maskable_ppo__mask_true,ppo__mask_false,811399.364952,0.105469
episode_reward,maskable_ppo__mask_true,ppo__mask_false,811432.530790,0.105469
episode_reward,maskable_ppo__mask_true,ppo__mask_false,811465.696627,0.083984
episode_reward,maskable_ppo__mask_true,ppo__mask_false,811498.862465,0.027344
episode_reward,maskable_ppo__mask_true,ppo__mask_false,811532.028303,0.019531
episode_reward,maskable_ppo__mask_true,ppo__mask_false,811565.194140,0.013672
episode_reward,maskable_ppo__mask_true,ppo__mask_false,811598.359978,0.013672
episode_reward,maskable_ppo__mask_true,ppo__mask_false,811631.525816,0.013672
episode_reward,maskable_ppo__mask_true,ppo__mask_false,811664.691653,0.013672
episode_reward,maskable_ppo__mask_true,ppo__mask_false,811697.857491,0.005859
episode_reward,maskable_ppo__mask_true,ppo__mask_false,811731.023329,0.003906
episode_reward,maskable_ppo__mask_true,ppo__mask_false,811764.189166,0.003906
episode_reward,maskable_ppo__mask_true,ppo__mask_false,811797.355004,0.003906
episode_reward,maskable_ppo__mask_true,ppo__mask_false,811830.520841,0.003906
episode_reward,maskable_ppo__mask_true,ppo__mask_false,811863.686679,0.003906
decision_latency_mean_ms,a2c__mask_false,dqn__mask_false,15.790373,0.003906
decision_latency_mean_ms,a2c__mask_false,dqn__mask_false,15.819458,0.003906
decision_latency_mean_ms,a2c__mask_false,dqn__mask_false,15.848543,0.003906
decision_latency_mean_ms,a2c__mask_false,dqn__mask_false,15.877628,0.003906
decision_latency_mean_ms,a2c__mask_false,dqn__mask_false,15.906714,0.003906
decision_latency_mean_ms,a2c__mask_false,dqn__mask_false,15.935799,0.003906
decision_latency_mean_ms,a2c__mask_false,dqn__mask_false,15.964884,0.003906
decision_latency_mean_ms,a2c__mask_false,dqn__mask_false,15.993969,0.005859
decision_latency_mean_ms,a2c__mask_false,dqn__mask_false,16.023054,0.005859
decision_latency_mean_ms,a2c__mask_false,dqn__mask_false,16.052139,0.009766
decision_latency_mean_ms,a2c__mask_false,dqn__mask_false,16.081224,0.013672
decision_latency_mean_ms,a2c__mask_false,dqn__mask_false,16.110309,0.013672
decision_latency_mean_ms,a2c__mask_false,dqn__mask_false,16.139394,0.013672
decision_latency_mean_ms,a2c__mask_false,dqn__mask_false,16.168479,0.013672
decision_latency_mean_ms,a2c__mask_false,dqn__mask_false,16.197565,0.013672
decision_latency_mean_ms,a2c__mask_false,dqn__mask_false,16.226650,0.013672
decision_latency_mean_ms,a2c__mask_false,dqn__mask_false,16.255735,0.019531
decision_latency_mean_ms,a2c__mask_false,dqn__mask_false,16.284820,0.027344
decision_latency_mean_ms,a2c__mask_false,dqn__mask_false,16.313905,0.037109
decision_latency_mean_ms,a2c__mask_false,dqn__mask_false,16.342990,0.064453
decision_latency_mean_ms,a2c__mask_false,dqn__mask_false,16.372075,0.083984
decision_latency_mean_ms,a2c__mask_false,dqn__mask_false,16.401160,0.083984
decision_latency_mean_ms,a2c__mask_false,dqn__mask_false,16.430245,0.083984
decision_latency_mean_ms,a2c__mask_false,dqn__mask_false,16.459330,0.083984
decision_latency_mean_ms,a2c__mask_false,dqn__mask_false,16.488416,0.083984
decision_latency_mean_ms,a2c__mask_false,dqn__mask_false,16.517501,0.083984
decision_latency_mean_ms,a2c__mask_false,dqn__mask_false,16.546586,0.083984
decision_latency_mean_ms,a2c__mask_false,dqn__mask_false,16.575671,0.083984
decision_latency_mean_ms,a2c__mask_false,dqn__mask_false,16.604756,0.083984
decision_latency_mean_ms,a2c__mask_false,dqn__mask_false,16.633841,0.083984
decision_latency_mean_ms,a2c__mask_false,dqn__mask_false,16.662926,0.083984
decision_latency_mean_ms,a2c__mask_false,dqn__mask_false,16.692011,0.083984
decision_latency_mean_ms,a2c__mask_false,dqn__mask_false,16.721096,0.083984
decision_latency_mean_ms,a2c__mask_false,dqn__mask_false,16.750182,0.083984
decision_latency_mean_ms,a2c__mask_false,dqn__mask_false,16.779267,0.083984
decision_latency_mean_ms,a2c__mask_false,dqn__mask_false,16.808352,0.083984
decision_latency_mean_ms,a2c__mask_false,dqn__mask_false,16.837437,0.083984
decision_latency_mean_ms,a2c__mask_false,dqn__mask_false,16.866522,0.083984
decision_latency_mean_ms,a2c__mask_false,dqn__mask_false,16.895607,0.105469
decision_latency_mean_ms,a2c__mask_false,dqn__mask_false,16.924692,0.105469
decision_latency_mean_ms,a2c__mask_false,dqn__mask_false,16.953777,0.105469
decision_latency_mean_ms,a2c__mask_false,dqn__mask_false,16.982862,0.105469
decision_latency_mean_ms,a2c__mask_false,dqn__mask_false,17.011947,0.105469
decision_latency_mean_ms,a2c__mask_false,dqn__mask_false,17.041033,0.130859
decision_latency_mean_ms,a2c__mask_false,dqn__mask_false,17.070118,0.130859
decision_latency_mean_ms,a2c__mask_false,dqn__mask_false,17.099203,0.130859
decision_latency_mean_ms,a2c__mask_false,dqn__mask_false,17.128288,0.130859
decision_latency_mean_ms,a2c__mask_false,dqn__mask_false,17.157373,0.160156
decision_latency_mean_ms,a2c__mask_false,dqn__mask_false,17.186458,0.193359
decision_latency_mean_ms,a2c__mask_false,dqn__mask_false,17.215543,0.232422
decision_latency_mean_ms,a2c__mask_false,dqn__mask_false,17.244628,0.232422
decision_latency_mean_ms,a2c__mask_false,dqn__mask_false,17.273713,0.275391
decision_latency_mean_ms,a2c__mask_false,dqn__mask_false,17.302798,0.275391
decision_latency_mean_ms,a2c__mask_false,dqn__mask_false,17.331884,0.322266
decision_latency_mean_ms,a2c__mask_false,dqn__mask_false,17.360969,0.375000
decision_latency_mean_ms,a2c__mask_false,dqn__mask_false,17.390054,0.375000
decision_latency_mean_ms,a2c__mask_false,dqn__mask_false,17.419139,0.375000
decision_latency_mean_ms,a2c__mask_false,dqn__mask_false,17.448224,0.375000
decision_latency_mean_ms,a2c__mask_false,dqn__mask_false,17.477309,0.375000
decision_latency_mean_ms,a2c__mask_false,dqn__mask_false,17.506394,0.375000
decision_latency_mean_ms,a2c__mask_false,dqn__mask_false,17.535479,0.375000
decision_latency_mean_ms,a2c__mask_false,dqn__mask_false,17.564564,0.375000
decision_latency_mean_ms,a2c__mask_false,dqn__mask_false,17.593649,0.375000
decision_latency_mean_ms,a2c__mask_false,dqn__mask_false,17.622735,0.375000
decision_latency_mean_ms,a2c__mask_false,dqn__mask_false,17.651820,0.375000
decision_latency_mean_ms,a2c__mask_false,dqn__mask_false,17.680905,0.375000
decision_latency_mean_ms,a2c__mask_false,dqn__mask_false,17.709990,0.375000
decision_latency_mean_ms,a2c__mask_false,dqn__mask_false,17.739075,0.375000
decision_latency_mean_ms,a2c__mask_false,dqn__mask_false,17.768160,0.375000
decision_latency_mean_ms,a2c__mask_false,dqn__mask_false,17.797245,0.431641
decision_latency_mean_ms,a2c__mask_false,dqn__mask_false,17.826330,0.431641
decision_latency_mean_ms,a2c__mask_false,dqn__mask_false,17.855415,0.431641
decision_latency_mean_ms,a2c__mask_false,dqn__mask_false,17.884500,0.492188
decision_latency_mean_ms,a2c__mask_false,dqn__mask_false,17.913586,0.492188
decision_latency_mean_ms,a2c__mask_false,dqn__mask_false,17.942671,0.556641
decision_latency_mean_ms,a2c__mask_false,dqn__mask_false,17.971756,0.556641
decision_latency_mean_ms,a2c__mask_false,dqn__mask_false,18.000841,0.556641
decision_latency_mean_ms,a2c__mask_false,dqn__mask_false,18.029926,0.625000
decision_latency_mean_ms,a2c__mask_false,dqn__mask_false,18.059011,0.695312
decision_latency_mean_ms,a2c__mask_false,dqn__mask_false,18.088096,0.769531
decision_latency_mean_ms,a2c__mask_false,dqn__mask_false,18.117181,0.921875
decision_latency_mean_ms,a2c__mask_false,dqn__mask_false,18.146266,1.000000
decision_latency_mean_ms,a2c__mask_false,dqn__mask_false,18.175351,0.845703
decision_latency_mean_ms,a2c__mask_false,dqn__mask_false,18.204437,0.845703
decision_latency_mean_ms,a2c__mask_false,dqn__mask_false,18.233522,0.769531
decision_latency_mean_ms,a2c__mask_false,dqn__mask_false,18.262607,0.695312
decision_latency_mean_ms,a2c__mask_false,dqn__mask_false,18.291692,0.695312
decision_latency_mean_ms,a2c__mask_false,dqn__mask_false,18.320777,0.625000
decision_latency_mean_ms,a2c__mask_false,dqn__mask_false,18.349862,0.625000
decision_latency_mean_ms,a2c__mask_false,dqn__mask_false,18.378947,0.625000
decision_latency_mean_ms,a2c__mask_false,dqn__mask_false,18.408032,0.625000
decision_latency_mean_ms,a2c__mask_false,dqn__mask_false,18.437117,0.625000
decision_latency_mean_ms,a2c__mask_false,dqn__mask_false,18.466203,0.625000
decision_latency_mean_ms,a2c__mask_false,dqn__mask_false,18.495288,0.625000
decision_latency_mean_ms,a2c__mask_false,dqn__mask_false,18.524373,0.625000
decision_latency_mean_ms,a2c__mask_false,dqn__mask_false,18.553458,0.625000
decision_latency_mean_ms,a2c__mask_false,dqn__mask_false,18.582543,0.625000
decision_latency_mean_ms,a2c__mask_false,dqn__mask_false,18.611628,0.625000
decision_latency_mean_ms,a2c__mask_false,dqn__mask_false,18.640713,0.625000
decision_latency_mean_ms,a2c__mask_false,dqn__mask_false,18.669798,0.625000
decision_latency_mean_ms,a2c__mask_false,dqn__mask_false,18.698883,0.625000
decision_latency_mean_ms,a2c__mask_false,dqn__mask_false,18.727968,0.625000
decision_latency_mean_ms,a2c__mask_false,dqn__mask_false,18.757054,0.556641
decision_latency_mean_ms,a2c__mask_false,dqn__mask_false,18.786139,0.556641
decision_latency_mean_ms,a2c__mask_false,dqn__mask_false,18.815224,0.556641
decision_latency_mean_ms,a2c__mask_false,dqn__mask_false,18.844309,0.556641
decision_latency_mean_ms,a2c__mask_false,dqn__mask_false,18.873394,0.556641
decision_latency_mean_ms,a2c__mask_false,dqn__mask_false,18.902479,0.556641
decision_latency_mean_ms,a2c__mask_false,dqn__mask_false,18.931564,0.492188
decision_latency_mean_ms,a2c__mask_false,dqn__mask_false,18.960649,0.492188
decision_latency_mean_ms,a2c__mask_false,dqn__mask_false,18.989734,0.431641
decision_latency_mean_ms,a2c__mask_false,dqn__mask_false,19.018819,0.375000
decision_latency_mean_ms,a2c__mask_false,dqn__mask_false,19.047905,0.275391
decision_latency_mean_ms,a2c__mask_false,dqn__mask_false,19.076990,0.193359
decision_latency_mean_ms,a2c__mask_false,dqn__mask_false,19.106075,0.193359
decision_latency_mean_ms,a2c__mask_false,dqn__mask_false,19.135160,0.160156
decision_latency_mean_ms,a2c__mask_false,dqn__mask_false,19.164245,0.160156
decision_latency_mean_ms,a2c__mask_false,dqn__mask_false,19.193330,0.160156
decision_latency_mean_ms,a2c__mask_false,dqn__mask_false,19.222415,0.130859
decision_latency_mean_ms,a2c__mask_false,dqn__mask_false,19.251500,0.130859
decision_latency_mean_ms,a2c__mask_false,dqn__mask_false,19.280585,0.130859
decision_latency_mean_ms,a2c__mask_false,dqn__mask_false,19.309670,0.130859
decision_latency_mean_ms,a2c__mask_false,dqn__mask_false,19.338756,0.130859
decision_latency_mean_ms,a2c__mask_false,dqn__mask_false,19.367841,0.130859
decision_latency_mean_ms,a2c__mask_false,dqn__mask_false,19.396926,0.130859
decision_latency_mean_ms,a2c__mask_false,dqn__mask_false,19.426011,0.130859
decision_latency_mean_ms,a2c__mask_false,dqn__mask_false,19.455096,0.130859
decision_latency_mean_ms,a2c__mask_false,dqn__mask_false,19.484181,0.130859
decision_latency_mean_ms,a2c__mask_false,dqn__mask_false,19.513266,0.130859
decision_latency_mean_ms,a2c__mask_false,dqn__mask_false,19.542351,0.130859
decision_latency_mean_ms,a2c__mask_false,dqn__mask_false,19.571436,0.130859
decision_latency_mean_ms,a2c__mask_false,dqn__mask_false,19.600521,0.130859
decision_latency_mean_ms,a2c__mask_false,dqn__mask_false,19.629607,0.130859
decision_latency_mean_ms,a2c__mask_false,dqn__mask_false,19.658692,0.130859
decision_latency_mean_ms,a2c__mask_false,dqn__mask_false,19.687777,0.130859
decision_latency_mean_ms,a2c__mask_false,dqn__mask_false,19.716862,0.130859
decision_latency_mean_ms,a2c__mask_false,dqn__mask_false,19.745947,0.130859
decision_latency_mean_ms,a2c__mask_false,dqn__mask_false,19.775032,0.130859
decision_latency_mean_ms,a2c__mask_false,dqn__mask_false,19.804117,0.130859
decision_latency_mean_ms,a2c__mask_false,dqn__mask_false,19.833202,0.105469
decision_latency_mean_ms,a2c__mask_false,dqn__mask_false,19.862287,0.105469
decision_latency_mean_ms,a2c__mask_false,dqn__mask_false,19.891372,0.064453
decision_latency_mean_ms,a2c__mask_false,dqn__mask_false,19.920458,0.064453
decision_latency_mean_ms,a2c__mask_false,dqn__mask_false,19.949543,0.064453
decision_latency_mean_ms,a2c__mask_false,dqn__mask_false,19.978628,0.037109
decision_latency_mean_ms,a2c__mask_false,dqn__mask_false,20.007713,0.037109
decision_latency_mean_ms,a2c__mask_false,dqn__mask_false,20.036798,0.027344
decision_latency_mean_ms,a2c__mask_false,dqn__mask_false,20.065883,0.019531
decision_latency_mean_ms,a2c__mask_false,dqn__mask_false,20.094968,0.019531
decision_latency_mean_ms,a2c__mask_false,dqn__mask_false,20.124053,0.013672
decision_latency_mean_ms,a2c__mask_false,dqn__mask_false,20.153138,0.013672
decision_latency_mean_ms,a2c__mask_false,dqn__mask_false,20.182224,0.013672
decision_latency_mean_ms,a2c__mask_false,dqn__mask_false,20.211309,0.013672
decision_latency_mean_ms,a2c__mask_false,dqn__mask_false,20.240394,0.013672
decision_latency_mean_ms,a2c__mask_false,dqn__mask_false,20.269479,0.013672
decision_latency_mean_ms,a2c__mask_false,dqn__mask_false,20.298564,0.013672
decision_latency_mean_ms,a2c__mask_false,dqn__mask_false,20.327649,0.013672
decision_latency_mean_ms,a2c__mask_false,dqn__mask_false,20.356734,0.013672
decision_latency_mean_ms,a2c__mask_false,dqn__mask_false,20.385819,0.013672
decision_latency_mean_ms,a2c__mask_false,dqn__mask_false,20.414904,0.013672
decision_latency_mean_ms,a2c__mask_false,dqn__mask_false,20.443989,0.013672
decision_latency_mean_ms,a2c__mask_false,dqn__mask_false,20.473075,0.013672
decision_latency_mean_ms,a2c__mask_false,dqn__mask_false,20.502160,0.013672
decision_latency_mean_ms,a2c__mask_false,dqn__mask_false,20.531245,0.013672
decision_latency_mean_ms,a2c__mask_false,dqn__mask_false,20.560330,0.013672
decision_latency_mean_ms,a2c__mask_false,dqn__mask_false,20.589415,0.013672
decision_latency_mean_ms,a2c__mask_false,dqn__mask_false,20.618500,0.013672
decision_latency_mean_ms,a2c__mask_false,dqn__mask_false,20.647585,0.013672
decision_latency_mean_ms,a2c__mask_false,dqn__mask_false,20.676670,0.013672
decision_latency_mean_ms,a2c__mask_false,dqn__mask_false,20.705755,0.013672
decision_latency_mean_ms,a2c__mask_false,dqn__mask_false,20.734840,0.013672
decision_latency_mean_ms,a2c__mask_false,dqn__mask_false,20.763926,0.013672
decision_latency_mean_ms,a2c__mask_false,dqn__mask_false,20.793011,0.009766
decision_latency_mean_ms,a2c__mask_false,dqn__mask_false,20.822096,0.009766
decision_latency_mean_ms,a2c__mask_false,dqn__mask_false,20.851181,0.005859
decision_latency_mean_ms,a2c__mask_false,dqn__mask_false,20.880266,0.005859
decision_latency_mean_ms,a2c__mask_false,dqn__mask_false,20.909351,0.005859
decision_latency_mean_ms,a2c__mask_false,dqn__mask_false,20.938436,0.003906
decision_latency_mean_ms,a2c__mask_false,dqn__mask_false,20.967521,0.003906
decision_latency_mean_ms,a2c__mask_false,dqn__mask_false,20.996606,0.003906
decision_latency_mean_ms,a2c__mask_false,dqn__mask_false,21.025691,0.003906
decision_latency_mean_ms,a2c__mask_false,dqn__mask_false,21.054777,0.003906
decision_latency_mean_ms,a2c__mask_false,dqn__mask_false,21.083862,0.003906
decision_latency_mean_ms,a2c__mask_false,dqn__mask_false,21.112947,0.003906
decision_latency_mean_ms,a2c__mask_false,dqn__mask_false,21.142032,0.003906
decision_latency_mean_ms,a2c__mask_false,dqn__mask_false,21.171117,0.003906
decision_latency_mean_ms,a2c__mask_false,dqn__mask_false,21.200202,0.003906
decision_latency_mean_ms,a2c__mask_false,dqn__mask_false,21.229287,0.003906
decision_latency_mean_ms,a2c__mask_false,dqn__mask_false,21.258372,0.003906
decision_latency_mean_ms,a2c__mask_false,dqn__mask_false,21.287457,0.003906
decision_latency_mean_ms,a2c__mask_false,dqn__mask_false,21.316542,0.003906
decision_latency_mean_ms,a2c__mask_false,dqn__mask_false,21.345628,0.003906
decision_latency_mean_ms,a2c__mask_false,dqn__mask_false,21.374713,0.003906
decision_latency_mean_ms,a2c__mask_false,dqn__mask_false,21.403798,0.003906
decision_latency_mean_ms,a2c__mask_false,dqn__mask_false,21.432883,0.003906
decision_latency_mean_ms,a2c__mask_false,dqn__mask_false,21.461968,0.003906
decision_latency_mean_ms,a2c__mask_false,dqn__mask_false,21.491053,0.003906
decision_latency_mean_ms,a2c__mask_false,dqn__mask_false,21.520138,0.003906
decision_latency_mean_ms,a2c__mask_false,dqn__mask_false,21.549223,0.003906
decision_latency_mean_ms,a2c__mask_false,dqn__mask_false,21.578308,0.003906
decision_latency_mean_ms,dqn__mask_false,maskable_a2c__mask_true,-23.670387,0.003906
decision_latency_mean_ms,dqn__mask_false,maskable_a2c__mask_true,-23.634976,0.003906
decision_latency_mean_ms,dqn__mask_false,maskable_a2c__mask_true,-23.599565,0.003906
decision_latency_mean_ms,dqn__mask_false,maskable_a2c__mask_true,-23.564154,0.003906
decision_latency_mean_ms,dqn__mask_false,maskable_a2c__mask_true,-23.528743,0.003906
decision_latency_mean_ms,dqn__mask_false,maskable_a2c__mask_true,-23.493332,0.003906
decision_latency_mean_ms,dqn__mask_false,maskable_a2c__mask_true,-23.457921,0.003906
decision_latency_mean_ms,dqn__mask_false,maskable_a2c__mask_true,-23.422510,0.003906
decision_latency_mean_ms,dqn__mask_false,maskable_a2c__mask_true,-23.387099,0.003906
decision_latency_mean_ms,dqn__mask_false,maskable_a2c__mask_true,-23.351688,0.003906
decision_latency_mean_ms,dqn__mask_false,maskable_a2c__mask_true,-23.316277,0.003906
decision_latency_mean_ms,dqn__mask_false,maskable_a2c__mask_true,-23.280866,0.003906
decision_latency_mean_ms,dqn__mask_false,maskable_a2c__mask_true,-23.245455,0.003906
decision_latency_mean_ms,dqn__mask_false,maskable_a2c__mask_true,-23.210045,0.003906
decision_latency_mean_ms,dqn__mask_false,maskable_a2c__mask_true,-23.174634,0.003906
decision_latency_mean_ms,dqn__mask_false,maskable_a2c__mask_true,-23.139223,0.003906
decision_latency_mean_ms,dqn__mask_false,maskable_a2c__mask_true,-23.103812,0.003906
decision_latency_mean_ms,dqn__mask_false,maskable_a2c__mask_true,-23.068401,0.003906
decision_latency_mean_ms,dqn__mask_false,maskable_a2c__mask_true,-23.032990,0.003906
decision_latency_mean_ms,dqn__mask_false,maskable_a2c__mask_true,-22.997579,0.003906
decision_latency_mean_ms,dqn__mask_false,maskable_a2c__mask_true,-22.962168,0.003906
decision_latency_mean_ms,dqn__mask_false,maskable_a2c__mask_true,-22.926757,0.003906
decision_latency_mean_ms,dqn__mask_false,maskable_a2c__mask_true,-22.891346,0.003906
decision_latency_mean_ms,dqn__mask_false,maskable_a2c__mask_true,-22.855935,0.003906
decision_latency_mean_ms,dqn__mask_false,maskable_a2c__mask_true,-22.820524,0.003906
decision_latency_mean_ms,dqn__mask_false,maskable_a2c__mask_true,-22.785113,0.003906
decision_latency_mean_ms,dqn__mask_false,maskable_a2c__mask_true,-22.749702,0.003906
decision_latency_mean_ms,dqn__mask_false,maskable_a2c__mask_true,-22.714291,0.005859
decision_latency_mean_ms,dqn__mask_false,maskable_a2c__mask_true,-22.678880,0.005859
decision_latency_mean_ms,dqn__mask_false,maskable_a2c__mask_true,-22.643469,0.009766
decision_latency_mean_ms,dqn__mask_false,maskable_a2c__mask_true,-22.608058,0.009766
decision_latency_mean_ms,dqn__mask_false,maskable_a2c__mask_true,-22.572647,0.009766
decision_latency_mean_ms,dqn__mask_false,maskable_a2c__mask_true,-22.537236,0.009766
decision_latency_mean_ms,dqn__mask_false,maskable_a2c__mask_true,-22.501825,0.009766
decision_latency_mean_ms,dqn__mask_false,maskable_a2c__mask_true,-22.466414,0.009766
decision_latency_mean_ms,dqn__mask_false,maskable_a2c__mask_true,-22.431003,0.009766
decision_latency_mean_ms,dqn__mask_false,maskable_a2c__mask_true,-22.395592,0.009766
decision_latency_mean_ms,dqn__mask_false,maskable_a2c__mask_true,-22.360181,0.013672
decision_latency_mean_ms,dqn__mask_false,maskable_a2c__mask_true,-22.324770,0.013672
decision_latency_mean_ms,dqn__mask_false,maskable_a2c__mask_true,-22.289360,0.019531
decision_latency_mean_ms,dqn__mask_false,maskable_a2c__mask_true,-22.253949,0.019531
decision_latency_mean_ms,dqn__mask_false,maskable_a2c__mask_true,-22.218538,0.019531
decision_latency_mean_ms,dqn__mask_false,maskable_a2c__mask_true,-22.183127,0.019531
decision_latency_mean_ms,dqn__mask_false,maskable_a2c__mask_true,-22.147716,0.019531
decision_latency_mean_ms,dqn__mask_false,maskable_a2c__mask_true,-22.112305,0.019531
decision_latency_mean_ms,dqn__mask_false,maskable_a2c__mask_true,-22.076894,0.019531
decision_latency_mean_ms,dqn__mask_false,maskable_a2c__mask_true,-22.041483,0.019531
decision_latency_mean_ms,dqn__mask_false,maskable_a2c__mask_true,-22.006072,0.027344
decision_latency_mean_ms,dqn__mask_false,maskable_a2c__mask_true,-21.970661,0.027344
decision_latency_mean_ms,dqn__mask_false,maskable_a2c__mask_true,-21.935250,0.027344
decision_latency_mean_ms,dqn__mask_false,maskable_a2c__mask_true,-21.899839,0.027344
decision_latency_mean_ms,dqn__mask_false,maskable_a2c__mask_true,-21.864428,0.027344
decision_latency_mean_ms,dqn__mask_false,maskable_a2c__mask_true,-21.829017,0.027344
decision_latency_mean_ms,dqn__mask_false,maskable_a2c__mask_true,-21.793606,0.027344
decision_latency_mean_ms,dqn__mask_false,maskable_a2c__mask_true,-21.758195,0.027344
decision_latency_mean_ms,dqn__mask_false,maskable_a2c__mask_true,-21.722784,0.027344
decision_latency_mean_ms,dqn__mask_false,maskable_a2c__mask_true,-21.687373,0.027344
decision_latency_mean_ms,dqn__mask_false,maskable_a2c__mask_true,-21.651962,0.027344
decision_latency_mean_ms,dqn__mask_false,maskable_a2c__mask_true,-21.616551,0.027344
decision_latency_mean_ms,dqn__mask_false,maskable_a2c__mask_true,-21.581140,0.037109
decision_latency_mean_ms,dqn__mask_false,maskable_a2c__mask_true,-21.545729,0.037109
decision_latency_mean_ms,dqn__mask_false,maskable_a2c__mask_true,-21.510318,0.048828
decision_latency_mean_ms,dqn__mask_false,maskable_a2c__mask_true,-21.474907,0.048828
decision_latency_mean_ms,dqn__mask_false,maskable_a2c__mask_true,-21.439496,0.083984
decision_latency_mean_ms,dqn__mask_false,maskable_a2c__mask_true,-21.404085,0.083984
decision_latency_mean_ms,dqn__mask_false,maskable_a2c__mask_true,-21.368675,0.083984
decision_latency_mean_ms,dqn__mask_false,maskable_a2c__mask_true,-21.333264,0.083984
decision_latency_mean_ms,dqn__mask_false,maskable_a2c__mask_true,-21.297853,0.083984
decision_latency_mean_ms,dqn__mask_false,maskable_a2c__mask_true,-21.262442,0.083984
decision_latency_mean_ms,dqn__mask_false,maskable_a2c__mask_true,-21.227031,0.105469
decision_latency_mean_ms,dqn__mask_false,maskable_a2c__mask_true,-21.191620,0.105469
decision_latency_mean_ms,dqn__mask_false,maskable_a2c__mask_true,-21.156209,0.160156
decision_latency_mean_ms,dqn__mask_false,maskable_a2c__mask_true,-21.120798,0.160156
decision_latency_mean_ms,dqn__mask_false,maskable_a2c__mask_true,-21.085387,0.193359
decision_latency_mean_ms,dqn__mask_false,maskable_a2c__mask_true,-21.049976,0.193359
decision_latency_mean_ms,dqn__mask_false,maskable_a2c__mask_true,-21.014565,0.193359
decision_latency_mean_ms,dqn__mask_false,maskable_a2c__mask_true,-20.979154,0.193359
decision_latency_mean_ms,dqn__mask_false,maskable_a2c__mask_true,-20.943743,0.193359
decision_latency_mean_ms,dqn__mask_false,maskable_a2c__mask_true,-20.908332,0.193359
decision_latency_mean_ms,dqn__mask_false,maskable_a2c__mask_true,-20.872921,0.275391
decision_latency_mean_ms,dqn__mask_false,maskable_a2c__mask_true,-20.837510,0.275391
decision_latency_mean_ms,dqn__mask_false,maskable_a2c__mask_true,-20.802099,0.375000
decision_latency_mean_ms,dqn__mask_false,maskable_a2c__mask_true,-20.766688,0.375000
decision_latency_mean_ms,dqn__mask_false,maskable_a2c__mask_true,-20.731277,0.431641
decision_latency_mean_ms,dqn__mask_false,maskable_a2c__mask_true,-20.695866,0.492188
decision_latency_mean_ms,dqn__mask_false,maskable_a2c__mask_true,-20.660455,0.492188
decision_latency_mean_ms,dqn__mask_false,maskable_a2c__mask_true,-20.625044,0.492188
decision_latency_mean_ms,dqn__mask_false,maskable_a2c__mask_true,-20.589633,0.492188
decision_latency_mean_ms,dqn__mask_false,maskable_a2c__mask_true,-20.554222,0.492188
decision_latency_mean_ms,dqn__mask_false,maskable_a2c__mask_true,-20.518811,0.556641
decision_latency_mean_ms,dqn__mask_false,maskable_a2c__mask_true,-20.483400,0.556641
decision_latency_mean_ms,dqn__mask_false,maskable_a2c__mask_true,-20.447989,0.625000
decision_latency_mean_ms,dqn__mask_false,maskable_a2c__mask_true,-20.412579,0.625000
decision_latency_mean_ms,dqn__mask_false,maskable_a2c__mask_true,-20.377168,0.625000
decision_latency_mean_ms,dqn__mask_false,maskable_a2c__mask_true,-20.341757,0.625000
decision_latency_mean_ms,dqn__mask_false,maskable_a2c__mask_true,-20.306346,0.769531
decision_latency_mean_ms,dqn__mask_false,maskable_a2c__mask_true,-20.270935,0.769531
decision_latency_mean_ms,dqn__mask_false,maskable_a2c__mask_true,-20.235524,0.921875
decision_latency_mean_ms,dqn__mask_false,maskable_a2c__mask_true,-20.200113,0.921875
decision_latency_mean_ms,dqn__mask_false,maskable_a2c__mask_true,-20.164702,0.921875
decision_latency_mean_ms,dqn__mask_false,maskable_a2c__mask_true,-20.129291,1.000000
decision_latency_mean_ms,dqn__mask_false,maskable_a2c__mask_true,-20.093880,1.000000
decision_latency_mean_ms,dqn__mask_false,maskable_a2c__mask_true,-20.058469,1.000000
decision_latency_mean_ms,dqn__mask_false,maskable_a2c__mask_true,-20.023058,1.000000
decision_latency_mean_ms,dqn__mask_false,maskable_a2c__mask_true,-19.987647,1.000000
decision_latency_mean_ms,dqn__mask_false,maskable_a2c__mask_true,-19.952236,1.000000
decision_latency_mean_ms,dqn__mask_false,maskable_a2c__mask_true,-19.916825,1.000000
decision_latency_mean_ms,dqn__mask_false,maskable_a2c__mask_true,-19.881414,0.921875
decision_latency_mean_ms,dqn__mask_false,maskable_a2c__mask_true,-19.846003,0.921875
decision_latency_mean_ms,dqn__mask_false,maskable_a2c__mask_true,-19.810592,0.921875
decision_latency_mean_ms,dqn__mask_false,maskable_a2c__mask_true,-19.775181,0.921875
decision_latency_mean_ms,dqn__mask_false,maskable_a2c__mask_true,-19.739770,0.921875
decision_latency_mean_ms,dqn__mask_false,maskable_a2c__mask_true,-19.704359,0.921875
decision_latency_mean_ms,dqn__mask_false,maskable_a2c__mask_true,-19.668948,0.921875
decision_latency_mean_ms,dqn__mask_false,maskable_a2c__mask_true,-19.633537,0.921875
decision_latency_mean_ms,dqn__mask_false,maskable_a2c__mask_true,-19.598126,0.845703
decision_latency_mean_ms,dqn__mask_false,maskable_a2c__mask_true,-19.562715,0.769531
decision_latency_mean_ms,dqn__mask_false,maskable_a2c__mask_true,-19.527304,0.769531
decision_latency_mean_ms,dqn__mask_false,maskable_a2c__mask_true,-19.491894,0.695312
decision_latency_mean_ms,dqn__mask_false,maskable_a2c__mask_true,-19.456483,0.695312
decision_latency_mean_ms,dqn__mask_false,maskable_a2c__mask_true,-19.421072,0.695312
decision_latency_mean_ms,dqn__mask_false,maskable_a2c__mask_true,-19.385661,0.695312
decision_latency_mean_ms,dqn__mask_false,maskable_a2c__mask_true,-19.350250,0.695312
decision_latency_mean_ms,dqn__mask_false,maskable_a2c__mask_true,-19.314839,0.695312
decision_latency_mean_ms,dqn__mask_false,maskable_a2c__mask_true,-19.279428,0.695312
decision_latency_mean_ms,dqn__mask_false,maskable_a2c__mask_true,-19.244017,0.695312
decision_latency_mean_ms,dqn__mask_false,maskable_a2c__mask_true,-19.208606,0.625000
decision_latency_mean_ms,dqn__mask_false,maskable_a2c__mask_true,-19.173195,0.556641
decision_latency_mean_ms,dqn__mask_false,maskable_a2c__mask_true,-19.137784,0.492188
decision_latency_mean_ms,dqn__mask_false,maskable_a2c__mask_true,-19.102373,0.375000
decision_latency_mean_ms,dqn__mask_false,maskable_a2c__mask_true,-19.066962,0.322266
decision_latency_mean_ms,dqn__mask_false,maskable_a2c__mask_true,-19.031551,0.275391
decision_latency_mean_ms,dqn__mask_false,maskable_a2c__mask_true,-18.996140,0.275391
decision_latency_mean_ms,dqn__mask_false,maskable_a2c__mask_true,-18.960729,0.275391
decision_latency_mean_ms,dqn__mask_false,maskable_a2c__mask_true,-18.925318,0.275391
decision_latency_mean_ms,dqn__mask_false,maskable_a2c__mask_true,-18.889907,0.275391
decision_latency_mean_ms,dqn__mask_false,maskable_a2c__mask_true,-18.854496,0.275391
decision_latency_mean_ms,dqn__mask_false,maskable_a2c__mask_true,-18.819085,0.193359
decision_latency_mean_ms,dqn__mask_false,maskable_a2c__mask_true,-18.783674,0.193359
decision_latency_mean_ms,dqn__mask_false,maskable_a2c__mask_true,-18.748263,0.130859
decision_latency_mean_ms,dqn__mask_false,maskable_a2c__mask_true,-18.712852,0.130859
decision_latency_mean_ms,dqn__mask_false,maskable_a2c__mask_true,-18.677441,0.105469
decision_latency_mean_ms,dqn__mask_false,maskable_a2c__mask_true,-18.642030,0.105469
decision_latency_mean_ms,dqn__mask_false,maskable_a2c__mask_true,-18.606619,0.105469
decision_latency_mean_ms,dqn__mask_false,maskable_a2c__mask_true,-18.571209,0.105469
decision_latency_mean_ms,dqn__mask_false,maskable_a2c__mask_true,-18.535798,0.105469
decision_latency_mean_ms,dqn__mask_false,maskable_a2c__mask_true,-18.500387,0.105469
decision_latency_mean_ms,dqn__mask_false,maskable_a2c__mask_true,-18.464976,0.105469
decision_latency_mean_ms,dqn__mask_false,maskable_a2c__mask_true,-18.429565,0.083984
decision_latency_mean_ms,dqn__mask_false,maskable_a2c__mask_true,-18.394154,0.083984
decision_latency_mean_ms,dqn__mask_false,maskable_a2c__mask_true,-18.358743,0.064453
decision_latency_mean_ms,dqn__mask_false,maskable_a2c__mask_true,-18.323332,0.064453
decision_latency_mean_ms,dqn__mask_false,maskable_a2c__mask_true,-18.287921,0.048828
decision_latency_mean_ms,dqn__mask_false,maskable_a2c__mask_true,-18.252510,0.048828
decision_latency_mean_ms,dqn__mask_false,maskable_a2c__mask_true,-18.217099,0.048828
decision_latency_mean_ms,dqn__mask_false,maskable_a2c__mask_true,-18.181688,0.048828
decision_latency_mean_ms,dqn__mask_false,maskable_a2c__mask_true,-18.146277,0.048828
decision_latency_mean_ms,dqn__mask_false,maskable_a2c__mask_true,-18.110866,0.048828
decision_latency_mean_ms,dqn__mask_false,maskable_a2c__mask_true,-18.075455,0.048828
decision_latency_mean_ms,dqn__mask_false,maskable_a2c__mask_true,-18.040044,0.048828
decision_latency_mean_ms,dqn__mask_false,maskable_a2c__mask_true,-18.004633,0.048828
decision_latency_mean_ms,dqn__mask_false,maskable_a2c__mask_true,-17.969222,0.048828
decision_latency_mean_ms,dqn__mask_false,maskable_a2c__mask_true,-17.933811,0.048828
decision_latency_mean_ms,dqn__mask_false,maskable_a2c__mask_true,-17.898400,0.037109
decision_latency_mean_ms,dqn__mask_false,maskable_a2c__mask_true,-17.862989,0.037109
decision_latency_mean_ms,dqn__mask_false,maskable_a2c__mask_true,-17.827578,0.027344
decision_latency_mean_ms,dqn__mask_false,maskable_a2c__mask_true,-17.792167,0.027344
decision_latency_mean_ms,dqn__mask_false,maskable_a2c__mask_true,-17.756756,0.027344
decision_latency_mean_ms,dqn__mask_false,maskable_a2c__mask_true,-17.721345,0.027344
decision_latency_mean_ms,dqn__mask_false,maskable_a2c__mask_true,-17.685934,0.027344
decision_latency_mean_ms,dqn__mask_false,maskable_a2c__mask_true,-17.650523,0.027344
decision_latency_mean_ms,dqn__mask_false,maskable_a2c__mask_true,-17.615113,0.027344
decision_latency_mean_ms,dqn__mask_false,maskable_a2c__mask_true,-17.579702,0.027344
decision_latency_mean_ms,dqn__mask_false,maskable_a2c__mask_true,-17.544291,0.027344
decision_latency_mean_ms,dqn__mask_false,maskable_a2c__mask_true,-17.508880,0.019531
decision_latency_mean_ms,dqn__mask_false,maskable_a2c__mask_true,-17.473469,0.019531
decision_latency_mean_ms,dqn__mask_false,maskable_a2c__mask_true,-17.438058,0.019531
decision_latency_mean_ms,dqn__mask_false,maskable_a2c__mask_true,-17.402647,0.019531
decision_latency_mean_ms,dqn__mask_false,maskable_a2c__mask_true,-17.367236,0.019531
decision_latency_mean_ms,dqn__mask_false,maskable_a2c__mask_true,-17.331825,0.019531
decision_latency_mean_ms,dqn__mask_false,maskable_a2c__mask_true,-17.296414,0.019531
decision_latency_mean_ms,dqn__mask_false,maskable_a2c__mask_true,-17.261003,0.019531
decision_latency_mean_ms,dqn__mask_false,maskable_a2c__mask_true,-17.225592,0.019531
decision_latency_mean_ms,dqn__mask_false,maskable_a2c__mask_true,-17.190181,0.019531
decision_latency_mean_ms,dqn__mask_false,maskable_a2c__mask_true,-17.154770,0.019531
decision_latency_mean_ms,dqn__mask_false,maskable_a2c__mask_true,-17.119359,0.013672
decision_latency_mean_ms,dqn__mask_false,maskable_a2c__mask_true,-17.083948,0.013672
decision_latency_mean_ms,dqn__mask_false,maskable_a2c__mask_true,-17.048537,0.009766
decision_latency_mean_ms,dqn__mask_false,maskable_a2c__mask_true,-17.013126,0.009766
decision_latency_mean_ms,dqn__mask_false,maskable_a2c__mask_true,-16.977715,0.009766
decision_latency_mean_ms,dqn__mask_false,maskable_a2c__mask_true,-16.942304,0.009766
decision_latency_mean_ms,dqn__mask_false,maskable_a2c__mask_true,-16.906893,0.009766
decision_latency_mean_ms,dqn__mask_false,maskable_a2c__mask_true,-16.871482,0.009766
decision_latency_mean_ms,dqn__mask_false,maskable_a2c__mask_true,-16.836071,0.009766
decision_latency_mean_ms,dqn__mask_false,maskable_a2c__mask_true,-16.800660,0.009766
decision_latency_mean_ms,dqn__mask_false,maskable_a2c__mask_true,-16.765249,0.005859
decision_latency_mean_ms,dqn__mask_false,maskable_a2c__mask_true,-16.729838,0.005859
decision_latency_mean_ms,dqn__mask_false,maskable_a2c__mask_true,-16.694428,0.005859
decision_latency_mean_ms,dqn__mask_false,maskable_a2c__mask_true,-16.659017,0.003906
decision_latency_mean_ms,dqn__mask_false,maskable_a2c__mask_true,-16.623606,0.003906
decision_latency_mean_ms,dqn__mask_false,maskable_ppo__mask_true,-22.386027,0.003906
decision_latency_mean_ms,dqn__mask_false,maskable_ppo__mask_true,-22.360241,0.003906
decision_latency_mean_ms,dqn__mask_false,maskable_ppo__mask_true,-22.334456,0.003906
decision_latency_mean_ms,dqn__mask_false,maskable_ppo__mask_true,-22.308670,0.003906
decision_latency_mean_ms,dqn__mask_false,maskable_ppo__mask_true,-22.282884,0.003906
decision_latency_mean_ms,dqn__mask_false,maskable_ppo__mask_true,-22.257098,0.005859
decision_latency_mean_ms,dqn__mask_false,maskable_ppo__mask_true,-22.231312,0.005859
decision_latency_mean_ms,dqn__mask_false,maskable_ppo__mask_true,-22.205527,0.005859
decision_latency_mean_ms,dqn__mask_false,maskable_ppo__mask_true,-22.179741,0.005859
decision_latency_mean_ms,dqn__mask_false,maskable_ppo__mask_true,-22.153955,0.009766
decision_latency_mean_ms,dqn__mask_false,maskable_ppo__mask_true,-22.128169,0.009766
decision_latency_mean_ms,dqn__mask_false,maskable_ppo__mask_true,-22.102383,0.013672
decision_latency_mean_ms,dqn__mask_false,maskable_ppo__mask_true,-22.076597,0.013672
decision_latency_mean_ms,dqn__mask_false,maskable_ppo__mask_true,-22.050812,0.013672
decision_latency_mean_ms,dqn__mask_false,maskable_ppo__mask_true,-22.025026,0.013672
decision_latency_mean_ms,dqn__mask_false,maskable_ppo__mask_true,-21.999240,0.019531
decision_latency_mean_ms,dqn__mask_false,maskable_ppo__mask_true,-21.973454,0.019531
decision_latency_mean_ms,dqn__mask_false,maskable_ppo__mask_true,-21.947668,0.019531
decision_latency_mean_ms,dqn__mask_false,maskable_ppo__mask_true,-21.921882,0.019531
decision_latency_mean_ms,dqn__mask_false,maskable_ppo__mask_true,-21.896097,0.027344
decision_latency_mean_ms,dqn__mask_false,maskable_ppo__mask_true,-21.870311,0.027344
decision_latency_mean_ms,dqn__mask_false,maskable_ppo__mask_true,-21.844525,0.027344
decision_latency_mean_ms,dqn__mask_false,maskable_ppo__mask_true,-21.818739,0.027344
decision_latency_mean_ms,dqn__mask_false,maskable_ppo__mask_true,-21.792953,0.027344
decision_latency_mean_ms,dqn__mask_false,maskable_ppo__mask_true,-21.767167,0.027344
decision_latency_mean_ms,dqn__mask_false,maskable_ppo__mask_true,-21.741382,0.027344
decision_latency_mean_ms,dqn__mask_false,maskable_ppo__mask_true,-21.715596,0.027344
decision_latency_mean_ms,dqn__mask_false,maskable_ppo__mask_true,-21.689810,0.027344
decision_latency_mean_ms,dqn__mask_false,maskable_ppo__mask_true,-21.664024,0.027344
decision_latency_mean_ms,dqn__mask_false,maskable_ppo__mask_true,-21.638238,0.027344
decision_latency_mean_ms,dqn__mask_false,maskable_ppo__mask_true,-21.612452,0.027344
decision_latency_mean_ms,dqn__mask_false,maskable_ppo__mask_true,-21.586667,0.027344
decision_latency_mean_ms,dqn__mask_false,maskable_ppo__mask_true,-21.560881,0.027344
decision_latency_mean_ms,dqn__mask_false,maskable_ppo__mask_true,-21.535095,0.027344
decision_latency_mean_ms,dqn__mask_false,maskable_ppo__mask_true,-21.509309,0.027344
decision_latency_mean_ms,dqn__mask_false,maskable_ppo__mask_true,-21.483523,0.027344
decision_latency_mean_ms,dqn__mask_false,maskable_ppo__mask_true,-21.457737,0.027344
decision_latency_mean_ms,dqn__mask_false,maskable_ppo__mask_true,-21.431952,0.027344
decision_latency_mean_ms,dqn__mask_false,maskable_ppo__mask_true,-21.406166,0.037109
decision_latency_mean_ms,dqn__mask_false,maskable_ppo__mask_true,-21.380380,0.037109
decision_latency_mean_ms,dqn__mask_false,maskable_ppo__mask_true,-21.354594,0.037109
decision_latency_mean_ms,dqn__mask_false,maskable_ppo__mask_true,-21.328808,0.037109
decision_latency_mean_ms,dqn__mask_false,maskable_ppo__mask_true,-21.303022,0.037109
decision_latency_mean_ms,dqn__mask_false,maskable_ppo__mask_true,-21.277237,0.037109
decision_latency_mean_ms,dqn__mask_false,maskable_ppo__mask_true,-21.251451,0.048828
decision_latency_mean_ms,dqn__mask_false,maskable_ppo__mask_true,-21.225665,0.048828
decision_latency_mean_ms,dqn__mask_false,maskable_ppo__mask_true,-21.199879,0.048828
decision_latency_mean_ms,dqn__mask_false,maskable_ppo__mask_true,-21.174093,0.048828
decision_latency_mean_ms,dqn__mask_false,maskable_ppo__mask_true,-21.148307,0.064453
decision_latency_mean_ms,dqn__mask_false,maskable_ppo__mask_true,-21.122522,0.064453
decision_latency_mean_ms,dqn__mask_false,maskable_ppo__mask_true,-21.096736,0.064453
decision_latency_mean_ms,dqn__mask_false,maskable_ppo__mask_true,-21.070950,0.083984
decision_latency_mean_ms,dqn__mask_false,maskable_ppo__mask_true,-21.045164,0.083984
decision_latency_mean_ms,dqn__mask_false,maskable_ppo__mask_true,-21.019378,0.083984
decision_latency_mean_ms,dqn__mask_false,maskable_ppo__mask_true,-20.993592,0.083984
decision_latency_mean_ms,dqn__mask_false,maskable_ppo__mask_true,-20.967807,0.083984
decision_latency_mean_ms,dqn__mask_false,maskable_ppo__mask_true,-20.942021,0.105469
decision_latency_mean_ms,dqn__mask_false,maskable_ppo__mask_true,-20.916235,0.130859
decision_latency_mean_ms,dqn__mask_false,maskable_ppo__mask_true,-20.890449,0.130859
decision_latency_mean_ms,dqn__mask_false,maskable_ppo__mask_true,-20.864663,0.130859
decision_latency_mean_ms,dqn__mask_false,maskable_ppo__mask_true,-20.838878,0.130859
decision_latency_mean_ms,dqn__mask_false,maskable_ppo__mask_true,-20.813092,0.160156
decision_latency_mean_ms,dqn__mask_false,maskable_ppo__mask_true,-20.787306,0.193359
decision_latency_mean_ms,dqn__mask_false,maskable_ppo__mask_true,-20.761520,0.193359
decision_latency_mean_ms,dqn__mask_false,maskable_ppo__mask_true,-20.735734,0.193359
decision_latency_mean_ms,dqn__mask_false,maskable_ppo__mask_true,-20.709948,0.232422
decision_latency_mean_ms,dqn__mask_false,maskable_ppo__mask_true,-20.684163,0.232422
decision_latency_mean_ms,dqn__mask_false,maskable_ppo__mask_true,-20.658377,0.232422
decision_latency_mean_ms,dqn__mask_false,maskable_ppo__mask_true,-20.632591,0.232422
decision_latency_mean_ms,dqn__mask_false,maskable_ppo__mask_true,-20.606805,0.232422
decision_latency_mean_ms,dqn__mask_false,maskable_ppo__mask_true,-20.581019,0.232422
decision_latency_mean_ms,dqn__mask_false,maskable_ppo__mask_true,-20.555233,0.232422
decision_latency_mean_ms,dqn__mask_false,maskable_ppo__mask_true,-20.529448,0.232422
decision_latency_mean_ms,dqn__mask_false,maskable_ppo__mask_true,-20.503662,0.232422
decision_latency_mean_ms,dqn__mask_false,maskable_ppo__mask_true,-20.477876,0.232422
decision_latency_mean_ms,dqn__mask_false,maskable_ppo__mask_true,-20.452090,0.232422
decision_latency_mean_ms,dqn__mask_false,maskable_ppo__mask_true,-20.426304,0.232422
decision_latency_mean_ms,dqn__mask_false,maskable_ppo__mask_true,-20.400518,0.275391
decision_latency_mean_ms,dqn__mask_false,maskable_ppo__mask_true,-20.374733,0.275391
decision_latency_mean_ms,dqn__mask_false,maskable_ppo__mask_true,-20.348947,0.275391
decision_latency_mean_ms,dqn__mask_false,maskable_ppo__mask_true,-20.323161,0.275391
decision_latency_mean_ms,dqn__mask_false,maskable_ppo__mask_true,-20.297375,0.275391
decision_latency_mean_ms,dqn__mask_false,maskable_ppo__mask_true,-20.271589,0.322266
decision_latency_mean_ms,dqn__mask_false,maskable_ppo__mask_true,-20.245803,0.322266
decision_latency_mean_ms,dqn__mask_false,maskable_ppo__mask_true,-20.220018,0.322266
decision_latency_mean_ms,dqn__mask_false,maskable_ppo__mask_true,-20.194232,0.322266
decision_latency_mean_ms,dqn__mask_false,maskable_ppo__mask_true,-20.168446,0.322266
decision_latency_mean_ms,dqn__mask_false,maskable_ppo__mask_true,-20.142660,0.322266
decision_latency_mean_ms,dqn__mask_false,maskable_ppo__mask_true,-20.116874,0.375000
decision_latency_mean_ms,dqn__mask_false,maskable_ppo__mask_true,-20.091088,0.375000
decision_latency_mean_ms,dqn__mask_false,maskable_ppo__mask_true,-20.065303,0.431641
decision_latency_mean_ms,dqn__mask_false,maskable_ppo__mask_true,-20.039517,0.431641
decision_latency_mean_ms,dqn__mask_false,maskable_ppo__mask_true,-20.013731,0.492188
decision_latency_mean_ms,dqn__mask_false,maskable_ppo__mask_true,-19.987945,0.492188
decision_latency_mean_ms,dqn__mask_false,maskable_ppo__mask_true,-19.962159,0.556641
decision_latency_mean_ms,dqn__mask_false,maskable_ppo__mask_true,-19.936373,0.625000
decision_latency_mean_ms,dqn__mask_false,maskable_ppo__mask_true,-19.910588,0.625000
decision_latency_mean_ms,dqn__mask_false,maskable_ppo__mask_true,-19.884802,0.695312
decision_latency_mean_ms,dqn__mask_false,maskable_ppo__mask_true,-19.859016,0.695312
decision_latency_mean_ms,dqn__mask_false,maskable_ppo__mask_true,-19.833230,0.695312
decision_latency_mean_ms,dqn__mask_false,maskable_ppo__mask_true,-19.807444,0.845703
decision_latency_mean_ms,dqn__mask_false,maskable_ppo__mask_true,-19.781658,0.845703
decision_latency_mean_ms,dqn__mask_false,maskable_ppo__mask_true,-19.755873,0.845703
decision_latency_mean_ms,dqn__mask_false,maskable_ppo__mask_true,-19.730087,1.000000
decision_latency_mean_ms,dqn__mask_false,maskable_ppo__mask_true,-19.704301,1.000000
decision_latency_mean_ms,dqn__mask_false,maskable_ppo__mask_true,-19.678515,1.000000
decision_latency_mean_ms,dqn__mask_false,maskable_ppo__mask_true,-19.652729,0.921875
decision_latency_mean_ms,dqn__mask_false,maskable_ppo__mask_true,-19.626943,0.769531
decision_latency_mean_ms,dqn__mask_false,maskable_ppo__mask_true,-19.601158,0.769531
decision_latency_mean_ms,dqn__mask_false,maskable_ppo__mask_true,-19.575372,0.769531
decision_latency_mean_ms,dqn__mask_false,maskable_ppo__mask_true,-19.549586,0.695312
decision_latency_mean_ms,dqn__mask_false,maskable_ppo__mask_true,-19.523800,0.695312
decision_latency_mean_ms,dqn__mask_false,maskable_ppo__mask_true,-19.498014,0.625000
decision_latency_mean_ms,dqn__mask_false,maskable_ppo__mask_true,-19.472228,0.625000
decision_latency_mean_ms,dqn__mask_false,maskable_ppo__mask_true,-19.446443,0.625000
decision_latency_mean_ms,dqn__mask_false,maskable_ppo__mask_true,-19.420657,0.625000
decision_latency_mean_ms,dqn__mask_false,maskable_ppo__mask_true,-19.394871,0.625000
decision_latency_mean_ms,dqn__mask_false,maskable_ppo__mask_true,-19.369085,0.625000
decision_latency_mean_ms,dqn__mask_false,maskable_ppo__mask_true,-19.343299,0.625000
decision_latency_mean_ms,dqn__mask_false,maskable_ppo__mask_true,-19.317514,0.625000
decision_latency_mean_ms,dqn__mask_false,maskable_ppo__mask_true,-19.291728,0.625000
decision_latency_mean_ms,dqn__mask_false,maskable_ppo__mask_true,-19.265942,0.556641
decision_latency_mean_ms,dqn__mask_false,maskable_ppo__mask_true,-19.240156,0.556641
decision_latency_mean_ms,dqn__mask_false,maskable_ppo__mask_true,-19.214370,0.556641
decision_latency_mean_ms,dqn__mask_false,maskable_ppo__mask_true,-19.188584,0.556641
decision_latency_mean_ms,dqn__mask_false,maskable_ppo__mask_true,-19.162799,0.556641
decision_latency_mean_ms,dqn__mask_false,maskable_ppo__mask_true,-19.137013,0.556641
decision_latency_mean_ms,dqn__mask_false,maskable_ppo__mask_true,-19.111227,0.556641
decision_latency_mean_ms,dqn__mask_false,maskable_ppo__mask_true,-19.085441,0.556641
decision_latency_mean_ms,dqn__mask_false,maskable_ppo__mask_true,-19.059655,0.556641
decision_latency_mean_ms,dqn__mask_false,maskable_ppo__mask_true,-19.033869,0.556641
decision_latency_mean_ms,dqn__mask_false,maskable_ppo__mask_true,-19.008084,0.556641
decision_latency_mean_ms,dqn__mask_false,maskable_ppo__mask_true,-18.982298,0.556641
decision_latency_mean_ms,dqn__mask_false,maskable_ppo__mask_true,-18.956512,0.492188
decision_latency_mean_ms,dqn__mask_false,maskable_ppo__mask_true,-18.930726,0.431641
decision_latency_mean_ms,dqn__mask_false,maskable_ppo__mask_true,-18.904940,0.375000
decision_latency_mean_ms,dqn__mask_false,maskable_ppo__mask_true,-18.879154,0.375000
decision_latency_mean_ms,dqn__mask_false,maskable_ppo__mask_true,-18.853369,0.375000
decision_latency_mean_ms,dqn__mask_false,maskable_ppo__mask_true,-18.827583,0.322266
decision_latency_mean_ms,dqn__mask_false,maskable_ppo__mask_true,-18.801797,0.275391
decision_latency_mean_ms,dqn__mask_false,maskable_ppo__mask_true,-18.776011,0.275391
decision_latency_mean_ms,dqn__mask_false,maskable_ppo__mask_true,-18.750225,0.275391
decision_latency_mean_ms,dqn__mask_false,maskable_ppo__mask_true,-18.724439,0.275391
decision_latency_mean_ms,dqn__mask_false,maskable_ppo__mask_true,-18.698654,0.275391
decision_latency_mean_ms,dqn__mask_false,maskable_ppo__mask_true,-18.672868,0.275391
decision_latency_mean_ms,dqn__mask_false,maskable_ppo__mask_true,-18.647082,0.275391
decision_latency_mean_ms,dqn__mask_false,maskable_ppo__mask_true,-18.621296,0.232422
decision_latency_mean_ms,dqn__mask_false,maskable_ppo__mask_true,-18.595510,0.232422
decision_latency_mean_ms,dqn__mask_false,maskable_ppo__mask_true,-18.569724,0.232422
decision_latency_mean_ms,dqn__mask_false,maskable_ppo__mask_true,-18.543939,0.193359
decision_latency_mean_ms,dqn__mask_false,maskable_ppo__mask_true,-18.518153,0.193359
decision_latency_mean_ms,dqn__mask_false,maskable_ppo__mask_true,-18.492367,0.130859
decision_latency_mean_ms,dqn__mask_false,maskable_ppo__mask_true,-18.466581,0.130859
decision_latency_mean_ms,dqn__mask_false,maskable_ppo__mask_true,-18.440795,0.105469
decision_latency_mean_ms,dqn__mask_false,maskable_ppo__mask_true,-18.415009,0.105469
decision_latency_mean_ms,dqn__mask_false,maskable_ppo__mask_true,-18.389224,0.105469
decision_latency_mean_ms,dqn__mask_false,maskable_ppo__mask_true,-18.363438,0.083984
decision_latency_mean_ms,dqn__mask_false,maskable_ppo__mask_true,-18.337652,0.083984
decision_latency_mean_ms,dqn__mask_false,maskable_ppo__mask_true,-18.311866,0.083984
decision_latency_mean_ms,dqn__mask_false,maskable_ppo__mask_true,-18.286080,0.083984
decision_latency_mean_ms,dqn__mask_false,maskable_ppo__mask_true,-18.260294,0.083984
decision_latency_mean_ms,dqn__mask_false,maskable_ppo__mask_true,-18.234509,0.083984
decision_latency_mean_ms,dqn__mask_false,maskable_ppo__mask_true,-18.208723,0.083984
decision_latency_mean_ms,dqn__mask_false,maskable_ppo__mask_true,-18.182937,0.083984
decision_latency_mean_ms,dqn__mask_false,maskable_ppo__mask_true,-18.157151,0.083984
decision_latency_mean_ms,dqn__mask_false,maskable_ppo__mask_true,-18.131365,0.064453
decision_latency_mean_ms,dqn__mask_false,maskable_ppo__mask_true,-18.105579,0.064453
decision_latency_mean_ms,dqn__mask_false,maskable_ppo__mask_true,-18.079794,0.064453
decision_latency_mean_ms,dqn__mask_false,maskable_ppo__mask_true,-18.054008,0.064453
decision_latency_mean_ms,dqn__mask_false,maskable_ppo__mask_true,-18.028222,0.064453
decision_latency_mean_ms,dqn__mask_false,maskable_ppo__mask_true,-18.002436,0.064453
decision_latency_mean_ms,dqn__mask_false,maskable_ppo__mask_true,-17.976650,0.064453
decision_latency_mean_ms,dqn__mask_false,maskable_ppo__mask_true,-17.950865,0.064453
decision_latency_mean_ms,dqn__mask_false,maskable_ppo__mask_true,-17.925079,0.064453
decision_latency_mean_ms,dqn__mask_false,maskable_ppo__mask_true,-17.899293,0.064453
decision_latency_mean_ms,dqn__mask_false,maskable_ppo__mask_true,-17.873507,0.064453
decision_latency_mean_ms,dqn__mask_false,maskable_ppo__mask_true,-17.847721,0.064453
decision_latency_mean_ms,dqn__mask_false,maskable_ppo__mask_true,-17.821935,0.048828
decision_latency_mean_ms,dqn__mask_false,maskable_ppo__mask_true,-17.796150,0.048828
decision_latency_mean_ms,dqn__mask_false,maskable_ppo__mask_true,-17.770364,0.048828
decision_latency_mean_ms,dqn__mask_false,maskable_ppo__mask_true,-17.744578,0.037109
decision_latency_mean_ms,dqn__mask_false,maskable_ppo__mask_true,-17.718792,0.037109
decision_latency_mean_ms,dqn__mask_false,maskable_ppo__mask_true,-17.693006,0.037109
decision_latency_mean_ms,dqn__mask_false,maskable_ppo__mask_true,-17.667220,0.027344
decision_latency_mean_ms,dqn__mask_false,maskable_ppo__mask_true,-17.641435,0.027344
decision_latency_mean_ms,dqn__mask_false,maskable_ppo__mask_true,-17.615649,0.027344
decision_latency_mean_ms,dqn__mask_false,maskable_ppo__mask_true,-17.589863,0.027344
decision_latency_mean_ms,dqn__mask_false,maskable_ppo__mask_true,-17.564077,0.027344
decision_latency_mean_ms,dqn__mask_false,maskable_ppo__mask_true,-17.538291,0.027344
decision_latency_mean_ms,dqn__mask_false,maskable_ppo__mask_true,-17.512505,0.027344
decision_latency_mean_ms,dqn__mask_false,maskable_ppo__mask_true,-17.486720,0.019531
decision_latency_mean_ms,dqn__mask_false,maskable_ppo__mask_true,-17.460934,0.019531
decision_latency_mean_ms,dqn__mask_false,maskable_ppo__mask_true,-17.435148,0.013672
decision_latency_mean_ms,dqn__mask_false,maskable_ppo__mask_true,-17.409362,0.013672
decision_latency_mean_ms,dqn__mask_false,maskable_ppo__mask_true,-17.383576,0.009766
decision_latency_mean_ms,dqn__mask_false,maskable_ppo__mask_true,-17.357790,0.005859
decision_latency_mean_ms,dqn__mask_false,maskable_ppo__mask_true,-17.332005,0.005859
decision_latency_mean_ms,dqn__mask_false,maskable_ppo__mask_true,-17.306219,0.003906
decision_latency_mean_ms,dqn__mask_false,maskable_ppo__mask_true,-17.280433,0.003906
decision_latency_mean_ms,dqn__mask_false,maskable_ppo__mask_true,-17.254647,0.003906
decision_latency_mean_ms,dqn__mask_false,ppo__mask_false,-27.411143,0.003906
decision_latency_mean_ms,dqn__mask_false,ppo__mask_false,-27.355879,0.003906
decision_latency_mean_ms,dqn__mask_false,ppo__mask_false,-27.300616,0.003906
decision_latency_mean_ms,dqn__mask_false,ppo__mask_false,-27.245352,0.003906
decision_latency_mean_ms,dqn__mask_false,ppo__mask_false,-27.190088,0.003906
decision_latency_mean_ms,dqn__mask_false,ppo__mask_false,-27.134825,0.003906
decision_latency_mean_ms,dqn__mask_false,ppo__mask_false,-27.079561,0.003906
decision_latency_mean_ms,dqn__mask_false,ppo__mask_false,-27.024298,0.003906
decision_latency_mean_ms,dqn__mask_false,ppo__mask_false,-26.969034,0.003906
decision_latency_mean_ms,dqn__mask_false,ppo__mask_false,-26.913770,0.003906
decision_latency_mean_ms,dqn__mask_false,ppo__mask_false,-26.858507,0.003906
decision_latency_mean_ms,dqn__mask_false,ppo__mask_false,-26.803243,0.003906
decision_latency_mean_ms,dqn__mask_false,ppo__mask_false,-26.747980,0.003906
decision_latency_mean_ms,dqn__mask_false,ppo__mask_false,-26.692716,0.003906
decision_latency_mean_ms,dqn__mask_false,ppo__mask_false,-26.637452,0.003906
decision_latency_mean_ms,dqn__mask_false,ppo__mask_false,-26.582189,0.003906
decision_latency_mean_ms,dqn__mask_false,ppo__mask_false,-26.526925,0.003906
decision_latency_mean_ms,dqn__mask_false,ppo__mask_false,-26.471662,0.003906
decision_latency_mean_ms,dqn__mask_false,ppo__mask_false,-26.416398,0.003906
decision_latency_mean_ms,dqn__mask_false,ppo__mask_false,-26.361134,0.003906
decision_latency_mean_ms,dqn__mask_false,ppo__mask_false,-26.305871,0.003906
decision_latency_mean_ms,dqn__mask_false,ppo__mask_false,-26.250607,0.003906
decision_latency_mean_ms,dqn__mask_false,ppo__mask_false,-26.195344,0.003906
decision_latency_mean_ms,dqn__mask_false,ppo__mask_false,-26.140080,0.003906
decision_latency_mean_ms,dqn__mask_false,ppo__mask_false,-26.084816,0.005859
decision_latency_mean_ms,dqn__mask_false,ppo__mask_false,-26.029553,0.005859
decision_latency_mean_ms,dqn__mask_false,ppo__mask_false,-25.974289,0.005859
decision_latency_mean_ms,dqn__mask_false,ppo__mask_false,-25.919026,0.005859
decision_latency_mean_ms,dqn__mask_false,ppo__mask_false,-25.863762,0.005859
decision_latency_mean_ms,dqn__mask_false,ppo__mask_false,-25.808498,0.005859
decision_latency_mean_ms,dqn__mask_false,ppo__mask_false,-25.753235,0.005859
decision_latency_mean_ms,dqn__mask_false,ppo__mask_false,-25.697971,0.005859
decision_latency_mean_ms,dqn__mask_false,ppo__mask_false,-25.642708,0.009766
decision_latency_mean_ms,dqn__mask_false,ppo__mask_false,-25.587444,0.009766
decision_latency_mean_ms,dqn__mask_false,ppo__mask_false,-25.532180,0.009766
decision_latency_mean_ms,dqn__mask_false,ppo__mask_false,-25.476917,0.009766
decision_latency_mean_ms,dqn__mask_false,ppo__mask_false,-25.421653,0.013672
decision_latency_mean_ms,dqn__mask_false,ppo__mask_false,-25.366390,0.013672
decision_latency_mean_ms,dqn__mask_false,ppo__mask_false,-25.311126,0.013672
decision_latency_mean_ms,dqn__mask_false,ppo__mask_false,-25.255862,0.013672
decision_latency_mean_ms,dqn__mask_false,ppo__mask_false,-25.200599,0.013672
decision_latency_mean_ms,dqn__mask_false,ppo__mask_false,-25.145335,0.013672
decision_latency_mean_ms,dqn__mask_false,ppo__mask_false,-25.090072,0.013672
decision_latency_mean_ms,dqn__mask_false,ppo__mask_false,-25.034808,0.013672
decision_latency_mean_ms,dqn__mask_false,ppo__mask_false,-24.979544,0.013672
decision_latency_mean_ms,dqn__mask_false,ppo__mask_false,-24.924281,0.013672
decision_latency_mean_ms,dqn__mask_false,ppo__mask_false,-24.869017,0.013672
decision_latency_mean_ms,dqn__mask_false,ppo__mask_false,-24.813754,0.013672
decision_latency_mean_ms,dqn__mask_false,ppo__mask_false,-24.758490,0.013672
decision_latency_mean_ms,dqn__mask_false,ppo__mask_false,-24.703226,0.013672
decision_latency_mean_ms,dqn__mask_false,ppo__mask_false,-24.647963,0.013672
decision_latency_mean_ms,dqn__mask_false,ppo__mask_false,-24.592699,0.013672
decision_latency_mean_ms,dqn__mask_false,ppo__mask_false,-24.537436,0.013672
decision_latency_mean_ms,dqn__mask_false,ppo__mask_false,-24.482172,0.019531
decision_latency_mean_ms,dqn__mask_false,ppo__mask_false,-24.426909,0.019531
decision_latency_mean_ms,dqn__mask_false,ppo__mask_false,-24.371645,0.027344
decision_latency_mean_ms,dqn__mask_false,ppo__mask_false,-24.316381,0.027344
decision_latency_mean_ms,dqn__mask_false,ppo__mask_false,-24.261118,0.027344
decision_latency_mean_ms,dqn__mask_false,ppo__mask_false,-24.205854,0.037109
decision_latency_mean_ms,dqn__mask_false,ppo__mask_false,-24.150591,0.037109
decision_latency_mean_ms,dqn__mask_false,ppo__mask_false,-24.095327,0.037109
decision_latency_mean_ms,dqn__mask_false,ppo__mask_false,-24.040063,0.048828
decision_latency_mean_ms,dqn__mask_false,ppo__mask_false,-23.984800,0.048828
decision_latency_mean_ms,dqn__mask_false,ppo__mask_false,-23.929536,0.048828
decision_latency_mean_ms,dqn__mask_false,ppo__mask_false,-23.874273,0.048828
decision_latency_mean_ms,dqn__mask_false,ppo__mask_false,-23.819009,0.064453
decision_latency_mean_ms,dqn__mask_false,ppo__mask_false,-23.763745,0.064453
decision_latency_mean_ms,dqn__mask_false,ppo__mask_false,-23.708482,0.064453
decision_latency_mean_ms,dqn__mask_false,ppo__mask_false,-23.653218,0.064453
decision_latency_mean_ms,dqn__mask_false,ppo__mask_false,-23.597955,0.064453
decision_latency_mean_ms,dqn__mask_false,ppo__mask_false,-23.542691,0.083984
decision_latency_mean_ms,dqn__mask_false,ppo__mask_false,-23.487427,0.105469
decision_latency_mean_ms,dqn__mask_false,ppo__mask_false,-23.432164,0.105469
decision_latency_mean_ms,dqn__mask_false,ppo__mask_false,-23.376900,0.130859
decision_latency_mean_ms,dqn__mask_false,ppo__mask_false,-23.321637,0.130859
decision_latency_mean_ms,dqn__mask_false,ppo__mask_false,-23.266373,0.160156
decision_latency_mean_ms,dqn__mask_false,ppo__mask_false,-23.211109,0.193359
decision_latency_mean_ms,dqn__mask_false,ppo__mask_false,-23.155846,0.193359
decision_latency_mean_ms,dqn__mask_false,ppo__mask_false,-23.100582,0.193359
decision_latency_mean_ms,dqn__mask_false,ppo__mask_false,-23.045319,0.193359
decision_latency_mean_ms,dqn__mask_false,ppo__mask_false,-22.990055,0.193359
decision_latency_mean_ms,dqn__mask_false,ppo__mask_false,-22.934791,0.193359
decision_latency_mean_ms,dqn__mask_false,ppo__mask_false,-22.879528,0.193359
decision_latency_mean_ms,dqn__mask_false,ppo__mask_false,-22.824264,0.193359
decision_latency_mean_ms,dqn__mask_false,ppo__mask_false,-22.769001,0.232422
decision_latency_mean_ms,dqn__mask_false,ppo__mask_false,-22.713737,0.232422
decision_latency_mean_ms,dqn__mask_false,ppo__mask_false,-22.658473,0.232422
decision_latency_mean_ms,dqn__mask_false,ppo__mask_false,-22.603210,0.275391
decision_latency_mean_ms,dqn__mask_false,ppo__mask_false,-22.547946,0.275391
decision_latency_mean_ms,dqn__mask_false,ppo__mask_false,-22.492683,0.275391
decision_latency_mean_ms,dqn__mask_false,ppo__mask_false,-22.437419,0.275391
decision_latency_mean_ms,dqn__mask_false,ppo__mask_false,-22.382155,0.275391
decision_latency_mean_ms,dqn__mask_false,ppo__mask_false,-22.326892,0.322266
decision_latency_mean_ms,dqn__mask_false,ppo__mask_false,-22.271628,0.375000
decision_latency_mean_ms,dqn__mask_false,ppo__mask_false,-22.216365,0.375000
decision_latency_mean_ms,dqn__mask_false,ppo__mask_false,-22.161101,0.431641
decision_latency_mean_ms,dqn__mask_false,ppo__mask_false,-22.105837,0.492188
decision_latency_mean_ms,dqn__mask_false,ppo__mask_false,-22.050574,0.492188
decision_latency_mean_ms,dqn__mask_false,ppo__mask_false,-21.995310,0.625000
decision_latency_mean_ms,dqn__mask_false,ppo__mask_false,-21.940047,0.625000
decision_latency_mean_ms,dqn__mask_false,ppo__mask_false,-21.884783,0.695312
decision_latency_mean_ms,dqn__mask_false,ppo__mask_false,-21.829519,0.695312
decision_latency_mean_ms,dqn__mask_false,ppo__mask_false,-21.774256,0.695312
decision_latency_mean_ms,dqn__mask_false,ppo__mask_false,-21.718992,0.769531
decision_latency_mean_ms,dqn__mask_false,ppo__mask_false,-21.663729,0.769531
decision_latency_mean_ms,dqn__mask_false,ppo__mask_false,-21.608465,0.769531
decision_latency_mean_ms,dqn__mask_false,ppo__mask_false,-21.553201,0.769531
decision_latency_mean_ms,dqn__mask_false,ppo__mask_false,-21.497938,0.769531
decision_latency_mean_ms,dqn__mask_false,ppo__mask_false,-21.442674,0.769531
decision_latency_mean_ms,dqn__mask_false,ppo__mask_false,-21.387411,0.845703
decision_latency_mean_ms,dqn__mask_false,ppo__mask_false,-21.332147,0.845703
decision_latency_mean_ms,dqn__mask_false,ppo__mask_false,-21.276883,0.845703
decision_latency_mean_ms,dqn__mask_false,ppo__mask_false,-21.221620,1.000000
decision_latency_mean_ms,dqn__mask_false,ppo__mask_false,-21.166356,1.000000
decision_latency_mean_ms,dqn__mask_false,ppo__mask_false,-21.111093,1.000000
decision_latency_mean_ms,dqn__mask_false,ppo__mask_false,-21.055829,0.921875
decision_latency_mean_ms,dqn__mask_false,ppo__mask_false,-21.000565,0.921875
decision_latency_mean_ms,dqn__mask_false,ppo__mask_false,-20.945302,0.921875
decision_latency_mean_ms,dqn__mask_false,ppo__mask_false,-20.890038,0.845703
decision_latency_mean_ms,dqn__mask_false,ppo__mask_false,-20.834775,0.845703
decision_latency_mean_ms,dqn__mask_false,ppo__mask_false,-20.779511,0.845703
decision_latency_mean_ms,dqn__mask_false,ppo__mask_false,-20.724247,0.769531
decision_latency_mean_ms,dqn__mask_false,ppo__mask_false,-20.668984,0.695312
decision_latency_mean_ms,dqn__mask_false,ppo__mask_false,-20.613720,0.695312
decision_latency_mean_ms,dqn__mask_false,ppo__mask_false,-20.558457,0.695312
decision_latency_mean_ms,dqn__mask_false,ppo__mask_false,-20.503193,0.695312
decision_latency_mean_ms,dqn__mask_false,ppo__mask_false,-20.447929,0.695312
decision_latency_mean_ms,dqn__mask_false,ppo__mask_false,-20.392666,0.625000
decision_latency_mean_ms,dqn__mask_false,ppo__mask_false,-20.337402,0.625000
decision_latency_mean_ms,dqn__mask_false,ppo__mask_false,-20.282139,0.625000
decision_latency_mean_ms,dqn__mask_false,ppo__mask_false,-20.226875,0.556641
decision_latency_mean_ms,dqn__mask_false,ppo__mask_false,-20.171611,0.492188
decision_latency_mean_ms,dqn__mask_false,ppo__mask_false,-20.116348,0.492188
decision_latency_mean_ms,dqn__mask_false,ppo__mask_false,-20.061084,0.431641
decision_latency_mean_ms,dqn__mask_false,ppo__mask_false,-20.005821,0.375000
decision_latency_mean_ms,dqn__mask_false,ppo__mask_false,-19.950557,0.275391
decision_latency_mean_ms,dqn__mask_false,ppo__mask_false,-19.895293,0.275391
decision_latency_mean_ms,dqn__mask_false,ppo__mask_false,-19.840030,0.232422
decision_latency_mean_ms,dqn__mask_false,ppo__mask_false,-19.784766,0.193359
decision_latency_mean_ms,dqn__mask_false,ppo__mask_false,-19.729503,0.193359
decision_latency_mean_ms,dqn__mask_false,ppo__mask_false,-19.674239,0.193359
decision_latency_mean_ms,dqn__mask_false,ppo__mask_false,-19.618975,0.193359
decision_latency_mean_ms,dqn__mask_false,ppo__mask_false,-19.563712,0.193359
decision_latency_mean_ms,dqn__mask_false,ppo__mask_false,-19.508448,0.193359
decision_latency_mean_ms,dqn__mask_false,ppo__mask_false,-19.453185,0.193359
decision_latency_mean_ms,dqn__mask_false,ppo__mask_false,-19.397921,0.193359
decision_latency_mean_ms,dqn__mask_false,ppo__mask_false,-19.342657,0.193359
decision_latency_mean_ms,dqn__mask_false,ppo__mask_false,-19.287394,0.160156
decision_latency_mean_ms,dqn__mask_false,ppo__mask_false,-19.232130,0.160156
decision_latency_mean_ms,dqn__mask_false,ppo__mask_false,-19.176867,0.160156
decision_latency_mean_ms,dqn__mask_false,ppo__mask_false,-19.121603,0.160156
decision_latency_mean_ms,dqn__mask_false,ppo__mask_false,-19.066340,0.130859
decision_latency_mean_ms,dqn__mask_false,ppo__mask_false,-19.011076,0.130859
decision_latency_mean_ms,dqn__mask_false,ppo__mask_false,-18.955812,0.105469
decision_latency_mean_ms,dqn__mask_false,ppo__mask_false,-18.900549,0.083984
decision_latency_mean_ms,dqn__mask_false,ppo__mask_false,-18.845285,0.083984
decision_latency_mean_ms,dqn__mask_false,ppo__mask_false,-18.790022,0.064453
decision_latency_mean_ms,dqn__mask_false,ppo__mask_false,-18.734758,0.064453
decision_latency_mean_ms,dqn__mask_false,ppo__mask_false,-18.679494,0.048828
decision_latency_mean_ms,dqn__mask_false,ppo__mask_false,-18.624231,0.048828
decision_latency_mean_ms,dqn__mask_false,ppo__mask_false,-18.568967,0.048828
decision_latency_mean_ms,dqn__mask_false,ppo__mask_false,-18.513704,0.037109
decision_latency_mean_ms,dqn__mask_false,ppo__mask_false,-18.458440,0.037109
decision_latency_mean_ms,dqn__mask_false,ppo__mask_false,-18.403176,0.037109
decision_latency_mean_ms,dqn__mask_false,ppo__mask_false,-18.347913,0.037109
decision_latency_mean_ms,dqn__mask_false,ppo__mask_false,-18.292649,0.037109
decision_latency_mean_ms,dqn__mask_false,ppo__mask_false,-18.237386,0.037109
decision_latency_mean_ms,dqn__mask_false,ppo__mask_false,-18.182122,0.037109
decision_latency_mean_ms,dqn__mask_false,ppo__mask_false,-18.126858,0.037109
decision_latency_mean_ms,dqn__mask_false,ppo__mask_false,-18.071595,0.027344
decision_latency_mean_ms,dqn__mask_false,ppo__mask_false,-18.016331,0.027344
decision_latency_mean_ms,dqn__mask_false,ppo__mask_false,-17.961068,0.027344
decision_latency_mean_ms,dqn__mask_false,ppo__mask_false,-17.905804,0.019531
decision_latency_mean_ms,dqn__mask_false,ppo__mask_false,-17.850540,0.019531
decision_latency_mean_ms,dqn__mask_false,ppo__mask_false,-17.795277,0.013672
decision_latency_mean_ms,dqn__mask_false,ppo__mask_false,-17.740013,0.013672
decision_latency_mean_ms,dqn__mask_false,ppo__mask_false,-17.684750,0.013672
decision_latency_mean_ms,dqn__mask_false,ppo__mask_false,-17.629486,0.009766
decision_latency_mean_ms,dqn__mask_false,ppo__mask_false,-17.574222,0.009766
decision_latency_mean_ms,dqn__mask_false,ppo__mask_false,-17.518959,0.009766
decision_latency_mean_ms,dqn__mask_false,ppo__mask_false,-17.463695,0.009766
decision_latency_mean_ms,dqn__mask_false,ppo__mask_false,-17.408432,0.009766
decision_latency_mean_ms,dqn__mask_false,ppo__mask_false,-17.353168,0.009766
decision_latency_mean_ms,dqn__mask_false,ppo__mask_false,-17.297904,0.009766
decision_latency_mean_ms,dqn__mask_false,ppo__mask_false,-17.242641,0.009766
decision_latency_mean_ms,dqn__mask_false,ppo__mask_false,-17.187377,0.009766
decision_latency_mean_ms,dqn__mask_false,ppo__mask_false,-17.132114,0.009766
decision_latency_mean_ms,dqn__mask_false,ppo__mask_false,-17.076850,0.009766
decision_latency_mean_ms,dqn__mask_false,ppo__mask_false,-17.021586,0.009766
decision_latency_mean_ms,dqn__mask_false,ppo__mask_false,-16.966323,0.009766
decision_latency_mean_ms,dqn__mask_false,ppo__mask_false,-16.911059,0.005859
decision_latency_mean_ms,dqn__mask_false,ppo__mask_false,-16.855796,0.005859
decision_latency_mean_ms,dqn__mask_false,ppo__mask_false,-16.800532,0.005859
decision_latency_mean_ms,dqn__mask_false,ppo__mask_false,-16.745268,0.005859
decision_latency_mean_ms,dqn__mask_false,ppo__mask_false,-16.690005,0.005859
decision_latency_mean_ms,dqn__mask_false,ppo__mask_false,-16.634741,0.003906
decision_latency_mean_ms,dqn__mask_false,ppo__mask_false,-16.579478,0.003906
decision_latency_mean_ms,dqn__mask_false,ppo__mask_false,-16.524214,0.003906
decision_latency_mean_ms,dqn__mask_false,ppo__mask_false,-16.468950,0.003906
decision_latency_mean_ms,dqn__mask_false,ppo__mask_false,-16.413687,0.003906
decision_latency_mean_ms,maskable_a2c__mask_true,maskable_dqn__mask_true,16.537137,0.003906
decision_latency_mean_ms,maskable_a2c__mask_true,maskable_dqn__mask_true,16.572836,0.003906
decision_latency_mean_ms,maskable_a2c__mask_true,maskable_dqn__mask_true,16.608536,0.003906
decision_latency_mean_ms,maskable_a2c__mask_true,maskable_dqn__mask_true,16.644236,0.005859
decision_latency_mean_ms,maskable_a2c__mask_true,maskable_dqn__mask_true,16.679936,0.005859
decision_latency_mean_ms,maskable_a2c__mask_true,maskable_dqn__mask_true,16.715635,0.009766
decision_latency_mean_ms,maskable_a2c__mask_true,maskable_dqn__mask_true,16.751335,0.009766
decision_latency_mean_ms,maskable_a2c__mask_true,maskable_dqn__mask_true,16.787035,0.009766
decision_latency_mean_ms,maskable_a2c__mask_true,maskable_dqn__mask_true,16.822735,0.009766
decision_latency_mean_ms,maskable_a2c__mask_true,maskable_dqn__mask_true,16.858434,0.009766
decision_latency_mean_ms,maskable_a2c__mask_true,maskable_dqn__mask_true,16.894134,0.009766
decision_latency_mean_ms,maskable_a2c__mask_true,maskable_dqn__mask_true,16.929834,0.009766
decision_latency_mean_ms,maskable_a2c__mask_true,maskable_dqn__mask_true,16.965534,0.009766
decision_latency_mean_ms,maskable_a2c__mask_true,maskable_dqn__mask_true,17.001233,0.013672
decision_latency_mean_ms,maskable_a2c__mask_true,maskable_dqn__mask_true,17.036933,0.013672
decision_latency_mean_ms,maskable_a2c__mask_true,maskable_dqn__mask_true,17.072633,0.019531
decision_latency_mean_ms,maskable_a2c__mask_true,maskable_dqn__mask_true,17.108333,0.019531
decision_latency_mean_ms,maskable_a2c__mask_true,maskable_dqn__mask_true,17.144033,0.019531
decision_latency_mean_ms,maskable_a2c__mask_true,maskable_dqn__mask_true,17.179732,0.019531
decision_latency_mean_ms,maskable_a2c__mask_true,maskable_dqn__mask_true,17.215432,0.019531
decision_latency_mean_ms,maskable_a2c__mask_true,maskable_dqn__mask_true,17.251132,0.019531
decision_latency_mean_ms,maskable_a2c__mask_true,maskable_dqn__mask_true,17.286832,0.019531
decision_latency_mean_ms,maskable_a2c__mask_true,maskable_dqn__mask_true,17.322531,0.019531
decision_latency_mean_ms,maskable_a2c__mask_true,maskable_dqn__mask_true,17.358231,0.019531
decision_latency_mean_ms,maskable_a2c__mask_true,maskable_dqn__mask_true,17.393931,0.019531
decision_latency_mean_ms,maskable_a2c__mask_true,maskable_dqn__mask_true,17.429631,0.027344
decision_latency_mean_ms,maskable_a2c__mask_true,maskable_dqn__mask_true,17.465330,0.027344
decision_latency_mean_ms,maskable_a2c__mask_true,maskable_dqn__mask_true,17.501030,0.027344
decision_latency_mean_ms,maskable_a2c__mask_true,maskable_dqn__mask_true,17.536730,0.027344
decision_latency_mean_ms,maskable_a2c__mask_true,maskable_dqn__mask_true,17.572430,0.027344
decision_latency_mean_ms,maskable_a2c__mask_true,maskable_dqn__mask_true,17.608129,0.027344
decision_latency_mean_ms,maskable_a2c__mask_true,maskable_dqn__mask_true,17.643829,0.027344
decision_latency_mean_ms,maskable_a2c__mask_true,maskable_dqn__mask_true,17.679529,0.027344
decision_latency_mean_ms,maskable_a2c__mask_true,maskable_dqn__mask_true,17.715229,0.027344
decision_latency_mean_ms,maskable_a2c__mask_true,maskable_dqn__mask_true,17.750929,0.037109
decision_latency_mean_ms,maskable_a2c__mask_true,maskable_dqn__mask_true,17.786628,0.037109
decision_latency_mean_ms,maskable_a2c__mask_true,maskable_dqn__mask_true,17.822328,0.037109
decision_latency_mean_ms,maskable_a2c__mask_true,maskable_dqn__mask_true,17.858028,0.048828
decision_latency_mean_ms,maskable_a2c__mask_true,maskable_dqn__mask_true,17.893728,0.048828
decision_latency_mean_ms,maskable_a2c__mask_true,maskable_dqn__mask_true,17.929427,0.048828
decision_latency_mean_ms,maskable_a2c__mask_true,maskable_dqn__mask_true,17.965127,0.048828
decision_latency_mean_ms,maskable_a2c__mask_true,maskable_dqn__mask_true,18.000827,0.048828
decision_latency_mean_ms,maskable_a2c__mask_true,maskable_dqn__mask_true,18.036527,0.048828
decision_latency_mean_ms,maskable_a2c__mask_true,maskable_dqn__mask_true,18.072226,0.048828
decision_latency_mean_ms,maskable_a2c__mask_true,maskable_dqn__mask_true,18.107926,0.048828
decision_latency_mean_ms,maskable_a2c__mask_true,maskable_dqn__mask_true,18.143626,0.048828
decision_latency_mean_ms,maskable_a2c__mask_true,maskable_dqn__mask_true,18.179326,0.048828
decision_latency_mean_ms,maskable_a2c__mask_true,maskable_dqn__mask_true,18.215025,0.064453
decision_latency_mean_ms,maskable_a2c__mask_true,maskable_dqn__mask_true,18.250725,0.064453
decision_latency_mean_ms,maskable_a2c__mask_true,maskable_dqn__mask_true,18.286425,0.083984
decision_latency_mean_ms,maskable_a2c__mask_true,maskable_dqn__mask_true,18.322125,0.083984
decision_latency_mean_ms,maskable_a2c__mask_true,maskable_dqn__mask_true,18.357825,0.083984
decision_latency_mean_ms,maskable_a2c__mask_true,maskable_dqn__mask_true,18.393524,0.105469
decision_latency_mean_ms,maskable_a2c__mask_true,maskable_dqn__mask_true,18.429224,0.105469
decision_latency_mean_ms,maskable_a2c__mask_true,maskable_dqn__mask_true,18.464924,0.105469
decision_latency_mean_ms,maskable_a2c__mask_true,maskable_dqn__mask_true,18.500624,0.105469
decision_latency_mean_ms,maskable_a2c__mask_true,maskable_dqn__mask_true,18.536323,0.105469
decision_latency_mean_ms,maskable_a2c__mask_true,maskable_dqn__mask_true,18.572023,0.105469
decision_latency_mean_ms,maskable_a2c__mask_true,maskable_dqn__mask_true,18.607723,0.130859
decision_latency_mean_ms,maskable_a2c__mask_true,maskable_dqn__mask_true,18.643423,0.130859
decision_latency_mean_ms,maskable_a2c__mask_true,maskable_dqn__mask_true,18.679122,0.193359
decision_latency_mean_ms,maskable_a2c__mask_true,maskable_dqn__mask_true,18.714822,0.193359
decision_latency_mean_ms,maskable_a2c__mask_true,maskable_dqn__mask_true,18.750522,0.275391
decision_latency_mean_ms,maskable_a2c__mask_true,maskable_dqn__mask_true,18.786222,0.275391
decision_latency_mean_ms,maskable_a2c__mask_true,maskable_dqn__mask_true,18.821922,0.275391
decision_latency_mean_ms,maskable_a2c__mask_true,maskable_dqn__mask_true,18.857621,0.275391
decision_latency_mean_ms,maskable_a2c__mask_true,maskable_dqn__mask_true,18.893321,0.275391
decision_latency_mean_ms,maskable_a2c__mask_true,maskable_dqn__mask_true,18.929021,0.275391
decision_latency_mean_ms,maskable_a2c__mask_true,maskable_dqn__mask_true,18.964721,0.322266
decision_latency_mean_ms,maskable_a2c__mask_true,maskable_dqn__mask_true,19.000420,0.431641
decision_latency_mean_ms,maskable_a2c__mask_true,maskable_dqn__mask_true,19.036120,0.492188
decision_latency_mean_ms,maskable_a2c__mask_true,maskable_dqn__mask_true,19.071820,0.556641
decision_latency_mean_ms,maskable_a2c__mask_true,maskable_dqn__mask_true,19.107520,0.625000
decision_latency_mean_ms,maskable_a2c__mask_true,maskable_dqn__mask_true,19.143219,0.695312
decision_latency_mean_ms,maskable_a2c__mask_true,maskable_dqn__mask_true,19.178919,0.695312
decision_latency_mean_ms,maskable_a2c__mask_true,maskable_dqn__mask_true,19.214619,0.695312
decision_latency_mean_ms,maskable_a2c__mask_true,maskable_dqn__mask_true,19.250319,0.695312
decision_latency_mean_ms,maskable_a2c__mask_true,maskable_dqn__mask_true,19.286018,0.695312
decision_latency_mean_ms,maskable_a2c__mask_true,maskable_dqn__mask_true,19.321718,0.695312
decision_latency_mean_ms,maskable_a2c__mask_true,maskable_dqn__mask_true,19.357418,0.695312
decision_latency_mean_ms,maskable_a2c__mask_true,maskable_dqn__mask_true,19.393118,0.695312
decision_latency_mean_ms,maskable_a2c__mask_true,maskable_dqn__mask_true,19.428818,0.769531
decision_latency_mean_ms,maskable_a2c__mask_true,maskable_dqn__mask_true,19.464517,0.845703
decision_latency_mean_ms,maskable_a2c__mask_true,maskable_dqn__mask_true,19.500217,0.845703
decision_latency_mean_ms,maskable_a2c__mask_true,maskable_dqn__mask_true,19.535917,0.921875
decision_latency_mean_ms,maskable_a2c__mask_true,maskable_dqn__mask_true,19.571617,0.921875
decision_latency_mean_ms,maskable_a2c__mask_true,maskable_dqn__mask_true,19.607316,0.921875
decision_latency_mean_ms,maskable_a2c__mask_true,maskable_dqn__mask_true,19.643016,0.921875
decision_latency_mean_ms,maskable_a2c__mask_true,maskable_dqn__mask_true,19.678716,0.921875
decision_latency_mean_ms,maskable_a2c__mask_true,maskable_dqn__mask_true,19.714416,0.921875
decision_latency_mean_ms,maskable_a2c__mask_true,maskable_dqn__mask_true,19.750115,0.921875
decision_latency_mean_ms,maskable_a2c__mask_true,maskable_dqn__mask_true,19.785815,0.921875
decision_latency_mean_ms,maskable_a2c__mask_true,maskable_dqn__mask_true,19.821515,1.000000
decision_latency_mean_ms,maskable_a2c__mask_true,maskable_dqn__mask_true,19.857215,1.000000
decision_latency_mean_ms,maskable_a2c__mask_true,maskable_dqn__mask_true,19.892914,1.000000
decision_latency_mean_ms,maskable_a2c__mask_true,maskable_dqn__mask_true,19.928614,1.000000
decision_latency_mean_ms,maskable_a2c__mask_true,maskable_dqn__mask_true,19.964314,1.000000
decision_latency_mean_ms,maskable_a2c__mask_true,maskable_dqn__mask_true,20.000014,1.000000
decision_latency_mean_ms,maskable_a2c__mask_true,maskable_dqn__mask_true,20.035714,1.000000
decision_latency_mean_ms,maskable_a2c__mask_true,maskable_dqn__mask_true,20.071413,0.921875
decision_latency_mean_ms,maskable_a2c__mask_true,maskable_dqn__mask_true,20.107113,0.921875
decision_latency_mean_ms,maskable_a2c__mask_true,maskable_dqn__mask_true,20.142813,0.921875
decision_latency_mean_ms,maskable_a2c__mask_true,maskable_dqn__mask_true,20.178513,0.845703
decision_latency_mean_ms,maskable_a2c__mask_true,maskable_dqn__mask_true,20.214212,0.769531
decision_latency_mean_ms,maskable_a2c__mask_true,maskable_dqn__mask_true,20.249912,0.695312
decision_latency_mean_ms,maskable_a2c__mask_true,maskable_dqn__mask_true,20.285612,0.625000
decision_latency_mean_ms,maskable_a2c__mask_true,maskable_dqn__mask_true,20.321312,0.625000
decision_latency_mean_ms,maskable_a2c__mask_true,maskable_dqn__mask_true,20.357011,0.556641
decision_latency_mean_ms,maskable_a2c__mask_true,maskable_dqn__mask_true,20.392711,0.556641
decision_latency_mean_ms,maskable_a2c__mask_true,maskable_dqn__mask_true,20.428411,0.492188
decision_latency_mean_ms,maskable_a2c__mask_true,maskable_dqn__mask_true,20.464111,0.492188
decision_latency_mean_ms,maskable_a2c__mask_true,maskable_dqn__mask_true,20.499810,0.492188
decision_latency_mean_ms,maskable_a2c__mask_true,maskable_dqn__mask_true,20.535510,0.492188
decision_latency_mean_ms,maskable_a2c__mask_true,maskable_dqn__mask_true,20.571210,0.492188
decision_latency_mean_ms,maskable_a2c__mask_true,maskable_dqn__mask_true,20.606910,0.492188
decision_latency_mean_ms,maskable_a2c__mask_true,maskable_dqn__mask_true,20.642610,0.431641
decision_latency_mean_ms,maskable_a2c__mask_true,maskable_dqn__mask_true,20.678309,0.375000
decision_latency_mean_ms,maskable_a2c__mask_true,maskable_dqn__mask_true,20.714009,0.322266
decision_latency_mean_ms,maskable_a2c__mask_true,maskable_dqn__mask_true,20.749709,0.275391
decision_latency_mean_ms,maskable_a2c__mask_true,maskable_dqn__mask_true,20.785409,0.232422
decision_latency_mean_ms,maskable_a2c__mask_true,maskable_dqn__mask_true,20.821108,0.193359
decision_latency_mean_ms,maskable_a2c__mask_true,maskable_dqn__mask_true,20.856808,0.193359
decision_latency_mean_ms,maskable_a2c__mask_true,maskable_dqn__mask_true,20.892508,0.193359
decision_latency_mean_ms,maskable_a2c__mask_true,maskable_dqn__mask_true,20.928208,0.193359
decision_latency_mean_ms,maskable_a2c__mask_true,maskable_dqn__mask_true,20.963907,0.193359
decision_latency_mean_ms,maskable_a2c__mask_true,maskable_dqn__mask_true,20.999607,0.193359
decision_latency_mean_ms,maskable_a2c__mask_true,maskable_dqn__mask_true,21.035307,0.160156
decision_latency_mean_ms,maskable_a2c__mask_true,maskable_dqn__mask_true,21.071007,0.130859
decision_latency_mean_ms,maskable_a2c__mask_true,maskable_dqn__mask_true,21.106707,0.105469
decision_latency_mean_ms,maskable_a2c__mask_true,maskable_dqn__mask_true,21.142406,0.083984
decision_latency_mean_ms,maskable_a2c__mask_true,maskable_dqn__mask_true,21.178106,0.083984
decision_latency_mean_ms,maskable_a2c__mask_true,maskable_dqn__mask_true,21.213806,0.083984
decision_latency_mean_ms,maskable_a2c__mask_true,maskable_dqn__mask_true,21.249506,0.083984
decision_latency_mean_ms,maskable_a2c__mask_true,maskable_dqn__mask_true,21.285205,0.083984
decision_latency_mean_ms,maskable_a2c__mask_true,maskable_dqn__mask_true,21.320905,0.083984
decision_latency_mean_ms,maskable_a2c__mask_true,maskable_dqn__mask_true,21.356605,0.083984
decision_latency_mean_ms,maskable_a2c__mask_true,maskable_dqn__mask_true,21.392305,0.064453
decision_latency_mean_ms,maskable_a2c__mask_true,maskable_dqn__mask_true,21.428004,0.037109
decision_latency_mean_ms,maskable_a2c__mask_true,maskable_dqn__mask_true,21.463704,0.037109
decision_latency_mean_ms,maskable_a2c__mask_true,maskable_dqn__mask_true,21.499404,0.027344
decision_latency_mean_ms,maskable_a2c__mask_true,maskable_dqn__mask_true,21.535104,0.027344
decision_latency_mean_ms,maskable_a2c__mask_true,maskable_dqn__mask_true,21.570803,0.027344
decision_latency_mean_ms,maskable_a2c__mask_true,maskable_dqn__mask_true,21.606503,0.027344
decision_latency_mean_ms,maskable_a2c__mask_true,maskable_dqn__mask_true,21.642203,0.027344
decision_latency_mean_ms,maskable_a2c__mask_true,maskable_dqn__mask_true,21.677903,0.027344
decision_latency_mean_ms,maskable_a2c__mask_true,maskable_dqn__mask_true,21.713603,0.027344
decision_latency_mean_ms,maskable_a2c__mask_true,maskable_dqn__mask_true,21.749302,0.027344
decision_latency_mean_ms,maskable_a2c__mask_true,maskable_dqn__mask_true,21.785002,0.027344
decision_latency_mean_ms,maskable_a2c__mask_true,maskable_dqn__mask_true,21.820702,0.027344
decision_latency_mean_ms,maskable_a2c__mask_true,maskable_dqn__mask_true,21.856402,0.027344
decision_latency_mean_ms,maskable_a2c__mask_true,maskable_dqn__mask_true,21.892101,0.027344
decision_latency_mean_ms,maskable_a2c__mask_true,maskable_dqn__mask_true,21.927801,0.027344
decision_latency_mean_ms,maskable_a2c__mask_true,maskable_dqn__mask_true,21.963501,0.019531
decision_latency_mean_ms,maskable_a2c__mask_true,maskable_dqn__mask_true,21.999201,0.019531
decision_latency_mean_ms,maskable_a2c__mask_true,maskable_dqn__mask_true,22.034900,0.019531
decision_latency_mean_ms,maskable_a2c__mask_true,maskable_dqn__mask_true,22.070600,0.019531
decision_latency_mean_ms,maskable_a2c__mask_true,maskable_dqn__mask_true,22.106300,0.019531
decision_latency_mean_ms,maskable_a2c__mask_true,maskable_dqn__mask_true,22.142000,0.019531
decision_latency_mean_ms,maskable_a2c__mask_true,maskable_dqn__mask_true,22.177699,0.019531
decision_latency_mean_ms,maskable_a2c__mask_true,maskable_dqn__mask_true,22.213399,0.019531
decision_latency_mean_ms,maskable_a2c__mask_true,maskable_dqn__mask_true,22.249099,0.019531
decision_latency_mean_ms,maskable_a2c__mask_true,maskable_dqn__mask_true,22.284799,0.013672
decision_latency_mean_ms,maskable_a2c__mask_true,maskable_dqn__mask_true,22.320499,0.013672
decision_latency_mean_ms,maskable_a2c__mask_true,maskable_dqn__mask_true,22.356198,0.009766
decision_latency_mean_ms,maskable_a2c__mask_true,maskable_dqn__mask_true,22.391898,0.009766
decision_latency_mean_ms,maskable_a2c__mask_true,maskable_dqn__mask_true,22.427598,0.009766
decision_latency_mean_ms,maskable_a2c__mask_true,maskable_dqn__mask_true,22.463298,0.009766
decision_latency_mean_ms,maskable_a2c__mask_true,maskable_dqn__mask_true,22.498997,0.009766
decision_latency_mean_ms,maskable_a2c__mask_true,maskable_dqn__mask_true,22.534697,0.009766
decision_latency_mean_ms,maskable_a2c__mask_true,maskable_dqn__mask_true,22.570397,0.009766
decision_latency_mean_ms,maskable_a2c__mask_true,maskable_dqn__mask_true,22.606097,0.009766
decision_latency_mean_ms,maskable_a2c__mask_true,maskable_dqn__mask_true,22.641796,0.005859
decision_latency_mean_ms,maskable_a2c__mask_true,maskable_dqn__mask_true,22.677496,0.003906
decision_latency_mean_ms,maskable_a2c__mask_true,maskable_dqn__mask_true,22.713196,0.003906
decision_latency_mean_ms,maskable_a2c__mask_true,maskable_dqn__mask_true,22.748896,0.003906
decision_latency_mean_ms,maskable_a2c__mask_true,maskable_dqn__mask_true,22.784595,0.003906
decision_latency_mean_ms,maskable_a2c__mask_true,maskable_dqn__mask_true,22.820295,0.003906
decision_latency_mean_ms,maskable_a2c__mask_true,maskable_dqn__mask_true,22.855995,0.003906
decision_latency_mean_ms,maskable_a2c__mask_true,maskable_dqn__mask_true,22.891695,0.003906
decision_latency_mean_ms,maskable_a2c__mask_true,maskable_dqn__mask_true,22.927395,0.003906
decision_latency_mean_ms,maskable_a2c__mask_true,maskable_dqn__mask_true,22.963094,0.003906
decision_latency_mean_ms,maskable_a2c__mask_true,maskable_dqn__mask_true,22.998794,0.003906
decision_latency_mean_ms,maskable_a2c__mask_true,maskable_dqn__mask_true,23.034494,0.003906
decision_latency_mean_ms,maskable_a2c__mask_true,maskable_dqn__mask_true,23.070194,0.003906
decision_latency_mean_ms,maskable_a2c__mask_true,maskable_dqn__mask_true,23.105893,0.003906
decision_latency_mean_ms,maskable_a2c__mask_true,maskable_dqn__mask_true,23.141593,0.003906
decision_latency_mean_ms,maskable_a2c__mask_true,maskable_dqn__mask_true,23.177293,0.003906
decision_latency_mean_ms,maskable_a2c__mask_true,maskable_dqn__mask_true,23.212993,0.003906
decision_latency_mean_ms,maskable_a2c__mask_true,maskable_dqn__mask_true,23.248692,0.003906
decision_latency_mean_ms,maskable_a2c__mask_true,maskable_dqn__mask_true,23.284392,0.003906
decision_latency_mean_ms,maskable_a2c__mask_true,maskable_dqn__mask_true,23.320092,0.003906
decision_latency_mean_ms,maskable_a2c__mask_true,maskable_dqn__mask_true,23.355792,0.003906
decision_latency_mean_ms,maskable_a2c__mask_true,maskable_dqn__mask_true,23.391492,0.003906
decision_latency_mean_ms,maskable_a2c__mask_true,maskable_dqn__mask_true,23.427191,0.003906
decision_latency_mean_ms,maskable_a2c__mask_true,maskable_dqn__mask_true,23.462891,0.003906
decision_latency_mean_ms,maskable_a2c__mask_true,maskable_dqn__mask_true,23.498591,0.003906
decision_latency_mean_ms,maskable_a2c__mask_true,maskable_dqn__mask_true,23.534291,0.003906
decision_latency_mean_ms,maskable_a2c__mask_true,maskable_dqn__mask_true,23.569990,0.003906
decision_latency_mean_ms,maskable_a2c__mask_true,maskable_dqn__mask_true,23.605690,0.003906
decision_latency_mean_ms,maskable_a2c__mask_true,maskable_dqn__mask_true,23.641390,0.003906
decision_latency_mean_ms,maskable_dqn__mask_true,maskable_ppo__mask_true,-22.290618,0.003906
decision_latency_mean_ms,maskable_dqn__mask_true,maskable_ppo__mask_true,-22.264794,0.003906
decision_latency_mean_ms,maskable_dqn__mask_true,maskable_ppo__mask_true,-22.238970,0.003906
decision_latency_mean_ms,maskable_dqn__mask_true,maskable_ppo__mask_true,-22.213146,0.003906
decision_latency_mean_ms,maskable_dqn__mask_true,maskable_ppo__mask_true,-22.187323,0.003906
decision_latency_mean_ms,maskable_dqn__mask_true,maskable_ppo__mask_true,-22.161499,0.005859
decision_latency_mean_ms,maskable_dqn__mask_true,maskable_ppo__mask_true,-22.135675,0.005859
decision_latency_mean_ms,maskable_dqn__mask_true,maskable_ppo__mask_true,-22.109851,0.005859
decision_latency_mean_ms,maskable_dqn__mask_true,maskable_ppo__mask_true,-22.084027,0.005859
decision_latency_mean_ms,maskable_dqn__mask_true,maskable_ppo__mask_true,-22.058204,0.009766
decision_latency_mean_ms,maskable_dqn__mask_true,maskable_ppo__mask_true,-22.032380,0.009766
decision_latency_mean_ms,maskable_dqn__mask_true,maskable_ppo__mask_true,-22.006556,0.013672
decision_latency_mean_ms,maskable_dqn__mask_true,maskable_ppo__mask_true,-21.980732,0.013672
decision_latency_mean_ms,maskable_dqn__mask_true,maskable_ppo__mask_true,-21.954909,0.013672
decision_latency_mean_ms,maskable_dqn__mask_true,maskable_ppo__mask_true,-21.929085,0.013672
decision_latency_mean_ms,maskable_dqn__mask_true,maskable_ppo__mask_true,-21.903261,0.019531
decision_latency_mean_ms,maskable_dqn__mask_true,maskable_ppo__mask_true,-21.877437,0.019531
decision_latency_mean_ms,maskable_dqn__mask_true,maskable_ppo__mask_true,-21.851613,0.019531
decision_latency_mean_ms,maskable_dqn__mask_true,maskable_ppo__mask_true,-21.825790,0.019531
decision_latency_mean_ms,maskable_dqn__mask_true,maskable_ppo__mask_true,-21.799966,0.027344
decision_latency_mean_ms,maskable_dqn__mask_true,maskable_ppo__mask_true,-21.774142,0.027344
decision_latency_mean_ms,maskable_dqn__mask_true,maskable_ppo__mask_true,-21.748318,0.027344
decision_latency_mean_ms,maskable_dqn__mask_true,maskable_ppo__mask_true,-21.722495,0.027344
decision_latency_mean_ms,maskable_dqn__mask_true,maskable_ppo__mask_true,-21.696671,0.027344
decision_latency_mean_ms,maskable_dqn__mask_true,maskable_ppo__mask_true,-21.670847,0.027344
decision_latency_mean_ms,maskable_dqn__mask_true,maskable_ppo__mask_true,-21.645023,0.027344
decision_latency_mean_ms,maskable_dqn__mask_true,maskable_ppo__mask_true,-21.619199,0.027344
decision_latency_mean_ms,maskable_dqn__mask_true,maskable_ppo__mask_true,-21.593376,0.027344
decision_latency_mean_ms,maskable_dqn__mask_true,maskable_ppo__mask_true,-21.567552,0.027344
decision_latency_mean_ms,maskable_dqn__mask_true,maskable_ppo__mask_true,-21.541728,0.027344
decision_latency_mean_ms,maskable_dqn__mask_true,maskable_ppo__mask_true,-21.515904,0.027344
decision_latency_mean_ms,maskable_dqn__mask_true,maskable_ppo__mask_true,-21.490081,0.027344
decision_latency_mean_ms,maskable_dqn__mask_true,maskable_ppo__mask_true,-21.464257,0.027344
decision_latency_mean_ms,maskable_dqn__mask_true,maskable_ppo__mask_true,-21.438433,0.027344
decision_latency_mean_ms,maskable_dqn__mask_true,maskable_ppo__mask_true,-21.412609,0.027344
decision_latency_mean_ms,maskable_dqn__mask_true,maskable_ppo__mask_true,-21.386785,0.027344
decision_latency_mean_ms,maskable_dqn__mask_true,maskable_ppo__mask_true,-21.360962,0.027344
decision_latency_mean_ms,maskable_dqn__mask_true,maskable_ppo__mask_true,-21.335138,0.027344
decision_latency_mean_ms,maskable_dqn__mask_true,maskable_ppo__mask_true,-21.309314,0.037109
decision_latency_mean_ms,maskable_dqn__mask_true,maskable_ppo__mask_true,-21.283490,0.037109
decision_latency_mean_ms,maskable_dqn__mask_true,maskable_ppo__mask_true,-21.257667,0.037109
decision_latency_mean_ms,maskable_dqn__mask_true,maskable_ppo__mask_true,-21.231843,0.037109
decision_latency_mean_ms,maskable_dqn__mask_true,maskable_ppo__mask_true,-21.206019,0.037109
decision_latency_mean_ms,maskable_dqn__mask_true,maskable_ppo__mask_true,-21.180195,0.037109
decision_latency_mean_ms,maskable_dqn__mask_true,maskable_ppo__mask_true,-21.154371,0.048828
decision_latency_mean_ms,maskable_dqn__mask_true,maskable_ppo__mask_true,-21.128548,0.048828
decision_latency_mean_ms,maskable_dqn__mask_true,maskable_ppo__mask_true,-21.102724,0.048828
decision_latency_mean_ms,maskable_dqn__mask_true,maskable_ppo__mask_true,-21.076900,0.048828
decision_latency_mean_ms,maskable_dqn__mask_true,maskable_ppo__mask_true,-21.051076,0.064453
decision_latency_mean_ms,maskable_dqn__mask_true,maskable_ppo__mask_true,-21.025253,0.064453
decision_latency_mean_ms,maskable_dqn__mask_true,maskable_ppo__mask_true,-20.999429,0.064453
decision_latency_mean_ms,maskable_dqn__mask_true,maskable_ppo__mask_true,-20.973605,0.083984
decision_latency_mean_ms,maskable_dqn__mask_true,maskable_ppo__mask_true,-20.947781,0.083984
decision_latency_mean_ms,maskable_dqn__mask_true,maskable_ppo__mask_true,-20.921958,0.083984
decision_latency_mean_ms,maskable_dqn__mask_true,maskable_ppo__mask_true,-20.896134,0.083984
decision_latency_mean_ms,maskable_dqn__mask_true,maskable_ppo__mask_true,-20.870310,0.083984
decision_latency_mean_ms,maskable_dqn__mask_true,maskable_ppo__mask_true,-20.844486,0.105469
decision_latency_mean_ms,maskable_dqn__mask_true,maskable_ppo__mask_true,-20.818662,0.130859
decision_latency_mean_ms,maskable_dqn__mask_true,maskable_ppo__mask_true,-20.792839,0.130859
decision_latency_mean_ms,maskable_dqn__mask_true,maskable_ppo__mask_true,-20.767015,0.130859
decision_latency_mean_ms,maskable_dqn__mask_true,maskable_ppo__mask_true,-20.741191,0.160156
decision_latency_mean_ms,maskable_dqn__mask_true,maskable_ppo__mask_true,-20.715367,0.160156
decision_latency_mean_ms,maskable_dqn__mask_true,maskable_ppo__mask_true,-20.689544,0.193359
decision_latency_mean_ms,maskable_dqn__mask_true,maskable_ppo__mask_true,-20.663720,0.193359
decision_latency_mean_ms,maskable_dqn__mask_true,maskable_ppo__mask_true,-20.637896,0.193359
decision_latency_mean_ms,maskable_dqn__mask_true,maskable_ppo__mask_true,-20.612072,0.232422
decision_latency_mean_ms,maskable_dqn__mask_true,maskable_ppo__mask_true,-20.586248,0.232422
decision_latency_mean_ms,maskable_dqn__mask_true,maskable_ppo__mask_true,-20.560425,0.232422
decision_latency_mean_ms,maskable_dqn__mask_true,maskable_ppo__mask_true,-20.534601,0.232422
decision_latency_mean_ms,maskable_dqn__mask_true,maskable_ppo__mask_true,-20.508777,0.232422
decision_latency_mean_ms,maskable_dqn__mask_true,maskable_ppo__mask_true,-20.482953,0.232422
decision_latency_mean_ms,maskable_dqn__mask_true,maskable_ppo__mask_true,-20.457130,0.232422
decision_latency_mean_ms,maskable_dqn__mask_true,maskable_ppo__mask_true,-20.431306,0.232422
decision_latency_mean_ms,maskable_dqn__mask_true,maskable_ppo__mask_true,-20.405482,0.232422
decision_latency_mean_ms,maskable_dqn__mask_true,maskable_ppo__mask_true,-20.379658,0.232422
decision_latency_mean_ms,maskable_dqn__mask_true,maskable_ppo__mask_true,-20.353834,0.232422
decision_latency_mean_ms,maskable_dqn__mask_true,maskable_ppo__mask_true,-20.328011,0.275391
decision_latency_mean_ms,maskable_dqn__mask_true,maskable_ppo__mask_true,-20.302187,0.275391
decision_latency_mean_ms,maskable_dqn__mask_true,maskable_ppo__mask_true,-20.276363,0.275391
decision_latency_mean_ms,maskable_dqn__mask_true,maskable_ppo__mask_true,-20.250539,0.275391
decision_latency_mean_ms,maskable_dqn__mask_true,maskable_ppo__mask_true,-20.224716,0.275391
decision_latency_mean_ms,maskable_dqn__mask_true,maskable_ppo__mask_true,-20.198892,0.275391
decision_latency_mean_ms,maskable_dqn__mask_true,maskable_ppo__mask_true,-20.173068,0.275391
decision_latency_mean_ms,maskable_dqn__mask_true,maskable_ppo__mask_true,-20.147244,0.322266
decision_latency_mean_ms,maskable_dqn__mask_true,maskable_ppo__mask_true,-20.121420,0.322266
decision_latency_mean_ms,maskable_dqn__mask_true,maskable_ppo__mask_true,-20.095597,0.322266
decision_latency_mean_ms,maskable_dqn__mask_true,maskable_ppo__mask_true,-20.069773,0.322266
decision_latency_mean_ms,maskable_dqn__mask_true,maskable_ppo__mask_true,-20.043949,0.322266
decision_latency_mean_ms,maskable_dqn__mask_true,maskable_ppo__mask_true,-20.018125,0.322266
decision_latency_mean_ms,maskable_dqn__mask_true,maskable_ppo__mask_true,-19.992302,0.431641
decision_latency_mean_ms,maskable_dqn__mask_true,maskable_ppo__mask_true,-19.966478,0.431641
decision_latency_mean_ms,maskable_dqn__mask_true,maskable_ppo__mask_true,-19.940654,0.431641
decision_latency_mean_ms,maskable_dqn__mask_true,maskable_ppo__mask_true,-19.914830,0.431641
decision_latency_mean_ms,maskable_dqn__mask_true,maskable_ppo__mask_true,-19.889006,0.556641
decision_latency_mean_ms,maskable_dqn__mask_true,maskable_ppo__mask_true,-19.863183,0.625000
decision_latency_mean_ms,maskable_dqn__mask_true,maskable_ppo__mask_true,-19.837359,0.625000
decision_latency_mean_ms,maskable_dqn__mask_true,maskable_ppo__mask_true,-19.811535,0.625000
decision_latency_mean_ms,maskable_dqn__mask_true,maskable_ppo__mask_true,-19.785711,0.695312
decision_latency_mean_ms,maskable_dqn__mask_true,maskable_ppo__mask_true,-19.759888,0.695312
decision_latency_mean_ms,maskable_dqn__mask_true,maskable_ppo__mask_true,-19.734064,0.769531
decision_latency_mean_ms,maskable_dqn__mask_true,maskable_ppo__mask_true,-19.708240,0.845703
decision_latency_mean_ms,maskable_dqn__mask_true,maskable_ppo__mask_true,-19.682416,0.845703
decision_latency_mean_ms,maskable_dqn__mask_true,maskable_ppo__mask_true,-19.656592,0.921875
decision_latency_mean_ms,maskable_dqn__mask_true,maskable_ppo__mask_true,-19.630769,1.000000
decision_latency_mean_ms,maskable_dqn__mask_true,maskable_ppo__mask_true,-19.604945,1.000000
decision_latency_mean_ms,maskable_dqn__mask_true,maskable_ppo__mask_true,-19.579121,1.000000
decision_latency_mean_ms,maskable_dqn__mask_true,maskable_ppo__mask_true,-19.553297,0.921875
decision_latency_mean_ms,maskable_dqn__mask_true,maskable_ppo__mask_true,-19.527474,0.769531
decision_latency_mean_ms,maskable_dqn__mask_true,maskable_ppo__mask_true,-19.501650,0.769531
decision_latency_mean_ms,maskable_dqn__mask_true,maskable_ppo__mask_true,-19.475826,0.769531
decision_latency_mean_ms,maskable_dqn__mask_true,maskable_ppo__mask_true,-19.450002,0.695312
decision_latency_mean_ms,maskable_dqn__mask_true,maskable_ppo__mask_true,-19.424179,0.695312
decision_latency_mean_ms,maskable_dqn__mask_true,maskable_ppo__mask_true,-19.398355,0.625000
decision_latency_mean_ms,maskable_dqn__mask_true,maskable_ppo__mask_true,-19.372531,0.625000
decision_latency_mean_ms,maskable_dqn__mask_true,maskable_ppo__mask_true,-19.346707,0.625000
decision_latency_mean_ms,maskable_dqn__mask_true,maskable_ppo__mask_true,-19.320883,0.625000
decision_latency_mean_ms,maskable_dqn__mask_true,maskable_ppo__mask_true,-19.295060,0.625000
decision_latency_mean_ms,maskable_dqn__mask_true,maskable_ppo__mask_true,-19.269236,0.625000
decision_latency_mean_ms,maskable_dqn__mask_true,maskable_ppo__mask_true,-19.243412,0.625000
decision_latency_mean_ms,maskable_dqn__mask_true,maskable_ppo__mask_true,-19.217588,0.625000
decision_latency_mean_ms,maskable_dqn__mask_true,maskable_ppo__mask_true,-19.191765,0.625000
decision_latency_mean_ms,maskable_dqn__mask_true,maskable_ppo__mask_true,-19.165941,0.556641
decision_latency_mean_ms,maskable_dqn__mask_true,maskable_ppo__mask_true,-19.140117,0.556641
decision_latency_mean_ms,maskable_dqn__mask_true,maskable_ppo__mask_true,-19.114293,0.556641
decision_latency_mean_ms,maskable_dqn__mask_true,maskable_ppo__mask_true,-19.088469,0.556641
decision_latency_mean_ms,maskable_dqn__mask_true,maskable_ppo__mask_true,-19.062646,0.556641
decision_latency_mean_ms,maskable_dqn__mask_true,maskable_ppo__mask_true,-19.036822,0.556641
decision_latency_mean_ms,maskable_dqn__mask_true,maskable_ppo__mask_true,-19.010998,0.556641
decision_latency_mean_ms,maskable_dqn__mask_true,maskable_ppo__mask_true,-18.985174,0.556641
decision_latency_mean_ms,maskable_dqn__mask_true,maskable_ppo__mask_true,-18.959351,0.556641
decision_latency_mean_ms,maskable_dqn__mask_true,maskable_ppo__mask_true,-18.933527,0.556641
decision_latency_mean_ms,maskable_dqn__mask_true,maskable_ppo__mask_true,-18.907703,0.492188
decision_latency_mean_ms,maskable_dqn__mask_true,maskable_ppo__mask_true,-18.881879,0.492188
decision_latency_mean_ms,maskable_dqn__mask_true,maskable_ppo__mask_true,-18.856055,0.492188
decision_latency_mean_ms,maskable_dqn__mask_true,maskable_ppo__mask_true,-18.830232,0.431641
decision_latency_mean_ms,maskable_dqn__mask_true,maskable_ppo__mask_true,-18.804408,0.375000
decision_latency_mean_ms,maskable_dqn__mask_true,maskable_ppo__mask_true,-18.778584,0.375000
decision_latency_mean_ms,maskable_dqn__mask_true,maskable_ppo__mask_true,-18.752760,0.375000
decision_latency_mean_ms,maskable_dqn__mask_true,maskable_ppo__mask_true,-18.726937,0.322266
decision_latency_mean_ms,maskable_dqn__mask_true,maskable_ppo__mask_true,-18.701113,0.275391
decision_latency_mean_ms,maskable_dqn__mask_true,maskable_ppo__mask_true,-18.675289,0.275391
decision_latency_mean_ms,maskable_dqn__mask_true,maskable_ppo__mask_true,-18.649465,0.275391
decision_latency_mean_ms,maskable_dqn__mask_true,maskable_ppo__mask_true,-18.623641,0.275391
decision_latency_mean_ms,maskable_dqn__mask_true,maskable_ppo__mask_true,-18.597818,0.275391
decision_latency_mean_ms,maskable_dqn__mask_true,maskable_ppo__mask_true,-18.571994,0.232422
decision_latency_mean_ms,maskable_dqn__mask_true,maskable_ppo__mask_true,-18.546170,0.232422
decision_latency_mean_ms,maskable_dqn__mask_true,maskable_ppo__mask_true,-18.520346,0.232422
decision_latency_mean_ms,maskable_dqn__mask_true,maskable_ppo__mask_true,-18.494523,0.232422
decision_latency_mean_ms,maskable_dqn__mask_true,maskable_ppo__mask_true,-18.468699,0.193359
decision_latency_mean_ms,maskable_dqn__mask_true,maskable_ppo__mask_true,-18.442875,0.160156
decision_latency_mean_ms,maskable_dqn__mask_true,maskable_ppo__mask_true,-18.417051,0.160156
decision_latency_mean_ms,maskable_dqn__mask_true,maskable_ppo__mask_true,-18.391227,0.130859
decision_latency_mean_ms,maskable_dqn__mask_true,maskable_ppo__mask_true,-18.365404,0.130859
decision_latency_mean_ms,maskable_dqn__mask_true,maskable_ppo__mask_true,-18.339580,0.105469
decision_latency_mean_ms,maskable_dqn__mask_true,maskable_ppo__mask_true,-18.313756,0.105469
decision_latency_mean_ms,maskable_dqn__mask_true,maskable_ppo__mask_true,-18.287932,0.105469
decision_latency_mean_ms,maskable_dqn__mask_true,maskable_ppo__mask_true,-18.262109,0.083984
decision_latency_mean_ms,maskable_dqn__mask_true,maskable_ppo__mask_true,-18.236285,0.083984
decision_latency_mean_ms,maskable_dqn__mask_true,maskable_ppo__mask_true,-18.210461,0.083984
decision_latency_mean_ms,maskable_dqn__mask_true,maskable_ppo__mask_true,-18.184637,0.083984
decision_latency_mean_ms,maskable_dqn__mask_true,maskable_ppo__mask_true,-18.158813,0.083984
decision_latency_mean_ms,maskable_dqn__mask_true,maskable_ppo__mask_true,-18.132990,0.083984
decision_latency_mean_ms,maskable_dqn__mask_true,maskable_ppo__mask_true,-18.107166,0.083984
decision_latency_mean_ms,maskable_dqn__mask_true,maskable_ppo__mask_true,-18.081342,0.083984
decision_latency_mean_ms,maskable_dqn__mask_true,maskable_ppo__mask_true,-18.055518,0.083984
decision_latency_mean_ms,maskable_dqn__mask_true,maskable_ppo__mask_true,-18.029695,0.083984
decision_latency_mean_ms,maskable_dqn__mask_true,maskable_ppo__mask_true,-18.003871,0.064453
decision_latency_mean_ms,maskable_dqn__mask_true,maskable_ppo__mask_true,-17.978047,0.064453
decision_latency_mean_ms,maskable_dqn__mask_true,maskable_ppo__mask_true,-17.952223,0.064453
decision_latency_mean_ms,maskable_dqn__mask_true,maskable_ppo__mask_true,-17.926399,0.064453
decision_latency_mean_ms,maskable_dqn__mask_true,maskable_ppo__mask_true,-17.900576,0.064453
decision_latency_mean_ms,maskable_dqn__mask_true,maskable_ppo__mask_true,-17.874752,0.064453
decision_latency_mean_ms,maskable_dqn__mask_true,maskable_ppo__mask_true,-17.848928,0.064453
decision_latency_mean_ms,maskable_dqn__mask_true,maskable_ppo__mask_true,-17.823104,0.064453
decision_latency_mean_ms,maskable_dqn__mask_true,maskable_ppo__mask_true,-17.797281,0.064453
decision_latency_mean_ms,maskable_dqn__mask_true,maskable_ppo__mask_true,-17.771457,0.064453
decision_latency_mean_ms,maskable_dqn__mask_true,maskable_ppo__mask_true,-17.745633,0.048828
decision_latency_mean_ms,maskable_dqn__mask_true,maskable_ppo__mask_true,-17.719809,0.048828
decision_latency_mean_ms,maskable_dqn__mask_true,maskable_ppo__mask_true,-17.693986,0.048828
decision_latency_mean_ms,maskable_dqn__mask_true,maskable_ppo__mask_true,-17.668162,0.048828
decision_latency_mean_ms,maskable_dqn__mask_true,maskable_ppo__mask_true,-17.642338,0.037109
decision_latency_mean_ms,maskable_dqn__mask_true,maskable_ppo__mask_true,-17.616514,0.037109
decision_latency_mean_ms,maskable_dqn__mask_true,maskable_ppo__mask_true,-17.590690,0.037109
decision_latency_mean_ms,maskable_dqn__mask_true,maskable_ppo__mask_true,-17.564867,0.027344
decision_latency_mean_ms,maskable_dqn__mask_true,maskable_ppo__mask_true,-17.539043,0.027344
decision_latency_mean_ms,maskable_dqn__mask_true,maskable_ppo__mask_true,-17.513219,0.027344
decision_latency_mean_ms,maskable_dqn__mask_true,maskable_ppo__mask_true,-17.487395,0.019531
decision_latency_mean_ms,maskable_dqn__mask_true,maskable_ppo__mask_true,-17.461572,0.019531
decision_latency_mean_ms,maskable_dqn__mask_true,maskable_ppo__mask_true,-17.435748,0.019531
decision_latency_mean_ms,maskable_dqn__mask_true,maskable_ppo__mask_true,-17.409924,0.019531
decision_latency_mean_ms,maskable_dqn__mask_true,maskable_ppo__mask_true,-17.384100,0.019531
decision_latency_mean_ms,maskable_dqn__mask_true,maskable_ppo__mask_true,-17.358276,0.013672
decision_latency_mean_ms,maskable_dqn__mask_true,maskable_ppo__mask_true,-17.332453,0.013672
decision_latency_mean_ms,maskable_dqn__mask_true,maskable_ppo__mask_true,-17.306629,0.009766
decision_latency_mean_ms,maskable_dqn__mask_true,maskable_ppo__mask_true,-17.280805,0.009766
decision_latency_mean_ms,maskable_dqn__mask_true,maskable_ppo__mask_true,-17.254981,0.005859
decision_latency_mean_ms,maskable_dqn__mask_true,maskable_ppo__mask_true,-17.229158,0.005859
decision_latency_mean_ms,maskable_dqn__mask_true,maskable_ppo__mask_true,-17.203334,0.003906
decision_latency_mean_ms,maskable_dqn__mask_true,maskable_ppo__mask_true,-17.177510,0.003906
decision_latency_mean_ms,maskable_dqn__mask_true,maskable_ppo__mask_true,-17.151686,0.003906
decision_latency_mean_ms,maskable_dqn__mask_true,ppo__mask_false,-27.308155,0.003906
decision_latency_mean_ms,maskable_dqn__mask_true,ppo__mask_false,-27.253030,0.003906
decision_latency_mean_ms,maskable_dqn__mask_true,ppo__mask_false,-27.197905,0.003906
decision_latency_mean_ms,maskable_dqn__mask_true,ppo__mask_false,-27.142779,0.003906
decision_latency_mean_ms,maskable_dqn__mask_true,ppo__mask_false,-27.087654,0.003906
decision_latency_mean_ms,maskable_dqn__mask_true,ppo__mask_false,-27.032528,0.003906
decision_latency_mean_ms,maskable_dqn__mask_true,ppo__mask_false,-26.977403,0.003906
decision_latency_mean_ms,maskable_dqn__mask_true,ppo__mask_false,-26.922278,0.003906
decision_latency_mean_ms,maskable_dqn__mask_true,ppo__mask_false,-26.867152,0.003906
decision_latency_mean_ms,maskable_dqn__mask_true,ppo__mask_false,-26.812027,0.003906
decision_latency_mean_ms,maskable_dqn__mask_true,ppo__mask_false,-26.756901,0.003906
decision_latency_mean_ms,maskable_dqn__mask_true,ppo__mask_false,-26.701776,0.003906
decision_latency_mean_ms,maskable_dqn__mask_true,ppo__mask_false,-26.646650,0.003906
decision_latency_mean_ms,maskable_dqn__mask_true,ppo__mask_false,-26.591525,0.003906
decision_latency_mean_ms,maskable_dqn__mask_true,ppo__mask_false,-26.536400,0.003906
decision_latency_mean_ms,maskable_dqn__mask_true,ppo__mask_false,-26.481274,0.003906
decision_latency_mean_ms,maskable_dqn__mask_true,ppo__mask_false,-26.426149,0.003906
decision_latency_mean_ms,maskable_dqn__mask_true,ppo__mask_false,-26.371023,0.003906
decision_latency_mean_ms,maskable_dqn__mask_true,ppo__mask_false,-26.315898,0.003906
decision_latency_mean_ms,maskable_dqn__mask_true,ppo__mask_false,-26.260772,0.003906
decision_latency_mean_ms,maskable_dqn__mask_true,ppo__mask_false,-26.205647,0.003906
decision_latency_mean_ms,maskable_dqn__mask_true,ppo__mask_false,-26.150522,0.003906
decision_latency_mean_ms,maskable_dqn__mask_true,ppo__mask_false,-26.095396,0.003906
decision_latency_mean_ms,maskable_dqn__mask_true,ppo__mask_false,-26.040271,0.003906
decision_latency_mean_ms,maskable_dqn__mask_true,ppo__mask_false,-25.985145,0.005859
decision_latency_mean_ms,maskable_dqn__mask_true,ppo__mask_false,-25.930020,0.005859
decision_latency_mean_ms,maskable_dqn__mask_true,ppo__mask_false,-25.874894,0.005859
decision_latency_mean_ms,maskable_dqn__mask_true,ppo__mask_false,-25.819769,0.005859
decision_latency_mean_ms,maskable_dqn__mask_true,ppo__mask_false,-25.764644,0.005859
decision_latency_mean_ms,maskable_dqn__mask_true,ppo__mask_false,-25.709518,0.005859
decision_latency_mean_ms,maskable_dqn__mask_true,ppo__mask_false,-25.654393,0.005859
decision_latency_mean_ms,maskable_dqn__mask_true,ppo__mask_false,-25.599267,0.005859
decision_latency_mean_ms,maskable_dqn__mask_true,ppo__mask_false,-25.544142,0.005859
decision_latency_mean_ms,maskable_dqn__mask_true,ppo__mask_false,-25.489016,0.009766
decision_latency_mean_ms,maskable_dqn__mask_true,ppo__mask_false,-25.433891,0.009766
decision_latency_mean_ms,maskable_dqn__mask_true,ppo__mask_false,-25.378766,0.009766
decision_latency_mean_ms,maskable_dqn__mask_true,ppo__mask_false,-25.323640,0.013672
decision_latency_mean_ms,maskable_dqn__mask_true,ppo__mask_false,-25.268515,0.013672
decision_latency_mean_ms,maskable_dqn__mask_true,ppo__mask_false,-25.213389,0.013672
decision_latency_mean_ms,maskable_dqn__mask_true,ppo__mask_false,-25.158264,0.013672
decision_latency_mean_ms,maskable_dqn__mask_true,ppo__mask_false,-25.103138,0.013672
decision_latency_mean_ms,maskable_dqn__mask_true,ppo__mask_false,-25.048013,0.013672
decision_latency_mean_ms,maskable_dqn__mask_true,ppo__mask_false,-24.992888,0.013672
decision_latency_mean_ms,maskable_dqn__mask_true,ppo__mask_false,-24.937762,0.013672
decision_latency_mean_ms,maskable_dqn__mask_true,ppo__mask_false,-24.882637,0.013672
decision_latency_mean_ms,maskable_dqn__mask_true,ppo__mask_false,-24.827511,0.013672
decision_latency_mean_ms,maskable_dqn__mask_true,ppo__mask_false,-24.772386,0.013672
decision_latency_mean_ms,maskable_dqn__mask_true,ppo__mask_false,-24.717261,0.013672
decision_latency_mean_ms,maskable_dqn__mask_true,ppo__mask_false,-24.662135,0.013672
decision_latency_mean_ms,maskable_dqn__mask_true,ppo__mask_false,-24.607010,0.013672
decision_latency_mean_ms,maskable_dqn__mask_true,ppo__mask_false,-24.551884,0.013672
decision_latency_mean_ms,maskable_dqn__mask_true,ppo__mask_false,-24.496759,0.013672
decision_latency_mean_ms,maskable_dqn__mask_true,ppo__mask_false,-24.441633,0.013672
decision_latency_mean_ms,maskable_dqn__mask_true,ppo__mask_false,-24.386508,0.019531
decision_latency_mean_ms,maskable_dqn__mask_true,ppo__mask_false,-24.331383,0.019531
decision_latency_mean_ms,maskable_dqn__mask_true,ppo__mask_false,-24.276257,0.027344
decision_latency_mean_ms,maskable_dqn__mask_true,ppo__mask_false,-24.221132,0.027344
decision_latency_mean_ms,maskable_dqn__mask_true,ppo__mask_false,-24.166006,0.027344
decision_latency_mean_ms,maskable_dqn__mask_true,ppo__mask_false,-24.110881,0.037109
decision_latency_mean_ms,maskable_dqn__mask_true,ppo__mask_false,-24.055755,0.037109
decision_latency_mean_ms,maskable_dqn__mask_true,ppo__mask_false,-24.000630,0.037109
decision_latency_mean_ms,maskable_dqn__mask_true,ppo__mask_false,-23.945505,0.037109
decision_latency_mean_ms,maskable_dqn__mask_true,ppo__mask_false,-23.890379,0.048828
decision_latency_mean_ms,maskable_dqn__mask_true,ppo__mask_false,-23.835254,0.048828
decision_latency_mean_ms,maskable_dqn__mask_true,ppo__mask_false,-23.780128,0.048828
decision_latency_mean_ms,maskable_dqn__mask_true,ppo__mask_false,-23.725003,0.064453
decision_latency_mean_ms,maskable_dqn__mask_true,ppo__mask_false,-23.669877,0.064453
decision_latency_mean_ms,maskable_dqn__mask_true,ppo__mask_false,-23.614752,0.064453
decision_latency_mean_ms,maskable_dqn__mask_true,ppo__mask_false,-23.559627,0.064453
decision_latency_mean_ms,maskable_dqn__mask_true,ppo__mask_false,-23.504501,0.064453
decision_latency_mean_ms,maskable_dqn__mask_true,ppo__mask_false,-23.449376,0.083984
decision_latency_mean_ms,maskable_dqn__mask_true,ppo__mask_false,-23.394250,0.105469
decision_latency_mean_ms,maskable_dqn__mask_true,ppo__mask_false,-23.339125,0.105469
decision_latency_mean_ms,maskable_dqn__mask_true,ppo__mask_false,-23.283999,0.130859
decision_latency_mean_ms,maskable_dqn__mask_true,ppo__mask_false,-23.228874,0.130859
decision_latency_mean_ms,maskable_dqn__mask_true,ppo__mask_false,-23.173749,0.160156
decision_latency_mean_ms,maskable_dqn__mask_true,ppo__mask_false,-23.118623,0.193359
decision_latency_mean_ms,maskable_dqn__mask_true,ppo__mask_false,-23.063498,0.193359
decision_latency_mean_ms,maskable_dqn__mask_true,ppo__mask_false,-23.008372,0.193359
decision_latency_mean_ms,maskable_dqn__mask_true,ppo__mask_false,-22.953247,0.193359
decision_latency_mean_ms,maskable_dqn__mask_true,ppo__mask_false,-22.898121,0.193359
decision_latency_mean_ms,maskable_dqn__mask_true,ppo__mask_false,-22.842996,0.193359
decision_latency_mean_ms,maskable_dqn__mask_true,ppo__mask_false,-22.787871,0.193359
decision_latency_mean_ms,maskable_dqn__mask_true,ppo__mask_false,-22.732745,0.193359
decision_latency_mean_ms,maskable_dqn__mask_true,ppo__mask_false,-22.677620,0.232422
decision_latency_mean_ms,maskable_dqn__mask_true,ppo__mask_false,-22.622494,0.232422
decision_latency_mean_ms,maskable_dqn__mask_true,ppo__mask_false,-22.567369,0.232422
decision_latency_mean_ms,maskable_dqn__mask_true,ppo__mask_false,-22.512243,0.275391
decision_latency_mean_ms,maskable_dqn__mask_true,ppo__mask_false,-22.457118,0.275391
decision_latency_mean_ms,maskable_dqn__mask_true,ppo__mask_false,-22.401993,0.275391
decision_latency_mean_ms,maskable_dqn__mask_true,ppo__mask_false,-22.346867,0.275391
decision_latency_mean_ms,maskable_dqn__mask_true,ppo__mask_false,-22.291742,0.275391
decision_latency_mean_ms,maskable_dqn__mask_true,ppo__mask_false,-22.236616,0.322266
decision_latency_mean_ms,maskable_dqn__mask_true,ppo__mask_false,-22.181491,0.375000
decision_latency_mean_ms,maskable_dqn__mask_true,ppo__mask_false,-22.126366,0.375000
decision_latency_mean_ms,maskable_dqn__mask_true,ppo__mask_false,-22.071240,0.431641
decision_latency_mean_ms,maskable_dqn__mask_true,ppo__mask_false,-22.016115,0.492188
decision_latency_mean_ms,maskable_dqn__mask_true,ppo__mask_false,-21.960989,0.492188
decision_latency_mean_ms,maskable_dqn__mask_true,ppo__mask_false,-21.905864,0.556641
decision_latency_mean_ms,maskable_dqn__mask_true,ppo__mask_false,-21.850738,0.625000
decision_latency_mean_ms,maskable_dqn__mask_true,ppo__mask_false,-21.795613,0.695312
decision_latency_mean_ms,maskable_dqn__mask_true,ppo__mask_false,-21.740488,0.695312
decision_latency_mean_ms,maskable_dqn__mask_true,ppo__mask_false,-21.685362,0.695312
decision_latency_mean_ms,maskable_dqn__mask_true,ppo__mask_false,-21.630237,0.769531
decision_latency_mean_ms,maskable_dqn__mask_true,ppo__mask_false,-21.575111,0.769531
decision_latency_mean_ms,maskable_dqn__mask_true,ppo__mask_false,-21.519986,0.769531
decision_latency_mean_ms,maskable_dqn__mask_true,ppo__mask_false,-21.464860,0.769531
decision_latency_mean_ms,maskable_dqn__mask_true,ppo__mask_false,-21.409735,0.769531
decision_latency_mean_ms,maskable_dqn__mask_true,ppo__mask_false,-21.354610,0.769531
decision_latency_mean_ms,maskable_dqn__mask_true,ppo__mask_false,-21.299484,0.845703
decision_latency_mean_ms,maskable_dqn__mask_true,ppo__mask_false,-21.244359,0.845703
decision_latency_mean_ms,maskable_dqn__mask_true,ppo__mask_false,-21.189233,0.845703
decision_latency_mean_ms,maskable_dqn__mask_true,ppo__mask_false,-21.134108,1.000000
decision_latency_mean_ms,maskable_dqn__mask_true,ppo__mask_false,-21.078982,1.000000
decision_latency_mean_ms,maskable_dqn__mask_true,ppo__mask_false,-21.023857,1.000000
decision_latency_mean_ms,maskable_dqn__mask_true,ppo__mask_false,-20.968732,0.921875
decision_latency_mean_ms,maskable_dqn__mask_true,ppo__mask_false,-20.913606,0.921875
decision_latency_mean_ms,maskable_dqn__mask_true,ppo__mask_false,-20.858481,0.921875
decision_latency_mean_ms,maskable_dqn__mask_true,ppo__mask_false,-20.803355,0.845703
decision_latency_mean_ms,maskable_dqn__mask_true,ppo__mask_false,-20.748230,0.845703
decision_latency_mean_ms,maskable_dqn__mask_true,ppo__mask_false,-20.693104,0.845703
decision_latency_mean_ms,maskable_dqn__mask_true,ppo__mask_false,-20.637979,0.769531
decision_latency_mean_ms,maskable_dqn__mask_true,ppo__mask_false,-20.582854,0.695312
decision_latency_mean_ms,maskable_dqn__mask_true,ppo__mask_false,-20.527728,0.695312
decision_latency_mean_ms,maskable_dqn__mask_true,ppo__mask_false,-20.472603,0.695312
decision_latency_mean_ms,maskable_dqn__mask_true,ppo__mask_false,-20.417477,0.695312
decision_latency_mean_ms,maskable_dqn__mask_true,ppo__mask_false,-20.362352,0.695312
decision_latency_mean_ms,maskable_dqn__mask_true,ppo__mask_false,-20.307226,0.625000
decision_latency_mean_ms,maskable_dqn__mask_true,ppo__mask_false,-20.252101,0.625000
decision_latency_mean_ms,maskable_dqn__mask_true,ppo__mask_false,-20.196976,0.625000
decision_latency_mean_ms,maskable_dqn__mask_true,ppo__mask_false,-20.141850,0.556641
decision_latency_mean_ms,maskable_dqn__mask_true,ppo__mask_false,-20.086725,0.492188
decision_latency_mean_ms,maskable_dqn__mask_true,ppo__mask_false,-20.031599,0.492188
decision_latency_mean_ms,maskable_dqn__mask_true,ppo__mask_false,-19.976474,0.431641
decision_latency_mean_ms,maskable_dqn__mask_true,ppo__mask_false,-19.921349,0.322266
decision_latency_mean_ms,maskable_dqn__mask_true,ppo__mask_false,-19.866223,0.275391
decision_latency_mean_ms,maskable_dqn__mask_true,ppo__mask_false,-19.811098,0.275391
decision_latency_mean_ms,maskable_dqn__mask_true,ppo__mask_false,-19.755972,0.275391
decision_latency_mean_ms,maskable_dqn__mask_true,ppo__mask_false,-19.700847,0.193359
decision_latency_mean_ms,maskable_dqn__mask_true,ppo__mask_false,-19.645721,0.193359
decision_latency_mean_ms,maskable_dqn__mask_true,ppo__mask_false,-19.590596,0.193359
decision_latency_mean_ms,maskable_dqn__mask_true,ppo__mask_false,-19.535471,0.193359
decision_latency_mean_ms,maskable_dqn__mask_true,ppo__mask_false,-19.480345,0.193359
decision_latency_mean_ms,maskable_dqn__mask_true,ppo__mask_false,-19.425220,0.193359
decision_latency_mean_ms,maskable_dqn__mask_true,ppo__mask_false,-19.370094,0.193359
decision_latency_mean_ms,maskable_dqn__mask_true,ppo__mask_false,-19.314969,0.193359
decision_latency_mean_ms,maskable_dqn__mask_true,ppo__mask_false,-19.259843,0.193359
decision_latency_mean_ms,maskable_dqn__mask_true,ppo__mask_false,-19.204718,0.193359
decision_latency_mean_ms,maskable_dqn__mask_true,ppo__mask_false,-19.149593,0.160156
decision_latency_mean_ms,maskable_dqn__mask_true,ppo__mask_false,-19.094467,0.160156
decision_latency_mean_ms,maskable_dqn__mask_true,ppo__mask_false,-19.039342,0.160156
decision_latency_mean_ms,maskable_dqn__mask_true,ppo__mask_false,-18.984216,0.130859
decision_latency_mean_ms,maskable_dqn__mask_true,ppo__mask_false,-18.929091,0.105469
decision_latency_mean_ms,maskable_dqn__mask_true,ppo__mask_false,-18.873965,0.105469
decision_latency_mean_ms,maskable_dqn__mask_true,ppo__mask_false,-18.818840,0.083984
decision_latency_mean_ms,maskable_dqn__mask_true,ppo__mask_false,-18.763715,0.083984
decision_latency_mean_ms,maskable_dqn__mask_true,ppo__mask_false,-18.708589,0.064453
decision_latency_mean_ms,maskable_dqn__mask_true,ppo__mask_false,-18.653464,0.048828
decision_latency_mean_ms,maskable_dqn__mask_true,ppo__mask_false,-18.598338,0.048828
decision_latency_mean_ms,maskable_dqn__mask_true,ppo__mask_false,-18.543213,0.048828
decision_latency_mean_ms,maskable_dqn__mask_true,ppo__mask_false,-18.488087,0.048828
decision_latency_mean_ms,maskable_dqn__mask_true,ppo__mask_false,-18.432962,0.037109
decision_latency_mean_ms,maskable_dqn__mask_true,ppo__mask_false,-18.377837,0.037109
decision_latency_mean_ms,maskable_dqn__mask_true,ppo__mask_false,-18.322711,0.037109
decision_latency_mean_ms,maskable_dqn__mask_true,ppo__mask_false,-18.267586,0.037109
decision_latency_mean_ms,maskable_dqn__mask_true,ppo__mask_false,-18.212460,0.037109
decision_latency_mean_ms,maskable_dqn__mask_true,ppo__mask_false,-18.157335,0.037109
decision_latency_mean_ms,maskable_dqn__mask_true,ppo__mask_false,-18.102209,0.037109
decision_latency_mean_ms,maskable_dqn__mask_true,ppo__mask_false,-18.047084,0.037109
decision_latency_mean_ms,maskable_dqn__mask_true,ppo__mask_false,-17.991959,0.027344
decision_latency_mean_ms,maskable_dqn__mask_true,ppo__mask_false,-17.936833,0.027344
decision_latency_mean_ms,maskable_dqn__mask_true,ppo__mask_false,-17.881708,0.027344
decision_latency_mean_ms,maskable_dqn__mask_true,ppo__mask_false,-17.826582,0.019531
decision_latency_mean_ms,maskable_dqn__mask_true,ppo__mask_false,-17.771457,0.019531
decision_latency_mean_ms,maskable_dqn__mask_true,ppo__mask_false,-17.716332,0.013672
decision_latency_mean_ms,maskable_dqn__mask_true,ppo__mask_false,-17.661206,0.013672
decision_latency_mean_ms,maskable_dqn__mask_true,ppo__mask_false,-17.606081,0.013672
decision_latency_mean_ms,maskable_dqn__mask_true,ppo__mask_false,-17.550955,0.009766
decision_latency_mean_ms,maskable_dqn__mask_true,ppo__mask_false,-17.495830,0.009766
decision_latency_mean_ms,maskable_dqn__mask_true,ppo__mask_false,-17.440704,0.009766
decision_latency_mean_ms,maskable_dqn__mask_true,ppo__mask_false,-17.385579,0.009766
decision_latency_mean_ms,maskable_dqn__mask_true,ppo__mask_false,-17.330454,0.009766
decision_latency_mean_ms,maskable_dqn__mask_true,ppo__mask_false,-17.275328,0.009766
decision_latency_mean_ms,maskable_dqn__mask_true,ppo__mask_false,-17.220203,0.009766
decision_latency_mean_ms,maskable_dqn__mask_true,ppo__mask_false,-17.165077,0.009766
decision_latency_mean_ms,maskable_dqn__mask_true,ppo__mask_false,-17.109952,0.009766
decision_latency_mean_ms,maskable_dqn__mask_true,ppo__mask_false,-17.054826,0.009766
decision_latency_mean_ms,maskable_dqn__mask_true,ppo__mask_false,-16.999701,0.009766
decision_latency_mean_ms,maskable_dqn__mask_true,ppo__mask_false,-16.944576,0.009766
decision_latency_mean_ms,maskable_dqn__mask_true,ppo__mask_false,-16.889450,0.009766
decision_latency_mean_ms,maskable_dqn__mask_true,ppo__mask_false,-16.834325,0.005859
decision_latency_mean_ms,maskable_dqn__mask_true,ppo__mask_false,-16.779199,0.005859
decision_latency_mean_ms,maskable_dqn__mask_true,ppo__mask_false,-16.724074,0.005859
decision_latency_mean_ms,maskable_dqn__mask_true,ppo__mask_false,-16.668948,0.005859
decision_latency_mean_ms,maskable_dqn__mask_true,ppo__mask_false,-16.613823,0.005859
decision_latency_mean_ms,maskable_dqn__mask_true,ppo__mask_false,-16.558698,0.003906
decision_latency_mean_ms,maskable_dqn__mask_true,ppo__mask_false,-16.503572,0.003906
decision_latency_mean_ms,maskable_dqn__mask_true,ppo__mask_false,-16.448447,0.003906
decision_latency_mean_ms,maskable_dqn__mask_true,ppo__mask_false,-16.393321,0.003906
decision_latency_mean_ms,maskable_dqn__mask_true,ppo__mask_false,-16.338196,0.003906
eval_wall_s,a2c__mask_false,maskable_a2c__mask_true,13254.216579,0.003906
eval_wall_s,a2c__mask_false,maskable_a2c__mask_true,13281.379066,0.003906
eval_wall_s,a2c__mask_false,maskable_a2c__mask_true,13308.541554,0.003906
eval_wall_s,a2c__mask_false,maskable_a2c__mask_true,13335.704041,0.003906
eval_wall_s,a2c__mask_false,maskable_a2c__mask_true,13362.866529,0.003906
eval_wall_s,a2c__mask_false,maskable_a2c__mask_true,13390.029016,0.003906
eval_wall_s,a2c__mask_false,maskable_a2c__mask_true,13417.191504,0.003906
eval_wall_s,a2c__mask_false,maskable_a2c__mask_true,13444.353992,0.003906
eval_wall_s,a2c__mask_false,maskable_a2c__mask_true,13471.516479,0.003906
eval_wall_s,a2c__mask_false,maskable_a2c__mask_true,13498.678967,0.003906
eval_wall_s,a2c__mask_false,maskable_a2c__mask_true,13525.841454,0.003906
eval_wall_s,a2c__mask_false,maskable_a2c__mask_true,13553.003942,0.003906
eval_wall_s,a2c__mask_false,maskable_a2c__mask_true,13580.166429,0.003906
eval_wall_s,a2c__mask_false,maskable_a2c__mask_true,13607.328917,0.003906
eval_wall_s,a2c__mask_false,maskable_a2c__mask_true,13634.491404,0.003906
eval_wall_s,a2c__mask_false,maskable_a2c__mask_true,13661.653892,0.003906
eval_wall_s,a2c__mask_false,maskable_a2c__mask_true,13688.816379,0.003906
eval_wall_s,a2c__mask_false,maskable_a2c__mask_true,13715.978867,0.003906
eval_wall_s,a2c__mask_false,maskable_a2c__mask_true,13743.141354,0.003906
eval_wall_s,a2c__mask_false,maskable_a2c__mask_true,13770.303842,0.003906
eval_wall_s,a2c__mask_false,maskable_a2c__mask_true,13797.466329,0.003906
eval_wall_s,a2c__mask_false,maskable_a2c__mask_true,13824.628817,0.003906
eval_wall_s,a2c__mask_false,maskable_a2c__mask_true,13851.791304,0.005859
eval_wall_s,a2c__mask_false,maskable_a2c__mask_true,13878.953792,0.005859
eval_wall_s,a2c__mask_false,maskable_a2c__mask_true,13906.116280,0.005859
eval_wall_s,a2c__mask_false,maskable_a2c__mask_true,13933.278767,0.005859
eval_wall_s,a2c__mask_false,maskable_a2c__mask_true,13960.441255,0.005859
eval_wall_s,a2c__mask_false,maskable_a2c__mask_true,13987.603742,0.005859
eval_wall_s,a2c__mask_false,maskable_a2c__mask_true,14014.766230,0.005859
eval_wall_s,a2c__mask_false,maskable_a2c__mask_true,14041.928717,0.005859
eval_wall_s,a2c__mask_false,maskable_a2c__mask_true,14069.091205,0.005859
eval_wall_s,a2c__mask_false,maskable_a2c__mask_true,14096.253692,0.005859
eval_wall_s,a2c__mask_false,maskable_a2c__mask_true,14123.416180,0.005859
eval_wall_s,a2c__mask_false,maskable_a2c__mask_true,14150.578667,0.009766
eval_wall_s,a2c__mask_false,maskable_a2c__mask_true,14177.741155,0.009766
eval_wall_s,a2c__mask_false,maskable_a2c__mask_true,14204.903642,0.009766
eval_wall_s,a2c__mask_false,maskable_a2c__mask_true,14232.066130,0.009766
eval_wall_s,a2c__mask_false,maskable_a2c__mask_true,14259.228617,0.009766
eval_wall_s,a2c__mask_false,maskable_a2c__mask_true,14286.391105,0.009766
eval_wall_s,a2c__mask_false,maskable_a2c__mask_true,14313.553592,0.009766
eval_wall_s,a2c__mask_false,maskable_a2c__mask_true,14340.716080,0.009766
eval_wall_s,a2c__mask_false,maskable_a2c__mask_true,14367.878567,0.009766
eval_wall_s,a2c__mask_false,maskable_a2c__mask_true,14395.041055,0.009766
eval_wall_s,a2c__mask_false,maskable_a2c__mask_true,14422.203543,0.009766
eval_wall_s,a2c__mask_false,maskable_a2c__mask_true,14449.366030,0.009766
eval_wall_s,a2c__mask_false,maskable_a2c__mask_true,14476.528518,0.009766
eval_wall_s,a2c__mask_false,maskable_a2c__mask_true,14503.691005,0.009766
eval_wall_s,a2c__mask_false,maskable_a2c__mask_true,14530.853493,0.009766
eval_wall_s,a2c__mask_false,maskable_a2c__mask_true,14558.015980,0.009766
eval_wall_s,a2c__mask_false,maskable_a2c__mask_true,14585.178468,0.019531
eval_wall_s,a2c__mask_false,maskable_a2c__mask_true,14612.340955,0.019531
eval_wall_s,a2c__mask_false,maskable_a2c__mask_true,14639.503443,0.019531
eval_wall_s,a2c__mask_false,maskable_a2c__mask_true,14666.665930,0.019531
eval_wall_s,a2c__mask_false,maskable_a2c__mask_true,14693.828418,0.019531
eval_wall_s,a2c__mask_false,maskable_a2c__mask_true,14720.990905,0.019531
eval_wall_s,a2c__mask_false,maskable_a2c__mask_true,14748.153393,0.019531
eval_wall_s,a2c__mask_false,maskable_a2c__mask_true,14775.315880,0.019531
eval_wall_s,a2c__mask_false,maskable_a2c__mask_true,14802.478368,0.019531
eval_wall_s,a2c__mask_false,maskable_a2c__mask_true,14829.640855,0.019531
eval_wall_s,a2c__mask_false,maskable_a2c__mask_true,14856.803343,0.027344
eval_wall_s,a2c__mask_false,maskable_a2c__mask_true,14883.965831,0.037109
eval_wall_s,a2c__mask_false,maskable_a2c__mask_true,14911.128318,0.037109
eval_wall_s,a2c__mask_false,maskable_a2c__mask_true,14938.290806,0.037109
eval_wall_s,a2c__mask_false,maskable_a2c__mask_true,14965.453293,0.048828
eval_wall_s,a2c__mask_false,maskable_a2c__mask_true,14992.615781,0.048828
eval_wall_s,a2c__mask_false,maskable_a2c__mask_true,15019.778268,0.048828
eval_wall_s,a2c__mask_false,maskable_a2c__mask_true,15046.940756,0.064453
eval_wall_s,a2c__mask_false,maskable_a2c__mask_true,15074.103243,0.064453
eval_wall_s,a2c__mask_false,maskable_a2c__mask_true,15101.265731,0.064453
eval_wall_s,a2c__mask_false,maskable_a2c__mask_true,15128.428218,0.064453
eval_wall_s,a2c__mask_false,maskable_a2c__mask_true,15155.590706,0.064453
eval_wall_s,a2c__mask_false,maskable_a2c__mask_true,15182.753193,0.083984
eval_wall_s,a2c__mask_false,maskable_a2c__mask_true,15209.915681,0.083984
eval_wall_s,a2c__mask_false,maskable_a2c__mask_true,15237.078168,0.105469
eval_wall_s,a2c__mask_false,maskable_a2c__mask_true,15264.240656,0.105469
eval_wall_s,a2c__mask_false,maskable_a2c__mask_true,15291.403143,0.105469
eval_wall_s,a2c__mask_false,maskable_a2c__mask_true,15318.565631,0.130859
eval_wall_s,a2c__mask_false,maskable_a2c__mask_true,15345.728118,0.130859
eval_wall_s,a2c__mask_false,maskable_a2c__mask_true,15372.890606,0.130859
eval_wall_s,a2c__mask_false,maskable_a2c__mask_true,15400.053094,0.130859
eval_wall_s,a2c__mask_false,maskable_a2c__mask_true,15427.215581,0.130859
eval_wall_s,a2c__mask_false,maskable_a2c__mask_true,15454.378069,0.130859
eval_wall_s,a2c__mask_false,maskable_a2c__mask_true,15481.540556,0.130859
eval_wall_s,a2c__mask_false,maskable_a2c__mask_true,15508.703044,0.130859
eval_wall_s,a2c__mask_false,maskable_a2c__mask_true,15535.865531,0.130859
eval_wall_s,a2c__mask_false,maskable_a2c__mask_true,15563.028019,0.130859
eval_wall_s,a2c__mask_false,maskable_a2c__mask_true,15590.190506,0.160156
eval_wall_s,a2c__mask_false,maskable_a2c__mask_true,15617.352994,0.193359
eval_wall_s,a2c__mask_false,maskable_a2c__mask_true,15644.515481,0.193359
eval_wall_s,a2c__mask_false,maskable_a2c__mask_true,15671.677969,0.232422
eval_wall_s,a2c__mask_false,maskable_a2c__mask_true,15698.840456,0.275391
eval_wall_s,a2c__mask_false,maskable_a2c__mask_true,15726.002944,0.275391
eval_wall_s,a2c__mask_false,maskable_a2c__mask_true,15753.165431,0.275391
eval_wall_s,a2c__mask_false,maskable_a2c__mask_true,15780.327919,0.322266
eval_wall_s,a2c__mask_false,maskable_a2c__mask_true,15807.490406,0.322266
eval_wall_s,a2c__mask_false,maskable_a2c__mask_true,15834.652894,0.322266
eval_wall_s,a2c__mask_false,maskable_a2c__mask_true,15861.815382,0.322266
eval_wall_s,a2c__mask_false,maskable_a2c__mask_true,15888.977869,0.375000
eval_wall_s,a2c__mask_false,maskable_a2c__mask_true,15916.140357,0.431641
eval_wall_s,a2c__mask_false,maskable_a2c__mask_true,15943.302844,0.431641
eval_wall_s,a2c__mask_false,maskable_a2c__mask_true,15970.465332,0.556641
eval_wall_s,a2c__mask_false,maskable_a2c__mask_true,15997.627819,0.556641
eval_wall_s,a2c__mask_false,maskable_a2c__mask_true,16024.790307,0.556641
eval_wall_s,a2c__mask_false,maskable_a2c__mask_true,16051.952794,0.625000
eval_wall_s,a2c__mask_false,maskable_a2c__mask_true,16079.115282,0.695312
eval_wall_s,a2c__mask_false,maskable_a2c__mask_true,16106.277769,0.695312
eval_wall_s,a2c__mask_false,maskable_a2c__mask_true,16133.440257,0.695312
eval_wall_s,a2c__mask_false,maskable_a2c__mask_true,16160.602744,0.695312
eval_wall_s,a2c__mask_false,maskable_a2c__mask_true,16187.765232,0.695312
eval_wall_s,a2c__mask_false,maskable_a2c__mask_true,16214.927719,0.695312
eval_wall_s,a2c__mask_false,maskable_a2c__mask_true,16242.090207,0.695312
eval_wall_s,a2c__mask_false,maskable_a2c__mask_true,16269.252694,0.769531
eval_wall_s,a2c__mask_false,maskable_a2c__mask_true,16296.415182,0.769531
eval_wall_s,a2c__mask_false,maskable_a2c__mask_true,16323.577670,0.845703
eval_wall_s,a2c__mask_false,maskable_a2c__mask_true,16350.740157,0.845703
eval_wall_s,a2c__mask_false,maskable_a2c__mask_true,16377.902645,0.845703
eval_wall_s,a2c__mask_false,maskable_a2c__mask_true,16405.065132,1.000000
eval_wall_s,a2c__mask_false,maskable_a2c__mask_true,16432.227620,1.000000
eval_wall_s,a2c__mask_false,maskable_a2c__mask_true,16459.390107,1.000000
eval_wall_s,a2c__mask_false,maskable_a2c__mask_true,16486.552595,1.000000
eval_wall_s,a2c__mask_false,maskable_a2c__mask_true,16513.715082,1.000000
eval_wall_s,a2c__mask_false,maskable_a2c__mask_true,16540.877570,1.000000
eval_wall_s,a2c__mask_false,maskable_a2c__mask_true,16568.040057,1.000000
eval_wall_s,a2c__mask_false,maskable_a2c__mask_true,16595.202545,0.921875
eval_wall_s,a2c__mask_false,maskable_a2c__mask_true,16622.365032,0.921875
eval_wall_s,a2c__mask_false,maskable_a2c__mask_true,16649.527520,0.845703
eval_wall_s,a2c__mask_false,maskable_a2c__mask_true,16676.690007,0.695312
eval_wall_s,a2c__mask_false,maskable_a2c__mask_true,16703.852495,0.625000
eval_wall_s,a2c__mask_false,maskable_a2c__mask_true,16731.014982,0.625000
eval_wall_s,a2c__mask_false,maskable_a2c__mask_true,16758.177470,0.625000
eval_wall_s,a2c__mask_false,maskable_a2c__mask_true,16785.339957,0.492188
eval_wall_s,a2c__mask_false,maskable_a2c__mask_true,16812.502445,0.492188
eval_wall_s,a2c__mask_false,maskable_a2c__mask_true,16839.664933,0.492188
eval_wall_s,a2c__mask_false,maskable_a2c__mask_true,16866.827420,0.431641
eval_wall_s,a2c__mask_false,maskable_a2c__mask_true,16893.989908,0.431641
eval_wall_s,a2c__mask_false,maskable_a2c__mask_true,16921.152395,0.431641
eval_wall_s,a2c__mask_false,maskable_a2c__mask_true,16948.314883,0.322266
eval_wall_s,a2c__mask_false,maskable_a2c__mask_true,16975.477370,0.275391
eval_wall_s,a2c__mask_false,maskable_a2c__mask_true,17002.639858,0.275391
eval_wall_s,a2c__mask_false,maskable_a2c__mask_true,17029.802345,0.275391
eval_wall_s,a2c__mask_false,maskable_a2c__mask_true,17056.964833,0.232422
eval_wall_s,a2c__mask_false,maskable_a2c__mask_true,17084.127320,0.232422
eval_wall_s,a2c__mask_false,maskable_a2c__mask_true,17111.289808,0.193359
eval_wall_s,a2c__mask_false,maskable_a2c__mask_true,17138.452295,0.193359
eval_wall_s,a2c__mask_false,maskable_a2c__mask_true,17165.614783,0.160156
eval_wall_s,a2c__mask_false,maskable_a2c__mask_true,17192.777270,0.160156
eval_wall_s,a2c__mask_false,maskable_a2c__mask_true,17219.939758,0.160156
eval_wall_s,a2c__mask_false,maskable_a2c__mask_true,17247.102245,0.160156
eval_wall_s,a2c__mask_false,maskable_a2c__mask_true,17274.264733,0.160156
eval_wall_s,a2c__mask_false,maskable_a2c__mask_true,17301.427221,0.160156
eval_wall_s,a2c__mask_false,maskable_a2c__mask_true,17328.589708,0.130859
eval_wall_s,a2c__mask_false,maskable_a2c__mask_true,17355.752196,0.130859
eval_wall_s,a2c__mask_false,maskable_a2c__mask_true,17382.914683,0.083984
eval_wall_s,a2c__mask_false,maskable_a2c__mask_true,17410.077171,0.083984
eval_wall_s,a2c__mask_false,maskable_a2c__mask_true,17437.239658,0.083984
eval_wall_s,a2c__mask_false,maskable_a2c__mask_true,17464.402146,0.083984
eval_wall_s,a2c__mask_false,maskable_a2c__mask_true,17491.564633,0.064453
eval_wall_s,a2c__mask_false,maskable_a2c__mask_true,17518.727121,0.064453
eval_wall_s,a2c__mask_false,maskable_a2c__mask_true,17545.889608,0.064453
eval_wall_s,a2c__mask_false,maskable_a2c__mask_true,17573.052096,0.064453
eval_wall_s,a2c__mask_false,maskable_a2c__mask_true,17600.214583,0.048828
eval_wall_s,a2c__mask_false,maskable_a2c__mask_true,17627.377071,0.048828
eval_wall_s,a2c__mask_false,maskable_a2c__mask_true,17654.539558,0.037109
eval_wall_s,a2c__mask_false,maskable_a2c__mask_true,17681.702046,0.037109
eval_wall_s,a2c__mask_false,maskable_a2c__mask_true,17708.864533,0.037109
eval_wall_s,a2c__mask_false,maskable_a2c__mask_true,17736.027021,0.037109
eval_wall_s,a2c__mask_false,maskable_a2c__mask_true,17763.189508,0.019531
eval_wall_s,a2c__mask_false,maskable_a2c__mask_true,17790.351996,0.019531
eval_wall_s,a2c__mask_false,maskable_a2c__mask_true,17817.514484,0.019531
eval_wall_s,a2c__mask_false,maskable_a2c__mask_true,17844.676971,0.013672
eval_wall_s,a2c__mask_false,maskable_a2c__mask_true,17871.839459,0.013672
eval_wall_s,a2c__mask_false,maskable_a2c__mask_true,17899.001946,0.013672
eval_wall_s,a2c__mask_false,maskable_a2c__mask_true,17926.164434,0.013672
eval_wall_s,a2c__mask_false,maskable_a2c__mask_true,17953.326921,0.013672
eval_wall_s,a2c__mask_false,maskable_a2c__mask_true,17980.489409,0.013672
eval_wall_s,a2c__mask_false,maskable_a2c__mask_true,18007.651896,0.013672
eval_wall_s,a2c__mask_false,maskable_a2c__mask_true,18034.814384,0.009766
eval_wall_s,a2c__mask_false,maskable_a2c__mask_true,18061.976871,0.009766
eval_wall_s,a2c__mask_false,maskable_a2c__mask_true,18089.139359,0.009766
eval_wall_s,a2c__mask_false,maskable_a2c__mask_true,18116.301846,0.009766
eval_wall_s,a2c__mask_false,maskable_a2c__mask_true,18143.464334,0.009766
eval_wall_s,a2c__mask_false,maskable_a2c__mask_true,18170.626821,0.009766
eval_wall_s,a2c__mask_false,maskable_a2c__mask_true,18197.789309,0.005859
eval_wall_s,a2c__mask_false,maskable_a2c__mask_true,18224.951796,0.005859
eval_wall_s,a2c__mask_false,maskable_a2c__mask_true,18252.114284,0.005859
eval_wall_s,a2c__mask_false,maskable_a2c__mask_true,18279.276772,0.005859
eval_wall_s,a2c__mask_false,maskable_a2c__mask_true,18306.439259,0.005859
eval_wall_s,a2c__mask_false,maskable_a2c__mask_true,18333.601747,0.005859
eval_wall_s,a2c__mask_false,maskable_a2c__mask_true,18360.764234,0.005859
eval_wall_s,a2c__mask_false,maskable_a2c__mask_true,18387.926722,0.005859
eval_wall_s,a2c__mask_false,maskable_a2c__mask_true,18415.089209,0.005859
eval_wall_s,a2c__mask_false,maskable_a2c__mask_true,18442.251697,0.005859
eval_wall_s,a2c__mask_false,maskable_a2c__mask_true,18469.414184,0.003906
eval_wall_s,a2c__mask_false,maskable_a2c__mask_true,18496.576672,0.003906
eval_wall_s,a2c__mask_false,maskable_a2c__mask_true,18523.739159,0.003906
eval_wall_s,a2c__mask_false,maskable_a2c__mask_true,18550.901647,0.003906
eval_wall_s,a2c__mask_false,maskable_a2c__mask_true,18578.064134,0.003906
eval_wall_s,a2c__mask_false,maskable_a2c__mask_true,18605.226622,0.003906
eval_wall_s,a2c__mask_false,maskable_a2c__mask_true,18632.389109,0.003906
eval_wall_s,a2c__mask_false,maskable_a2c__mask_true,18659.551597,0.003906
eval_wall_s,a2c__mask_false,maskable_dqn__mask_true,14578.380406,0.003906
eval_wall_s,a2c__mask_false,maskable_dqn__mask_true,14603.676667,0.003906
eval_wall_s,a2c__mask_false,maskable_dqn__mask_true,14628.972929,0.003906
eval_wall_s,a2c__mask_false,maskable_dqn__mask_true,14654.269190,0.003906
eval_wall_s,a2c__mask_false,maskable_dqn__mask_true,14679.565451,0.003906
eval_wall_s,a2c__mask_false,maskable_dqn__mask_true,14704.861713,0.003906
eval_wall_s,a2c__mask_false,maskable_dqn__mask_true,14730.157974,0.003906
eval_wall_s,a2c__mask_false,maskable_dqn__mask_true,14755.454236,0.003906
eval_wall_s,a2c__mask_false,maskable_dqn__mask_true,14780.750497,0.003906
eval_wall_s,a2c__mask_false,maskable_dqn__mask_true,14806.046758,0.003906
eval_wall_s,a2c__mask_false,maskable_dqn__mask_true,14831.343020,0.003906
eval_wall_s,a2c__mask_false,maskable_dqn__mask_true,14856.639281,0.003906
eval_wall_s,a2c__mask_false,maskable_dqn__mask_true,14881.935542,0.003906
eval_wall_s,a2c__mask_false,maskable_dqn__mask_true,14907.231804,0.003906
eval_wall_s,a2c__mask_false,maskable_dqn__mask_true,14932.528065,0.003906
eval_wall_s,a2c__mask_false,maskable_dqn__mask_true,14957.824327,0.003906
eval_wall_s,a2c__mask_false,maskable_dqn__mask_true,14983.120588,0.003906
eval_wall_s,a2c__mask_false,maskable_dqn__mask_true,15008.416849,0.003906
eval_wall_s,a2c__mask_false,maskable_dqn__mask_true,15033.713111,0.003906
eval_wall_s,a2c__mask_false,maskable_dqn__mask_true,15059.009372,0.003906
eval_wall_s,a2c__mask_false,maskable_dqn__mask_true,15084.305633,0.003906
eval_wall_s,a2c__mask_false,maskable_dqn__mask_true,15109.601895,0.003906
eval_wall_s,a2c__mask_false,maskable_dqn__mask_true,15134.898156,0.003906
eval_wall_s,a2c__mask_false,maskable_dqn__mask_true,15160.194418,0.005859
eval_wall_s,a2c__mask_false,maskable_dqn__mask_true,15185.490679,0.005859
eval_wall_s,a2c__mask_false,maskable_dqn__mask_true,15210.786940,0.005859
eval_wall_s,a2c__mask_false,maskable_dqn__mask_true,15236.083202,0.005859
eval_wall_s,a2c__mask_false,maskable_dqn__mask_true,15261.379463,0.005859
eval_wall_s,a2c__mask_false,maskable_dqn__mask_true,15286.675724,0.005859
eval_wall_s,a2c__mask_false,maskable_dqn__mask_true,15311.971986,0.005859
eval_wall_s,a2c__mask_false,maskable_dqn__mask_true,15337.268247,0.005859
eval_wall_s,a2c__mask_false,maskable_dqn__mask_true,15362.564509,0.005859
eval_wall_s,a2c__mask_false,maskable_dqn__mask_true,15387.860770,0.005859
eval_wall_s,a2c__mask_false,maskable_dqn__mask_true,15413.157031,0.005859
eval_wall_s,a2c__mask_false,maskable_dqn__mask_true,15438.453293,0.005859
eval_wall_s,a2c__mask_false,maskable_dqn__mask_true,15463.749554,0.005859
eval_wall_s,a2c__mask_false,maskable_dqn__mask_true,15489.045815,0.005859
eval_wall_s,a2c__mask_false,maskable_dqn__mask_true,15514.342077,0.009766
eval_wall_s,a2c__mask_false,maskable_dqn__mask_true,15539.638338,0.009766
eval_wall_s,a2c__mask_false,maskable_dqn__mask_true,15564.934600,0.009766
eval_wall_s,a2c__mask_false,maskable_dqn__mask_true,15590.230861,0.009766
eval_wall_s,a2c__mask_false,maskable_dqn__mask_true,15615.527122,0.009766
eval_wall_s,a2c__mask_false,maskable_dqn__mask_true,15640.823384,0.009766
eval_wall_s,a2c__mask_false,maskable_dqn__mask_true,15666.119645,0.009766
eval_wall_s,a2c__mask_false,maskable_dqn__mask_true,15691.415907,0.009766
eval_wall_s,a2c__mask_false,maskable_dqn__mask_true,15716.712168,0.009766
eval_wall_s,a2c__mask_false,maskable_dqn__mask_true,15742.008429,0.009766
eval_wall_s,a2c__mask_false,maskable_dqn__mask_true,15767.304691,0.009766
eval_wall_s,a2c__mask_false,maskable_dqn__mask_true,15792.600952,0.009766
eval_wall_s,a2c__mask_false,maskable_dqn__mask_true,15817.897213,0.013672
eval_wall_s,a2c__mask_false,maskable_dqn__mask_true,15843.193475,0.013672
eval_wall_s,a2c__mask_false,maskable_dqn__mask_true,15868.489736,0.013672
eval_wall_s,a2c__mask_false,maskable_dqn__mask_true,15893.785998,0.019531
eval_wall_s,a2c__mask_false,maskable_dqn__mask_true,15919.082259,0.019531
eval_wall_s,a2c__mask_false,maskable_dqn__mask_true,15944.378520,0.019531
eval_wall_s,a2c__mask_false,maskable_dqn__mask_true,15969.674782,0.019531
eval_wall_s,a2c__mask_false,maskable_dqn__mask_true,15994.971043,0.027344
eval_wall_s,a2c__mask_false,maskable_dqn__mask_true,16020.267304,0.027344
eval_wall_s,a2c__mask_false,maskable_dqn__mask_true,16045.563566,0.027344
eval_wall_s,a2c__mask_false,maskable_dqn__mask_true,16070.859827,0.027344
eval_wall_s,a2c__mask_false,maskable_dqn__mask_true,16096.156089,0.027344
eval_wall_s,a2c__mask_false,maskable_dqn__mask_true,16121.452350,0.027344
eval_wall_s,a2c__mask_false,maskable_dqn__mask_true,16146.748611,0.027344
eval_wall_s,a2c__mask_false,maskable_dqn__mask_true,16172.044873,0.048828
eval_wall_s,a2c__mask_false,maskable_dqn__mask_true,16197.341134,0.048828
eval_wall_s,a2c__mask_false,maskable_dqn__mask_true,16222.637395,0.048828
eval_wall_s,a2c__mask_false,maskable_dqn__mask_true,16247.933657,0.048828
eval_wall_s,a2c__mask_false,maskable_dqn__mask_true,16273.229918,0.048828
eval_wall_s,a2c__mask_false,maskable_dqn__mask_true,16298.526180,0.048828
eval_wall_s,a2c__mask_false,maskable_dqn__mask_true,16323.822441,0.048828
eval_wall_s,a2c__mask_false,maskable_dqn__mask_true,16349.118702,0.048828
eval_wall_s,a2c__mask_false,maskable_dqn__mask_true,16374.414964,0.064453
eval_wall_s,a2c__mask_false,maskable_dqn__mask_true,16399.711225,0.083984
eval_wall_s,a2c__mask_false,maskable_dqn__mask_true,16425.007486,0.083984
eval_wall_s,a2c__mask_false,maskable_dqn__mask_true,16450.303748,0.083984
eval_wall_s,a2c__mask_false,maskable_dqn__mask_true,16475.600009,0.083984
eval_wall_s,a2c__mask_false,maskable_dqn__mask_true,16500.896271,0.083984
eval_wall_s,a2c__mask_false,maskable_dqn__mask_true,16526.192532,0.083984
eval_wall_s,a2c__mask_false,maskable_dqn__mask_true,16551.488793,0.105469
eval_wall_s,a2c__mask_false,maskable_dqn__mask_true,16576.785055,0.130859
eval_wall_s,a2c__mask_false,maskable_dqn__mask_true,16602.081316,0.130859
eval_wall_s,a2c__mask_false,maskable_dqn__mask_true,16627.377577,0.130859
eval_wall_s,a2c__mask_false,maskable_dqn__mask_true,16652.673839,0.130859
eval_wall_s,a2c__mask_false,maskable_dqn__mask_true,16677.970100,0.160156
eval_wall_s,a2c__mask_false,maskable_dqn__mask_true,16703.266362,0.160156
eval_wall_s,a2c__mask_false,maskable_dqn__mask_true,16728.562623,0.160156
eval_wall_s,a2c__mask_false,maskable_dqn__mask_true,16753.858884,0.160156
eval_wall_s,a2c__mask_false,maskable_dqn__mask_true,16779.155146,0.160156
eval_wall_s,a2c__mask_false,maskable_dqn__mask_true,16804.451407,0.160156
eval_wall_s,a2c__mask_false,maskable_dqn__mask_true,16829.747668,0.160156
eval_wall_s,a2c__mask_false,maskable_dqn__mask_true,16855.043930,0.193359
eval_wall_s,a2c__mask_false,maskable_dqn__mask_true,16880.340191,0.193359
eval_wall_s,a2c__mask_false,maskable_dqn__mask_true,16905.636453,0.193359
eval_wall_s,a2c__mask_false,maskable_dqn__mask_true,16930.932714,0.232422
eval_wall_s,a2c__mask_false,maskable_dqn__mask_true,16956.228975,0.232422
eval_wall_s,a2c__mask_false,maskable_dqn__mask_true,16981.525237,0.232422
eval_wall_s,a2c__mask_false,maskable_dqn__mask_true,17006.821498,0.275391
eval_wall_s,a2c__mask_false,maskable_dqn__mask_true,17032.117760,0.322266
eval_wall_s,a2c__mask_false,maskable_dqn__mask_true,17057.414021,0.492188
eval_wall_s,a2c__mask_false,maskable_dqn__mask_true,17082.710282,0.492188
eval_wall_s,a2c__mask_false,maskable_dqn__mask_true,17108.006544,0.492188
eval_wall_s,a2c__mask_false,maskable_dqn__mask_true,17133.302805,0.492188
eval_wall_s,a2c__mask_false,maskable_dqn__mask_true,17158.599066,0.492188
eval_wall_s,a2c__mask_false,maskable_dqn__mask_true,17183.895328,0.492188
eval_wall_s,a2c__mask_false,maskable_dqn__mask_true,17209.191589,0.556641
eval_wall_s,a2c__mask_false,maskable_dqn__mask_true,17234.487851,0.556641
eval_wall_s,a2c__mask_false,maskable_dqn__mask_true,17259.784112,0.556641
eval_wall_s,a2c__mask_false,maskable_dqn__mask_true,17285.080373,0.556641
eval_wall_s,a2c__mask_false,maskable_dqn__mask_true,17310.376635,0.556641
eval_wall_s,a2c__mask_false,maskable_dqn__mask_true,17335.672896,0.625000
eval_wall_s,a2c__mask_false,maskable_dqn__mask_true,17360.969157,0.625000
eval_wall_s,a2c__mask_false,maskable_dqn__mask_true,17386.265419,0.625000
eval_wall_s,a2c__mask_false,maskable_dqn__mask_true,17411.561680,0.769531
eval_wall_s,a2c__mask_false,maskable_dqn__mask_true,17436.857942,0.845703
eval_wall_s,a2c__mask_false,maskable_dqn__mask_true,17462.154203,0.845703
eval_wall_s,a2c__mask_false,maskable_dqn__mask_true,17487.450464,0.845703
eval_wall_s,a2c__mask_false,maskable_dqn__mask_true,17512.746726,0.845703
eval_wall_s,a2c__mask_false,maskable_dqn__mask_true,17538.042987,0.921875
eval_wall_s,a2c__mask_false,maskable_dqn__mask_true,17563.339248,0.921875
eval_wall_s,a2c__mask_false,maskable_dqn__mask_true,17588.635510,0.921875
eval_wall_s,a2c__mask_false,maskable_dqn__mask_true,17613.931771,1.000000
eval_wall_s,a2c__mask_false,maskable_dqn__mask_true,17639.228033,1.000000
eval_wall_s,a2c__mask_false,maskable_dqn__mask_true,17664.524294,1.000000
eval_wall_s,a2c__mask_false,maskable_dqn__mask_true,17689.820555,1.000000
eval_wall_s,a2c__mask_false,maskable_dqn__mask_true,17715.116817,0.921875
eval_wall_s,a2c__mask_false,maskable_dqn__mask_true,17740.413078,0.845703
eval_wall_s,a2c__mask_false,maskable_dqn__mask_true,17765.709339,0.845703
eval_wall_s,a2c__mask_false,maskable_dqn__mask_true,17791.005601,0.769531
eval_wall_s,a2c__mask_false,maskable_dqn__mask_true,17816.301862,0.695312
eval_wall_s,a2c__mask_false,maskable_dqn__mask_true,17841.598124,0.695312
eval_wall_s,a2c__mask_false,maskable_dqn__mask_true,17866.894385,0.695312
eval_wall_s,a2c__mask_false,maskable_dqn__mask_true,17892.190646,0.556641
eval_wall_s,a2c__mask_false,maskable_dqn__mask_true,17917.486908,0.492188
eval_wall_s,a2c__mask_false,maskable_dqn__mask_true,17942.783169,0.492188
eval_wall_s,a2c__mask_false,maskable_dqn__mask_true,17968.079430,0.492188
eval_wall_s,a2c__mask_false,maskable_dqn__mask_true,17993.375692,0.492188
eval_wall_s,a2c__mask_false,maskable_dqn__mask_true,18018.671953,0.492188
eval_wall_s,a2c__mask_false,maskable_dqn__mask_true,18043.968215,0.431641
eval_wall_s,a2c__mask_false,maskable_dqn__mask_true,18069.264476,0.431641
eval_wall_s,a2c__mask_false,maskable_dqn__mask_true,18094.560737,0.275391
eval_wall_s,a2c__mask_false,maskable_dqn__mask_true,18119.856999,0.275391
eval_wall_s,a2c__mask_false,maskable_dqn__mask_true,18145.153260,0.275391
eval_wall_s,a2c__mask_false,maskable_dqn__mask_true,18170.449522,0.275391
eval_wall_s,a2c__mask_false,maskable_dqn__mask_true,18195.745783,0.275391
eval_wall_s,a2c__mask_false,maskable_dqn__mask_true,18221.042044,0.275391
eval_wall_s,a2c__mask_false,maskable_dqn__mask_true,18246.338306,0.275391
eval_wall_s,a2c__mask_false,maskable_dqn__mask_true,18271.634567,0.232422
eval_wall_s,a2c__mask_false,maskable_dqn__mask_true,18296.930828,0.160156
eval_wall_s,a2c__mask_false,maskable_dqn__mask_true,18322.227090,0.160156
eval_wall_s,a2c__mask_false,maskable_dqn__mask_true,18347.523351,0.160156
eval_wall_s,a2c__mask_false,maskable_dqn__mask_true,18372.819613,0.160156
eval_wall_s,a2c__mask_false,maskable_dqn__mask_true,18398.115874,0.160156
eval_wall_s,a2c__mask_false,maskable_dqn__mask_true,18423.412135,0.130859
eval_wall_s,a2c__mask_false,maskable_dqn__mask_true,18448.708397,0.130859
eval_wall_s,a2c__mask_false,maskable_dqn__mask_true,18474.004658,0.105469
eval_wall_s,a2c__mask_false,maskable_dqn__mask_true,18499.300919,0.105469
eval_wall_s,a2c__mask_false,maskable_dqn__mask_true,18524.597181,0.083984
eval_wall_s,a2c__mask_false,maskable_dqn__mask_true,18549.893442,0.083984
eval_wall_s,a2c__mask_false,maskable_dqn__mask_true,18575.189704,0.064453
eval_wall_s,a2c__mask_false,maskable_dqn__mask_true,18600.485965,0.064453
eval_wall_s,a2c__mask_false,maskable_dqn__mask_true,18625.782226,0.064453
eval_wall_s,a2c__mask_false,maskable_dqn__mask_true,18651.078488,0.064453
eval_wall_s,a2c__mask_false,maskable_dqn__mask_true,18676.374749,0.064453
eval_wall_s,a2c__mask_false,maskable_dqn__mask_true,18701.671010,0.048828
eval_wall_s,a2c__mask_false,maskable_dqn__mask_true,18726.967272,0.048828
eval_wall_s,a2c__mask_false,maskable_dqn__mask_true,18752.263533,0.037109
eval_wall_s,a2c__mask_false,maskable_dqn__mask_true,18777.559795,0.037109
eval_wall_s,a2c__mask_false,maskable_dqn__mask_true,18802.856056,0.037109
eval_wall_s,a2c__mask_false,maskable_dqn__mask_true,18828.152317,0.037109
eval_wall_s,a2c__mask_false,maskable_dqn__mask_true,18853.448579,0.037109
eval_wall_s,a2c__mask_false,maskable_dqn__mask_true,18878.744840,0.037109
eval_wall_s,a2c__mask_false,maskable_dqn__mask_true,18904.041101,0.019531
eval_wall_s,a2c__mask_false,maskable_dqn__mask_true,18929.337363,0.019531
eval_wall_s,a2c__mask_false,maskable_dqn__mask_true,18954.633624,0.013672
eval_wall_s,a2c__mask_false,maskable_dqn__mask_true,18979.929886,0.009766
eval_wall_s,a2c__mask_false,maskable_dqn__mask_true,19005.226147,0.009766
eval_wall_s,a2c__mask_false,maskable_dqn__mask_true,19030.522408,0.009766
eval_wall_s,a2c__mask_false,maskable_dqn__mask_true,19055.818670,0.009766
eval_wall_s,a2c__mask_false,maskable_dqn__mask_true,19081.114931,0.009766
eval_wall_s,a2c__mask_false,maskable_dqn__mask_true,19106.411192,0.009766
eval_wall_s,a2c__mask_false,maskable_dqn__mask_true,19131.707454,0.009766
eval_wall_s,a2c__mask_false,maskable_dqn__mask_true,19157.003715,0.009766
eval_wall_s,a2c__mask_false,maskable_dqn__mask_true,19182.299977,0.009766
eval_wall_s,a2c__mask_false,maskable_dqn__mask_true,19207.596238,0.009766
eval_wall_s,a2c__mask_false,maskable_dqn__mask_true,19232.892499,0.009766
eval_wall_s,a2c__mask_false,maskable_dqn__mask_true,19258.188761,0.009766
eval_wall_s,a2c__mask_false,maskable_dqn__mask_true,19283.485022,0.009766
eval_wall_s,a2c__mask_false,maskable_dqn__mask_true,19308.781284,0.009766
eval_wall_s,a2c__mask_false,maskable_dqn__mask_true,19334.077545,0.009766
eval_wall_s,a2c__mask_false,maskable_dqn__mask_true,19359.373806,0.009766
eval_wall_s,a2c__mask_false,maskable_dqn__mask_true,19384.670068,0.009766
eval_wall_s,a2c__mask_false,maskable_dqn__mask_true,19409.966329,0.009766
eval_wall_s,a2c__mask_false,maskable_dqn__mask_true,19435.262590,0.009766
eval_wall_s,a2c__mask_false,maskable_dqn__mask_true,19460.558852,0.009766
eval_wall_s,a2c__mask_false,maskable_dqn__mask_true,19485.855113,0.009766
eval_wall_s,a2c__mask_false,maskable_dqn__mask_true,19511.151375,0.009766
eval_wall_s,a2c__mask_false,maskable_dqn__mask_true,19536.447636,0.005859
eval_wall_s,a2c__mask_false,maskable_dqn__mask_true,19561.743897,0.005859
eval_wall_s,a2c__mask_false,maskable_dqn__mask_true,19587.040159,0.003906
eval_wall_s,a2c__mask_false,maskable_dqn__mask_true,19612.336420,0.003906
eval_wall_s,a2c__mask_false,maskable_ppo__mask_true,13499.774133,0.003906
eval_wall_s,a2c__mask_false,maskable_ppo__mask_true,13525.791072,0.003906
eval_wall_s,a2c__mask_false,maskable_ppo__mask_true,13551.808012,0.003906
eval_wall_s,a2c__mask_false,maskable_ppo__mask_true,13577.824951,0.003906
eval_wall_s,a2c__mask_false,maskable_ppo__mask_true,13603.841890,0.003906
eval_wall_s,a2c__mask_false,maskable_ppo__mask_true,13629.858829,0.003906
eval_wall_s,a2c__mask_false,maskable_ppo__mask_true,13655.875768,0.003906
eval_wall_s,a2c__mask_false,maskable_ppo__mask_true,13681.892707,0.003906
eval_wall_s,a2c__mask_false,maskable_ppo__mask_true,13707.909647,0.003906
eval_wall_s,a2c__mask_false,maskable_ppo__mask_true,13733.926586,0.003906
eval_wall_s,a2c__mask_false,maskable_ppo__mask_true,13759.943525,0.003906
eval_wall_s,a2c__mask_false,maskable_ppo__mask_true,13785.960464,0.003906
eval_wall_s,a2c__mask_false,maskable_ppo__mask_true,13811.977403,0.003906
eval_wall_s,a2c__mask_false,maskable_ppo__mask_true,13837.994342,0.003906
eval_wall_s,a2c__mask_false,maskable_ppo__mask_true,13864.011282,0.003906
eval_wall_s,a2c__mask_false,maskable_ppo__mask_true,13890.028221,0.003906
eval_wall_s,a2c__mask_false,maskable_ppo__mask_true,13916.045160,0.003906
eval_wall_s,a2c__mask_false,maskable_ppo__mask_true,13942.062099,0.003906
eval_wall_s,a2c__mask_false,maskable_ppo__mask_true,13968.079038,0.003906
eval_wall_s,a2c__mask_false,maskable_ppo__mask_true,13994.095977,0.005859
eval_wall_s,a2c__mask_false,maskable_ppo__mask_true,14020.112917,0.005859
eval_wall_s,a2c__mask_false,maskable_ppo__mask_true,14046.129856,0.005859
eval_wall_s,a2c__mask_false,maskable_ppo__mask_true,14072.146795,0.005859
eval_wall_s,a2c__mask_false,maskable_ppo__mask_true,14098.163734,0.005859
eval_wall_s,a2c__mask_false,maskable_ppo__mask_true,14124.180673,0.005859
eval_wall_s,a2c__mask_false,maskable_ppo__mask_true,14150.197612,0.005859
eval_wall_s,a2c__mask_false,maskable_ppo__mask_true,14176.214552,0.005859
eval_wall_s,a2c__mask_false,maskable_ppo__mask_true,14202.231491,0.009766
eval_wall_s,a2c__mask_false,maskable_ppo__mask_true,14228.248430,0.009766
eval_wall_s,a2c__mask_false,maskable_ppo__mask_true,14254.265369,0.009766
eval_wall_s,a2c__mask_false,maskable_ppo__mask_true,14280.282308,0.009766
eval_wall_s,a2c__mask_false,maskable_ppo__mask_true,14306.299247,0.009766
eval_wall_s,a2c__mask_false,maskable_ppo__mask_true,14332.316187,0.009766
eval_wall_s,a2c__mask_false,maskable_ppo__mask_true,14358.333126,0.009766
eval_wall_s,a2c__mask_false,maskable_ppo__mask_true,14384.350065,0.009766
eval_wall_s,a2c__mask_false,maskable_ppo__mask_true,14410.367004,0.009766
eval_wall_s,a2c__mask_false,maskable_ppo__mask_true,14436.383943,0.009766
eval_wall_s,a2c__mask_false,maskable_ppo__mask_true,14462.400882,0.009766
eval_wall_s,a2c__mask_false,maskable_ppo__mask_true,14488.417822,0.009766
eval_wall_s,a2c__mask_false,maskable_ppo__mask_true,14514.434761,0.009766
eval_wall_s,a2c__mask_false,maskable_ppo__mask_true,14540.451700,0.009766
eval_wall_s,a2c__mask_false,maskable_ppo__mask_true,14566.468639,0.013672
eval_wall_s,a2c__mask_false,maskable_ppo__mask_true,14592.485578,0.013672
eval_wall_s,a2c__mask_false,maskable_ppo__mask_true,14618.502517,0.019531
eval_wall_s,a2c__mask_false,maskable_ppo__mask_true,14644.519457,0.019531
eval_wall_s,a2c__mask_false,maskable_ppo__mask_true,14670.536396,0.019531
eval_wall_s,a2c__mask_false,maskable_ppo__mask_true,14696.553335,0.019531
eval_wall_s,a2c__mask_false,maskable_ppo__mask_true,14722.570274,0.019531
eval_wall_s,a2c__mask_false,maskable_ppo__mask_true,14748.587213,0.019531
eval_wall_s,a2c__mask_false,maskable_ppo__mask_true,14774.604152,0.019531
eval_wall_s,a2c__mask_false,maskable_ppo__mask_true,14800.621092,0.019531
eval_wall_s,a2c__mask_false,maskable_ppo__mask_true,14826.638031,0.027344
eval_wall_s,a2c__mask_false,maskable_ppo__mask_true,14852.654970,0.027344
eval_wall_s,a2c__mask_false,maskable_ppo__mask_true,14878.671909,0.037109
eval_wall_s,a2c__mask_false,maskable_ppo__mask_true,14904.688848,0.037109
eval_wall_s,a2c__mask_false,maskable_ppo__mask_true,14930.705787,0.037109
eval_wall_s,a2c__mask_false,maskable_ppo__mask_true,14956.722727,0.037109
eval_wall_s,a2c__mask_false,maskable_ppo__mask_true,14982.739666,0.037109
eval_wall_s,a2c__mask_false,maskable_ppo__mask_true,15008.756605,0.064453
eval_wall_s,a2c__mask_false,maskable_ppo__mask_true,15034.773544,0.064453
eval_wall_s,a2c__mask_false,maskable_ppo__mask_true,15060.790483,0.064453
eval_wall_s,a2c__mask_false,maskable_ppo__mask_true,15086.807422,0.064453
eval_wall_s,a2c__mask_false,maskable_ppo__mask_true,15112.824362,0.064453
eval_wall_s,a2c__mask_false,maskable_ppo__mask_true,15138.841301,0.064453
eval_wall_s,a2c__mask_false,maskable_ppo__mask_true,15164.858240,0.083984
eval_wall_s,a2c__mask_false,maskable_ppo__mask_true,15190.875179,0.105469
eval_wall_s,a2c__mask_false,maskable_ppo__mask_true,15216.892118,0.130859
eval_wall_s,a2c__mask_false,maskable_ppo__mask_true,15242.909057,0.130859
eval_wall_s,a2c__mask_false,maskable_ppo__mask_true,15268.925997,0.130859
eval_wall_s,a2c__mask_false,maskable_ppo__mask_true,15294.942936,0.130859
eval_wall_s,a2c__mask_false,maskable_ppo__mask_true,15320.959875,0.130859
eval_wall_s,a2c__mask_false,maskable_ppo__mask_true,15346.976814,0.130859
eval_wall_s,a2c__mask_false,maskable_ppo__mask_true,15372.993753,0.160156
eval_wall_s,a2c__mask_false,maskable_ppo__mask_true,15399.010692,0.160156
eval_wall_s,a2c__mask_false,maskable_ppo__mask_true,15425.027632,0.160156
eval_wall_s,a2c__mask_false,maskable_ppo__mask_true,15451.044571,0.160156
eval_wall_s,a2c__mask_false,maskable_ppo__mask_true,15477.061510,0.193359
eval_wall_s,a2c__mask_false,maskable_ppo__mask_true,15503.078449,0.193359
eval_wall_s,a2c__mask_false,maskable_ppo__mask_true,15529.095388,0.193359
eval_wall_s,a2c__mask_false,maskable_ppo__mask_true,15555.112327,0.193359
eval_wall_s,a2c__mask_false,maskable_ppo__mask_true,15581.129267,0.193359
eval_wall_s,a2c__mask_false,maskable_ppo__mask_true,15607.146206,0.232422
eval_wall_s,a2c__mask_false,maskable_ppo__mask_true,15633.163145,0.232422
eval_wall_s,a2c__mask_false,maskable_ppo__mask_true,15659.180084,0.232422
eval_wall_s,a2c__mask_false,maskable_ppo__mask_true,15685.197023,0.275391
eval_wall_s,a2c__mask_false,maskable_ppo__mask_true,15711.213962,0.275391
eval_wall_s,a2c__mask_false,maskable_ppo__mask_true,15737.230902,0.322266
eval_wall_s,a2c__mask_false,maskable_ppo__mask_true,15763.247841,0.322266
eval_wall_s,a2c__mask_false,maskable_ppo__mask_true,15789.264780,0.375000
eval_wall_s,a2c__mask_false,maskable_ppo__mask_true,15815.281719,0.492188
eval_wall_s,a2c__mask_false,maskable_ppo__mask_true,15841.298658,0.492188
eval_wall_s,a2c__mask_false,maskable_ppo__mask_true,15867.315597,0.492188
eval_wall_s,a2c__mask_false,maskable_ppo__mask_true,15893.332537,0.492188
eval_wall_s,a2c__mask_false,maskable_ppo__mask_true,15919.349476,0.556641
eval_wall_s,a2c__mask_false,maskable_ppo__mask_true,15945.366415,0.556641
eval_wall_s,a2c__mask_false,maskable_ppo__mask_true,15971.383354,0.556641
eval_wall_s,a2c__mask_false,maskable_ppo__mask_true,15997.400293,0.625000
eval_wall_s,a2c__mask_false,maskable_ppo__mask_true,16023.417232,0.695312
eval_wall_s,a2c__mask_false,maskable_ppo__mask_true,16049.434172,0.845703
eval_wall_s,a2c__mask_false,maskable_ppo__mask_true,16075.451111,0.845703
eval_wall_s,a2c__mask_false,maskable_ppo__mask_true,16101.468050,0.845703
eval_wall_s,a2c__mask_false,maskable_ppo__mask_true,16127.484989,0.845703
eval_wall_s,a2c__mask_false,maskable_ppo__mask_true,16153.501928,0.845703
eval_wall_s,a2c__mask_false,maskable_ppo__mask_true,16179.518867,0.921875
eval_wall_s,a2c__mask_false,maskable_ppo__mask_true,16205.535807,0.921875
eval_wall_s,a2c__mask_false,maskable_ppo__mask_true,16231.552746,0.921875
eval_wall_s,a2c__mask_false,maskable_ppo__mask_true,16257.569685,0.921875
eval_wall_s,a2c__mask_false,maskable_ppo__mask_true,16283.586624,0.921875
eval_wall_s,a2c__mask_false,maskable_ppo__mask_true,16309.603563,0.921875
eval_wall_s,a2c__mask_false,maskable_ppo__mask_true,16335.620502,0.921875
eval_wall_s,a2c__mask_false,maskable_ppo__mask_true,16361.637442,0.921875
eval_wall_s,a2c__mask_false,maskable_ppo__mask_true,16387.654381,0.921875
eval_wall_s,a2c__mask_false,maskable_ppo__mask_true,16413.671320,0.921875
eval_wall_s,a2c__mask_false,maskable_ppo__mask_true,16439.688259,0.921875
eval_wall_s,a2c__mask_false,maskable_ppo__mask_true,16465.705198,0.921875
eval_wall_s,a2c__mask_false,maskable_ppo__mask_true,16491.722137,0.845703
eval_wall_s,a2c__mask_false,maskable_ppo__mask_true,16517.739077,0.769531
eval_wall_s,a2c__mask_false,maskable_ppo__mask_true,16543.756016,0.769531
eval_wall_s,a2c__mask_false,maskable_ppo__mask_true,16569.772955,0.769531
eval_wall_s,a2c__mask_false,maskable_ppo__mask_true,16595.789894,0.769531
eval_wall_s,a2c__mask_false,maskable_ppo__mask_true,16621.806833,0.695312
eval_wall_s,a2c__mask_false,maskable_ppo__mask_true,16647.823772,0.695312
eval_wall_s,a2c__mask_false,maskable_ppo__mask_true,16673.840712,0.492188
eval_wall_s,a2c__mask_false,maskable_ppo__mask_true,16699.857651,0.492188
eval_wall_s,a2c__mask_false,maskable_ppo__mask_true,16725.874590,0.431641
eval_wall_s,a2c__mask_false,maskable_ppo__mask_true,16751.891529,0.431641
eval_wall_s,a2c__mask_false,maskable_ppo__mask_true,16777.908468,0.431641
eval_wall_s,a2c__mask_false,maskable_ppo__mask_true,16803.925407,0.322266
eval_wall_s,a2c__mask_false,maskable_ppo__mask_true,16829.942347,0.322266
eval_wall_s,a2c__mask_false,maskable_ppo__mask_true,16855.959286,0.275391
eval_wall_s,a2c__mask_false,maskable_ppo__mask_true,16881.976225,0.275391
eval_wall_s,a2c__mask_false,maskable_ppo__mask_true,16907.993164,0.275391
eval_wall_s,a2c__mask_false,maskable_ppo__mask_true,16934.010103,0.275391
eval_wall_s,a2c__mask_false,maskable_ppo__mask_true,16960.027042,0.275391
eval_wall_s,a2c__mask_false,maskable_ppo__mask_true,16986.043982,0.193359
eval_wall_s,a2c__mask_false,maskable_ppo__mask_true,17012.060921,0.160156
eval_wall_s,a2c__mask_false,maskable_ppo__mask_true,17038.077860,0.160156
eval_wall_s,a2c__mask_false,maskable_ppo__mask_true,17064.094799,0.160156
eval_wall_s,a2c__mask_false,maskable_ppo__mask_true,17090.111738,0.130859
eval_wall_s,a2c__mask_false,maskable_ppo__mask_true,17116.128677,0.130859
eval_wall_s,a2c__mask_false,maskable_ppo__mask_true,17142.145617,0.130859
eval_wall_s,a2c__mask_false,maskable_ppo__mask_true,17168.162556,0.130859
eval_wall_s,a2c__mask_false,maskable_ppo__mask_true,17194.179495,0.130859
eval_wall_s,a2c__mask_false,maskable_ppo__mask_true,17220.196434,0.105469
eval_wall_s,a2c__mask_false,maskable_ppo__mask_true,17246.213373,0.105469
eval_wall_s,a2c__mask_false,maskable_ppo__mask_true,17272.230312,0.105469
eval_wall_s,a2c__mask_false,maskable_ppo__mask_true,17298.247252,0.105469
eval_wall_s,a2c__mask_false,maskable_ppo__mask_true,17324.264191,0.105469
eval_wall_s,a2c__mask_false,maskable_ppo__mask_true,17350.281130,0.105469
eval_wall_s,a2c__mask_false,maskable_ppo__mask_true,17376.298069,0.105469
eval_wall_s,a2c__mask_false,maskable_ppo__mask_true,17402.315008,0.083984
eval_wall_s,a2c__mask_false,maskable_ppo__mask_true,17428.331947,0.083984
eval_wall_s,a2c__mask_false,maskable_ppo__mask_true,17454.348887,0.083984
eval_wall_s,a2c__mask_false,maskable_ppo__mask_true,17480.365826,0.083984
eval_wall_s,a2c__mask_false,maskable_ppo__mask_true,17506.382765,0.083984
eval_wall_s,a2c__mask_false,maskable_ppo__mask_true,17532.399704,0.048828
eval_wall_s,a2c__mask_false,maskable_ppo__mask_true,17558.416643,0.048828
eval_wall_s,a2c__mask_false,maskable_ppo__mask_true,17584.433582,0.048828
eval_wall_s,a2c__mask_false,maskable_ppo__mask_true,17610.450522,0.048828
eval_wall_s,a2c__mask_false,maskable_ppo__mask_true,17636.467461,0.048828
eval_wall_s,a2c__mask_false,maskable_ppo__mask_true,17662.484400,0.037109
eval_wall_s,a2c__mask_false,maskable_ppo__mask_true,17688.501339,0.037109
eval_wall_s,a2c__mask_false,maskable_ppo__mask_true,17714.518278,0.019531
eval_wall_s,a2c__mask_false,maskable_ppo__mask_true,17740.535217,0.019531
eval_wall_s,a2c__mask_false,maskable_ppo__mask_true,17766.552157,0.019531
eval_wall_s,a2c__mask_false,maskable_ppo__mask_true,17792.569096,0.019531
eval_wall_s,a2c__mask_false,maskable_ppo__mask_true,17818.586035,0.019531
eval_wall_s,a2c__mask_false,maskable_ppo__mask_true,17844.602974,0.013672
eval_wall_s,a2c__mask_false,maskable_ppo__mask_true,17870.619913,0.009766
eval_wall_s,a2c__mask_false,maskable_ppo__mask_true,17896.636852,0.009766
eval_wall_s,a2c__mask_false,maskable_ppo__mask_true,17922.653792,0.009766
eval_wall_s,a2c__mask_false,maskable_ppo__mask_true,17948.670731,0.009766
eval_wall_s,a2c__mask_false,maskable_ppo__mask_true,17974.687670,0.009766
eval_wall_s,a2c__mask_false,maskable_ppo__mask_true,18000.704609,0.009766
eval_wall_s,a2c__mask_false,maskable_ppo__mask_true,18026.721548,0.009766
eval_wall_s,a2c__mask_false,maskable_ppo__mask_true,18052.738487,0.009766
eval_wall_s,a2c__mask_false,maskable_ppo__mask_true,18078.755427,0.009766
eval_wall_s,a2c__mask_false,maskable_ppo__mask_true,18104.772366,0.009766
eval_wall_s,a2c__mask_false,maskable_ppo__mask_true,18130.789305,0.009766
eval_wall_s,a2c__mask_false,maskable_ppo__mask_true,18156.806244,0.009766
eval_wall_s,a2c__mask_false,maskable_ppo__mask_true,18182.823183,0.009766
eval_wall_s,a2c__mask_false,maskable_ppo__mask_true,18208.840122,0.009766
eval_wall_s,a2c__mask_false,maskable_ppo__mask_true,18234.857062,0.009766
eval_wall_s,a2c__mask_false,maskable_ppo__mask_true,18260.874001,0.009766
eval_wall_s,a2c__mask_false,maskable_ppo__mask_true,18286.890940,0.009766
eval_wall_s,a2c__mask_false,maskable_ppo__mask_true,18312.907879,0.009766
eval_wall_s,a2c__mask_false,maskable_ppo__mask_true,18338.924818,0.009766
eval_wall_s,a2c__mask_false,maskable_ppo__mask_true,18364.941757,0.009766
eval_wall_s,a2c__mask_false,maskable_ppo__mask_true,18390.958697,0.009766
eval_wall_s,a2c__mask_false,maskable_ppo__mask_true,18416.975636,0.009766
eval_wall_s,a2c__mask_false,maskable_ppo__mask_true,18442.992575,0.005859
eval_wall_s,a2c__mask_false,maskable_ppo__mask_true,18469.009514,0.005859
eval_wall_s,a2c__mask_false,maskable_ppo__mask_true,18495.026453,0.005859
eval_wall_s,a2c__mask_false,maskable_ppo__mask_true,18521.043392,0.005859
eval_wall_s,a2c__mask_false,maskable_ppo__mask_true,18547.060332,0.005859
eval_wall_s,a2c__mask_false,maskable_ppo__mask_true,18573.077271,0.003906
eval_wall_s,a2c__mask_false,maskable_ppo__mask_true,18599.094210,0.003906
eval_wall_s,a2c__mask_false,maskable_ppo__mask_true,18625.111149,0.003906
eval_wall_s,a2c__mask_false,maskable_ppo__mask_true,18651.128088,0.003906
eval_wall_s,a2c__mask_false,maskable_ppo__mask_true,18677.145027,0.003906
eval_wall_s,dqn__mask_false,maskable_dqn__mask_true,3064.162035,0.003906
eval_wall_s,dqn__mask_false,maskable_dqn__mask_true,3091.509234,0.003906
eval_wall_s,dqn__mask_false,maskable_dqn__mask_true,3118.856434,0.003906
eval_wall_s,dqn__mask_false,maskable_dqn__mask_true,3146.203633,0.003906
eval_wall_s,dqn__mask_false,maskable_dqn__mask_true,3173.550833,0.003906
eval_wall_s,dqn__mask_false,maskable_dqn__mask_true,3200.898032,0.003906
eval_wall_s,dqn__mask_false,maskable_dqn__mask_true,3228.245231,0.003906
eval_wall_s,dqn__mask_false,maskable_dqn__mask_true,3255.592431,0.003906
eval_wall_s,dqn__mask_false,maskable_dqn__mask_true,3282.939630,0.003906
eval_wall_s,dqn__mask_false,maskable_dqn__mask_true,3310.286829,0.005859
eval_wall_s,dqn__mask_false,maskable_dqn__mask_true,3337.634029,0.005859
eval_wall_s,dqn__mask_false,maskable_dqn__mask_true,3364.981228,0.005859
eval_wall_s,dqn__mask_false,maskable_dqn__mask_true,3392.328428,0.005859
eval_wall_s,dqn__mask_false,maskable_dqn__mask_true,3419.675627,0.005859
eval_wall_s,dqn__mask_false,maskable_dqn__mask_true,3447.022826,0.005859
eval_wall_s,dqn__mask_false,maskable_dqn__mask_true,3474.370026,0.005859
eval_wall_s,dqn__mask_false,maskable_dqn__mask_true,3501.717225,0.009766
eval_wall_s,dqn__mask_false,maskable_dqn__mask_true,3529.064424,0.009766
eval_wall_s,dqn__mask_false,maskable_dqn__mask_true,3556.411624,0.009766
eval_wall_s,dqn__mask_false,maskable_dqn__mask_true,3583.758823,0.013672
eval_wall_s,dqn__mask_false,maskable_dqn__mask_true,3611.106022,0.019531
eval_wall_s,dqn__mask_false,maskable_dqn__mask_true,3638.453222,0.019531
eval_wall_s,dqn__mask_false,maskable_dqn__mask_true,3665.800421,0.019531
eval_wall_s,dqn__mask_false,maskable_dqn__mask_true,3693.147621,0.037109
eval_wall_s,dqn__mask_false,maskable_dqn__mask_true,3720.494820,0.048828
eval_wall_s,dqn__mask_false,maskable_dqn__mask_true,3747.842019,0.048828
eval_wall_s,dqn__mask_false,maskable_dqn__mask_true,3775.189219,0.064453
eval_wall_s,dqn__mask_false,maskable_dqn__mask_true,3802.536418,0.064453
eval_wall_s,dqn__mask_false,maskable_dqn__mask_true,3829.883617,0.064453
eval_wall_s,dqn__mask_false,maskable_dqn__mask_true,3857.230817,0.064453
eval_wall_s,dqn__mask_false,maskable_dqn__mask_true,3884.578016,0.083984
eval_wall_s,dqn__mask_false,maskable_dqn__mask_true,3911.925216,0.083984
eval_wall_s,dqn__mask_false,maskable_dqn__mask_true,3939.272415,0.083984
eval_wall_s,dqn__mask_false,maskable_dqn__mask_true,3966.619614,0.160156
eval_wall_s,dqn__mask_false,maskable_dqn__mask_true,3993.966814,0.193359
eval_wall_s,dqn__mask_false,maskable_dqn__mask_true,4021.314013,0.193359
eval_wall_s,dqn__mask_false,maskable_dqn__mask_true,4048.661212,0.193359
eval_wall_s,dqn__mask_false,maskable_dqn__mask_true,4076.008412,0.232422
eval_wall_s,dqn__mask_false,maskable_dqn__mask_true,4103.355611,0.232422
eval_wall_s,dqn__mask_false,maskable_dqn__mask_true,4130.702811,0.232422
eval_wall_s,dqn__mask_false,maskable_dqn__mask_true,4158.050010,0.322266
eval_wall_s,dqn__mask_false,maskable_dqn__mask_true,4185.397209,0.431641
eval_wall_s,dqn__mask_false,maskable_dqn__mask_true,4212.744409,0.431641
eval_wall_s,dqn__mask_false,maskable_dqn__mask_true,4240.091608,0.431641
eval_wall_s,dqn__mask_false,maskable_dqn__mask_true,4267.438807,0.556641
eval_wall_s,dqn__mask_false,maskable_dqn__mask_true,4294.786007,0.625000
eval_wall_s,dqn__mask_false,maskable_dqn__mask_true,4322.133206,0.625000
eval_wall_s,dqn__mask_false,maskable_dqn__mask_true,4349.480405,0.769531
eval_wall_s,dqn__mask_false,maskable_dqn__mask_true,4376.827605,1.000000
eval_wall_s,dqn__mask_false,maskable_dqn__mask_true,4404.174804,0.921875
eval_wall_s,dqn__mask_false,maskable_dqn__mask_true,4431.522004,0.921875
eval_wall_s,dqn__mask_false,maskable_dqn__mask_true,4458.869203,0.921875
eval_wall_s,dqn__mask_false,maskable_dqn__mask_true,4486.216402,0.921875
eval_wall_s,dqn__mask_false,maskable_dqn__mask_true,4513.563602,0.921875
eval_wall_s,dqn__mask_false,maskable_dqn__mask_true,4540.910801,0.921875
eval_wall_s,dqn__mask_false,maskable_dqn__mask_true,4568.258000,0.921875
eval_wall_s,dqn__mask_false,maskable_dqn__mask_true,4595.605200,0.921875
eval_wall_s,dqn__mask_false,maskable_dqn__mask_true,4622.952399,0.921875
eval_wall_s,dqn__mask_false,maskable_dqn__mask_true,4650.299599,0.921875
eval_wall_s,dqn__mask_false,maskable_dqn__mask_true,4677.646798,0.845703
eval_wall_s,dqn__mask_false,maskable_dqn__mask_true,4704.993997,0.845703
eval_wall_s,dqn__mask_false,maskable_dqn__mask_true,4732.341197,0.769531
eval_wall_s,dqn__mask_false,maskable_dqn__mask_true,4759.688396,0.769531
eval_wall_s,dqn__mask_false,maskable_dqn__mask_true,4787.035595,0.769531
eval_wall_s,dqn__mask_false,maskable_dqn__mask_true,4814.382795,0.769531
eval_wall_s,dqn__mask_false,maskable_dqn__mask_true,4841.729994,0.769531
eval_wall_s,dqn__mask_false,maskable_dqn__mask_true,4869.077194,0.695312
eval_wall_s,dqn__mask_false,maskable_dqn__mask_true,4896.424393,0.695312
eval_wall_s,dqn__mask_false,maskable_dqn__mask_true,4923.771592,0.695312
eval_wall_s,dqn__mask_false,maskable_dqn__mask_true,4951.118792,0.695312
eval_wall_s,dqn__mask_false,maskable_dqn__mask_true,4978.465991,0.625000
eval_wall_s,dqn__mask_false,maskable_dqn__mask_true,5005.813190,0.556641
eval_wall_s,dqn__mask_false,maskable_dqn__mask_true,5033.160390,0.556641
eval_wall_s,dqn__mask_false,maskable_dqn__mask_true,5060.507589,0.431641
eval_wall_s,dqn__mask_false,maskable_dqn__mask_true,5087.854789,0.375000
eval_wall_s,dqn__mask_false,maskable_dqn__mask_true,5115.201988,0.375000
eval_wall_s,dqn__mask_false,maskable_dqn__mask_true,5142.549187,0.375000
eval_wall_s,dqn__mask_false,maskable_dqn__mask_true,5169.896387,0.375000
eval_wall_s,dqn__mask_false,maskable_dqn__mask_true,5197.243586,0.322266
eval_wall_s,dqn__mask_false,maskable_dqn__mask_true,5224.590785,0.322266
eval_wall_s,dqn__mask_false,maskable_dqn__mask_true,5251.937985,0.322266
eval_wall_s,dqn__mask_false,maskable_dqn__mask_true,5279.285184,0.275391
eval_wall_s,dqn__mask_false,maskable_dqn__mask_true,5306.632383,0.275391
eval_wall_s,dqn__mask_false,maskable_dqn__mask_true,5333.979583,0.275391
eval_wall_s,dqn__mask_false,maskable_dqn__mask_true,5361.326782,0.275391
eval_wall_s,dqn__mask_false,maskable_dqn__mask_true,5388.673982,0.193359
eval_wall_s,dqn__mask_false,maskable_dqn__mask_true,5416.021181,0.160156
eval_wall_s,dqn__mask_false,maskable_dqn__mask_true,5443.368380,0.160156
eval_wall_s,dqn__mask_false,maskable_dqn__mask_true,5470.715580,0.160156
eval_wall_s,dqn__mask_false,maskable_dqn__mask_true,5498.062779,0.160156
eval_wall_s,dqn__mask_false,maskable_dqn__mask_true,5525.409978,0.160156
eval_wall_s,dqn__mask_false,maskable_dqn__mask_true,5552.757178,0.160156
eval_wall_s,dqn__mask_false,maskable_dqn__mask_true,5580.104377,0.160156
eval_wall_s,dqn__mask_false,maskable_dqn__mask_true,5607.451577,0.160156
eval_wall_s,dqn__mask_false,maskable_dqn__mask_true,5634.798776,0.160156
eval_wall_s,dqn__mask_false,maskable_dqn__mask_true,5662.145975,0.160156
eval_wall_s,dqn__mask_false,maskable_dqn__mask_true,5689.493175,0.160156
eval_wall_s,dqn__mask_false,maskable_dqn__mask_true,5716.840374,0.160156
eval_wall_s,dqn__mask_false,maskable_dqn__mask_true,5744.187573,0.160156
eval_wall_s,dqn__mask_false,maskable_dqn__mask_true,5771.534773,0.130859
eval_wall_s,dqn__mask_false,maskable_dqn__mask_true,5798.881972,0.130859
eval_wall_s,dqn__mask_false,maskable_dqn__mask_true,5826.229172,0.130859
eval_wall_s,dqn__mask_false,maskable_dqn__mask_true,5853.576371,0.130859
eval_wall_s,dqn__mask_false,maskable_dqn__mask_true,5880.923570,0.105469
eval_wall_s,dqn__mask_false,maskable_dqn__mask_true,5908.270770,0.105469
eval_wall_s,dqn__mask_false,maskable_dqn__mask_true,5935.617969,0.105469
eval_wall_s,dqn__mask_false,maskable_dqn__mask_true,5962.965168,0.105469
eval_wall_s,dqn__mask_false,maskable_dqn__mask_true,5990.312368,0.105469
eval_wall_s,dqn__mask_false,maskable_dqn__mask_true,6017.659567,0.105469
eval_wall_s,dqn__mask_false,maskable_dqn__mask_true,6045.006766,0.105469
eval_wall_s,dqn__mask_false,maskable_dqn__mask_true,6072.353966,0.105469
eval_wall_s,dqn__mask_false,maskable_dqn__mask_true,6099.701165,0.083984
eval_wall_s,dqn__mask_false,maskable_dqn__mask_true,6127.048365,0.083984
eval_wall_s,dqn__mask_false,maskable_dqn__mask_true,6154.395564,0.064453
eval_wall_s,dqn__mask_false,maskable_dqn__mask_true,6181.742763,0.064453
eval_wall_s,dqn__mask_false,maskable_dqn__mask_true,6209.089963,0.064453
eval_wall_s,dqn__mask_false,maskable_dqn__mask_true,6236.437162,0.064453
eval_wall_s,dqn__mask_false,maskable_dqn__mask_true,6263.784361,0.064453
eval_wall_s,dqn__mask_false,maskable_dqn__mask_true,6291.131561,0.064453
eval_wall_s,dqn__mask_false,maskable_dqn__mask_true,6318.478760,0.064453
eval_wall_s,dqn__mask_false,maskable_dqn__mask_true,6345.825960,0.048828
eval_wall_s,dqn__mask_false,maskable_dqn__mask_true,6373.173159,0.048828
eval_wall_s,dqn__mask_false,maskable_dqn__mask_true,6400.520358,0.037109
eval_wall_s,dqn__mask_false,maskable_dqn__mask_true,6427.867558,0.037109
eval_wall_s,dqn__mask_false,maskable_dqn__mask_true,6455.214757,0.027344
eval_wall_s,dqn__mask_false,maskable_dqn__mask_true,6482.561956,0.027344
eval_wall_s,dqn__mask_false,maskable_dqn__mask_true,6509.909156,0.027344
eval_wall_s,dqn__mask_false,maskable_dqn__mask_true,6537.256355,0.013672
eval_wall_s,dqn__mask_false,maskable_dqn__mask_true,6564.603555,0.009766
eval_wall_s,dqn__mask_false,maskable_dqn__mask_true,6591.950754,0.009766
eval_wall_s,dqn__mask_false,maskable_dqn__mask_true,6619.297953,0.009766
eval_wall_s,dqn__mask_false,maskable_dqn__mask_true,6646.645153,0.009766
eval_wall_s,dqn__mask_false,maskable_dqn__mask_true,6673.992352,0.009766
eval_wall_s,dqn__mask_false,maskable_dqn__mask_true,6701.339551,0.009766
eval_wall_s,dqn__mask_false,maskable_dqn__mask_true,6728.686751,0.009766
eval_wall_s,dqn__mask_false,maskable_dqn__mask_true,6756.033950,0.009766
eval_wall_s,dqn__mask_false,maskable_dqn__mask_true,6783.381149,0.009766
eval_wall_s,dqn__mask_false,maskable_dqn__mask_true,6810.728349,0.009766
eval_wall_s,dqn__mask_false,maskable_dqn__mask_true,6838.075548,0.009766
eval_wall_s,dqn__mask_false,maskable_dqn__mask_true,6865.422748,0.009766
eval_wall_s,dqn__mask_false,maskable_dqn__mask_true,6892.769947,0.009766
eval_wall_s,dqn__mask_false,maskable_dqn__mask_true,6920.117146,0.009766
eval_wall_s,dqn__mask_false,maskable_dqn__mask_true,6947.464346,0.009766
eval_wall_s,dqn__mask_false,maskable_dqn__mask_true,6974.811545,0.009766
eval_wall_s,dqn__mask_false,maskable_dqn__mask_true,7002.158744,0.009766
eval_wall_s,dqn__mask_false,maskable_dqn__mask_true,7029.505944,0.009766
eval_wall_s,dqn__mask_false,maskable_dqn__mask_true,7056.853143,0.009766
eval_wall_s,dqn__mask_false,maskable_dqn__mask_true,7084.200343,0.009766
eval_wall_s,dqn__mask_false,maskable_dqn__mask_true,7111.547542,0.009766
eval_wall_s,dqn__mask_false,maskable_dqn__mask_true,7138.894741,0.009766
eval_wall_s,dqn__mask_false,maskable_dqn__mask_true,7166.241941,0.009766
eval_wall_s,dqn__mask_false,maskable_dqn__mask_true,7193.589140,0.009766
eval_wall_s,dqn__mask_false,maskable_dqn__mask_true,7220.936339,0.009766
eval_wall_s,dqn__mask_false,maskable_dqn__mask_true,7248.283539,0.005859
eval_wall_s,dqn__mask_false,maskable_dqn__mask_true,7275.630738,0.005859
eval_wall_s,dqn__mask_false,maskable_dqn__mask_true,7302.977938,0.005859
eval_wall_s,dqn__mask_false,maskable_dqn__mask_true,7330.325137,0.005859
eval_wall_s,dqn__mask_false,maskable_dqn__mask_true,7357.672336,0.005859
eval_wall_s,dqn__mask_false,maskable_dqn__mask_true,7385.019536,0.005859
eval_wall_s,dqn__mask_false,maskable_dqn__mask_true,7412.366735,0.005859
eval_wall_s,dqn__mask_false,maskable_dqn__mask_true,7439.713934,0.005859
eval_wall_s,dqn__mask_false,maskable_dqn__mask_true,7467.061134,0.005859
eval_wall_s,dqn__mask_false,maskable_dqn__mask_true,7494.408333,0.005859
eval_wall_s,dqn__mask_false,maskable_dqn__mask_true,7521.755532,0.005859
eval_wall_s,dqn__mask_false,maskable_dqn__mask_true,7549.102732,0.005859
eval_wall_s,dqn__mask_false,maskable_dqn__mask_true,7576.449931,0.003906
eval_wall_s,dqn__mask_false,maskable_dqn__mask_true,7603.797131,0.003906
eval_wall_s,dqn__mask_false,maskable_dqn__mask_true,7631.144330,0.003906
eval_wall_s,dqn__mask_false,maskable_dqn__mask_true,7658.491529,0.003906
eval_wall_s,dqn__mask_false,maskable_dqn__mask_true,7685.838729,0.003906
eval_wall_s,dqn__mask_false,maskable_dqn__mask_true,7713.185928,0.003906
eval_wall_s,dqn__mask_false,maskable_dqn__mask_true,7740.533127,0.003906
eval_wall_s,dqn__mask_false,maskable_dqn__mask_true,7767.880327,0.003906
eval_wall_s,dqn__mask_false,maskable_dqn__mask_true,7795.227526,0.003906
eval_wall_s,dqn__mask_false,maskable_dqn__mask_true,7822.574726,0.003906
eval_wall_s,dqn__mask_false,maskable_dqn__mask_true,7849.921925,0.003906
eval_wall_s,dqn__mask_false,maskable_dqn__mask_true,7877.269124,0.003906
eval_wall_s,dqn__mask_false,maskable_dqn__mask_true,7904.616324,0.003906
eval_wall_s,dqn__mask_false,maskable_dqn__mask_true,7931.963523,0.003906
eval_wall_s,dqn__mask_false,maskable_dqn__mask_true,7959.310722,0.003906
eval_wall_s,dqn__mask_false,maskable_dqn__mask_true,7986.657922,0.003906
eval_wall_s,dqn__mask_false,maskable_dqn__mask_true,8014.005121,0.003906
eval_wall_s,dqn__mask_false,maskable_dqn__mask_true,8041.352321,0.003906
eval_wall_s,dqn__mask_false,maskable_dqn__mask_true,8068.699520,0.003906
eval_wall_s,dqn__mask_false,maskable_dqn__mask_true,8096.046719,0.003906
eval_wall_s,dqn__mask_false,maskable_dqn__mask_true,8123.393919,0.003906
eval_wall_s,dqn__mask_false,maskable_dqn__mask_true,8150.741118,0.003906
eval_wall_s,dqn__mask_false,maskable_dqn__mask_true,8178.088317,0.003906
eval_wall_s,dqn__mask_false,maskable_dqn__mask_true,8205.435517,0.003906
eval_wall_s,dqn__mask_false,maskable_dqn__mask_true,8232.782716,0.003906
eval_wall_s,dqn__mask_false,maskable_dqn__mask_true,8260.129915,0.003906
eval_wall_s,dqn__mask_false,maskable_dqn__mask_true,8287.477115,0.003906
eval_wall_s,dqn__mask_false,maskable_dqn__mask_true,8314.824314,0.003906
eval_wall_s,dqn__mask_false,maskable_dqn__mask_true,8342.171514,0.003906
eval_wall_s,dqn__mask_false,maskable_dqn__mask_true,8369.518713,0.003906
eval_wall_s,dqn__mask_false,maskable_dqn__mask_true,8396.865912,0.003906
eval_wall_s,dqn__mask_false,maskable_dqn__mask_true,8424.213112,0.003906
eval_wall_s,dqn__mask_false,maskable_dqn__mask_true,8451.560311,0.003906
eval_wall_s,dqn__mask_false,maskable_dqn__mask_true,8478.907510,0.003906
eval_wall_s,dqn__mask_false,maskable_dqn__mask_true,8506.254710,0.003906
eval_wall_s,maskable_a2c__mask_true,ppo__mask_false,-22615.736318,0.003906
eval_wall_s,maskable_a2c__mask_true,ppo__mask_false,-22563.103596,0.003906
eval_wall_s,maskable_a2c__mask_true,ppo__mask_false,-22510.470873,0.003906
eval_wall_s,maskable_a2c__mask_true,ppo__mask_false,-22457.838151,0.003906
eval_wall_s,maskable_a2c__mask_true,ppo__mask_false,-22405.205429,0.003906
eval_wall_s,maskable_a2c__mask_true,ppo__mask_false,-22352.572707,0.003906
eval_wall_s,maskable_a2c__mask_true,ppo__mask_false,-22299.939985,0.003906
eval_wall_s,maskable_a2c__mask_true,ppo__mask_false,-22247.307263,0.003906
eval_wall_s,maskable_a2c__mask_true,ppo__mask_false,-22194.674540,0.005859
eval_wall_s,maskable_a2c__mask_true,ppo__mask_false,-22142.041818,0.005859
eval_wall_s,maskable_a2c__mask_true,ppo__mask_false,-22089.409096,0.009766
eval_wall_s,maskable_a2c__mask_true,ppo__mask_false,-22036.776374,0.009766
eval_wall_s,maskable_a2c__mask_true,ppo__mask_false,-21984.143652,0.009766
eval_wall_s,maskable_a2c__mask_true,ppo__mask_false,-21931.510930,0.009766
eval_wall_s,maskable_a2c__mask_true,ppo__mask_false,-21878.878207,0.009766
eval_wall_s,maskable_a2c__mask_true,ppo__mask_false,-21826.245485,0.009766
eval_wall_s,maskable_a2c__mask_true,ppo__mask_false,-21773.612763,0.009766
eval_wall_s,maskable_a2c__mask_true,ppo__mask_false,-21720.980041,0.013672
eval_wall_s,maskable_a2c__mask_true,ppo__mask_false,-21668.347319,0.013672
eval_wall_s,maskable_a2c__mask_true,ppo__mask_false,-21615.714597,0.019531
eval_wall_s,maskable_a2c__mask_true,ppo__mask_false,-21563.081874,0.027344
eval_wall_s,maskable_a2c__mask_true,ppo__mask_false,-21510.449152,0.027344
eval_wall_s,maskable_a2c__mask_true,ppo__mask_false,-21457.816430,0.027344
eval_wall_s,maskable_a2c__mask_true,ppo__mask_false,-21405.183708,0.027344
eval_wall_s,maskable_a2c__mask_true,ppo__mask_false,-21352.550986,0.027344
eval_wall_s,maskable_a2c__mask_true,ppo__mask_false,-21299.918264,0.027344
eval_wall_s,maskable_a2c__mask_true,ppo__mask_false,-21247.285541,0.027344
eval_wall_s,maskable_a2c__mask_true,ppo__mask_false,-21194.652819,0.027344
eval_wall_s,maskable_a2c__mask_true,ppo__mask_false,-21142.020097,0.027344
eval_wall_s,maskable_a2c__mask_true,ppo__mask_false,-21089.387375,0.027344
eval_wall_s,maskable_a2c__mask_true,ppo__mask_false,-21036.754653,0.027344
eval_wall_s,maskable_a2c__mask_true,ppo__mask_false,-20984.121931,0.027344
eval_wall_s,maskable_a2c__mask_true,ppo__mask_false,-20931.489208,0.027344
eval_wall_s,maskable_a2c__mask_true,ppo__mask_false,-20878.856486,0.027344
eval_wall_s,maskable_a2c__mask_true,ppo__mask_false,-20826.223764,0.027344
eval_wall_s,maskable_a2c__mask_true,ppo__mask_false,-20773.591042,0.027344
eval_wall_s,maskable_a2c__mask_true,ppo__mask_false,-20720.958320,0.027344
eval_wall_s,maskable_a2c__mask_true,ppo__mask_false,-20668.325598,0.037109
eval_wall_s,maskable_a2c__mask_true,ppo__mask_false,-20615.692875,0.037109
eval_wall_s,maskable_a2c__mask_true,ppo__mask_false,-20563.060153,0.037109
eval_wall_s,maskable_a2c__mask_true,ppo__mask_false,-20510.427431,0.037109
eval_wall_s,maskable_a2c__mask_true,ppo__mask_false,-20457.794709,0.037109
eval_wall_s,maskable_a2c__mask_true,ppo__mask_false,-20405.161987,0.037109
eval_wall_s,maskable_a2c__mask_true,ppo__mask_false,-20352.529265,0.037109
eval_wall_s,maskable_a2c__mask_true,ppo__mask_false,-20299.896542,0.037109
eval_wall_s,maskable_a2c__mask_true,ppo__mask_false,-20247.263820,0.037109
eval_wall_s,maskable_a2c__mask_true,ppo__mask_false,-20194.631098,0.048828
eval_wall_s,maskable_a2c__mask_true,ppo__mask_false,-20141.998376,0.048828
eval_wall_s,maskable_a2c__mask_true,ppo__mask_false,-20089.365654,0.064453
eval_wall_s,maskable_a2c__mask_true,ppo__mask_false,-20036.732932,0.064453
eval_wall_s,maskable_a2c__mask_true,ppo__mask_false,-19984.100209,0.064453
eval_wall_s,maskable_a2c__mask_true,ppo__mask_false,-19931.467487,0.064453
eval_wall_s,maskable_a2c__mask_true,ppo__mask_false,-19878.834765,0.064453
eval_wall_s,maskable_a2c__mask_true,ppo__mask_false,-19826.202043,0.064453
eval_wall_s,maskable_a2c__mask_true,ppo__mask_false,-19773.569321,0.064453
eval_wall_s,maskable_a2c__mask_true,ppo__mask_false,-19720.936599,0.064453
eval_wall_s,maskable_a2c__mask_true,ppo__mask_false,-19668.303876,0.064453
eval_wall_s,maskable_a2c__mask_true,ppo__mask_false,-19615.671154,0.064453
eval_wall_s,maskable_a2c__mask_true,ppo__mask_false,-19563.038432,0.064453
eval_wall_s,maskable_a2c__mask_true,ppo__mask_false,-19510.405710,0.064453
eval_wall_s,maskable_a2c__mask_true,ppo__mask_false,-19457.772988,0.064453
eval_wall_s,maskable_a2c__mask_true,ppo__mask_false,-19405.140266,0.064453
eval_wall_s,maskable_a2c__mask_true,ppo__mask_false,-19352.507543,0.064453
eval_wall_s,maskable_a2c__mask_true,ppo__mask_false,-19299.874821,0.083984
eval_wall_s,maskable_a2c__mask_true,ppo__mask_false,-19247.242099,0.083984
eval_wall_s,maskable_a2c__mask_true,ppo__mask_false,-19194.609377,0.083984
eval_wall_s,maskable_a2c__mask_true,ppo__mask_false,-19141.976655,0.083984
eval_wall_s,maskable_a2c__mask_true,ppo__mask_false,-19089.343933,0.105469
eval_wall_s,maskable_a2c__mask_true,ppo__mask_false,-19036.711210,0.105469
eval_wall_s,maskable_a2c__mask_true,ppo__mask_false,-18984.078488,0.105469
eval_wall_s,maskable_a2c__mask_true,ppo__mask_false,-18931.445766,0.105469
eval_wall_s,maskable_a2c__mask_true,ppo__mask_false,-18878.813044,0.105469
eval_wall_s,maskable_a2c__mask_true,ppo__mask_false,-18826.180322,0.160156
eval_wall_s,maskable_a2c__mask_true,ppo__mask_false,-18773.547600,0.160156
eval_wall_s,maskable_a2c__mask_true,ppo__mask_false,-18720.914877,0.232422
eval_wall_s,maskable_a2c__mask_true,ppo__mask_false,-18668.282155,0.275391
eval_wall_s,maskable_a2c__mask_true,ppo__mask_false,-18615.649433,0.322266
eval_wall_s,maskable_a2c__mask_true,ppo__mask_false,-18563.016711,0.375000
eval_wall_s,maskable_a2c__mask_true,ppo__mask_false,-18510.383989,0.431641
eval_wall_s,maskable_a2c__mask_true,ppo__mask_false,-18457.751267,0.431641
eval_wall_s,maskable_a2c__mask_true,ppo__mask_false,-18405.118544,0.431641
eval_wall_s,maskable_a2c__mask_true,ppo__mask_false,-18352.485822,0.431641
eval_wall_s,maskable_a2c__mask_true,ppo__mask_false,-18299.853100,0.492188
eval_wall_s,maskable_a2c__mask_true,ppo__mask_false,-18247.220378,0.625000
eval_wall_s,maskable_a2c__mask_true,ppo__mask_false,-18194.587656,0.625000
eval_wall_s,maskable_a2c__mask_true,ppo__mask_false,-18141.954934,0.695312
eval_wall_s,maskable_a2c__mask_true,ppo__mask_false,-18089.322211,0.769531
eval_wall_s,maskable_a2c__mask_true,ppo__mask_false,-18036.689489,0.845703
eval_wall_s,maskable_a2c__mask_true,ppo__mask_false,-17984.056767,0.845703
eval_wall_s,maskable_a2c__mask_true,ppo__mask_false,-17931.424045,0.845703
eval_wall_s,maskable_a2c__mask_true,ppo__mask_false,-17878.791323,0.845703
eval_wall_s,maskable_a2c__mask_true,ppo__mask_false,-17826.158601,0.845703
eval_wall_s,maskable_a2c__mask_true,ppo__mask_false,-17773.525878,0.845703
eval_wall_s,maskable_a2c__mask_true,ppo__mask_false,-17720.893156,0.845703
eval_wall_s,maskable_a2c__mask_true,ppo__mask_false,-17668.260434,0.845703
eval_wall_s,maskable_a2c__mask_true,ppo__mask_false,-17615.627712,0.845703
eval_wall_s,maskable_a2c__mask_true,ppo__mask_false,-17562.994990,0.845703
eval_wall_s,maskable_a2c__mask_true,ppo__mask_false,-17510.362268,0.845703
eval_wall_s,maskable_a2c__mask_true,ppo__mask_false,-17457.729545,0.845703
eval_wall_s,maskable_a2c__mask_true,ppo__mask_false,-17405.096823,0.845703
eval_wall_s,maskable_a2c__mask_true,ppo__mask_false,-17352.464101,0.845703
eval_wall_s,maskable_a2c__mask_true,ppo__mask_false,-17299.831379,1.000000
eval_wall_s,maskable_a2c__mask_true,ppo__mask_false,-17247.198657,1.000000
eval_wall_s,maskable_a2c__mask_true,ppo__mask_false,-17194.565935,1.000000
eval_wall_s,maskable_a2c__mask_true,ppo__mask_false,-17141.933212,1.000000
eval_wall_s,maskable_a2c__mask_true,ppo__mask_false,-17089.300490,1.000000
eval_wall_s,maskable_a2c__mask_true,ppo__mask_false,-17036.667768,1.000000
eval_wall_s,maskable_a2c__mask_true,ppo__mask_false,-16984.035046,1.000000
eval_wall_s,maskable_a2c__mask_true,ppo__mask_false,-16931.402324,1.000000
eval_wall_s,maskable_a2c__mask_true,ppo__mask_false,-16878.769602,1.000000
eval_wall_s,maskable_a2c__mask_true,ppo__mask_false,-16826.136879,0.921875
eval_wall_s,maskable_a2c__mask_true,ppo__mask_false,-16773.504157,0.845703
eval_wall_s,maskable_a2c__mask_true,ppo__mask_false,-16720.871435,0.695312
eval_wall_s,maskable_a2c__mask_true,ppo__mask_false,-16668.238713,0.695312
eval_wall_s,maskable_a2c__mask_true,ppo__mask_false,-16615.605991,0.625000
eval_wall_s,maskable_a2c__mask_true,ppo__mask_false,-16562.973269,0.625000
eval_wall_s,maskable_a2c__mask_true,ppo__mask_false,-16510.340546,0.625000
eval_wall_s,maskable_a2c__mask_true,ppo__mask_false,-16457.707824,0.625000
eval_wall_s,maskable_a2c__mask_true,ppo__mask_false,-16405.075102,0.625000
eval_wall_s,maskable_a2c__mask_true,ppo__mask_false,-16352.442380,0.625000
eval_wall_s,maskable_a2c__mask_true,ppo__mask_false,-16299.809658,0.625000
eval_wall_s,maskable_a2c__mask_true,ppo__mask_false,-16247.176936,0.625000
eval_wall_s,maskable_a2c__mask_true,ppo__mask_false,-16194.544213,0.625000
eval_wall_s,maskable_a2c__mask_true,ppo__mask_false,-16141.911491,0.625000
eval_wall_s,maskable_a2c__mask_true,ppo__mask_false,-16089.278769,0.625000
eval_wall_s,maskable_a2c__mask_true,ppo__mask_false,-16036.646047,0.625000
eval_wall_s,maskable_a2c__mask_true,ppo__mask_false,-15984.013325,0.625000
eval_wall_s,maskable_a2c__mask_true,ppo__mask_false,-15931.380603,0.625000
eval_wall_s,maskable_a2c__mask_true,ppo__mask_false,-15878.747880,0.556641
eval_wall_s,maskable_a2c__mask_true,ppo__mask_false,-15826.115158,0.556641
eval_wall_s,maskable_a2c__mask_true,ppo__mask_false,-15773.482436,0.556641
eval_wall_s,maskable_a2c__mask_true,ppo__mask_false,-15720.849714,0.556641
eval_wall_s,maskable_a2c__mask_true,ppo__mask_false,-15668.216992,0.492188
eval_wall_s,maskable_a2c__mask_true,ppo__mask_false,-15615.584270,0.492188
eval_wall_s,maskable_a2c__mask_true,ppo__mask_false,-15562.951547,0.492188
eval_wall_s,maskable_a2c__mask_true,ppo__mask_false,-15510.318825,0.492188
eval_wall_s,maskable_a2c__mask_true,ppo__mask_false,-15457.686103,0.431641
eval_wall_s,maskable_a2c__mask_true,ppo__mask_false,-15405.053381,0.375000
eval_wall_s,maskable_a2c__mask_true,ppo__mask_false,-15352.420659,0.322266
eval_wall_s,maskable_a2c__mask_true,ppo__mask_false,-15299.787937,0.275391
eval_wall_s,maskable_a2c__mask_true,ppo__mask_false,-15247.155214,0.275391
eval_wall_s,maskable_a2c__mask_true,ppo__mask_false,-15194.522492,0.193359
eval_wall_s,maskable_a2c__mask_true,ppo__mask_false,-15141.889770,0.193359
eval_wall_s,maskable_a2c__mask_true,ppo__mask_false,-15089.257048,0.160156
eval_wall_s,maskable_a2c__mask_true,ppo__mask_false,-15036.624326,0.160156
eval_wall_s,maskable_a2c__mask_true,ppo__mask_false,-14983.991604,0.130859
eval_wall_s,maskable_a2c__mask_true,ppo__mask_false,-14931.358881,0.105469
eval_wall_s,maskable_a2c__mask_true,ppo__mask_false,-14878.726159,0.105469
eval_wall_s,maskable_a2c__mask_true,ppo__mask_false,-14826.093437,0.083984
eval_wall_s,maskable_a2c__mask_true,ppo__mask_false,-14773.460715,0.064453
eval_wall_s,maskable_a2c__mask_true,ppo__mask_false,-14720.827993,0.048828
eval_wall_s,maskable_a2c__mask_true,ppo__mask_false,-14668.195271,0.048828
eval_wall_s,maskable_a2c__mask_true,ppo__mask_false,-14615.562548,0.037109
eval_wall_s,maskable_a2c__mask_true,ppo__mask_false,-14562.929826,0.037109
eval_wall_s,maskable_a2c__mask_true,ppo__mask_false,-14510.297104,0.027344
eval_wall_s,maskable_a2c__mask_true,ppo__mask_false,-14457.664382,0.027344
eval_wall_s,maskable_a2c__mask_true,ppo__mask_false,-14405.031660,0.027344
eval_wall_s,maskable_a2c__mask_true,ppo__mask_false,-14352.398938,0.027344
eval_wall_s,maskable_a2c__mask_true,ppo__mask_false,-14299.766215,0.027344
eval_wall_s,maskable_a2c__mask_true,ppo__mask_false,-14247.133493,0.027344
eval_wall_s,maskable_a2c__mask_true,ppo__mask_false,-14194.500771,0.027344
eval_wall_s,maskable_a2c__mask_true,ppo__mask_false,-14141.868049,0.027344
eval_wall_s,maskable_a2c__mask_true,ppo__mask_false,-14089.235327,0.027344
eval_wall_s,maskable_a2c__mask_true,ppo__mask_false,-14036.602605,0.027344
eval_wall_s,maskable_a2c__mask_true,ppo__mask_false,-13983.969882,0.027344
eval_wall_s,maskable_a2c__mask_true,ppo__mask_false,-13931.337160,0.027344
eval_wall_s,maskable_a2c__mask_true,ppo__mask_false,-13878.704438,0.019531
eval_wall_s,maskable_a2c__mask_true,ppo__mask_false,-13826.071716,0.019531
eval_wall_s,maskable_a2c__mask_true,ppo__mask_false,-13773.438994,0.019531
eval_wall_s,maskable_a2c__mask_true,ppo__mask_false,-13720.806272,0.019531
eval_wall_s,maskable_a2c__mask_true,ppo__mask_false,-13668.173549,0.013672
eval_wall_s,maskable_a2c__mask_true,ppo__mask_false,-13615.540827,0.013672
eval_wall_s,maskable_a2c__mask_true,ppo__mask_false,-13562.908105,0.013672
eval_wall_s,maskable_a2c__mask_true,ppo__mask_false,-13510.275383,0.013672
eval_wall_s,maskable_a2c__mask_true,ppo__mask_false,-13457.642661,0.013672
eval_wall_s,maskable_a2c__mask_true,ppo__mask_false,-13405.009939,0.009766
eval_wall_s,maskable_a2c__mask_true,ppo__mask_false,-13352.377216,0.009766
eval_wall_s,maskable_a2c__mask_true,ppo__mask_false,-13299.744494,0.005859
eval_wall_s,maskable_a2c__mask_true,ppo__mask_false,-13247.111772,0.005859
eval_wall_s,maskable_a2c__mask_true,ppo__mask_false,-13194.479050,0.003906
eval_wall_s,maskable_a2c__mask_true,ppo__mask_false,-13141.846328,0.003906
eval_wall_s,maskable_a2c__mask_true,ppo__mask_false,-13089.213606,0.003906
eval_wall_s,maskable_a2c__mask_true,ppo__mask_false,-13036.580883,0.003906
eval_wall_s,maskable_a2c__mask_true,ppo__mask_false,-12983.948161,0.003906
eval_wall_s,maskable_a2c__mask_true,ppo__mask_false,-12931.315439,0.003906
eval_wall_s,maskable_a2c__mask_true,ppo__mask_false,-12878.682717,0.003906
eval_wall_s,maskable_a2c__mask_true,ppo__mask_false,-12826.049995,0.003906
eval_wall_s,maskable_a2c__mask_true,ppo__mask_false,-12773.417272,0.003906
eval_wall_s,maskable_a2c__mask_true,ppo__mask_false,-12720.784550,0.003906
eval_wall_s,maskable_a2c__mask_true,ppo__mask_false,-12668.151828,0.003906
eval_wall_s,maskable_a2c__mask_true,ppo__mask_false,-12615.519106,0.003906
eval_wall_s,maskable_a2c__mask_true,ppo__mask_false,-12562.886384,0.003906
eval_wall_s,maskable_a2c__mask_true,ppo__mask_false,-12510.253662,0.003906
eval_wall_s,maskable_a2c__mask_true,ppo__mask_false,-12457.620939,0.003906
eval_wall_s,maskable_a2c__mask_true,ppo__mask_false,-12404.988217,0.003906
eval_wall_s,maskable_a2c__mask_true,ppo__mask_false,-12352.355495,0.003906
eval_wall_s,maskable_a2c__mask_true,ppo__mask_false,-12299.722773,0.003906
eval_wall_s,maskable_a2c__mask_true,ppo__mask_false,-12247.090051,0.003906
eval_wall_s,maskable_a2c__mask_true,ppo__mask_false,-12194.457329,0.003906
eval_wall_s,maskable_a2c__mask_true,ppo__mask_false,-12141.824606,0.003906
eval_wall_s,maskable_dqn__mask_true,ppo__mask_false,-23909.024202,0.003906
eval_wall_s,maskable_dqn__mask_true,ppo__mask_false,-23854.003013,0.003906
eval_wall_s,maskable_dqn__mask_true,ppo__mask_false,-23798.981823,0.003906
eval_wall_s,maskable_dqn__mask_true,ppo__mask_false,-23743.960634,0.003906
eval_wall_s,maskable_dqn__mask_true,ppo__mask_false,-23688.939444,0.003906
eval_wall_s,maskable_dqn__mask_true,ppo__mask_false,-23633.918255,0.003906
eval_wall_s,maskable_dqn__mask_true,ppo__mask_false,-23578.897066,0.003906
eval_wall_s,maskable_dqn__mask_true,ppo__mask_false,-23523.875876,0.005859
eval_wall_s,maskable_dqn__mask_true,ppo__mask_false,-23468.854687,0.005859
eval_wall_s,maskable_dqn__mask_true,ppo__mask_false,-23413.833497,0.005859
eval_wall_s,maskable_dqn__mask_true,ppo__mask_false,-23358.812308,0.005859
eval_wall_s,maskable_dqn__mask_true,ppo__mask_false,-23303.791118,0.005859
eval_wall_s,maskable_dqn__mask_true,ppo__mask_false,-23248.769929,0.005859
eval_wall_s,maskable_dqn__mask_true,ppo__mask_false,-23193.748740,0.009766
eval_wall_s,maskable_dqn__mask_true,ppo__mask_false,-23138.727550,0.009766
eval_wall_s,maskable_dqn__mask_true,ppo__mask_false,-23083.706361,0.009766
eval_wall_s,maskable_dqn__mask_true,ppo__mask_false,-23028.685171,0.013672
eval_wall_s,maskable_dqn__mask_true,ppo__mask_false,-22973.663982,0.013672
eval_wall_s,maskable_dqn__mask_true,ppo__mask_false,-22918.642792,0.013672
eval_wall_s,maskable_dqn__mask_true,ppo__mask_false,-22863.621603,0.013672
eval_wall_s,maskable_dqn__mask_true,ppo__mask_false,-22808.600414,0.013672
eval_wall_s,maskable_dqn__mask_true,ppo__mask_false,-22753.579224,0.019531
eval_wall_s,maskable_dqn__mask_true,ppo__mask_false,-22698.558035,0.019531
eval_wall_s,maskable_dqn__mask_true,ppo__mask_false,-22643.536845,0.019531
eval_wall_s,maskable_dqn__mask_true,ppo__mask_false,-22588.515656,0.019531
eval_wall_s,maskable_dqn__mask_true,ppo__mask_false,-22533.494466,0.019531
eval_wall_s,maskable_dqn__mask_true,ppo__mask_false,-22478.473277,0.027344
eval_wall_s,maskable_dqn__mask_true,ppo__mask_false,-22423.452088,0.027344
eval_wall_s,maskable_dqn__mask_true,ppo__mask_false,-22368.430898,0.027344
eval_wall_s,maskable_dqn__mask_true,ppo__mask_false,-22313.409709,0.027344
eval_wall_s,maskable_dqn__mask_true,ppo__mask_false,-22258.388519,0.027344
eval_wall_s,maskable_dqn__mask_true,ppo__mask_false,-22203.367330,0.027344
eval_wall_s,maskable_dqn__mask_true,ppo__mask_false,-22148.346141,0.027344
eval_wall_s,maskable_dqn__mask_true,ppo__mask_false,-22093.324951,0.027344
eval_wall_s,maskable_dqn__mask_true,ppo__mask_false,-22038.303762,0.027344
eval_wall_s,maskable_dqn__mask_true,ppo__mask_false,-21983.282572,0.027344
eval_wall_s,maskable_dqn__mask_true,ppo__mask_false,-21928.261383,0.027344
eval_wall_s,maskable_dqn__mask_true,ppo__mask_false,-21873.240193,0.027344
eval_wall_s,maskable_dqn__mask_true,ppo__mask_false,-21818.219004,0.037109
eval_wall_s,maskable_dqn__mask_true,ppo__mask_false,-21763.197815,0.037109
eval_wall_s,maskable_dqn__mask_true,ppo__mask_false,-21708.176625,0.037109
eval_wall_s,maskable_dqn__mask_true,ppo__mask_false,-21653.155436,0.037109
eval_wall_s,maskable_dqn__mask_true,ppo__mask_false,-21598.134246,0.037109
eval_wall_s,maskable_dqn__mask_true,ppo__mask_false,-21543.113057,0.037109
eval_wall_s,maskable_dqn__mask_true,ppo__mask_false,-21488.091867,0.037109
eval_wall_s,maskable_dqn__mask_true,ppo__mask_false,-21433.070678,0.037109
eval_wall_s,maskable_dqn__mask_true,ppo__mask_false,-21378.049489,0.037109
eval_wall_s,maskable_dqn__mask_true,ppo__mask_false,-21323.028299,0.048828
eval_wall_s,maskable_dqn__mask_true,ppo__mask_false,-21268.007110,0.048828
eval_wall_s,maskable_dqn__mask_true,ppo__mask_false,-21212.985920,0.048828
eval_wall_s,maskable_dqn__mask_true,ppo__mask_false,-21157.964731,0.048828
eval_wall_s,maskable_dqn__mask_true,ppo__mask_false,-21102.943541,0.048828
eval_wall_s,maskable_dqn__mask_true,ppo__mask_false,-21047.922352,0.064453
eval_wall_s,maskable_dqn__mask_true,ppo__mask_false,-20992.901163,0.064453
eval_wall_s,maskable_dqn__mask_true,ppo__mask_false,-20937.879973,0.064453
eval_wall_s,maskable_dqn__mask_true,ppo__mask_false,-20882.858784,0.064453
eval_wall_s,maskable_dqn__mask_true,ppo__mask_false,-20827.837594,0.064453
eval_wall_s,maskable_dqn__mask_true,ppo__mask_false,-20772.816405,0.064453
eval_wall_s,maskable_dqn__mask_true,ppo__mask_false,-20717.795215,0.064453
eval_wall_s,maskable_dqn__mask_true,ppo__mask_false,-20662.774026,0.064453
eval_wall_s,maskable_dqn__mask_true,ppo__mask_false,-20607.752837,0.064453
eval_wall_s,maskable_dqn__mask_true,ppo__mask_false,-20552.731647,0.083984
eval_wall_s,maskable_dqn__mask_true,ppo__mask_false,-20497.710458,0.083984
eval_wall_s,maskable_dqn__mask_true,ppo__mask_false,-20442.689268,0.105469
eval_wall_s,maskable_dqn__mask_true,ppo__mask_false,-20387.668079,0.105469
eval_wall_s,maskable_dqn__mask_true,ppo__mask_false,-20332.646889,0.105469
eval_wall_s,maskable_dqn__mask_true,ppo__mask_false,-20277.625700,0.105469
eval_wall_s,maskable_dqn__mask_true,ppo__mask_false,-20222.604511,0.105469
eval_wall_s,maskable_dqn__mask_true,ppo__mask_false,-20167.583321,0.105469
eval_wall_s,maskable_dqn__mask_true,ppo__mask_false,-20112.562132,0.193359
eval_wall_s,maskable_dqn__mask_true,ppo__mask_false,-20057.540942,0.193359
eval_wall_s,maskable_dqn__mask_true,ppo__mask_false,-20002.519753,0.193359
eval_wall_s,maskable_dqn__mask_true,ppo__mask_false,-19947.498563,0.232422
eval_wall_s,maskable_dqn__mask_true,ppo__mask_false,-19892.477374,0.232422
eval_wall_s,maskable_dqn__mask_true,ppo__mask_false,-19837.456185,0.232422
eval_wall_s,maskable_dqn__mask_true,ppo__mask_false,-19782.434995,0.275391
eval_wall_s,maskable_dqn__mask_true,ppo__mask_false,-19727.413806,0.322266
eval_wall_s,maskable_dqn__mask_true,ppo__mask_false,-19672.392616,0.556641
eval_wall_s,maskable_dqn__mask_true,ppo__mask_false,-19617.371427,0.556641
eval_wall_s,maskable_dqn__mask_true,ppo__mask_false,-19562.350237,0.556641
eval_wall_s,maskable_dqn__mask_true,ppo__mask_false,-19507.329048,0.556641
eval_wall_s,maskable_dqn__mask_true,ppo__mask_false,-19452.307859,0.556641
eval_wall_s,maskable_dqn__mask_true,ppo__mask_false,-19397.286669,0.625000
eval_wall_s,maskable_dqn__mask_true,ppo__mask_false,-19342.265480,0.695312
eval_wall_s,maskable_dqn__mask_true,ppo__mask_false,-19287.244290,0.695312
eval_wall_s,maskable_dqn__mask_true,ppo__mask_false,-19232.223101,0.769531
eval_wall_s,maskable_dqn__mask_true,ppo__mask_false,-19177.201911,0.769531
eval_wall_s,maskable_dqn__mask_true,ppo__mask_false,-19122.180722,0.769531
eval_wall_s,maskable_dqn__mask_true,ppo__mask_false,-19067.159533,0.769531
eval_wall_s,maskable_dqn__mask_true,ppo__mask_false,-19012.138343,0.769531
eval_wall_s,maskable_dqn__mask_true,ppo__mask_false,-18957.117154,0.845703
eval_wall_s,maskable_dqn__mask_true,ppo__mask_false,-18902.095964,0.845703
eval_wall_s,maskable_dqn__mask_true,ppo__mask_false,-18847.074775,0.845703
eval_wall_s,maskable_dqn__mask_true,ppo__mask_false,-18792.053586,0.845703
eval_wall_s,maskable_dqn__mask_true,ppo__mask_false,-18737.032396,0.845703
eval_wall_s,maskable_dqn__mask_true,ppo__mask_false,-18682.011207,0.845703
eval_wall_s,maskable_dqn__mask_true,ppo__mask_false,-18626.990017,0.845703
eval_wall_s,maskable_dqn__mask_true,ppo__mask_false,-18571.968828,0.845703
eval_wall_s,maskable_dqn__mask_true,ppo__mask_false,-18516.947638,0.845703
eval_wall_s,maskable_dqn__mask_true,ppo__mask_false,-18461.926449,0.845703
eval_wall_s,maskable_dqn__mask_true,ppo__mask_false,-18406.905260,0.921875
eval_wall_s,maskable_dqn__mask_true,ppo__mask_false,-18351.884070,0.921875
eval_wall_s,maskable_dqn__mask_true,ppo__mask_false,-18296.862881,1.000000
eval_wall_s,maskable_dqn__mask_true,ppo__mask_false,-18241.841691,1.000000
eval_wall_s,maskable_dqn__mask_true,ppo__mask_false,-18186.820502,1.000000
eval_wall_s,maskable_dqn__mask_true,ppo__mask_false,-18131.799312,1.000000
eval_wall_s,maskable_dqn__mask_true,ppo__mask_false,-18076.778123,1.000000
eval_wall_s,maskable_dqn__mask_true,ppo__mask_false,-18021.756934,1.000000
eval_wall_s,maskable_dqn__mask_true,ppo__mask_false,-17966.735744,0.845703
eval_wall_s,maskable_dqn__mask_true,ppo__mask_false,-17911.714555,0.845703
eval_wall_s,maskable_dqn__mask_true,ppo__mask_false,-17856.693365,0.769531
eval_wall_s,maskable_dqn__mask_true,ppo__mask_false,-17801.672176,0.769531
eval_wall_s,maskable_dqn__mask_true,ppo__mask_false,-17746.650986,0.769531
eval_wall_s,maskable_dqn__mask_true,ppo__mask_false,-17691.629797,0.769531
eval_wall_s,maskable_dqn__mask_true,ppo__mask_false,-17636.608608,0.769531
eval_wall_s,maskable_dqn__mask_true,ppo__mask_false,-17581.587418,0.695312
eval_wall_s,maskable_dqn__mask_true,ppo__mask_false,-17526.566229,0.625000
eval_wall_s,maskable_dqn__mask_true,ppo__mask_false,-17471.545039,0.625000
eval_wall_s,maskable_dqn__mask_true,ppo__mask_false,-17416.523850,0.625000
eval_wall_s,maskable_dqn__mask_true,ppo__mask_false,-17361.502660,0.625000
eval_wall_s,maskable_dqn__mask_true,ppo__mask_false,-17306.481471,0.625000
eval_wall_s,maskable_dqn__mask_true,ppo__mask_false,-17251.460282,0.625000
eval_wall_s,maskable_dqn__mask_true,ppo__mask_false,-17196.439092,0.625000
eval_wall_s,maskable_dqn__mask_true,ppo__mask_false,-17141.417903,0.556641
eval_wall_s,maskable_dqn__mask_true,ppo__mask_false,-17086.396713,0.556641
eval_wall_s,maskable_dqn__mask_true,ppo__mask_false,-17031.375524,0.492188
eval_wall_s,maskable_dqn__mask_true,ppo__mask_false,-16976.354334,0.492188
eval_wall_s,maskable_dqn__mask_true,ppo__mask_false,-16921.333145,0.492188
eval_wall_s,maskable_dqn__mask_true,ppo__mask_false,-16866.311956,0.431641
eval_wall_s,maskable_dqn__mask_true,ppo__mask_false,-16811.290766,0.431641
eval_wall_s,maskable_dqn__mask_true,ppo__mask_false,-16756.269577,0.431641
eval_wall_s,maskable_dqn__mask_true,ppo__mask_false,-16701.248387,0.322266
eval_wall_s,maskable_dqn__mask_true,ppo__mask_false,-16646.227198,0.322266
eval_wall_s,maskable_dqn__mask_true,ppo__mask_false,-16591.206008,0.232422
eval_wall_s,maskable_dqn__mask_true,ppo__mask_false,-16536.184819,0.232422
eval_wall_s,maskable_dqn__mask_true,ppo__mask_false,-16481.163630,0.232422
eval_wall_s,maskable_dqn__mask_true,ppo__mask_false,-16426.142440,0.232422
eval_wall_s,maskable_dqn__mask_true,ppo__mask_false,-16371.121251,0.232422
eval_wall_s,maskable_dqn__mask_true,ppo__mask_false,-16316.100061,0.193359
eval_wall_s,maskable_dqn__mask_true,ppo__mask_false,-16261.078872,0.105469
eval_wall_s,maskable_dqn__mask_true,ppo__mask_false,-16206.057682,0.105469
eval_wall_s,maskable_dqn__mask_true,ppo__mask_false,-16151.036493,0.064453
eval_wall_s,maskable_dqn__mask_true,ppo__mask_false,-16096.015304,0.064453
eval_wall_s,maskable_dqn__mask_true,ppo__mask_false,-16040.994114,0.064453
eval_wall_s,maskable_dqn__mask_true,ppo__mask_false,-15985.972925,0.064453
eval_wall_s,maskable_dqn__mask_true,ppo__mask_false,-15930.951735,0.064453
eval_wall_s,maskable_dqn__mask_true,ppo__mask_false,-15875.930546,0.048828
eval_wall_s,maskable_dqn__mask_true,ppo__mask_false,-15820.909357,0.037109
eval_wall_s,maskable_dqn__mask_true,ppo__mask_false,-15765.888167,0.037109
eval_wall_s,maskable_dqn__mask_true,ppo__mask_false,-15710.866978,0.037109
eval_wall_s,maskable_dqn__mask_true,ppo__mask_false,-15655.845788,0.037109
eval_wall_s,maskable_dqn__mask_true,ppo__mask_false,-15600.824599,0.037109
eval_wall_s,maskable_dqn__mask_true,ppo__mask_false,-15545.803409,0.037109
eval_wall_s,maskable_dqn__mask_true,ppo__mask_false,-15490.782220,0.037109
eval_wall_s,maskable_dqn__mask_true,ppo__mask_false,-15435.761031,0.027344
eval_wall_s,maskable_dqn__mask_true,ppo__mask_false,-15380.739841,0.027344
eval_wall_s,maskable_dqn__mask_true,ppo__mask_false,-15325.718652,0.027344
eval_wall_s,maskable_dqn__mask_true,ppo__mask_false,-15270.697462,0.027344
eval_wall_s,maskable_dqn__mask_true,ppo__mask_false,-15215.676273,0.027344
eval_wall_s,maskable_dqn__mask_true,ppo__mask_false,-15160.655083,0.027344
eval_wall_s,maskable_dqn__mask_true,ppo__mask_false,-15105.633894,0.027344
eval_wall_s,maskable_dqn__mask_true,ppo__mask_false,-15050.612705,0.027344
eval_wall_s,maskable_dqn__mask_true,ppo__mask_false,-14995.591515,0.027344
eval_wall_s,maskable_dqn__mask_true,ppo__mask_false,-14940.570326,0.027344
eval_wall_s,maskable_dqn__mask_true,ppo__mask_false,-14885.549136,0.019531
eval_wall_s,maskable_dqn__mask_true,ppo__mask_false,-14830.527947,0.019531
eval_wall_s,maskable_dqn__mask_true,ppo__mask_false,-14775.506757,0.013672
eval_wall_s,maskable_dqn__mask_true,ppo__mask_false,-14720.485568,0.013672
eval_wall_s,maskable_dqn__mask_true,ppo__mask_false,-14665.464379,0.013672
eval_wall_s,maskable_dqn__mask_true,ppo__mask_false,-14610.443189,0.013672
eval_wall_s,maskable_dqn__mask_true,ppo__mask_false,-14555.422000,0.013672
eval_wall_s,maskable_dqn__mask_true,ppo__mask_false,-14500.400810,0.009766
eval_wall_s,maskable_dqn__mask_true,ppo__mask_false,-14445.379621,0.005859
eval_wall_s,maskable_dqn__mask_true,ppo__mask_false,-14390.358431,0.005859
eval_wall_s,maskable_dqn__mask_true,ppo__mask_false,-14335.337242,0.005859
eval_wall_s,maskable_dqn__mask_true,ppo__mask_false,-14280.316053,0.005859
eval_wall_s,maskable_dqn__mask_true,ppo__mask_false,-14225.294863,0.005859
eval_wall_s,maskable_dqn__mask_true,ppo__mask_false,-14170.273674,0.005859
eval_wall_s,maskable_dqn__mask_true,ppo__mask_false,-14115.252484,0.005859
eval_wall_s,maskable_dqn__mask_true,ppo__mask_false,-14060.231295,0.003906
eval_wall_s,maskable_dqn__mask_true,ppo__mask_false,-14005.210105,0.003906
eval_wall_s,maskable_dqn__mask_true,ppo__mask_false,-13950.188916,0.003906
eval_wall_s,maskable_dqn__mask_true,ppo__mask_false,-13895.167727,0.003906
eval_wall_s,maskable_dqn__mask_true,ppo__mask_false,-13840.146537,0.003906
eval_wall_s,maskable_dqn__mask_true,ppo__mask_false,-13785.125348,0.003906
eval_wall_s,maskable_dqn__mask_true,ppo__mask_false,-13730.104158,0.003906
eval_wall_s,maskable_dqn__mask_true,ppo__mask_false,-13675.082969,0.003906
eval_wall_s,maskable_dqn__mask_true,ppo__mask_false,-13620.061779,0.003906
eval_wall_s,maskable_dqn__mask_true,ppo__mask_false,-13565.040590,0.003906
eval_wall_s,maskable_dqn__mask_true,ppo__mask_false,-13510.019401,0.003906
eval_wall_s,maskable_dqn__mask_true,ppo__mask_false,-13454.998211,0.003906
eval_wall_s,maskable_dqn__mask_true,ppo__mask_false,-13399.977022,0.003906
eval_wall_s,maskable_dqn__mask_true,ppo__mask_false,-13344.955832,0.003906
eval_wall_s,maskable_dqn__mask_true,ppo__mask_false,-13289.934643,0.003906
eval_wall_s,maskable_dqn__mask_true,ppo__mask_false,-13234.913453,0.003906
eval_wall_s,maskable_dqn__mask_true,ppo__mask_false,-13179.892264,0.003906
eval_wall_s,maskable_dqn__mask_true,ppo__mask_false,-13124.871075,0.003906
eval_wall_s,maskable_dqn__mask_true,ppo__mask_false,-13069.849885,0.003906
eval_wall_s,maskable_dqn__mask_true,ppo__mask_false,-13014.828696,0.003906
eval_wall_s,maskable_dqn__mask_true,ppo__mask_false,-12959.807506,0.003906
eval_wall_s,maskable_ppo__mask_true,ppo__mask_false,-22361.417292,0.003906
eval_wall_s,maskable_ppo__mask_true,ppo__mask_false,-22308.716439,0.003906
eval_wall_s,maskable_ppo__mask_true,ppo__mask_false,-22256.015587,0.003906
eval_wall_s,maskable_ppo__mask_true,ppo__mask_false,-22203.314734,0.003906
eval_wall_s,maskable_ppo__mask_true,ppo__mask_false,-22150.613882,0.005859
eval_wall_s,maskable_ppo__mask_true,ppo__mask_false,-22097.913029,0.005859
eval_wall_s,maskable_ppo__mask_true,ppo__mask_false,-22045.212176,0.005859
eval_wall_s,maskable_ppo__mask_true,ppo__mask_false,-21992.511324,0.009766
eval_wall_s,maskable_ppo__mask_true,ppo__mask_false,-21939.810471,0.013672
eval_wall_s,maskable_ppo__mask_true,ppo__mask_false,-21887.109619,0.013672
eval_wall_s,maskable_ppo__mask_true,ppo__mask_false,-21834.408766,0.013672
eval_wall_s,maskable_ppo__mask_true,ppo__mask_false,-21781.707914,0.019531
eval_wall_s,maskable_ppo__mask_true,ppo__mask_false,-21729.007061,0.019531
eval_wall_s,maskable_ppo__mask_true,ppo__mask_false,-21676.306208,0.019531
eval_wall_s,maskable_ppo__mask_true,ppo__mask_false,-21623.605356,0.019531
eval_wall_s,maskable_ppo__mask_true,ppo__mask_false,-21570.904503,0.027344
eval_wall_s,maskable_ppo__mask_true,ppo__mask_false,-21518.203651,0.027344
eval_wall_s,maskable_ppo__mask_true,ppo__mask_false,-21465.502798,0.027344
eval_wall_s,maskable_ppo__mask_true,ppo__mask_false,-21412.801946,0.027344
eval_wall_s,maskable_ppo__mask_true,ppo__mask_false,-21360.101093,0.027344
eval_wall_s,maskable_ppo__mask_true,ppo__mask_false,-21307.400240,0.027344
eval_wall_s,maskable_ppo__mask_true,ppo__mask_false,-21254.699388,0.027344
eval_wall_s,maskable_ppo__mask_true,ppo__mask_false,-21201.998535,0.027344
eval_wall_s,maskable_ppo__mask_true,ppo__mask_false,-21149.297683,0.027344
eval_wall_s,maskable_ppo__mask_true,ppo__mask_false,-21096.596830,0.027344
eval_wall_s,maskable_ppo__mask_true,ppo__mask_false,-21043.895978,0.027344
eval_wall_s,maskable_ppo__mask_true,ppo__mask_false,-20991.195125,0.027344
eval_wall_s,maskable_ppo__mask_true,ppo__mask_false,-20938.494272,0.027344
eval_wall_s,maskable_ppo__mask_true,ppo__mask_false,-20885.793420,0.027344
eval_wall_s,maskable_ppo__mask_true,ppo__mask_false,-20833.092567,0.027344
eval_wall_s,maskable_ppo__mask_true,ppo__mask_false,-20780.391715,0.027344
eval_wall_s,maskable_ppo__mask_true,ppo__mask_false,-20727.690862,0.027344
eval_wall_s,maskable_ppo__mask_true,ppo__mask_false,-20674.990010,0.027344
eval_wall_s,maskable_ppo__mask_true,ppo__mask_false,-20622.289157,0.027344
eval_wall_s,maskable_ppo__mask_true,ppo__mask_false,-20569.588304,0.027344
eval_wall_s,maskable_ppo__mask_true,ppo__mask_false,-20516.887452,0.027344
eval_wall_s,maskable_ppo__mask_true,ppo__mask_false,-20464.186599,0.027344
eval_wall_s,maskable_ppo__mask_true,ppo__mask_false,-20411.485747,0.027344
eval_wall_s,maskable_ppo__mask_true,ppo__mask_false,-20358.784894,0.027344
eval_wall_s,maskable_ppo__mask_true,ppo__mask_false,-20306.084042,0.027344
eval_wall_s,maskable_ppo__mask_true,ppo__mask_false,-20253.383189,0.027344
eval_wall_s,maskable_ppo__mask_true,ppo__mask_false,-20200.682336,0.027344
eval_wall_s,maskable_ppo__mask_true,ppo__mask_false,-20147.981484,0.037109
eval_wall_s,maskable_ppo__mask_true,ppo__mask_false,-20095.280631,0.037109
eval_wall_s,maskable_ppo__mask_true,ppo__mask_false,-20042.579779,0.037109
eval_wall_s,maskable_ppo__mask_true,ppo__mask_false,-19989.878926,0.048828
eval_wall_s,maskable_ppo__mask_true,ppo__mask_false,-19937.178074,0.048828
eval_wall_s,maskable_ppo__mask_true,ppo__mask_false,-19884.477221,0.048828
eval_wall_s,maskable_ppo__mask_true,ppo__mask_false,-19831.776368,0.048828
eval_wall_s,maskable_ppo__mask_true,ppo__mask_false,-19779.075516,0.064453
eval_wall_s,maskable_ppo__mask_true,ppo__mask_false,-19726.374663,0.064453
eval_wall_s,maskable_ppo__mask_true,ppo__mask_false,-19673.673811,0.064453
eval_wall_s,maskable_ppo__mask_true,ppo__mask_false,-19620.972958,0.064453
eval_wall_s,maskable_ppo__mask_true,ppo__mask_false,-19568.272106,0.064453
eval_wall_s,maskable_ppo__mask_true,ppo__mask_false,-19515.571253,0.064453
eval_wall_s,maskable_ppo__mask_true,ppo__mask_false,-19462.870400,0.064453
eval_wall_s,maskable_ppo__mask_true,ppo__mask_false,-19410.169548,0.064453
eval_wall_s,maskable_ppo__mask_true,ppo__mask_false,-19357.468695,0.064453
eval_wall_s,maskable_ppo__mask_true,ppo__mask_false,-19304.767843,0.064453
eval_wall_s,maskable_ppo__mask_true,ppo__mask_false,-19252.066990,0.064453
eval_wall_s,maskable_ppo__mask_true,ppo__mask_false,-19199.366138,0.064453
eval_wall_s,maskable_ppo__mask_true,ppo__mask_false,-19146.665285,0.105469
eval_wall_s,maskable_ppo__mask_true,ppo__mask_false,-19093.964432,0.105469
eval_wall_s,maskable_ppo__mask_true,ppo__mask_false,-19041.263580,0.105469
eval_wall_s,maskable_ppo__mask_true,ppo__mask_false,-18988.562727,0.130859
eval_wall_s,maskable_ppo__mask_true,ppo__mask_false,-18935.861875,0.160156
eval_wall_s,maskable_ppo__mask_true,ppo__mask_false,-18883.161022,0.160156
eval_wall_s,maskable_ppo__mask_true,ppo__mask_false,-18830.460169,0.160156
eval_wall_s,maskable_ppo__mask_true,ppo__mask_false,-18777.759317,0.193359
eval_wall_s,maskable_ppo__mask_true,ppo__mask_false,-18725.058464,0.232422
eval_wall_s,maskable_ppo__mask_true,ppo__mask_false,-18672.357612,0.275391
eval_wall_s,maskable_ppo__mask_true,ppo__mask_false,-18619.656759,0.275391
eval_wall_s,maskable_ppo__mask_true,ppo__mask_false,-18566.955907,0.322266
eval_wall_s,maskable_ppo__mask_true,ppo__mask_false,-18514.255054,0.322266
eval_wall_s,maskable_ppo__mask_true,ppo__mask_false,-18461.554201,0.375000
eval_wall_s,maskable_ppo__mask_true,ppo__mask_false,-18408.853349,0.375000
eval_wall_s,maskable_ppo__mask_true,ppo__mask_false,-18356.152496,0.431641
eval_wall_s,maskable_ppo__mask_true,ppo__mask_false,-18303.451644,0.492188
eval_wall_s,maskable_ppo__mask_true,ppo__mask_false,-18250.750791,0.556641
eval_wall_s,maskable_ppo__mask_true,ppo__mask_false,-18198.049939,0.556641
eval_wall_s,maskable_ppo__mask_true,ppo__mask_false,-18145.349086,0.695312
eval_wall_s,maskable_ppo__mask_true,ppo__mask_false,-18092.648233,0.695312
eval_wall_s,maskable_ppo__mask_true,ppo__mask_false,-18039.947381,0.695312
eval_wall_s,maskable_ppo__mask_true,ppo__mask_false,-17987.246528,0.695312
eval_wall_s,maskable_ppo__mask_true,ppo__mask_false,-17934.545676,0.845703
eval_wall_s,maskable_ppo__mask_true,ppo__mask_false,-17881.844823,0.845703
eval_wall_s,maskable_ppo__mask_true,ppo__mask_false,-17829.143971,0.845703
eval_wall_s,maskable_ppo__mask_true,ppo__mask_false,-17776.443118,0.845703
eval_wall_s,maskable_ppo__mask_true,ppo__mask_false,-17723.742265,0.845703
eval_wall_s,maskable_ppo__mask_true,ppo__mask_false,-17671.041413,0.845703
eval_wall_s,maskable_ppo__mask_true,ppo__mask_false,-17618.340560,0.845703
eval_wall_s,maskable_ppo__mask_true,ppo__mask_false,-17565.639708,0.845703
eval_wall_s,maskable_ppo__mask_true,ppo__mask_false,-17512.938855,0.845703
eval_wall_s,maskable_ppo__mask_true,ppo__mask_false,-17460.238003,0.845703
eval_wall_s,maskable_ppo__mask_true,ppo__mask_false,-17407.537150,0.845703
eval_wall_s,maskable_ppo__mask_true,ppo__mask_false,-17354.836297,0.845703
eval_wall_s,maskable_ppo__mask_true,ppo__mask_false,-17302.135445,0.845703
eval_wall_s,maskable_ppo__mask_true,ppo__mask_false,-17249.434592,0.845703
eval_wall_s,maskable_ppo__mask_true,ppo__mask_false,-17196.733740,0.845703
eval_wall_s,maskable_ppo__mask_true,ppo__mask_false,-17144.032887,0.845703
eval_wall_s,maskable_ppo__mask_true,ppo__mask_false,-17091.332035,0.845703
eval_wall_s,maskable_ppo__mask_true,ppo__mask_false,-17038.631182,0.845703
eval_wall_s,maskable_ppo__mask_true,ppo__mask_false,-16985.930329,1.000000
eval_wall_s,maskable_ppo__mask_true,ppo__mask_false,-16933.229477,1.000000
eval_wall_s,maskable_ppo__mask_true,ppo__mask_false,-16880.528624,1.000000
eval_wall_s,maskable_ppo__mask_true,ppo__mask_false,-16827.827772,1.000000
eval_wall_s,maskable_ppo__mask_true,ppo__mask_false,-16775.126919,0.921875
eval_wall_s,maskable_ppo__mask_true,ppo__mask_false,-16722.426067,0.921875
eval_wall_s,maskable_ppo__mask_true,ppo__mask_false,-16669.725214,0.921875
eval_wall_s,maskable_ppo__mask_true,ppo__mask_false,-16617.024361,0.921875
eval_wall_s,maskable_ppo__mask_true,ppo__mask_false,-16564.323509,0.845703
eval_wall_s,maskable_ppo__mask_true,ppo__mask_false,-16511.622656,0.845703
eval_wall_s,maskable_ppo__mask_true,ppo__mask_false,-16458.921804,0.769531
eval_wall_s,maskable_ppo__mask_true,ppo__mask_false,-16406.220951,0.769531
eval_wall_s,maskable_ppo__mask_true,ppo__mask_false,-16353.520099,0.695312
eval_wall_s,maskable_ppo__mask_true,ppo__mask_false,-16300.819246,0.695312
eval_wall_s,maskable_ppo__mask_true,ppo__mask_false,-16248.118393,0.695312
eval_wall_s,maskable_ppo__mask_true,ppo__mask_false,-16195.417541,0.695312
eval_wall_s,maskable_ppo__mask_true,ppo__mask_false,-16142.716688,0.625000
eval_wall_s,maskable_ppo__mask_true,ppo__mask_false,-16090.015836,0.625000
eval_wall_s,maskable_ppo__mask_true,ppo__mask_false,-16037.314983,0.625000
eval_wall_s,maskable_ppo__mask_true,ppo__mask_false,-15984.614130,0.556641
eval_wall_s,maskable_ppo__mask_true,ppo__mask_false,-15931.913278,0.431641
eval_wall_s,maskable_ppo__mask_true,ppo__mask_false,-15879.212425,0.431641
eval_wall_s,maskable_ppo__mask_true,ppo__mask_false,-15826.511573,0.431641
eval_wall_s,maskable_ppo__mask_true,ppo__mask_false,-15773.810720,0.431641
eval_wall_s,maskable_ppo__mask_true,ppo__mask_false,-15721.109868,0.431641
eval_wall_s,maskable_ppo__mask_true,ppo__mask_false,-15668.409015,0.431641
eval_wall_s,maskable_ppo__mask_true,ppo__mask_false,-15615.708162,0.431641
eval_wall_s,maskable_ppo__mask_true,ppo__mask_false,-15563.007310,0.431641
eval_wall_s,maskable_ppo__mask_true,ppo__mask_false,-15510.306457,0.431641
eval_wall_s,maskable_ppo__mask_true,ppo__mask_false,-15457.605605,0.322266
eval_wall_s,maskable_ppo__mask_true,ppo__mask_false,-15404.904752,0.322266
eval_wall_s,maskable_ppo__mask_true,ppo__mask_false,-15352.203900,0.232422
eval_wall_s,maskable_ppo__mask_true,ppo__mask_false,-15299.503047,0.232422
eval_wall_s,maskable_ppo__mask_true,ppo__mask_false,-15246.802194,0.232422
eval_wall_s,maskable_ppo__mask_true,ppo__mask_false,-15194.101342,0.232422
eval_wall_s,maskable_ppo__mask_true,ppo__mask_false,-15141.400489,0.193359
eval_wall_s,maskable_ppo__mask_true,ppo__mask_false,-15088.699637,0.160156
eval_wall_s,maskable_ppo__mask_true,ppo__mask_false,-15035.998784,0.160156
eval_wall_s,maskable_ppo__mask_true,ppo__mask_false,-14983.297932,0.130859
eval_wall_s,maskable_ppo__mask_true,ppo__mask_false,-14930.597079,0.130859
eval_wall_s,maskable_ppo__mask_true,ppo__mask_false,-14877.896226,0.105469
eval_wall_s,maskable_ppo__mask_true,ppo__mask_false,-14825.195374,0.105469
eval_wall_s,maskable_ppo__mask_true,ppo__mask_false,-14772.494521,0.064453
eval_wall_s,maskable_ppo__mask_true,ppo__mask_false,-14719.793669,0.064453
eval_wall_s,maskable_ppo__mask_true,ppo__mask_false,-14667.092816,0.064453
eval_wall_s,maskable_ppo__mask_true,ppo__mask_false,-14614.391964,0.048828
eval_wall_s,maskable_ppo__mask_true,ppo__mask_false,-14561.691111,0.048828
eval_wall_s,maskable_ppo__mask_true,ppo__mask_false,-14508.990258,0.037109
eval_wall_s,maskable_ppo__mask_true,ppo__mask_false,-14456.289406,0.037109
eval_wall_s,maskable_ppo__mask_true,ppo__mask_false,-14403.588553,0.037109
eval_wall_s,maskable_ppo__mask_true,ppo__mask_false,-14350.887701,0.037109
eval_wall_s,maskable_ppo__mask_true,ppo__mask_false,-14298.186848,0.027344
eval_wall_s,maskable_ppo__mask_true,ppo__mask_false,-14245.485996,0.027344
eval_wall_s,maskable_ppo__mask_true,ppo__mask_false,-14192.785143,0.027344
eval_wall_s,maskable_ppo__mask_true,ppo__mask_false,-14140.084290,0.027344
eval_wall_s,maskable_ppo__mask_true,ppo__mask_false,-14087.383438,0.027344
eval_wall_s,maskable_ppo__mask_true,ppo__mask_false,-14034.682585,0.027344
eval_wall_s,maskable_ppo__mask_true,ppo__mask_false,-13981.981733,0.027344
eval_wall_s,maskable_ppo__mask_true,ppo__mask_false,-13929.280880,0.027344
eval_wall_s,maskable_ppo__mask_true,ppo__mask_false,-13876.580028,0.027344
eval_wall_s,maskable_ppo__mask_true,ppo__mask_false,-13823.879175,0.027344
eval_wall_s,maskable_ppo__mask_true,ppo__mask_false,-13771.178322,0.013672
eval_wall_s,maskable_ppo__mask_true,ppo__mask_false,-13718.477470,0.013672
eval_wall_s,maskable_ppo__mask_true,ppo__mask_false,-13665.776617,0.013672
eval_wall_s,maskable_ppo__mask_true,ppo__mask_false,-13613.075765,0.013672
eval_wall_s,maskable_ppo__mask_true,ppo__mask_false,-13560.374912,0.013672
eval_wall_s,maskable_ppo__mask_true,ppo__mask_false,-13507.674060,0.013672
eval_wall_s,maskable_ppo__mask_true,ppo__mask_false,-13454.973207,0.013672
eval_wall_s,maskable_ppo__mask_true,ppo__mask_false,-13402.272354,0.013672
eval_wall_s,maskable_ppo__mask_true,ppo__mask_false,-13349.571502,0.013672
eval_wall_s,maskable_ppo__mask_true,ppo__mask_false,-13296.870649,0.009766
eval_wall_s,maskable_ppo__mask_true,ppo__mask_false,-13244.169797,0.009766
eval_wall_s,maskable_ppo__mask_true,ppo__mask_false,-13191.468944,0.005859
eval_wall_s,maskable_ppo__mask_true,ppo__mask_false,-13138.768092,0.005859
eval_wall_s,maskable_ppo__mask_true,ppo__mask_false,-13086.067239,0.005859
eval_wall_s,maskable_ppo__mask_true,ppo__mask_false,-13033.366386,0.005859
eval_wall_s,maskable_ppo__mask_true,ppo__mask_false,-12980.665534,0.005859
eval_wall_s,maskable_ppo__mask_true,ppo__mask_false,-12927.964681,0.003906
eval_wall_s,maskable_ppo__mask_true,ppo__mask_false,-12875.263829,0.003906
eval_wall_s,maskable_ppo__mask_true,ppo__mask_false,-12822.562976,0.003906
eval_wall_s,maskable_ppo__mask_true,ppo__mask_false,-12769.862123,0.003906
eval_wall_s,maskable_ppo__mask_true,ppo__mask_false,-12717.161271,0.003906
eval_wall_s,maskable_ppo__mask_true,ppo__mask_false,-12664.460418,0.003906
eval_wall_s,maskable_ppo__mask_true,ppo__mask_false,-12611.759566,0.003906
eval_wall_s,maskable_ppo__mask_true,ppo__mask_false,-12559.058713,0.003906
eval_wall_s,maskable_ppo__mask_true,ppo__mask_false,-12506.357861,0.003906
eval_wall_s,maskable_ppo__mask_true,ppo__mask_false,-12453.657008,0.003906
eval_wall_s,maskable_ppo__mask_true,ppo__mask_false,-12400.956155,0.003906
eval_wall_s,maskable_ppo__mask_true,ppo__mask_false,-12348.255303,0.003906
eval_wall_s,maskable_ppo__mask_true,ppo__mask_false,-12295.554450,0.003906
eval_wall_s,maskable_ppo__mask_true,ppo__mask_false,-12242.853598,0.003906
eval_wall_s,maskable_ppo__mask_true,ppo__mask_false,-12190.152745,0.003906
eval_wall_s,maskable_ppo__mask_true,ppo__mask_false,-12137.451893,0.003906
eval_wall_s,maskable_ppo__mask_true,ppo__mask_false,-12084.751040,0.003906
eval_wall_s,maskable_ppo__mask_true,ppo__mask_false,-12032.050187,0.003906
eval_wall_s,maskable_ppo__mask_true,ppo__mask_false,-11979.349335,0.003906
eval_wall_s,maskable_ppo__mask_true,ppo__mask_false,-11926.648482,0.003906
eval_wall_s,maskable_ppo__mask_true,ppo__mask_false,-11873.947630,0.003906
