metric,treatment_a,treatment_b,delta,p_value
avg_waiting,a2c__mask_false,maskable_dqn__mask_true,-113740.640731,0.003906
avg_waiting,a2c__mask_false,maskable_dqn__mask_true,-113169.875700,0.003906
avg_waiting,a2c__mask_false,maskable_dqn__mask_true,-112599.110668,0.003906
avg_waiting,a2c__mask_false,maskable_dqn__mask_true,-112028.345637,0.003906
avg_waiting,a2c__mask_false,maskable_dqn__mask_true,-111457.580605,0.003906
avg_waiting,a2c__mask_false,maskable_dqn__mask_true,-110886.815574,0.003906
avg_waiting,a2c__mask_false,maskable_dqn__mask_true,-110316.050543,0.003906
avg_waiting,a2c__mask_false,maskable_dqn__mask_true,-109745.285511,0.003906
avg_waiting,a2c__mask_false,maskable_dqn__mask_true,-109174.520480,0.003906
avg_waiting,a2c__mask_false,maskable_dqn__mask_true,-108603.755448,0.003906
avg_waiting,a2c__mask_false,maskable_dqn__mask_true,-108032.990417,0.003906
avg_waiting,a2c__mask_false,maskable_dqn__mask_true,-107462.225386,0.003906
avg_waiting,a2c__mask_false,maskable_dqn__mask_true,-106891.460354,0.003906
avg_waiting,a2c__mask_false,maskable_dqn__mask_true,-106320.695323,0.003906
avg_waiting,a2c__mask_false,maskable_dqn__mask_true,-105749.930291,0.003906
avg_waiting,a2c__mask_false,maskable_dqn__mask_true,-105179.165260,0.003906
avg_waiting,a2c__mask_false,maskable_dqn__mask_true,-104608.400229,0.003906
avg_waiting,a2c__mask_false,maskable_dqn__mask_true,-104037.635197,0.003906
avg_waiting,a2c__mask_false,maskable_dqn__mask_true,-103466.870166,0.005859
avg_waiting,a2c__mask_false,maskable_dqn__mask_true,-102896.105134,0.005859
avg_waiting,a2c__mask_false,maskable_dqn__mask_true,-102325.340103,0.005859
avg_waiting,a2c__mask_false,maskable_dqn__mask_true,-101754.575072,0.005859
avg_waiting,a2c__mask_false,maskable_dqn__mask_true,-101183.810040,0.005859
avg_waiting,a2c__mask_false,maskable_dqn__mask_true,-100613.045009,0.005859
avg_waiting,a2c__mask_false,maskable_dqn__mask_true,-100042.279977,0.005859
avg_waiting,a2c__mask_false,maskable_dqn__mask_true,-99471.514946,0.005859
avg_waiting,a2c__mask_false,maskable_dqn__mask_true,-98900.749914,0.005859
avg_waiting,a2c__mask_false,maskable_dqn__mask_true,-98329.984883,0.005859
avg_waiting,a2c__mask_false,maskable_dqn__mask_true,-97759.219852,0.005859
avg_waiting,a2c__mask_false,maskable_dqn__mask_true,-97188.454820,0.005859
avg_waiting,a2c__mask_false,maskable_dqn__mask_true,-96617.689789,0.005859
avg_waiting,a2c__mask_false,maskable_dqn__mask_true,-96046.924757,0.005859
avg_waiting,a2c__mask_false,maskable_dqn__mask_true,-95476.159726,0.005859
avg_waiting,a2c__mask_false,maskable_dqn__mask_true,-94905.394695,0.005859
avg_waiting,a2c__mask_false,maskable_dqn__mask_true,-94334.629663,0.009766
avg_waiting,a2c__mask_false,maskable_dqn__mask_true,-93763.864632,0.009766
avg_waiting,a2c__mask_false,maskable_dqn__mask_true,-93193.099600,0.009766
avg_waiting,a2c__mask_false,maskable_dqn__mask_true,-92622.334569,0.009766
avg_waiting,a2c__mask_false,maskable_dqn__mask_true,-92051.569538,0.009766
avg_waiting,a2c__mask_false,maskable_dqn__mask_true,-91480.804506,0.009766
avg_waiting,a2c__mask_false,maskable_dqn__mask_true,-90910.039475,0.013672
avg_waiting,a2c__mask_false,maskable_dqn__mask_true,-90339.274443,0.013672
avg_waiting,a2c__mask_false,maskable_dqn__mask_true,-89768.509412,0.013672
avg_waiting,a2c__mask_false,maskable_dqn__mask_true,-89197.744381,0.013672
avg_waiting,a2c__mask_false,maskable_dqn__mask_true,-88626.979349,0.013672
avg_waiting,a2c__mask_false,maskable_dqn__mask_true,-88056.214318,0.013672
avg_waiting,a2c__mask_false,maskable_dqn__mask_true,-87485.449286,0.013672
avg_waiting,a2c__mask_false,maskable_dqn__mask_true,-86914.684255,0.013672
avg_waiting,a2c__mask_false,maskable_dqn__mask_true,-86343.919224,0.013672
avg_waiting,a2c__mask_false,maskable_dqn__mask_true,-85773.154192,0.013672
avg_waiting,a2c__mask_false,maskable_dqn__mask_true,-85202.389161,0.013672
avg_waiting,a2c__mask_false,maskable_dqn__mask_true,-84631.624129,0.013672
avg_waiting,a2c__mask_false,maskable_dqn__mask_true,-84060.859098,0.019531
avg_waiting,a2c__mask_false,maskable_dqn__mask_true,-83490.094066,0.019531
avg_waiting,a2c__mask_false,maskable_dqn__mask_true,-82919.329035,0.019531
avg_waiting,a2c__mask_false,maskable_dqn__mask_true,-82348.564004,0.019531
avg_waiting,a2c__mask_false,maskable_dqn__mask_true,-81777.798972,0.027344
avg_waiting,a2c__mask_false,maskable_dqn__mask_true,-81207.033941,0.027344
avg_waiting,a2c__mask_false,maskable_dqn__mask_true,-80636.268909,0.027344
avg_waiting,a2c__mask_false,maskable_dqn__mask_true,-80065.503878,0.027344
avg_waiting,a2c__mask_false,maskable_dqn__mask_true,-79494.738847,0.027344
avg_waiting,a2c__mask_false,maskable_dqn__mask_true,-78923.973815,0.027344
avg_waiting,a2c__mask_false,maskable_dqn__mask_true,-78353.208784,0.027344
avg_waiting,a2c__mask_false,maskable_dqn__mask_true,-77782.443752,0.027344
avg_waiting,a2c__mask_false,maskable_dqn__mask_true,-77211.678721,0.027344
avg_waiting,a2c__mask_false,maskable_dqn__mask_true,-76640.913690,0.027344
avg_waiting,a2c__mask_false,maskable_dqn__mask_true,-76070.148658,0.037109
avg_waiting,a2c__mask_false,maskable_dqn__mask_true,-75499.383627,0.037109
avg_waiting,a2c__mask_false,maskable_dqn__mask_true,-74928.618595,0.037109
avg_waiting,a2c__mask_false,maskable_dqn__mask_true,-74357.853564,0.037109
avg_waiting,a2c__mask_false,maskable_dqn__mask_true,-73787.088533,0.037109
avg_waiting,a2c__mask_false,maskable_dqn__mask_true,-73216.323501,0.037109
avg_waiting,a2c__mask_false,maskable_dqn__mask_true,-72645.558470,0.048828
avg_waiting,a2c__mask_false,maskable_dqn__mask_true,-72074.793438,0.064453
avg_waiting,a2c__mask_false,maskable_dqn__mask_true,-71504.028407,0.064453
avg_waiting,a2c__mask_false,maskable_dqn__mask_true,-70933.263376,0.064453
avg_waiting,a2c__mask_false,maskable_dqn__mask_true,-70362.498344,0.064453
avg_waiting,a2c__mask_false,maskable_dqn__mask_true,-69791.733313,0.064453
avg_waiting,a2c__mask_false,maskable_dqn__mask_true,-69220.968281,0.064453
avg_waiting,a2c__mask_false,maskable_dqn__mask_true,-68650.203250,0.083984
avg_waiting,a2c__mask_false,maskable_dqn__mask_true,-68079.438219,0.083984
avg_waiting,a2c__mask_false,maskable_dqn__mask_true,-67508.673187,0.083984
avg_waiting,a2c__mask_false,maskable_dqn__mask_true,-66937.908156,0.083984
avg_waiting,a2c__mask_false,maskable_dqn__mask_true,-66367.143124,0.105469
avg_waiting,a2c__mask_false,maskable_dqn__mask_true,-65796.378093,0.105469
avg_waiting,a2c__mask_false,maskable_dqn__mask_true,-65225.613061,0.105469
avg_waiting,a2c__mask_false,maskable_dqn__mask_true,-64654.848030,0.105469
avg_waiting,a2c__mask_false,maskable_dqn__mask_true,-64084.082999,0.105469
avg_waiting,a2c__mask_false,maskable_dqn__mask_true,-63513.317967,0.130859
avg_waiting,a2c__mask_false,maskable_dqn__mask_true,-62942.552936,0.160156
avg_waiting,a2c__mask_false,maskable_dqn__mask_true,-62371.787904,0.160156
avg_waiting,a2c__mask_false,maskable_dqn__mask_true,-61801.022873,0.160156
avg_waiting,a2c__mask_false,maskable_dqn__mask_true,-61230.257842,0.160156
avg_waiting,a2c__mask_false,maskable_dqn__mask_true,-60659.492810,0.160156
avg_waiting,a2c__mask_false,maskable_dqn__mask_true,-60088.727779,0.193359
avg_waiting,a2c__mask_false,maskable_dqn__mask_true,-59517.962747,0.193359
avg_waiting,a2c__mask_false,maskable_dqn__mask_true,-58947.197716,0.193359
avg_waiting,a2c__mask_false,maskable_dqn__mask_true,-58376.432685,0.232422
avg_waiting,a2c__mask_false,maskable_dqn__mask_true,-57805.667653,0.275391
avg_waiting,a2c__mask_false,maskable_dqn__mask_true,-57234.902622,0.275391
avg_waiting,a2c__mask_false,maskable_dqn__mask_true,-56664.137590,0.322266
avg_waiting,a2c__mask_false,maskable_dqn__mask_true,-56093.372559,0.322266
avg_waiting,a2c__mask_false,maskable_dqn__mask_true,-55522.607528,0.322266
avg_waiting,a2c__mask_false,maskable_dqn__mask_true,-54951.842496,0.322266
avg_waiting,a2c__mask_false,maskable_dqn__mask_true,-54381.077465,0.375000
avg_waiting,a2c__mask_false,maskable_dqn__mask_true,-53810.312433,0.431641
avg_waiting,a2c__mask_false,maskable_dqn__mask_true,-53239.547402,0.431641
avg_waiting,a2c__mask_false,maskable_dqn__mask_true,-52668.782371,0.492188
avg_waiting,a2c__mask_false,maskable_dqn__mask_true,-52098.017339,0.492188
avg_waiting,a2c__mask_false,maskable_dqn__mask_true,-51527.252308,0.492188
avg_waiting,a2c__mask_false,maskable_dqn__mask_true,-50956.487276,0.492188
avg_waiting,a2c__mask_false,maskable_dqn__mask_true,-50385.722245,0.492188
avg_waiting,a2c__mask_false,maskable_dqn__mask_true,-49814.957213,0.492188
avg_waiting,a2c__mask_false,maskable_dqn__mask_true,-49244.192182,0.492188
avg_waiting,a2c__mask_false,maskable_dqn__mask_true,-48673.427151,0.492188
avg_waiting,a2c__mask_false,maskable_dqn__mask_true,-48102.662119,0.492188
avg_waiting,a2c__mask_false,maskable_dqn__mask_true,-47531.897088,0.625000
avg_waiting,a2c__mask_false,maskable_dqn__mask_true,-46961.132056,0.625000
avg_waiting,a2c__mask_false,maskable_dqn__mask_true,-46390.367025,0.625000
avg_waiting,a2c__mask_false,maskable_dqn__mask_true,-45819.601994,0.695312
avg_waiting,a2c__mask_false,maskable_dqn__mask_true,-45248.836962,0.769531
avg_waiting,a2c__mask_false,maskable_dqn__mask_true,-44678.071931,0.921875
avg_waiting,a2c__mask_false,maskable_dqn__mask_true,-44107.306899,0.921875
avg_waiting,a2c__mask_false,maskable_dqn__mask_true,-43536.541868,0.921875
avg_waiting,a2c__mask_false,maskable_dqn__mask_true,-42965.776837,0.921875
avg_waiting,a2c__mask_false,maskable_dqn__mask_true,-42395.011805,0.921875
avg_waiting,a2c__mask_false,maskable_dqn__mask_true,-41824.246774,0.921875
avg_waiting,a2c__mask_false,maskable_dqn__mask_true,-41253.481742,0.921875
avg_waiting,a2c__mask_false,maskable_dqn__mask_true,-40682.716711,0.921875
avg_waiting,a2c__mask_false,maskable_dqn__mask_true,-40111.951680,0.921875
avg_waiting,a2c__mask_false,maskable_dqn__mask_true,-39541.186648,0.921875
avg_waiting,a2c__mask_false,maskable_dqn__mask_true,-38970.421617,0.921875
avg_waiting,a2c__mask_false,maskable_dqn__mask_true,-38399.656585,1.000000
avg_waiting,a2c__mask_false,maskable_dqn__mask_true,-37828.891554,1.000000
avg_waiting,a2c__mask_false,maskable_dqn__mask_true,-37258.126523,1.000000
avg_waiting,a2c__mask_false,maskable_dqn__mask_true,-36687.361491,0.921875
avg_waiting,a2c__mask_false,maskable_dqn__mask_true,-36116.596460,0.769531
avg_waiting,a2c__mask_false,maskable_dqn__mask_true,-35545.831428,0.769531
avg_waiting,a2c__mask_false,maskable_dqn__mask_true,-34975.066397,0.695312
avg_waiting,a2c__mask_false,maskable_dqn__mask_true,-34404.301365,0.695312
avg_waiting,a2c__mask_false,maskable_dqn__mask_true,-33833.536334,0.695312
avg_waiting,a2c__mask_false,maskable_dqn__mask_true,-33262.771303,0.695312
avg_waiting,a2c__mask_false,maskable_dqn__mask_true,-32692.006271,0.695312
avg_waiting,a2c__mask_false,maskable_dqn__mask_true,-32121.241240,0.695312
avg_waiting,a2c__mask_false,maskable_dqn__mask_true,-31550.476208,0.695312
avg_waiting,a2c__mask_false,maskable_dqn__mask_true,-30979.711177,0.695312
avg_waiting,a2c__mask_false,maskable_dqn__mask_true,-30408.946146,0.695312
avg_waiting,a2c__mask_false,maskable_dqn__mask_true,-29838.181114,0.695312
avg_waiting,a2c__mask_false,maskable_dqn__mask_true,-29267.416083,0.625000
avg_waiting,a2c__mask_false,maskable_dqn__mask_true,-28696.651051,0.556641
avg_waiting,a2c__mask_false,maskable_dqn__mask_true,-28125.886020,0.556641
avg_waiting,a2c__mask_false,maskable_dqn__mask_true,-27555.120989,0.556641
avg_waiting,a2c__mask_false,maskable_dqn__mask_true,-26984.355957,0.492188
avg_waiting,a2c__mask_false,maskable_dqn__mask_true,-26413.590926,0.375000
avg_waiting,a2c__mask_false,maskable_dqn__mask_true,-25842.825894,0.375000
avg_waiting,a2c__mask_false,maskable_dqn__mask_true,-25272.060863,0.375000
avg_waiting,a2c__mask_false,maskable_dqn__mask_true,-24701.295832,0.375000
avg_waiting,a2c__mask_false,maskable_dqn__mask_true,-24130.530800,0.375000
avg_waiting,a2c__mask_false,maskable_dqn__mask_true,-23559.765769,0.375000
avg_waiting,a2c__mask_false,maskable_dqn__mask_true,-22989.000737,0.375000
avg_waiting,a2c__mask_false,maskable_dqn__mask_true,-22418.235706,0.322266
avg_waiting,a2c__mask_false,maskable_dqn__mask_true,-21847.470675,0.322266
avg_waiting,a2c__mask_false,maskable_dqn__mask_true,-21276.705643,0.322266
avg_waiting,a2c__mask_false,maskable_dqn__mask_true,-20705.940612,0.322266
avg_waiting,a2c__mask_false,maskable_dqn__mask_true,-20135.175580,0.275391
avg_waiting,a2c__mask_false,maskable_dqn__mask_true,-19564.410549,0.232422
avg_waiting,a2c__mask_false,maskable_dqn__mask_true,-18993.645518,0.232422
avg_waiting,a2c__mask_false,maskable_dqn__mask_true,-18422.880486,0.193359
avg_waiting,a2c__mask_false,maskable_dqn__mask_true,-17852.115455,0.160156
avg_waiting,a2c__mask_false,maskable_dqn__mask_true,-17281.350423,0.160156
avg_waiting,a2c__mask_false,maskable_dqn__mask_true,-16710.585392,0.130859
avg_waiting,a2c__mask_false,maskable_dqn__mask_true,-16139.820360,0.130859
avg_waiting,a2c__mask_false,maskable_dqn__mask_true,-15569.055329,0.130859
avg_waiting,a2c__mask_false,maskable_dqn__mask_true,-14998.290298,0.130859
avg_waiting,a2c__mask_false,maskable_dqn__mask_true,-14427.525266,0.130859
avg_waiting,a2c__mask_false,maskable_dqn__mask_true,-13856.760235,0.130859
avg_waiting,a2c__mask_false,maskable_dqn__mask_true,-13285.995203,0.105469
avg_waiting,a2c__mask_false,maskable_dqn__mask_true,-12715.230172,0.105469
avg_waiting,a2c__mask_false,maskable_dqn__mask_true,-12144.465141,0.105469
avg_waiting,a2c__mask_false,maskable_dqn__mask_true,-11573.700109,0.083984
avg_waiting,a2c__mask_false,maskable_dqn__mask_true,-11002.935078,0.064453
avg_waiting,a2c__mask_false,maskable_dqn__mask_true,-10432.170046,0.048828
avg_waiting,a2c__mask_false,maskable_dqn__mask_true,-9861.405015,0.048828
avg_waiting,a2c__mask_false,maskable_dqn__mask_true,-9290.639984,0.048828
avg_waiting,a2c__mask_false,maskable_dqn__mask_true,-8719.874952,0.037109
avg_waiting,a2c__mask_false,maskable_dqn__mask_true,-8149.109921,0.027344
avg_waiting,a2c__mask_false,maskable_dqn__mask_true,-7578.344889,0.027344
avg_waiting,a2c__mask_false,maskable_dqn__mask_true,-7007.579858,0.027344
avg_waiting,a2c__mask_false,maskable_dqn__mask_true,-6436.814827,0.027344
avg_waiting,a2c__mask_false,maskable_dqn__mask_true,-5866.049795,0.027344
avg_waiting,a2c__mask_false,maskable_dqn__mask_true,-5295.284764,0.027344
avg_waiting,a2c__mask_false,maskable_dqn__mask_true,-4724.519732,0.027344
avg_waiting,a2c__mask_false,maskable_dqn__mask_true,-4153.754701,0.019531
avg_waiting,a2c__mask_false,maskable_dqn__mask_true,-3582.989670,0.019531
avg_waiting,a2c__mask_false,maskable_dqn__mask_true,-3012.224638,0.019531
avg_waiting,a2c__mask_false,maskable_dqn__mask_true,-2441.459607,0.013672
avg_waiting,a2c__mask_false,maskable_dqn__mask_true,-1870.694575,0.009766
avg_waiting,a2c__mask_false,maskable_dqn__mask_true,-1299.929544,0.009766
avg_waiting,a2c__mask_false,maskable_dqn__mask_true,-729.164512,0.005859
avg_waiting,a2c__mask_false,maskable_dqn__mask_true,-158.399481,0.003906
avg_waiting,dqn__mask_false,maskable_dqn__mask_true,-94176.457963,0.003906
avg_waiting,dqn__mask_false,maskable_dqn__mask_true,-93122.984790,0.003906
avg_waiting,dqn__mask_false,maskable_dqn__mask_true,-92069.511617,0.005859
avg_waiting,dqn__mask_false,maskable_dqn__mask_true,-91016.038444,0.005859
avg_waiting,dqn__mask_false,maskable_dqn__mask_true,-89962.565271,0.009766
avg_waiting,dqn__mask_false,maskable_dqn__mask_true,-88909.092098,0.009766
avg_waiting,dqn__mask_false,maskable_dqn__mask_true,-87855.618925,0.009766
avg_waiting,dqn__mask_false,maskable_dqn__mask_true,-86802.145752,0.009766
avg_waiting,dqn__mask_false,maskable_dqn__mask_true,-85748.672579,0.009766
avg_waiting,dqn__mask_false,maskable_dqn__mask_true,-84695.199406,0.009766
avg_waiting,dqn__mask_false,maskable_dqn__mask_true,-83641.726233,0.013672
avg_waiting,dqn__mask_false,maskable_dqn__mask_true,-82588.253060,0.013672
avg_waiting,dqn__mask_false,maskable_dqn__mask_true,-81534.779887,0.019531
avg_waiting,dqn__mask_false,maskable_dqn__mask_true,-80481.306714,0.019531
avg_waiting,dqn__mask_false,maskable_dqn__mask_true,-79427.833541,0.019531
avg_waiting,dqn__mask_false,maskable_dqn__mask_true,-78374.360368,0.019531
avg_waiting,dqn__mask_false,maskable_dqn__mask_true,-77320.887195,0.019531
avg_waiting,dqn__mask_false,maskable_dqn__mask_true,-76267.414022,0.019531
avg_waiting,dqn__mask_false,maskable_dqn__mask_true,-75213.940849,0.027344
avg_waiting,dqn__mask_false,maskable_dqn__mask_true,-74160.467676,0.027344
avg_waiting,dqn__mask_false,maskable_dqn__mask_true,-73106.994503,0.048828
avg_waiting,dqn__mask_false,maskable_dqn__mask_true,-72053.521330,0.064453
avg_waiting,dqn__mask_false,maskable_dqn__mask_true,-71000.048157,0.083984
avg_waiting,dqn__mask_false,maskable_dqn__mask_true,-69946.574984,0.083984
avg_waiting,dqn__mask_false,maskable_dqn__mask_true,-68893.101811,0.083984
avg_waiting,dqn__mask_false,maskable_dqn__mask_true,-67839.628638,0.083984
avg_waiting,dqn__mask_false,maskable_dqn__mask_true,-66786.155465,0.083984
avg_waiting,dqn__mask_false,maskable_dqn__mask_true,-65732.682292,0.083984
avg_waiting,dqn__mask_false,maskable_dqn__mask_true,-64679.209119,0.105469
avg_waiting,dqn__mask_false,maskable_dqn__mask_true,-63625.735946,0.105469
avg_waiting,dqn__mask_false,maskable_dqn__mask_true,-62572.262773,0.130859
avg_waiting,dqn__mask_false,maskable_dqn__mask_true,-61518.789601,0.130859
avg_waiting,dqn__mask_false,maskable_dqn__mask_true,-60465.316428,0.130859
avg_waiting,dqn__mask_false,maskable_dqn__mask_true,-59411.843255,0.130859
avg_waiting,dqn__mask_false,maskable_dqn__mask_true,-58358.370082,0.130859
avg_waiting,dqn__mask_false,maskable_dqn__mask_true,-57304.896909,0.130859
avg_waiting,dqn__mask_false,maskable_dqn__mask_true,-56251.423736,0.160156
avg_waiting,dqn__mask_false,maskable_dqn__mask_true,-55197.950563,0.193359
avg_waiting,dqn__mask_false,maskable_dqn__mask_true,-54144.477390,0.232422
avg_waiting,dqn__mask_false,maskable_dqn__mask_true,-53091.004217,0.322266
avg_waiting,dqn__mask_false,maskable_dqn__mask_true,-52037.531044,0.322266
avg_waiting,dqn__mask_false,maskable_dqn__mask_true,-50984.057871,0.322266
avg_waiting,dqn__mask_false,maskable_dqn__mask_true,-49930.584698,0.322266
avg_waiting,dqn__mask_false,maskable_dqn__mask_true,-48877.111525,0.375000
avg_waiting,dqn__mask_false,maskable_dqn__mask_true,-47823.638352,0.375000
avg_waiting,dqn__mask_false,maskable_dqn__mask_true,-46770.165179,0.556641
avg_waiting,dqn__mask_false,maskable_dqn__mask_true,-45716.692006,0.625000
avg_waiting,dqn__mask_false,maskable_dqn__mask_true,-44663.218833,0.769531
avg_waiting,dqn__mask_false,maskable_dqn__mask_true,-43609.745660,0.769531
avg_waiting,dqn__mask_false,maskable_dqn__mask_true,-42556.272487,0.769531
avg_waiting,dqn__mask_false,maskable_dqn__mask_true,-41502.799314,0.769531
avg_waiting,dqn__mask_false,maskable_dqn__mask_true,-40449.326141,0.769531
avg_waiting,dqn__mask_false,maskable_dqn__mask_true,-39395.852968,0.769531
avg_waiting,dqn__mask_false,maskable_dqn__mask_true,-38342.379795,0.845703
avg_waiting,dqn__mask_false,maskable_dqn__mask_true,-37288.906622,0.845703
avg_waiting,dqn__mask_false,maskable_dqn__mask_true,-36235.433449,1.000000
avg_waiting,dqn__mask_false,maskable_dqn__mask_true,-35181.960276,1.000000
avg_waiting,dqn__mask_false,maskable_dqn__mask_true,-34128.487103,0.921875
avg_waiting,dqn__mask_false,maskable_dqn__mask_true,-33075.013930,0.921875
avg_waiting,dqn__mask_false,maskable_dqn__mask_true,-32021.540757,0.921875
avg_waiting,dqn__mask_false,maskable_dqn__mask_true,-30968.067584,0.921875
avg_waiting,dqn__mask_false,maskable_dqn__mask_true,-29914.594411,0.845703
avg_waiting,dqn__mask_false,maskable_dqn__mask_true,-28861.121238,0.769531
avg_waiting,dqn__mask_false,maskable_dqn__mask_true,-27807.648065,0.625000
avg_waiting,dqn__mask_false,maskable_dqn__mask_true,-26754.174892,0.556641
avg_waiting,dqn__mask_false,maskable_dqn__mask_true,-25700.701719,0.492188
avg_waiting,dqn__mask_false,maskable_dqn__mask_true,-24647.228546,0.492188
avg_waiting,dqn__mask_false,maskable_dqn__mask_true,-23593.755373,0.492188
avg_waiting,dqn__mask_false,maskable_dqn__mask_true,-22540.282200,0.492188
avg_waiting,dqn__mask_false,maskable_dqn__mask_true,-21486.809027,0.492188
avg_waiting,dqn__mask_false,maskable_dqn__mask_true,-20433.335854,0.492188
avg_waiting,dqn__mask_false,maskable_dqn__mask_true,-19379.862681,0.492188
avg_waiting,dqn__mask_false,maskable_dqn__mask_true,-18326.389508,0.492188
avg_waiting,dqn__mask_false,maskable_dqn__mask_true,-17272.916335,0.492188
avg_waiting,dqn__mask_false,maskable_dqn__mask_true,-16219.443162,0.431641
avg_waiting,dqn__mask_false,maskable_dqn__mask_true,-15165.969989,0.431641
avg_waiting,dqn__mask_false,maskable_dqn__mask_true,-14112.496816,0.431641
avg_waiting,dqn__mask_false,maskable_dqn__mask_true,-13059.023643,0.431641
avg_waiting,dqn__mask_false,maskable_dqn__mask_true,-12005.550470,0.431641
avg_waiting,dqn__mask_false,maskable_dqn__mask_true,-10952.077297,0.431641
avg_waiting,dqn__mask_false,maskable_dqn__mask_true,-9898.604124,0.375000
avg_waiting,dqn__mask_false,maskable_dqn__mask_true,-8845.130951,0.322266
avg_waiting,dqn__mask_false,maskable_dqn__mask_true,-7791.657778,0.275391
avg_waiting,dqn__mask_false,maskable_dqn__mask_true,-6738.184605,0.275391
avg_waiting,dqn__mask_false,maskable_dqn__mask_true,-5684.711432,0.275391
avg_waiting,dqn__mask_false,maskable_dqn__mask_true,-4631.238259,0.275391
avg_waiting,dqn__mask_false,maskable_dqn__mask_true,-3577.765086,0.232422
avg_waiting,dqn__mask_false,maskable_dqn__mask_true,-2524.291913,0.193359
avg_waiting,dqn__mask_false,maskable_dqn__mask_true,-1470.818740,0.160156
avg_waiting,dqn__mask_false,maskable_dqn__mask_true,-417.345567,0.105469
avg_waiting,dqn__mask_false,maskable_dqn__mask_true,636.127606,0.083984
avg_waiting,dqn__mask_false,maskable_dqn__mask_true,1689.600779,0.083984
avg_waiting,dqn__mask_false,maskable_dqn__mask_true,2743.073951,0.083984
avg_waiting,dqn__mask_false,maskable_dqn__mask_true,3796.547124,0.083984
avg_waiting,dqn__mask_false,maskable_dqn__mask_true,4850.020297,0.083984
avg_waiting,dqn__mask_false,maskable_dqn__mask_true,5903.493470,0.083984
avg_waiting,dqn__mask_false,maskable_dqn__mask_true,6956.966643,0.083984
avg_waiting,dqn__mask_false,maskable_dqn__mask_true,8010.439816,0.083984
avg_waiting,dqn__mask_false,maskable_dqn__mask_true,9063.912989,0.083984
avg_waiting,dqn__mask_false,maskable_dqn__mask_true,10117.386162,0.083984
avg_waiting,dqn__mask_false,maskable_dqn__mask_true,11170.859335,0.083984
avg_waiting,dqn__mask_false,maskable_dqn__mask_true,12224.332508,0.083984
avg_waiting,dqn__mask_false,maskable_dqn__mask_true,13277.805681,0.083984
avg_waiting,dqn__mask_false,maskable_dqn__mask_true,14331.278854,0.083984
avg_waiting,dqn__mask_false,maskable_dqn__mask_true,15384.752027,0.083984
avg_waiting,dqn__mask_false,maskable_dqn__mask_true,16438.225200,0.064453
avg_waiting,dqn__mask_false,maskable_dqn__mask_true,17491.698373,0.064453
avg_waiting,dqn__mask_false,maskable_dqn__mask_true,18545.171546,0.048828
avg_waiting,dqn__mask_false,maskable_dqn__mask_true,19598.644719,0.048828
avg_waiting,dqn__mask_false,maskable_dqn__mask_true,20652.117892,0.048828
avg_waiting,dqn__mask_false,maskable_dqn__mask_true,21705.591065,0.048828
avg_waiting,dqn__mask_false,maskable_dqn__mask_true,22759.064238,0.048828
avg_waiting,dqn__mask_false,maskable_dqn__mask_true,23812.537411,0.048828
avg_waiting,dqn__mask_false,maskable_dqn__mask_true,24866.010584,0.048828
avg_waiting,dqn__mask_false,maskable_dqn__mask_true,25919.483757,0.048828
avg_waiting,dqn__mask_false,maskable_dqn__mask_true,26972.956930,0.048828
avg_waiting,dqn__mask_false,maskable_dqn__mask_true,28026.430103,0.037109
avg_waiting,dqn__mask_false,maskable_dqn__mask_true,29079.903276,0.037109
avg_waiting,dqn__mask_false,maskable_dqn__mask_true,30133.376449,0.037109
avg_waiting,dqn__mask_false,maskable_dqn__mask_true,31186.849622,0.037109
avg_waiting,dqn__mask_false,maskable_dqn__mask_true,32240.322795,0.037109
avg_waiting,dqn__mask_false,maskable_dqn__mask_true,33293.795968,0.037109
avg_waiting,dqn__mask_false,maskable_dqn__mask_true,34347.269141,0.037109
avg_waiting,dqn__mask_false,maskable_dqn__mask_true,35400.742314,0.027344
avg_waiting,dqn__mask_false,maskable_dqn__mask_true,36454.215487,0.027344
avg_waiting,dqn__mask_false,maskable_dqn__mask_true,37507.688660,0.019531
avg_waiting,dqn__mask_false,maskable_dqn__mask_true,38561.161833,0.019531
avg_waiting,dqn__mask_false,maskable_dqn__mask_true,39614.635006,0.019531
avg_waiting,dqn__mask_false,maskable_dqn__mask_true,40668.108179,0.019531
avg_waiting,dqn__mask_false,maskable_dqn__mask_true,41721.581352,0.019531
avg_waiting,dqn__mask_false,maskable_dqn__mask_true,42775.054525,0.019531
avg_waiting,dqn__mask_false,maskable_dqn__mask_true,43828.527698,0.019531
avg_waiting,dqn__mask_false,maskable_dqn__mask_true,44882.000871,0.019531
avg_waiting,dqn__mask_false,maskable_dqn__mask_true,45935.474044,0.019531
avg_waiting,dqn__mask_false,maskable_dqn__mask_true,46988.947217,0.019531
avg_waiting,dqn__mask_false,maskable_dqn__mask_true,48042.420390,0.019531
avg_waiting,dqn__mask_false,maskable_dqn__mask_true,49095.893563,0.019531
avg_waiting,dqn__mask_false,maskable_dqn__mask_true,50149.366736,0.019531
avg_waiting,dqn__mask_false,maskable_dqn__mask_true,51202.839909,0.019531
avg_waiting,dqn__mask_false,maskable_dqn__mask_true,52256.313082,0.019531
avg_waiting,dqn__mask_false,maskable_dqn__mask_true,53309.786255,0.019531
avg_waiting,dqn__mask_false,maskable_dqn__mask_true,54363.259428,0.019531
avg_waiting,dqn__mask_false,maskable_dqn__mask_true,55416.732601,0.013672
avg_waiting,dqn__mask_false,maskable_dqn__mask_true,56470.205774,0.013672
avg_waiting,dqn__mask_false,maskable_dqn__mask_true,57523.678947,0.013672
avg_waiting,dqn__mask_false,maskable_dqn__mask_true,58577.152120,0.013672
avg_waiting,dqn__mask_false,maskable_dqn__mask_true,59630.625293,0.013672
avg_waiting,dqn__mask_false,maskable_dqn__mask_true,60684.098466,0.013672
avg_waiting,dqn__mask_false,maskable_dqn__mask_true,61737.571639,0.009766
avg_waiting,dqn__mask_false,maskable_dqn__mask_true,62791.044812,0.009766
avg_waiting,dqn__mask_false,maskable_dqn__mask_true,63844.517985,0.003906
avg_waiting,dqn__mask_false,maskable_dqn__mask_true,64897.991158,0.003906
avg_waiting,dqn__mask_false,maskable_dqn__mask_true,65951.464331,0.003906
avg_waiting,dqn__mask_false,maskable_dqn__mask_true,67004.937503,0.003906
avg_waiting,dqn__mask_false,maskable_dqn__mask_true,68058.410676,0.003906
avg_waiting,dqn__mask_false,maskable_dqn__mask_true,69111.883849,0.003906
avg_waiting,dqn__mask_false,maskable_dqn__mask_true,70165.357022,0.003906
avg_waiting,dqn__mask_false,maskable_dqn__mask_true,71218.830195,0.003906
avg_waiting,dqn__mask_false,maskable_dqn__mask_true,72272.303368,0.003906
avg_waiting,dqn__mask_false,maskable_dqn__mask_true,73325.776541,0.003906
avg_waiting,dqn__mask_false,maskable_dqn__mask_true,74379.249714,0.003906
avg_waiting,dqn__mask_false,maskable_dqn__mask_true,75432.722887,0.003906
avg_waiting,dqn__mask_false,maskable_dqn__mask_true,76486.196060,0.003906
avg_waiting,dqn__mask_false,maskable_dqn__mask_true,77539.669233,0.003906
avg_waiting,dqn__mask_false,maskable_dqn__mask_true,78593.142406,0.003906
avg_waiting,dqn__mask_false,maskable_dqn__mask_true,79646.615579,0.003906
avg_waiting,dqn__mask_false,maskable_dqn__mask_true,80700.088752,0.003906
avg_waiting,dqn__mask_false,maskable_dqn__mask_true,81753.561925,0.003906
avg_waiting,dqn__mask_false,maskable_dqn__mask_true,82807.035098,0.003906
avg_waiting,dqn__mask_false,maskable_dqn__mask_true,83860.508271,0.003906
avg_waiting,dqn__mask_false,maskable_dqn__mask_true,84913.981444,0.003906
avg_waiting,dqn__mask_false,maskable_dqn__mask_true,85967.454617,0.003906
avg_waiting,dqn__mask_false,maskable_dqn__mask_true,87020.927790,0.003906
avg_waiting,dqn__mask_false,maskable_dqn__mask_true,88074.400963,0.003906
avg_waiting,dqn__mask_false,maskable_dqn__mask_true,89127.874136,0.003906
avg_waiting,dqn__mask_false,maskable_dqn__mask_true,90181.347309,0.003906
avg_waiting,dqn__mask_false,maskable_dqn__mask_true,91234.820482,0.003906
avg_waiting,dqn__mask_false,maskable_dqn__mask_true,92288.293655,0.003906
avg_waiting,dqn__mask_false,maskable_dqn__mask_true,93341.766828,0.003906
avg_waiting,dqn__mask_false,maskable_dqn__mask_true,94395.240001,0.003906
avg_waiting,dqn__mask_false,maskable_dqn__mask_true,95448.713174,0.003906
avg_waiting,dqn__mask_false,maskable_dqn__mask_true,96502.186347,0.003906
avg_waiting,dqn__mask_false,maskable_dqn__mask_true,97555.659520,0.003906
avg_waiting,dqn__mask_false,maskable_dqn__mask_true,98609.132693,0.003906
avg_waiting,dqn__mask_false,maskable_dqn__mask_true,99662.605866,0.003906
avg_waiting,dqn__mask_false,maskable_dqn__mask_true,100716.079039,0.003906
avg_waiting,dqn__mask_false,maskable_dqn__mask_true,101769.552212,0.003906
avg_waiting,dqn__mask_false,maskable_dqn__mask_true,102823.025385,0.003906
avg_waiting,dqn__mask_false,maskable_dqn__mask_true,103876.498558,0.003906
avg_waiting,dqn__mask_false,maskable_dqn__mask_true,104929.971731,0.003906
avg_waiting,dqn__mask_false,maskable_dqn__mask_true,105983.444904,0.003906
avg_waiting,dqn__mask_false,maskable_dqn__mask_true,107036.918077,0.003906
avg_waiting,dqn__mask_false,maskable_dqn__mask_true,108090.391250,0.003906
avg_waiting,dqn__mask_false,maskable_dqn__mask_true,109143.864423,0.003906
avg_waiting,dqn__mask_false,maskable_dqn__mask_true,110197.337596,0.003906
avg_waiting,dqn__mask_false,maskable_dqn__mask_true,111250.810769,0.003906
avg_waiting,dqn__mask_false,maskable_dqn__mask_true,112304.283942,0.003906
avg_waiting,dqn__mask_false,maskable_dqn__mask_true,113357.757115,0.003906
avg_waiting,dqn__mask_false,maskable_dqn__mask_true,114411.230288,0.003906
avg_waiting,dqn__mask_false,maskable_dqn__mask_true,115464.703461,0.003906
avg_waiting,maskable_a2c__mask_true,ppo__mask_false,8.472106,0.003906
avg_waiting,maskable_a2c__mask_true,ppo__mask_false,1120543.669529,0.083984
avg_waiting,maskable_a2c__mask_true,ppo__mask_false,2241078.866952,0.083984
avg_waiting,maskable_a2c__mask_true,ppo__mask_false,3361614.064374,0.083984
avg_waiting,maskable_a2c__mask_true,ppo__mask_false,4482149.261797,0.083984
avg_waiting,maskable_a2c__mask_true,ppo__mask_false,5602684.459220,0.083984
avg_waiting,maskable_a2c__mask_true,ppo__mask_false,6723219.656643,0.083984
avg_waiting,maskable_a2c__mask_true,ppo__mask_false,7843754.854065,0.083984
avg_waiting,maskable_a2c__mask_true,ppo__mask_false,8964290.051488,0.083984
avg_waiting,maskable_a2c__mask_true,ppo__mask_false,10084825.248911,0.083984
avg_waiting,maskable_a2c__mask_true,ppo__mask_false,11205360.446333,0.083984
avg_waiting,maskable_a2c__mask_true,ppo__mask_false,12325895.643756,0.083984
avg_waiting,maskable_a2c__mask_true,ppo__mask_false,13446430.841179,0.083984
avg_waiting,maskable_a2c__mask_true,ppo__mask_false,14566966.038601,0.083984
avg_waiting,maskable_a2c__mask_true,ppo__mask_false,15687501.236024,0.083984
avg_waiting,maskable_a2c__mask_true,ppo__mask_false,16808036.433447,0.083984
avg_waiting,maskable_a2c__mask_true,ppo__mask_false,17928571.630870,0.083984
avg_waiting,maskable_a2c__mask_true,ppo__mask_false,19049106.828292,0.083984
avg_waiting,maskable_a2c__mask_true,ppo__mask_false,20169642.025715,0.083984
avg_waiting,maskable_a2c__mask_true,ppo__mask_false,21290177.223138,0.083984
avg_waiting,maskable_a2c__mask_true,ppo__mask_false,22410712.420560,0.083984
avg_waiting,maskable_a2c__mask_true,ppo__mask_false,23531247.617983,0.083984
avg_waiting,maskable_a2c__mask_true,ppo__mask_false,24651782.815406,0.083984
avg_waiting,maskable_a2c__mask_true,ppo__mask_false,25772318.012828,0.083984
avg_waiting,maskable_a2c__mask_true,ppo__mask_false,26892853.210251,0.083984
avg_waiting,maskable_a2c__mask_true,ppo__mask_false,28013388.407674,0.083984
avg_waiting,maskable_a2c__mask_true,ppo__mask_false,29133923.605097,0.083984
avg_waiting,maskable_a2c__mask_true,ppo__mask_false,30254458.802519,0.083984
avg_waiting,maskable_a2c__mask_true,ppo__mask_false,31374993.999942,0.083984
avg_waiting,maskable_a2c__mask_true,ppo__mask_false,32495529.197365,0.083984
avg_waiting,maskable_a2c__mask_true,ppo__mask_false,33616064.394787,0.083984
avg_waiting,maskable_a2c__mask_true,ppo__mask_false,34736599.592210,0.083984
avg_waiting,maskable_a2c__mask_true,ppo__mask_false,35857134.789633,0.083984
avg_waiting,maskable_a2c__mask_true,ppo__mask_false,36977669.987055,0.083984
avg_waiting,maskable_a2c__mask_true,ppo__mask_false,38098205.184478,0.083984
avg_waiting,maskable_a2c__mask_true,ppo__mask_false,39218740.381901,0.083984
avg_waiting,maskable_a2c__mask_true,ppo__mask_false,40339275.579324,0.083984
avg_waiting,maskable_a2c__mask_true,ppo__mask_false,41459810.776746,0.083984
avg_waiting,maskable_a2c__mask_true,ppo__mask_false,42580345.974169,0.083984
avg_waiting,maskable_a2c__mask_true,ppo__mask_false,43700881.171592,0.083984
avg_waiting,maskable_a2c__mask_true,ppo__mask_false,44821416.369014,0.083984
avg_waiting,maskable_a2c__mask_true,ppo__mask_false,45941951.566437,0.083984
avg_waiting,maskable_a2c__mask_true,ppo__mask_false,47062486.763860,0.083984
avg_waiting,maskable_a2c__mask_true,ppo__mask_false,48183021.961282,0.083984
avg_waiting,maskable_a2c__mask_true,ppo__mask_false,49303557.158705,0.083984
avg_waiting,maskable_a2c__mask_true,ppo__mask_false,50424092.356128,0.083984
avg_waiting,maskable_a2c__mask_true,ppo__mask_false,51544627.553550,0.083984
avg_waiting,maskable_a2c__mask_true,ppo__mask_false,52665162.750973,0.083984
avg_waiting,maskable_a2c__mask_true,ppo__mask_false,53785697.948396,0.083984
avg_waiting,maskable_a2c__mask_true,ppo__mask_false,54906233.145819,0.083984
avg_waiting,maskable_a2c__mask_true,ppo__mask_false,56026768.343241,0.083984
avg_waiting,maskable_a2c__mask_true,ppo__mask_false,57147303.540664,0.083984
avg_waiting,maskable_a2c__mask_true,ppo__mask_false,58267838.738087,0.083984
avg_waiting,maskable_a2c__mask_true,ppo__mask_false,59388373.935509,0.083984
avg_waiting,maskable_a2c__mask_true,ppo__mask_false,60508909.132932,0.083984
avg_waiting,maskable_a2c__mask_true,ppo__mask_false,61629444.330355,0.083984
avg_waiting,maskable_a2c__mask_true,ppo__mask_false,62749979.527777,0.083984
avg_waiting,maskable_a2c__mask_true,ppo__mask_false,63870514.725200,0.083984
avg_waiting,maskable_a2c__mask_true,ppo__mask_false,64991049.922623,0.083984
avg_waiting,maskable_a2c__mask_true,ppo__mask_false,66111585.120046,0.083984
avg_waiting,maskable_a2c__mask_true,ppo__mask_false,67232120.317468,0.083984
avg_waiting,maskable_a2c__mask_true,ppo__mask_false,68352655.514891,0.083984
avg_waiting,maskable_a2c__mask_true,ppo__mask_false,69473190.712314,0.083984
avg_waiting,maskable_a2c__mask_true,ppo__mask_false,70593725.909736,0.083984
avg_waiting,maskable_a2c__mask_true,ppo__mask_false,71714261.107159,0.083984
avg_waiting,maskable_a2c__mask_true,ppo__mask_false,72834796.304582,0.083984
avg_waiting,maskable_a2c__mask_true,ppo__mask_false,73955331.502004,0.083984
avg_waiting,maskable_a2c__mask_true,ppo__mask_false,75075866.699427,0.083984
avg_waiting,maskable_a2c__mask_true,ppo__mask_false,76196401.896850,0.083984
avg_waiting,maskable_a2c__mask_true,ppo__mask_false,77316937.094273,0.083984
avg_waiting,maskable_a2c__mask_true,ppo__mask_false,78437472.291695,0.083984
avg_waiting,maskable_a2c__mask_true,ppo__mask_false,79558007.489118,0.083984
avg_waiting,maskable_a2c__mask_true,ppo__mask_false,80678542.686541,0.083984
avg_waiting,maskable_a2c__mask_true,ppo__mask_false,81799077.883963,0.083984
avg_waiting,maskable_a2c__mask_true,ppo__mask_false,82919613.081386,0.083984
avg_waiting,maskable_a2c__mask_true,ppo__mask_false,84040148.278809,0.083984
avg_waiting,maskable_a2c__mask_true,ppo__mask_false,85160683.476231,0.083984
avg_waiting,maskable_a2c__mask_true,ppo__mask_false,86281218.673654,0.083984
avg_waiting,maskable_a2c__mask_true,ppo__mask_false,87401753.871077,0.083984
avg_waiting,maskable_a2c__mask_true,ppo__mask_false,88522289.068500,0.083984
avg_waiting,maskable_a2c__mask_true,ppo__mask_false,89642824.265922,0.083984
avg_waiting,maskable_a2c__mask_true,ppo__mask_false,90763359.463345,0.083984
avg_waiting,maskable_a2c__mask_true,ppo__mask_false,91883894.660768,0.083984
avg_waiting,maskable_a2c__mask_true,ppo__mask_false,93004429.858190,0.083984
avg_waiting,maskable_a2c__mask_true,ppo__mask_false,94124965.055613,0.083984
avg_waiting,maskable_a2c__mask_true,ppo__mask_false,95245500.253036,0.083984
avg_waiting,maskable_a2c__mask_true,ppo__mask_false,96366035.450458,0.083984
avg_waiting,maskable_a2c__mask_true,ppo__mask_false,97486570.647881,0.083984
avg_waiting,maskable_a2c__mask_true,ppo__mask_false,98607105.845304,0.083984
avg_waiting,maskable_a2c__mask_true,ppo__mask_false,99727641.042727,0.083984
avg_waiting,maskable_a2c__mask_true,ppo__mask_false,100848176.240149,0.083984
avg_waiting,maskable_a2c__mask_true,ppo__mask_false,101968711.437572,0.083984
avg_waiting,maskable_a2c__mask_true,ppo__mask_false,103089246.634995,0.083984
avg_waiting,maskable_a2c__mask_true,ppo__mask_false,104209781.832417,0.083984
avg_waiting,maskable_a2c__mask_true,ppo__mask_false,105330317.029840,0.083984
avg_waiting,maskable_a2c__mask_true,ppo__mask_false,106450852.227263,0.083984
avg_waiting,maskable_a2c__mask_true,ppo__mask_false,107571387.424685,0.083984
avg_waiting,maskable_a2c__mask_true,ppo__mask_false,108691922.622108,0.083984
avg_waiting,maskable_a2c__mask_true,ppo__mask_false,109812457.819531,0.083984
avg_waiting,maskable_a2c__mask_true,ppo__mask_false,110932993.016954,0.083984
avg_waiting,maskable_a2c__mask_true,ppo__mask_false,112053528.214376,0.083984
avg_waiting,maskable_a2c__mask_true,ppo__mask_false,113174063.411799,0.083984
avg_waiting,maskable_a2c__mask_true,ppo__mask_false,114294598.609222,0.083984
avg_waiting,maskable_a2c__mask_true,ppo__mask_false,115415133.806644,0.083984
avg_waiting,maskable_a2c__mask_true,ppo__mask_false,116535669.004067,0.083984
avg_waiting,maskable_a2c__mask_true,ppo__mask_false,117656204.201490,0.083984
avg_waiting,maskable_a2c__mask_true,ppo__mask_false,118776739.398912,0.083984
avg_waiting,maskable_a2c__mask_true,ppo__mask_false,119897274.596335,0.083984
avg_waiting,maskable_a2c__mask_true,ppo__mask_false,121017809.793758,0.083984
avg_waiting,maskable_a2c__mask_true,ppo__mask_false,122138344.991180,0.083984
avg_waiting,maskable_a2c__mask_true,ppo__mask_false,123258880.188603,0.003906
avg_waiting,maskable_a2c__mask_true,ppo__mask_false,124379415.386026,0.003906
avg_waiting,maskable_a2c__mask_true,ppo__mask_false,125499950.583449,0.003906
avg_waiting,maskable_a2c__mask_true,ppo__mask_false,126620485.780871,0.003906
avg_waiting,maskable_a2c__mask_true,ppo__mask_false,127741020.978294,0.003906
avg_waiting,maskable_a2c__mask_true,ppo__mask_false,128861556.175717,0.003906
avg_waiting,maskable_a2c__mask_true,ppo__mask_false,129982091.373139,0.003906
avg_waiting,maskable_a2c__mask_true,ppo__mask_false,131102626.570562,0.003906
avg_waiting,maskable_a2c__mask_true,ppo__mask_false,132223161.767985,0.003906
avg_waiting,maskable_a2c__mask_true,ppo__mask_false,133343696.965407,0.003906
avg_waiting,maskable_a2c__mask_true,ppo__mask_false,134464232.162830,0.003906
avg_waiting,maskable_a2c__mask_true,ppo__mask_false,135584767.360253,0.003906
avg_waiting,maskable_a2c__mask_true,ppo__mask_false,136705302.557676,0.003906
avg_waiting,maskable_a2c__mask_true,ppo__mask_false,137825837.755098,0.003906
avg_waiting,maskable_a2c__mask_true,ppo__mask_false,138946372.952521,0.003906
avg_waiting,maskable_a2c__mask_true,ppo__mask_false,140066908.149944,0.003906
avg_waiting,maskable_a2c__mask_true,ppo__mask_false,141187443.347366,0.003906
avg_waiting,maskable_a2c__mask_true,ppo__mask_false,142307978.544789,0.003906
avg_waiting,maskable_a2c__mask_true,ppo__mask_false,143428513.742212,0.003906
avg_waiting,maskable_a2c__mask_true,ppo__mask_false,144549048.939634,0.003906
avg_waiting,maskable_a2c__mask_true,ppo__mask_false,145669584.137057,0.003906
avg_waiting,maskable_a2c__mask_true,ppo__mask_false,146790119.334480,0.003906
avg_waiting,maskable_a2c__mask_true,ppo__mask_false,147910654.531903,0.003906
avg_waiting,maskable_a2c__mask_true,ppo__mask_false,149031189.729325,0.003906
avg_waiting,maskable_a2c__mask_true,ppo__mask_false,150151724.926748,0.003906
avg_waiting,maskable_a2c__mask_true,ppo__mask_false,151272260.124171,0.003906
avg_waiting,maskable_a2c__mask_true,ppo__mask_false,152392795.321593,0.003906
avg_waiting,maskable_a2c__mask_true,ppo__mask_false,153513330.519016,0.003906
avg_waiting,maskable_a2c__mask_true,ppo__mask_false,154633865.716439,0.003906
avg_waiting,maskable_a2c__mask_true,ppo__mask_false,155754400.913861,0.003906
avg_waiting,maskable_a2c__mask_true,ppo__mask_false,156874936.111284,0.003906
avg_waiting,maskable_a2c__mask_true,ppo__mask_false,157995471.308707,0.003906
avg_waiting,maskable_a2c__mask_true,ppo__mask_false,159116006.506130,0.003906
avg_waiting,maskable_a2c__mask_true,ppo__mask_false,160236541.703552,0.003906
avg_waiting,maskable_a2c__mask_true,ppo__mask_false,161357076.900975,0.003906
avg_waiting,maskable_a2c__mask_true,ppo__mask_false,162477612.098398,0.003906
avg_waiting,maskable_a2c__mask_true,ppo__mask_false,163598147.295820,0.003906
avg_waiting,maskable_a2c__mask_true,ppo__mask_false,164718682.493243,0.003906
avg_waiting,maskable_a2c__mask_true,ppo__mask_false,165839217.690666,0.003906
avg_waiting,maskable_a2c__mask_true,ppo__mask_false,166959752.888088,0.003906
avg_waiting,maskable_a2c__mask_true,ppo__mask_false,168080288.085511,0.003906
avg_waiting,maskable_a2c__mask_true,ppo__mask_false,169200823.282934,0.003906
avg_waiting,maskable_a2c__mask_true,ppo__mask_false,170321358.480357,0.003906
avg_waiting,maskable_a2c__mask_true,ppo__mask_false,171441893.677779,0.003906
avg_waiting,maskable_a2c__mask_true,ppo__mask_false,172562428.875202,0.003906
avg_waiting,maskable_a2c__mask_true,ppo__mask_false,173682964.072625,0.003906
avg_waiting,maskable_a2c__mask_true,ppo__mask_false,174803499.270047,0.003906
avg_waiting,maskable_a2c__mask_true,ppo__mask_false,175924034.467470,0.003906
avg_waiting,maskable_a2c__mask_true,ppo__mask_false,177044569.664893,0.003906
avg_waiting,maskable_a2c__mask_true,ppo__mask_false,178165104.862315,0.003906
avg_waiting,maskable_a2c__mask_true,ppo__mask_false,179285640.059738,0.003906
avg_waiting,maskable_a2c__mask_true,ppo__mask_false,180406175.257161,0.003906
avg_waiting,maskable_a2c__mask_true,ppo__mask_false,181526710.454584,0.003906
avg_waiting,maskable_a2c__mask_true,ppo__mask_false,182647245.652006,0.003906
avg_waiting,maskable_a2c__mask_true,ppo__mask_false,183767780.849429,0.003906
avg_waiting,maskable_a2c__mask_true,ppo__mask_false,184888316.046852,0.003906
avg_waiting,maskable_a2c__mask_true,ppo__mask_false,186008851.244274,0.003906
avg_waiting,maskable_a2c__mask_true,ppo__mask_false,187129386.441697,0.003906
avg_waiting,maskable_a2c__mask_true,ppo__mask_false,188249921.639120,0.003906
avg_waiting,maskable_a2c__mask_true,ppo__mask_false,189370456.836542,0.003906
avg_waiting,maskable_a2c__mask_true,ppo__mask_false,190490992.033965,0.003906
avg_waiting,maskable_a2c__mask_true,ppo__mask_false,191611527.231388,0.003906
avg_waiting,maskable_a2c__mask_true,ppo__mask_false,192732062.428811,0.003906
avg_waiting,maskable_a2c__mask_true,ppo__mask_false,193852597.626233,0.003906
avg_waiting,maskable_a2c__mask_true,ppo__mask_false,194973132.823656,0.003906
avg_waiting,maskable_a2c__mask_true,ppo__mask_false,196093668.021079,0.003906
avg_waiting,maskable_a2c__mask_true,ppo__mask_false,197214203.218501,0.003906
avg_waiting,maskable_a2c__mask_true,ppo__mask_false,198334738.415924,0.003906
avg_waiting,maskable_a2c__mask_true,ppo__mask_false,199455273.613347,0.003906
avg_waiting,maskable_a2c__mask_true,ppo__mask_false,200575808.810769,0.003906
avg_waiting,maskable_a2c__mask_true,ppo__mask_false,201696344.008192,0.003906
avg_waiting,maskable_a2c__mask_true,ppo__mask_false,202816879.205615,0.003906
avg_waiting,maskable_a2c__mask_true,ppo__mask_false,203937414.403037,0.003906
avg_waiting,maskable_a2c__mask_true,ppo__mask_false,205057949.600460,0.003906
avg_waiting,maskable_a2c__mask_true,ppo__mask_false,206178484.797883,0.003906
avg_waiting,maskable_a2c__mask_true,ppo__mask_false,207299019.995306,0.003906
avg_waiting,maskable_a2c__mask_true,ppo__mask_false,208419555.192728,0.003906
avg_waiting,maskable_a2c__mask_true,ppo__mask_false,209540090.390151,0.003906
avg_waiting,maskable_a2c__mask_true,ppo__mask_false,210660625.587574,0.003906
avg_waiting,maskable_a2c__mask_true,ppo__mask_false,211781160.784996,0.003906
avg_waiting,maskable_a2c__mask_true,ppo__mask_false,212901695.982419,0.003906
avg_waiting,maskable_a2c__mask_true,ppo__mask_false,214022231.179842,0.003906
avg_waiting,maskable_a2c__mask_true,ppo__mask_false,215142766.377264,0.003906
avg_waiting,maskable_a2c__mask_true,ppo__mask_false,216263301.574687,0.003906
avg_waiting,maskable_a2c__mask_true,ppo__mask_false,217383836.772110,0.003906
avg_waiting,maskable_a2c__mask_true,ppo__mask_false,218504371.969533,0.003906
avg_waiting,maskable_a2c__mask_true,ppo__mask_false,219624907.166955,0.003906
avg_waiting,maskable_a2c__mask_true,ppo__mask_false,220745442.364378,0.003906
avg_waiting,maskable_a2c__mask_true,ppo__mask_false,221865977.561801,0.003906
avg_waiting,maskable_a2c__mask_true,ppo__mask_false,222986512.759223,0.003906
avg_waiting,maskable_dqn__mask_true,ppo__mask_false,146.372744,0.003906
avg_waiting,maskable_dqn__mask_true,ppo__mask_false,717.103731,0.005859
avg_waiting,maskable_dqn__mask_true,ppo__mask_false,1287.834718,0.009766
avg_waiting,maskable_dqn__mask_true,ppo__mask_false,1858.565706,0.009766
avg_waiting,maskable_dqn__mask_true,ppo__mask_false,2429.296693,0.013672
avg_waiting,maskable_dqn__mask_true,ppo__mask_false,3000.027680,0.019531
avg_waiting,maskable_dqn__mask_true,ppo__mask_false,3570.758667,0.019531
avg_waiting,maskable_dqn__mask_true,ppo__mask_false,4141.489654,0.019531
avg_waiting,maskable_dqn__mask_true,ppo__mask_false,4712.220642,0.027344
avg_waiting,maskable_dqn__mask_true,ppo__mask_false,5282.951629,0.027344
avg_waiting,maskable_dqn__mask_true,ppo__mask_false,5853.682616,0.027344
avg_waiting,maskable_dqn__mask_true,ppo__mask_false,6424.413603,0.027344
avg_waiting,maskable_dqn__mask_true,ppo__mask_false,6995.144590,0.027344
avg_waiting,maskable_dqn__mask_true,ppo__mask_false,7565.875578,0.027344
avg_waiting,maskable_dqn__mask_true,ppo__mask_false,8136.606565,0.027344
avg_waiting,maskable_dqn__mask_true,ppo__mask_false,8707.337552,0.037109
avg_waiting,maskable_dqn__mask_true,ppo__mask_false,9278.068539,0.048828
avg_waiting,maskable_dqn__mask_true,ppo__mask_false,9848.799526,0.048828
avg_waiting,maskable_dqn__mask_true,ppo__mask_false,10419.530513,0.048828
avg_waiting,maskable_dqn__mask_true,ppo__mask_false,10990.261501,0.064453
avg_waiting,maskable_dqn__mask_true,ppo__mask_false,11560.992488,0.064453
avg_waiting,maskable_dqn__mask_true,ppo__mask_false,12131.723475,0.064453
avg_waiting,maskable_dqn__mask_true,ppo__mask_false,12702.454462,0.064453
avg_waiting,maskable_dqn__mask_true,ppo__mask_false,13273.185449,0.064453
avg_waiting,maskable_dqn__mask_true,ppo__mask_false,13843.916437,0.064453
avg_waiting,maskable_dqn__mask_true,ppo__mask_false,14414.647424,0.064453
avg_waiting,maskable_dqn__mask_true,ppo__mask_false,14985.378411,0.064453
avg_waiting,maskable_dqn__mask_true,ppo__mask_false,15556.109398,0.064453
avg_waiting,maskable_dqn__mask_true,ppo__mask_false,16126.840385,0.064453
avg_waiting,maskable_dqn__mask_true,ppo__mask_false,16697.571373,0.064453
avg_waiting,maskable_dqn__mask_true,ppo__mask_false,17268.302360,0.083984
avg_waiting,maskable_dqn__mask_true,ppo__mask_false,17839.033347,0.083984
avg_waiting,maskable_dqn__mask_true,ppo__mask_false,18409.764334,0.105469
avg_waiting,maskable_dqn__mask_true,ppo__mask_false,18980.495321,0.130859
avg_waiting,maskable_dqn__mask_true,ppo__mask_false,19551.226309,0.130859
avg_waiting,maskable_dqn__mask_true,ppo__mask_false,20121.957296,0.130859
avg_waiting,maskable_dqn__mask_true,ppo__mask_false,20692.688283,0.160156
avg_waiting,maskable_dqn__mask_true,ppo__mask_false,21263.419270,0.160156
avg_waiting,maskable_dqn__mask_true,ppo__mask_false,21834.150257,0.160156
avg_waiting,maskable_dqn__mask_true,ppo__mask_false,22404.881244,0.160156
avg_waiting,maskable_dqn__mask_true,ppo__mask_false,22975.612232,0.160156
avg_waiting,maskable_dqn__mask_true,ppo__mask_false,23546.343219,0.160156
avg_waiting,maskable_dqn__mask_true,ppo__mask_false,24117.074206,0.160156
avg_waiting,maskable_dqn__mask_true,ppo__mask_false,24687.805193,0.160156
avg_waiting,maskable_dqn__mask_true,ppo__mask_false,25258.536180,0.160156
avg_waiting,maskable_dqn__mask_true,ppo__mask_false,25829.267168,0.160156
avg_waiting,maskable_dqn__mask_true,ppo__mask_false,26399.998155,0.160156
avg_waiting,maskable_dqn__mask_true,ppo__mask_false,26970.729142,0.232422
avg_waiting,maskable_dqn__mask_true,ppo__mask_false,27541.460129,0.275391
avg_waiting,maskable_dqn__mask_true,ppo__mask_false,28112.191116,0.275391
avg_waiting,maskable_dqn__mask_true,ppo__mask_false,28682.922104,0.322266
avg_waiting,maskable_dqn__mask_true,ppo__mask_false,29253.653091,0.431641
avg_waiting,maskable_dqn__mask_true,ppo__mask_false,29824.384078,0.431641
avg_waiting,maskable_dqn__mask_true,ppo__mask_false,30395.115065,0.431641
avg_waiting,maskable_dqn__mask_true,ppo__mask_false,30965.846052,0.492188
avg_waiting,maskable_dqn__mask_true,ppo__mask_false,31536.577040,0.492188
avg_waiting,maskable_dqn__mask_true,ppo__mask_false,32107.308027,0.492188
avg_waiting,maskable_dqn__mask_true,ppo__mask_false,32678.039014,0.492188
avg_waiting,maskable_dqn__mask_true,ppo__mask_false,33248.770001,0.492188
avg_waiting,maskable_dqn__mask_true,ppo__mask_false,33819.500988,0.492188
avg_waiting,maskable_dqn__mask_true,ppo__mask_false,34390.231975,0.492188
avg_waiting,maskable_dqn__mask_true,ppo__mask_false,34960.962963,0.492188
avg_waiting,maskable_dqn__mask_true,ppo__mask_false,35531.693950,0.556641
avg_waiting,maskable_dqn__mask_true,ppo__mask_false,36102.424937,0.556641
avg_waiting,maskable_dqn__mask_true,ppo__mask_false,36673.155924,0.695312
avg_waiting,maskable_dqn__mask_true,ppo__mask_false,37243.886911,0.845703
avg_waiting,maskable_dqn__mask_true,ppo__mask_false,37814.617899,0.845703
avg_waiting,maskable_dqn__mask_true,ppo__mask_false,38385.348886,0.845703
avg_waiting,maskable_dqn__mask_true,ppo__mask_false,38956.079873,0.921875
avg_waiting,maskable_dqn__mask_true,ppo__mask_false,39526.810860,0.921875
avg_waiting,maskable_dqn__mask_true,ppo__mask_false,40097.541847,0.921875
avg_waiting,maskable_dqn__mask_true,ppo__mask_false,40668.272835,0.921875
avg_waiting,maskable_dqn__mask_true,ppo__mask_false,41239.003822,0.921875
avg_waiting,maskable_dqn__mask_true,ppo__mask_false,41809.734809,0.921875
avg_waiting,maskable_dqn__mask_true,ppo__mask_false,42380.465796,0.921875
avg_waiting,maskable_dqn__mask_true,ppo__mask_false,42951.196783,0.921875
avg_waiting,maskable_dqn__mask_true,ppo__mask_false,43521.927771,0.921875
avg_waiting,maskable_dqn__mask_true,ppo__mask_false,44092.658758,0.921875
avg_waiting,maskable_dqn__mask_true,ppo__mask_false,44663.389745,0.921875
avg_waiting,maskable_dqn__mask_true,ppo__mask_false,45234.120732,1.000000
avg_waiting,maskable_dqn__mask_true,ppo__mask_false,45804.851719,0.921875
avg_waiting,maskable_dqn__mask_true,ppo__mask_false,46375.582706,0.845703
avg_waiting,maskable_dqn__mask_true,ppo__mask_false,46946.313694,0.769531
avg_waiting,maskable_dqn__mask_true,ppo__mask_false,47517.044681,0.769531
avg_waiting,maskable_dqn__mask_true,ppo__mask_false,48087.775668,0.695312
avg_waiting,maskable_dqn__mask_true,ppo__mask_false,48658.506655,0.695312
avg_waiting,maskable_dqn__mask_true,ppo__mask_false,49229.237642,0.695312
avg_waiting,maskable_dqn__mask_true,ppo__mask_false,49799.968630,0.695312
avg_waiting,maskable_dqn__mask_true,ppo__mask_false,50370.699617,0.695312
avg_waiting,maskable_dqn__mask_true,ppo__mask_false,50941.430604,0.695312
avg_waiting,maskable_dqn__mask_true,ppo__mask_false,51512.161591,0.695312
avg_waiting,maskable_dqn__mask_true,ppo__mask_false,52082.892578,0.695312
avg_waiting,maskable_dqn__mask_true,ppo__mask_false,52653.623566,0.695312
avg_waiting,maskable_dqn__mask_true,ppo__mask_false,53224.354553,0.625000
avg_waiting,maskable_dqn__mask_true,ppo__mask_false,53795.085540,0.625000
avg_waiting,maskable_dqn__mask_true,ppo__mask_false,54365.816527,0.556641
avg_waiting,maskable_dqn__mask_true,ppo__mask_false,54936.547514,0.492188
avg_waiting,maskable_dqn__mask_true,ppo__mask_false,55507.278502,0.431641
avg_waiting,maskable_dqn__mask_true,ppo__mask_false,56078.009489,0.431641
avg_waiting,maskable_dqn__mask_true,ppo__mask_false,56648.740476,0.431641
avg_waiting,maskable_dqn__mask_true,ppo__mask_false,57219.471463,0.375000
avg_waiting,maskable_dqn__mask_true,ppo__mask_false,57790.202450,0.375000
avg_waiting,maskable_dqn__mask_true,ppo__mask_false,58360.933437,0.322266
avg_waiting,maskable_dqn__mask_true,ppo__mask_false,58931.664425,0.275391
avg_waiting,maskable_dqn__mask_true,ppo__mask_false,59502.395412,0.275391
avg_waiting,maskable_dqn__mask_true,ppo__mask_false,60073.126399,0.275391
avg_waiting,maskable_dqn__mask_true,ppo__mask_false,60643.857386,0.232422
avg_waiting,maskable_dqn__mask_true,ppo__mask_false,61214.588373,0.232422
avg_waiting,maskable_dqn__mask_true,ppo__mask_false,61785.319361,0.232422
avg_waiting,maskable_dqn__mask_true,ppo__mask_false,62356.050348,0.232422
avg_waiting,maskable_dqn__mask_true,ppo__mask_false,62926.781335,0.232422
avg_waiting,maskable_dqn__mask_true,ppo__mask_false,63497.512322,0.193359
avg_waiting,maskable_dqn__mask_true,ppo__mask_false,64068.243309,0.160156
avg_waiting,maskable_dqn__mask_true,ppo__mask_false,64638.974297,0.160156
avg_waiting,maskable_dqn__mask_true,ppo__mask_false,65209.705284,0.130859
avg_waiting,maskable_dqn__mask_true,ppo__mask_false,65780.436271,0.130859
avg_waiting,maskable_dqn__mask_true,ppo__mask_false,66351.167258,0.130859
avg_waiting,maskable_dqn__mask_true,ppo__mask_false,66921.898245,0.105469
avg_waiting,maskable_dqn__mask_true,ppo__mask_false,67492.629233,0.105469
avg_waiting,maskable_dqn__mask_true,ppo__mask_false,68063.360220,0.105469
avg_waiting,maskable_dqn__mask_true,ppo__mask_false,68634.091207,0.105469
avg_waiting,maskable_dqn__mask_true,ppo__mask_false,69204.822194,0.105469
avg_waiting,maskable_dqn__mask_true,ppo__mask_false,69775.553181,0.105469
avg_waiting,maskable_dqn__mask_true,ppo__mask_false,70346.284169,0.105469
avg_waiting,maskable_dqn__mask_true,ppo__mask_false,70917.015156,0.105469
avg_waiting,maskable_dqn__mask_true,ppo__mask_false,71487.746143,0.105469
avg_waiting,maskable_dqn__mask_true,ppo__mask_false,72058.477130,0.105469
avg_waiting,maskable_dqn__mask_true,ppo__mask_false,72629.208117,0.083984
avg_waiting,maskable_dqn__mask_true,ppo__mask_false,73199.939104,0.064453
avg_waiting,maskable_dqn__mask_true,ppo__mask_false,73770.670092,0.064453
avg_waiting,maskable_dqn__mask_true,ppo__mask_false,74341.401079,0.048828
avg_waiting,maskable_dqn__mask_true,ppo__mask_false,74912.132066,0.048828
avg_waiting,maskable_dqn__mask_true,ppo__mask_false,75482.863053,0.048828
avg_waiting,maskable_dqn__mask_true,ppo__mask_false,76053.594040,0.048828
avg_waiting,maskable_dqn__mask_true,ppo__mask_false,76624.325028,0.037109
avg_waiting,maskable_dqn__mask_true,ppo__mask_false,77195.056015,0.037109
avg_waiting,maskable_dqn__mask_true,ppo__mask_false,77765.787002,0.037109
avg_waiting,maskable_dqn__mask_true,ppo__mask_false,78336.517989,0.037109
avg_waiting,maskable_dqn__mask_true,ppo__mask_false,78907.248976,0.037109
avg_waiting,maskable_dqn__mask_true,ppo__mask_false,79477.979964,0.037109
avg_waiting,maskable_dqn__mask_true,ppo__mask_false,80048.710951,0.037109
avg_waiting,maskable_dqn__mask_true,ppo__mask_false,80619.441938,0.037109
avg_waiting,maskable_dqn__mask_true,ppo__mask_false,81190.172925,0.037109
avg_waiting,maskable_dqn__mask_true,ppo__mask_false,81760.903912,0.037109
avg_waiting,maskable_dqn__mask_true,ppo__mask_false,82331.634900,0.027344
avg_waiting,maskable_dqn__mask_true,ppo__mask_false,82902.365887,0.027344
avg_waiting,maskable_dqn__mask_true,ppo__mask_false,83473.096874,0.027344
avg_waiting,maskable_dqn__mask_true,ppo__mask_false,84043.827861,0.027344
avg_waiting,maskable_dqn__mask_true,ppo__mask_false,84614.558848,0.019531
avg_waiting,maskable_dqn__mask_true,ppo__mask_false,85185.289835,0.019531
avg_waiting,maskable_dqn__mask_true,ppo__mask_false,85756.020823,0.019531
avg_waiting,maskable_dqn__mask_true,ppo__mask_false,86326.751810,0.019531
avg_waiting,maskable_dqn__mask_true,ppo__mask_false,86897.482797,0.013672
avg_waiting,maskable_dqn__mask_true,ppo__mask_false,87468.213784,0.013672
avg_waiting,maskable_dqn__mask_true,ppo__mask_false,88038.944771,0.013672
avg_waiting,maskable_dqn__mask_true,ppo__mask_false,88609.675759,0.013672
avg_waiting,maskable_dqn__mask_true,ppo__mask_false,89180.406746,0.013672
avg_waiting,maskable_dqn__mask_true,ppo__mask_false,89751.137733,0.013672
avg_waiting,maskable_dqn__mask_true,ppo__mask_false,90321.868720,0.013672
avg_waiting,maskable_dqn__mask_true,ppo__mask_false,90892.599707,0.013672
avg_waiting,maskable_dqn__mask_true,ppo__mask_false,91463.330695,0.009766
avg_waiting,maskable_dqn__mask_true,ppo__mask_false,92034.061682,0.009766
avg_waiting,maskable_dqn__mask_true,ppo__mask_false,92604.792669,0.009766
avg_waiting,maskable_dqn__mask_true,ppo__mask_false,93175.523656,0.009766
avg_waiting,maskable_dqn__mask_true,ppo__mask_false,93746.254643,0.009766
avg_waiting,maskable_dqn__mask_true,ppo__mask_false,94316.985631,0.009766
avg_waiting,maskable_dqn__mask_true,ppo__mask_false,94887.716618,0.005859
avg_waiting,maskable_dqn__mask_true,ppo__mask_false,95458.447605,0.005859
avg_waiting,maskable_dqn__mask_true,ppo__mask_false,96029.178592,0.005859
avg_waiting,maskable_dqn__mask_true,ppo__mask_false,96599.909579,0.005859
avg_waiting,maskable_dqn__mask_true,ppo__mask_false,97170.640566,0.005859
avg_waiting,maskable_dqn__mask_true,ppo__mask_false,97741.371554,0.005859
avg_waiting,maskable_dqn__mask_true,ppo__mask_false,98312.102541,0.005859
avg_waiting,maskable_dqn__mask_true,ppo__mask_false,98882.833528,0.005859
avg_waiting,maskable_dqn__mask_true,ppo__mask_false,99453.564515,0.005859
avg_waiting,maskable_dqn__mask_true,ppo__mask_false,100024.295502,0.005859
avg_waiting,maskable_dqn__mask_true,ppo__mask_false,100595.026490,0.005859
avg_waiting,maskable_dqn__mask_true,ppo__mask_false,101165.757477,0.005859
avg_waiting,maskable_dqn__mask_true,ppo__mask_false,101736.488464,0.005859
avg_waiting,maskable_dqn__mask_true,ppo__mask_false,102307.219451,0.005859
avg_waiting,maskable_dqn__mask_true,ppo__mask_false,102877.950438,0.005859
avg_waiting,maskable_dqn__mask_true,ppo__mask_false,103448.681426,0.005859
avg_waiting,maskable_dqn__mask_true,ppo__mask_false,104019.412413,0.003906
avg_waiting,maskable_dqn__mask_true,ppo__mask_false,104590.143400,0.003906
avg_waiting,maskable_dqn__mask_true,ppo__mask_false,105160.874387,0.003906
avg_waiting,maskable_dqn__mask_true,ppo__mask_false,105731.605374,0.003906
avg_waiting,maskable_dqn__mask_true,ppo__mask_false,106302.336362,0.003906
avg_waiting,maskable_dqn__mask_true,ppo__mask_false,106873.067349,0.003906
avg_waiting,maskable_dqn__mask_true,ppo__mask_false,107443.798336,0.003906
avg_waiting,maskable_dqn__mask_true,ppo__mask_false,108014.529323,0.003906
avg_waiting,maskable_dqn__mask_true,ppo__mask_false,108585.260310,0.003906
avg_waiting,maskable_dqn__mask_true,ppo__mask_false,109155.991297,0.003906
avg_waiting,maskable_dqn__mask_true,ppo__mask_false,109726.722285,0.003906
avg_waiting,maskable_dqn__mask_true,ppo__mask_false,110297.453272,0.003906
avg_waiting,maskable_dqn__mask_true,ppo__mask_false,110868.184259,0.003906
avg_waiting,maskable_dqn__mask_true,ppo__mask_false,111438.915246,0.003906
avg_waiting,maskable_dqn__mask_true,ppo__mask_false,112009.646233,0.003906
avg_waiting,maskable_dqn__mask_true,ppo__mask_false,112580.377221,0.003906
avg_waiting,maskable_dqn__mask_true,ppo__mask_false,113151.108208,0.003906
avg_waiting,maskable_dqn__mask_true,ppo__mask_false,113721.839195,0.003906
avg_slowdown,maskable_a2c__mask_true,maskable_dqn__mask_true,-1880.020363,0.003906
avg_slowdown,maskable_a2c__mask_true,maskable_dqn__mask_true,28760.115265,0.083984
avg_slowdown,maskable_a2c__mask_true,maskable_dqn__mask_true,59400.250893,0.083984
avg_slowdown,maskable_a2c__mask_true,maskable_dqn__mask_true,90040.386521,0.083984
avg_slowdown,maskable_a2c__mask_true,maskable_dqn__mask_true,120680.522150,0.083984
avg_slowdown,maskable_a2c__mask_true,maskable_dqn__mask_true,151320.657778,0.083984
avg_slowdown,maskable_a2c__mask_true,maskable_dqn__mask_true,181960.793406,0.083984
avg_slowdown,maskable_a2c__mask_true,maskable_dqn__mask_true,212600.929035,0.083984
avg_slowdown,maskable_a2c__mask_true,maskable_dqn__mask_true,243241.064663,0.083984
avg_slowdown,maskable_a2c__mask_true,maskable_dqn__mask_true,273881.200291,0.083984
avg_slowdown,maskable_a2c__mask_true,maskable_dqn__mask_true,304521.335919,0.083984
avg_slowdown,maskable_a2c__mask_true,maskable_dqn__mask_true,335161.471548,0.083984
avg_slowdown,maskable_a2c__mask_true,maskable_dqn__mask_true,365801.607176,0.083984
avg_slowdown,maskable_a2c__mask_true,maskable_dqn__mask_true,396441.742804,0.083984
avg_slowdown,maskable_a2c__mask_true,maskable_dqn__mask_true,427081.878433,0.083984
avg_slowdown,maskable_a2c__mask_true,maskable_dqn__mask_true,457722.014061,0.083984
avg_slowdown,maskable_a2c__mask_true,maskable_dqn__mask_true,488362.149689,0.083984
avg_slowdown,maskable_a2c__mask_true,maskable_dqn__mask_true,519002.285317,0.083984
avg_slowdown,maskable_a2c__mask_true,maskable_dqn__mask_true,549642.420946,0.083984
avg_slowdown,maskable_a2c__mask_true,maskable_dqn__mask_true,580282.556574,0.083984
avg_slowdown,maskable_a2c__mask_true,maskable_dqn__mask_true,610922.692202,0.083984
avg_slowdown,maskable_a2c__mask_true,maskable_dqn__mask_true,641562.827831,0.083984
avg_slowdown,maskable_a2c__mask_true,maskable_dqn__mask_true,672202.963459,0.083984
avg_slowdown,maskable_a2c__mask_true,maskable_dqn__mask_true,702843.099087,0.083984
avg_slowdown,maskable_a2c__mask_true,maskable_dqn__mask_true,733483.234715,0.083984
avg_slowdown,maskable_a2c__mask_true,maskable_dqn__mask_true,764123.370344,0.083984
avg_slowdown,maskable_a2c__mask_true,maskable_dqn__mask_true,794763.505972,0.083984
avg_slowdown,maskable_a2c__mask_true,maskable_dqn__mask_true,825403.641600,0.083984
avg_slowdown,maskable_a2c__mask_true,maskable_dqn__mask_true,856043.777229,0.083984
avg_slowdown,maskable_a2c__mask_true,maskable_dqn__mask_true,886683.912857,0.083984
avg_slowdown,maskable_a2c__mask_true,maskable_dqn__mask_true,917324.048485,0.083984
avg_slowdown,maskable_a2c__mask_true,maskable_dqn__mask_true,947964.184113,0.083984
avg_slowdown,maskable_a2c__mask_true,maskable_dqn__mask_true,978604.319742,0.083984
avg_slowdown,maskable_a2c__mask_true,maskable_dqn__mask_true,1009244.455370,0.083984
avg_slowdown,maskable_a2c__mask_true,maskable_dqn__mask_true,1039884.590998,0.083984
avg_slowdown,maskable_a2c__mask_true,maskable_dqn__mask_true,1070524.726627,0.083984
avg_slowdown,maskable_a2c__mask_true,maskable_dqn__mask_true,1101164.862255,0.083984
avg_slowdown,maskable_a2c__mask_true,maskable_dqn__mask_true,1131804.997883,0.083984
avg_slowdown,maskable_a2c__mask_true,maskable_dqn__mask_true,1162445.133511,0.083984
avg_slowdown,maskable_a2c__mask_true,maskable_dqn__mask_true,1193085.269140,0.083984
avg_slowdown,maskable_a2c__mask_true,maskable_dqn__mask_true,1223725.404768,0.083984
avg_slowdown,maskable_a2c__mask_true,maskable_dqn__mask_true,1254365.540396,0.083984
avg_slowdown,maskable_a2c__mask_true,maskable_dqn__mask_true,1285005.676025,0.083984
avg_slowdown,maskable_a2c__mask_true,maskable_dqn__mask_true,1315645.811653,0.083984
avg_slowdown,maskable_a2c__mask_true,maskable_dqn__mask_true,1346285.947281,0.083984
avg_slowdown,maskable_a2c__mask_true,maskable_dqn__mask_true,1376926.082909,0.083984
avg_slowdown,maskable_a2c__mask_true,maskable_dqn__mask_true,1407566.218538,0.083984
avg_slowdown,maskable_a2c__mask_true,maskable_dqn__mask_true,1438206.354166,0.083984
avg_slowdown,maskable_a2c__mask_true,maskable_dqn__mask_true,1468846.489794,0.083984
avg_slowdown,maskable_a2c__mask_true,maskable_dqn__mask_true,1499486.625423,0.083984
avg_slowdown,maskable_a2c__mask_true,maskable_dqn__mask_true,1530126.761051,0.083984
avg_slowdown,maskable_a2c__mask_true,maskable_dqn__mask_true,1560766.896679,0.083984
avg_slowdown,maskable_a2c__mask_true,maskable_dqn__mask_true,1591407.032307,0.083984
avg_slowdown,maskable_a2c__mask_true,maskable_dqn__mask_true,1622047.167936,0.083984
avg_slowdown,maskable_a2c__mask_true,maskable_dqn__mask_true,1652687.303564,0.083984
avg_slowdown,maskable_a2c__mask_true,maskable_dqn__mask_true,1683327.439192,0.083984
avg_slowdown,maskable_a2c__mask_true,maskable_dqn__mask_true,1713967.574821,0.083984
avg_slowdown,maskable_a2c__mask_true,maskable_dqn__mask_true,1744607.710449,0.083984
avg_slowdown,maskable_a2c__mask_true,maskable_dqn__mask_true,1775247.846077,0.083984
avg_slowdown,maskable_a2c__mask_true,maskable_dqn__mask_true,1805887.981705,0.083984
avg_slowdown,maskable_a2c__mask_true,maskable_dqn__mask_true,1836528.117334,0.083984
avg_slowdown,maskable_a2c__mask_true,maskable_dqn__mask_true,1867168.252962,0.083984
avg_slowdown,maskable_a2c__mask_true,maskable_dqn__mask_true,1897808.388590,0.083984
avg_slowdown,maskable_a2c__mask_true,maskable_dqn__mask_true,1928448.524219,0.083984
avg_slowdown,maskable_a2c__mask_true,maskable_dqn__mask_true,1959088.659847,0.083984
avg_slowdown,maskable_a2c__mask_true,maskable_dqn__mask_true,1989728.795475,0.083984
avg_slowdown,maskable_a2c__mask_true,maskable_dqn__mask_true,2020368.931103,0.083984
avg_slowdown,maskable_a2c__mask_true,maskable_dqn__mask_true,2051009.066732,0.083984
avg_slowdown,maskable_a2c__mask_true,maskable_dqn__mask_true,2081649.202360,0.083984
avg_slowdown,maskable_a2c__mask_true,maskable_dqn__mask_true,2112289.337988,0.083984
avg_slowdown,maskable_a2c__mask_true,maskable_dqn__mask_true,2142929.473617,0.083984
avg_slowdown,maskable_a2c__mask_true,maskable_dqn__mask_true,2173569.609245,0.083984
avg_slowdown,maskable_a2c__mask_true,maskable_dqn__mask_true,2204209.744873,0.083984
avg_slowdown,maskable_a2c__mask_true,maskable_dqn__mask_true,2234849.880501,0.083984
avg_slowdown,maskable_a2c__mask_true,maskable_dqn__mask_true,2265490.016130,0.083984
avg_slowdown,maskable_a2c__mask_true,maskable_dqn__mask_true,2296130.151758,0.083984
avg_slowdown,maskable_a2c__mask_true,maskable_dqn__mask_true,2326770.287386,0.083984
avg_slowdown,maskable_a2c__mask_true,maskable_dqn__mask_true,2357410.423015,0.083984
avg_slowdown,maskable_a2c__mask_true,maskable_dqn__mask_true,2388050.558643,0.083984
avg_slowdown,maskable_a2c__mask_true,maskable_dqn__mask_true,2418690.694271,0.083984
avg_slowdown,maskable_a2c__mask_true,maskable_dqn__mask_true,2449330.829899,0.083984
avg_slowdown,maskable_a2c__mask_true,maskable_dqn__mask_true,2479970.965528,0.083984
avg_slowdown,maskable_a2c__mask_true,maskable_dqn__mask_true,2510611.101156,0.083984
avg_slowdown,maskable_a2c__mask_true,maskable_dqn__mask_true,2541251.236784,0.083984
avg_slowdown,maskable_a2c__mask_true,maskable_dqn__mask_true,2571891.372413,0.083984
avg_slowdown,maskable_a2c__mask_true,maskable_dqn__mask_true,2602531.508041,0.083984
avg_slowdown,maskable_a2c__mask_true,maskable_dqn__mask_true,2633171.643669,0.083984
avg_slowdown,maskable_a2c__mask_true,maskable_dqn__mask_true,2663811.779297,0.083984
avg_slowdown,maskable_a2c__mask_true,maskable_dqn__mask_true,2694451.914926,0.083984
avg_slowdown,maskable_a2c__mask_true,maskable_dqn__mask_true,2725092.050554,0.083984
avg_slowdown,maskable_a2c__mask_true,maskable_dqn__mask_true,2755732.186182,0.083984
avg_slowdown,maskable_a2c__mask_true,maskable_dqn__mask_true,2786372.321811,0.083984
avg_slowdown,maskable_a2c__mask_true,maskable_dqn__mask_true,2817012.457439,0.083984
avg_slowdown,maskable_a2c__mask_true,maskable_dqn__mask_true,2847652.593067,0.083984
avg_slowdown,maskable_a2c__mask_true,maskable_dqn__mask_true,2878292.728695,0.083984
avg_slowdown,maskable_a2c__mask_true,maskable_dqn__mask_true,2908932.864324,0.083984
avg_slowdown,maskable_a2c__mask_true,maskable_dqn__mask_true,2939572.999952,0.083984
avg_slowdown,maskable_a2c__mask_true,maskable_dqn__mask_true,2970213.135580,0.083984
avg_slowdown,maskable_a2c__mask_true,maskable_dqn__mask_true,3000853.271209,0.083984
avg_slowdown,maskable_a2c__mask_true,maskable_dqn__mask_true,3031493.406837,0.083984
avg_slowdown,maskable_a2c__mask_true,maskable_dqn__mask_true,3062133.542465,0.083984
avg_slowdown,maskable_a2c__mask_true,maskable_dqn__mask_true,3092773.678093,0.083984
avg_slowdown,maskable_a2c__mask_true,maskable_dqn__mask_true,3123413.813722,0.083984
avg_slowdown,maskable_a2c__mask_true,maskable_dqn__mask_true,3154053.949350,0.083984
avg_slowdown,maskable_a2c__mask_true,maskable_dqn__mask_true,3184694.084978,0.083984
avg_slowdown,maskable_a2c__mask_true,maskable_dqn__mask_true,3215334.220607,0.083984
avg_slowdown,maskable_a2c__mask_true,maskable_dqn__mask_true,3245974.356235,0.083984
avg_slowdown,maskable_a2c__mask_true,maskable_dqn__mask_true,3276614.491863,0.083984
avg_slowdown,maskable_a2c__mask_true,maskable_dqn__mask_true,3307254.627491,0.083984
avg_slowdown,maskable_a2c__mask_true,maskable_dqn__mask_true,3337894.763120,0.083984
avg_slowdown,maskable_a2c__mask_true,maskable_dqn__mask_true,3368534.898748,0.003906
avg_slowdown,maskable_a2c__mask_true,maskable_dqn__mask_true,3399175.034376,0.003906
avg_slowdown,maskable_a2c__mask_true,maskable_dqn__mask_true,3429815.170005,0.003906
avg_slowdown,maskable_a2c__mask_true,maskable_dqn__mask_true,3460455.305633,0.003906
avg_slowdown,maskable_a2c__mask_true,maskable_dqn__mask_true,3491095.441261,0.003906
avg_slowdown,maskable_a2c__mask_true,maskable_dqn__mask_true,3521735.576889,0.003906
avg_slowdown,maskable_a2c__mask_true,maskable_dqn__mask_true,3552375.712518,0.003906
avg_slowdown,maskable_a2c__mask_true,maskable_dqn__mask_true,3583015.848146,0.003906
avg_slowdown,maskable_a2c__mask_true,maskable_dqn__mask_true,3613655.983774,0.003906
avg_slowdown,maskable_a2c__mask_true,maskable_dqn__mask_true,3644296.119403,0.003906
avg_slowdown,maskable_a2c__mask_true,maskable_dqn__mask_true,3674936.255031,0.003906
avg_slowdown,maskable_a2c__mask_true,maskable_dqn__mask_true,3705576.390659,0.003906
avg_slowdown,maskable_a2c__mask_true,maskable_dqn__mask_true,3736216.526287,0.003906
avg_slowdown,maskable_a2c__mask_true,maskable_dqn__mask_true,3766856.661916,0.003906
avg_slowdown,maskable_a2c__mask_true,maskable_dqn__mask_true,3797496.797544,0.003906
avg_slowdown,maskable_a2c__mask_true,maskable_dqn__mask_true,3828136.933172,0.003906
avg_slowdown,maskable_a2c__mask_true,maskable_dqn__mask_true,3858777.068801,0.003906
avg_slowdown,maskable_a2c__mask_true,maskable_dqn__mask_true,3889417.204429,0.003906
avg_slowdown,maskable_a2c__mask_true,maskable_dqn__mask_true,3920057.340057,0.003906
avg_slowdown,maskable_a2c__mask_true,maskable_dqn__mask_true,3950697.475685,0.003906
avg_slowdown,maskable_a2c__mask_true,maskable_dqn__mask_true,3981337.611314,0.003906
avg_slowdown,maskable_a2c__mask_true,maskable_dqn__mask_true,4011977.746942,0.003906
avg_slowdown,maskable_a2c__mask_true,maskable_dqn__mask_true,4042617.882570,0.003906
avg_slowdown,maskable_a2c__mask_true,maskable_dqn__mask_true,4073258.018199,0.003906
avg_slowdown,maskable_a2c__mask_true,maskable_dqn__mask_true,4103898.153827,0.003906
avg_slowdown,maskable_a2c__mask_true,maskable_dqn__mask_true,4134538.289455,0.003906
avg_slowdown,maskable_a2c__mask_true,maskable_dqn__mask_true,4165178.425083,0.003906
avg_slowdown,maskable_a2c__mask_true,maskable_dqn__mask_true,4195818.560712,0.003906
avg_slowdown,maskable_a2c__mask_true,maskable_dqn__mask_true,4226458.696340,0.003906
avg_slowdown,maskable_a2c__mask_true,maskable_dqn__mask_true,4257098.831968,0.003906
avg_slowdown,maskable_a2c__mask_true,maskable_dqn__mask_true,4287738.967597,0.003906
avg_slowdown,maskable_a2c__mask_true,maskable_dqn__mask_true,4318379.103225,0.003906
avg_slowdown,maskable_a2c__mask_true,maskable_dqn__mask_true,4349019.238853,0.003906
avg_slowdown,maskable_a2c__mask_true,maskable_dqn__mask_true,4379659.374481,0.003906
avg_slowdown,maskable_a2c__mask_true,maskable_dqn__mask_true,4410299.510110,0.003906
avg_slowdown,maskable_a2c__mask_true,maskable_dqn__mask_true,4440939.645738,0.003906
avg_slowdown,maskable_a2c__mask_true,maskable_dqn__mask_true,4471579.781366,0.003906
avg_slowdown,maskable_a2c__mask_true,maskable_dqn__mask_true,4502219.916995,0.003906
avg_slowdown,maskable_a2c__mask_true,maskable_dqn__mask_true,4532860.052623,0.003906
avg_slowdown,maskable_a2c__mask_true,maskable_dqn__mask_true,4563500.188251,0.003906
avg_slowdown,maskable_a2c__mask_true,maskable_dqn__mask_true,4594140.323879,0.003906
avg_slowdown,maskable_a2c__mask_true,maskable_dqn__mask_true,4624780.459508,0.003906
avg_slowdown,maskable_a2c__mask_true,maskable_dqn__mask_true,4655420.595136,0.003906
avg_slowdown,maskable_a2c__mask_true,maskable_dqn__mask_true,4686060.730764,0.003906
avg_slowdown,maskable_a2c__mask_true,maskable_dqn__mask_true,4716700.866393,0.003906
avg_slowdown,maskable_a2c__mask_true,maskable_dqn__mask_true,4747341.002021,0.003906
avg_slowdown,maskable_a2c__mask_true,maskable_dqn__mask_true,4777981.137649,0.003906
avg_slowdown,maskable_a2c__mask_true,maskable_dqn__mask_true,4808621.273277,0.003906
avg_slowdown,maskable_a2c__mask_true,maskable_dqn__mask_true,4839261.408906,0.003906
avg_slowdown,maskable_a2c__mask_true,maskable_dqn__mask_true,4869901.544534,0.003906
avg_slowdown,maskable_a2c__mask_true,maskable_dqn__mask_true,4900541.680162,0.003906
avg_slowdown,maskable_a2c__mask_true,maskable_dqn__mask_true,4931181.815791,0.003906
avg_slowdown,maskable_a2c__mask_true,maskable_dqn__mask_true,4961821.951419,0.003906
avg_slowdown,maskable_a2c__mask_true,maskable_dqn__mask_true,4992462.087047,0.003906
avg_slowdown,maskable_a2c__mask_true,maskable_dqn__mask_true,5023102.222675,0.003906
avg_slowdown,maskable_a2c__mask_true,maskable_dqn__mask_true,5053742.358304,0.003906
avg_slowdown,maskable_a2c__mask_true,maskable_dqn__mask_true,5084382.493932,0.003906
avg_slowdown,maskable_a2c__mask_true,maskable_dqn__mask_true,5115022.629560,0.003906
avg_slowdown,maskable_a2c__mask_true,maskable_dqn__mask_true,5145662.765188,0.003906
avg_slowdown,maskable_a2c__mask_true,maskable_dqn__mask_true,5176302.900817,0.003906
avg_slowdown,maskable_a2c__mask_true,maskable_dqn__mask_true,5206943.036445,0.003906
avg_slowdown,maskable_a2c__mask_true,maskable_dqn__mask_true,5237583.172073,0.003906
avg_slowdown,maskable_a2c__mask_true,maskable_dqn__mask_true,5268223.307702,0.003906
avg_slowdown,maskable_a2c__mask_true,maskable_dqn__mask_true,5298863.443330,0.003906
avg_slowdown,maskable_a2c__mask_true,maskable_dqn__mask_true,5329503.578958,0.003906
avg_slowdown,maskable_a2c__mask_true,maskable_dqn__mask_true,5360143.714586,0.003906
avg_slowdown,maskable_a2c__mask_true,maskable_dqn__mask_true,5390783.850215,0.003906
avg_slowdown,maskable_a2c__mask_true,maskable_dqn__mask_true,5421423.985843,0.003906
avg_slowdown,maskable_a2c__mask_true,maskable_dqn__mask_true,5452064.121471,0.003906
avg_slowdown,maskable_a2c__mask_true,maskable_dqn__mask_true,5482704.257100,0.003906
avg_slowdown,maskable_a2c__mask_true,maskable_dqn__mask_true,5513344.392728,0.003906
avg_slowdown,maskable_a2c__mask_true,maskable_dqn__mask_true,5543984.528356,0.003906
avg_slowdown,maskable_a2c__mask_true,maskable_dqn__mask_true,5574624.663984,0.003906
avg_slowdown,maskable_a2c__mask_true,maskable_dqn__mask_true,5605264.799613,0.003906
avg_slowdown,maskable_a2c__mask_true,maskable_dqn__mask_true,5635904.935241,0.003906
avg_slowdown,maskable_a2c__mask_true,maskable_dqn__mask_true,5666545.070869,0.003906
avg_slowdown,maskable_a2c__mask_true,maskable_dqn__mask_true,5697185.206498,0.003906
avg_slowdown,maskable_a2c__mask_true,maskable_dqn__mask_true,5727825.342126,0.003906
avg_slowdown,maskable_a2c__mask_true,maskable_dqn__mask_true,5758465.477754,0.003906
avg_slowdown,maskable_a2c__mask_true,maskable_dqn__mask_true,5789105.613382,0.003906
avg_slowdown,maskable_a2c__mask_true,maskable_dqn__mask_true,5819745.749011,0.003906
avg_slowdown,maskable_a2c__mask_true,maskable_dqn__mask_true,5850385.884639,0.003906
avg_slowdown,maskable_a2c__mask_true,maskable_dqn__mask_true,5881026.020267,0.003906
avg_slowdown,maskable_a2c__mask_true,maskable_dqn__mask_true,5911666.155896,0.003906
avg_slowdown,maskable_a2c__mask_true,maskable_dqn__mask_true,5942306.291524,0.003906
avg_slowdown,maskable_a2c__mask_true,maskable_dqn__mask_true,5972946.427152,0.003906
avg_slowdown,maskable_a2c__mask_true,maskable_dqn__mask_true,6003586.562780,0.003906
avg_slowdown,maskable_a2c__mask_true,maskable_dqn__mask_true,6034226.698409,0.003906
avg_slowdown,maskable_a2c__mask_true,maskable_dqn__mask_true,6064866.834037,0.003906
avg_slowdown,maskable_a2c__mask_true,maskable_dqn__mask_true,6095506.969665,0.003906
avg_slowdown,maskable_dqn__mask_true,maskable_ppo__mask_true,2.817613,0.003906
avg_slowdown,maskable_dqn__mask_true,maskable_ppo__mask_true,13.827675,0.005859
avg_slowdown,maskable_dqn__mask_true,maskable_ppo__mask_true,24.837738,0.013672
avg_slowdown,maskable_dqn__mask_true,maskable_ppo__mask_true,35.847800,0.019531
avg_slowdown,maskable_dqn__mask_true,maskable_ppo__mask_true,46.857863,0.027344
avg_slowdown,maskable_dqn__mask_true,maskable_ppo__mask_true,57.867925,0.027344
avg_slowdown,maskable_dqn__mask_true,maskable_ppo__mask_true,68.877988,0.027344
avg_slowdown,maskable_dqn__mask_true,maskable_ppo__mask_true,79.888050,0.027344
avg_slowdown,maskable_dqn__mask_true,maskable_ppo__mask_true,90.898112,0.027344
avg_slowdown,maskable_dqn__mask_true,maskable_ppo__mask_true,101.908175,0.027344
avg_slowdown,maskable_dqn__mask_true,maskable_ppo__mask_true,112.918237,0.027344
avg_slowdown,maskable_dqn__mask_true,maskable_ppo__mask_true,123.928300,0.027344
avg_slowdown,maskable_dqn__mask_true,maskable_ppo__mask_true,134.938362,0.027344
avg_slowdown,maskable_dqn__mask_true,maskable_ppo__mask_true,145.948425,0.027344
avg_slowdown,maskable_dqn__mask_true,maskable_ppo__mask_true,156.958487,0.037109
avg_slowdown,maskable_dqn__mask_true,maskable_ppo__mask_true,167.968549,0.048828
avg_slowdown,maskable_dqn__mask_true,maskable_ppo__mask_true,178.978612,0.064453
avg_slowdown,maskable_dqn__mask_true,maskable_ppo__mask_true,189.988674,0.064453
avg_slowdown,maskable_dqn__mask_true,maskable_ppo__mask_true,200.998737,0.064453
avg_slowdown,maskable_dqn__mask_true,maskable_ppo__mask_true,212.008799,0.064453
avg_slowdown,maskable_dqn__mask_true,maskable_ppo__mask_true,223.018862,0.064453
avg_slowdown,maskable_dqn__mask_true,maskable_ppo__mask_true,234.028924,0.064453
avg_slowdown,maskable_dqn__mask_true,maskable_ppo__mask_true,245.038986,0.064453
avg_slowdown,maskable_dqn__mask_true,maskable_ppo__mask_true,256.049049,0.064453
avg_slowdown,maskable_dqn__mask_true,maskable_ppo__mask_true,267.059111,0.064453
avg_slowdown,maskable_dqn__mask_true,maskable_ppo__mask_true,278.069174,0.064453
avg_slowdown,maskable_dqn__mask_true,maskable_ppo__mask_true,289.079236,0.064453
avg_slowdown,maskable_dqn__mask_true,maskable_ppo__mask_true,300.089299,0.064453
avg_slowdown,maskable_dqn__mask_true,maskable_ppo__mask_true,311.099361,0.130859
avg_slowdown,maskable_dqn__mask_true,maskable_ppo__mask_true,322.109423,0.130859
avg_slowdown,maskable_dqn__mask_true,maskable_ppo__mask_true,333.119486,0.160156
avg_slowdown,maskable_dqn__mask_true,maskable_ppo__mask_true,344.129548,0.160156
avg_slowdown,maskable_dqn__mask_true,maskable_ppo__mask_true,355.139611,0.160156
avg_slowdown,maskable_dqn__mask_true,maskable_ppo__mask_true,366.149673,0.160156
avg_slowdown,maskable_dqn__mask_true,maskable_ppo__mask_true,377.159736,0.160156
avg_slowdown,maskable_dqn__mask_true,maskable_ppo__mask_true,388.169798,0.160156
avg_slowdown,maskable_dqn__mask_true,maskable_ppo__mask_true,399.179860,0.160156
avg_slowdown,maskable_dqn__mask_true,maskable_ppo__mask_true,410.189923,0.160156
avg_slowdown,maskable_dqn__mask_true,maskable_ppo__mask_true,421.199985,0.193359
avg_slowdown,maskable_dqn__mask_true,maskable_ppo__mask_true,432.210048,0.232422
avg_slowdown,maskable_dqn__mask_true,maskable_ppo__mask_true,443.220110,0.275391
avg_slowdown,maskable_dqn__mask_true,maskable_ppo__mask_true,454.230173,0.322266
avg_slowdown,maskable_dqn__mask_true,maskable_ppo__mask_true,465.240235,0.322266
avg_slowdown,maskable_dqn__mask_true,maskable_ppo__mask_true,476.250298,0.322266
avg_slowdown,maskable_dqn__mask_true,maskable_ppo__mask_true,487.260360,0.322266
avg_slowdown,maskable_dqn__mask_true,maskable_ppo__mask_true,498.270422,0.322266
avg_slowdown,maskable_dqn__mask_true,maskable_ppo__mask_true,509.280485,0.322266
avg_slowdown,maskable_dqn__mask_true,maskable_ppo__mask_true,520.290547,0.322266
avg_slowdown,maskable_dqn__mask_true,maskable_ppo__mask_true,531.300610,0.322266
avg_slowdown,maskable_dqn__mask_true,maskable_ppo__mask_true,542.310672,0.322266
avg_slowdown,maskable_dqn__mask_true,maskable_ppo__mask_true,553.320735,0.431641
avg_slowdown,maskable_dqn__mask_true,maskable_ppo__mask_true,564.330797,0.431641
avg_slowdown,maskable_dqn__mask_true,maskable_ppo__mask_true,575.340859,0.556641
avg_slowdown,maskable_dqn__mask_true,maskable_ppo__mask_true,586.350922,0.556641
avg_slowdown,maskable_dqn__mask_true,maskable_ppo__mask_true,597.360984,0.556641
avg_slowdown,maskable_dqn__mask_true,maskable_ppo__mask_true,608.371047,0.625000
avg_slowdown,maskable_dqn__mask_true,maskable_ppo__mask_true,619.381109,0.625000
avg_slowdown,maskable_dqn__mask_true,maskable_ppo__mask_true,630.391172,0.625000
avg_slowdown,maskable_dqn__mask_true,maskable_ppo__mask_true,641.401234,0.625000
avg_slowdown,maskable_dqn__mask_true,maskable_ppo__mask_true,652.411296,0.625000
avg_slowdown,maskable_dqn__mask_true,maskable_ppo__mask_true,663.421359,0.625000
avg_slowdown,maskable_dqn__mask_true,maskable_ppo__mask_true,674.431421,0.625000
avg_slowdown,maskable_dqn__mask_true,maskable_ppo__mask_true,685.441484,0.625000
avg_slowdown,maskable_dqn__mask_true,maskable_ppo__mask_true,696.451546,0.695312
avg_slowdown,maskable_dqn__mask_true,maskable_ppo__mask_true,707.461609,0.695312
avg_slowdown,maskable_dqn__mask_true,maskable_ppo__mask_true,718.471671,0.845703
avg_slowdown,maskable_dqn__mask_true,maskable_ppo__mask_true,729.481733,0.921875
avg_slowdown,maskable_dqn__mask_true,maskable_ppo__mask_true,740.491796,1.000000
avg_slowdown,maskable_dqn__mask_true,maskable_ppo__mask_true,751.501858,1.000000
avg_slowdown,maskable_dqn__mask_true,maskable_ppo__mask_true,762.511921,1.000000
avg_slowdown,maskable_dqn__mask_true,maskable_ppo__mask_true,773.521983,1.000000
avg_slowdown,maskable_dqn__mask_true,maskable_ppo__mask_true,784.532046,1.000000
avg_slowdown,maskable_dqn__mask_true,maskable_ppo__mask_true,795.542108,1.000000
avg_slowdown,maskable_dqn__mask_true,maskable_ppo__mask_true,806.552170,1.000000
avg_slowdown,maskable_dqn__mask_true,maskable_ppo__mask_true,817.562233,1.000000
avg_slowdown,maskable_dqn__mask_true,maskable_ppo__mask_true,828.572295,1.000000
avg_slowdown,maskable_dqn__mask_true,maskable_ppo__mask_true,839.582358,1.000000
avg_slowdown,maskable_dqn__mask_true,maskable_ppo__mask_true,850.592420,0.921875
avg_slowdown,maskable_dqn__mask_true,maskable_ppo__mask_true,861.602483,0.921875
avg_slowdown,maskable_dqn__mask_true,maskable_ppo__mask_true,872.612545,0.845703
avg_slowdown,maskable_dqn__mask_true,maskable_ppo__mask_true,883.622607,0.845703
avg_slowdown,maskable_dqn__mask_true,maskable_ppo__mask_true,894.632670,0.845703
avg_slowdown,maskable_dqn__mask_true,maskable_ppo__mask_true,905.642732,0.845703
avg_slowdown,maskable_dqn__mask_true,maskable_ppo__mask_true,916.652795,0.845703
avg_slowdown,maskable_dqn__mask_true,maskable_ppo__mask_true,927.662857,0.845703
avg_slowdown,maskable_dqn__mask_true,maskable_ppo__mask_true,938.672920,0.845703
avg_slowdown,maskable_dqn__mask_true,maskable_ppo__mask_true,949.682982,0.845703
avg_slowdown,maskable_dqn__mask_true,maskable_ppo__mask_true,960.693044,0.769531
avg_slowdown,maskable_dqn__mask_true,maskable_ppo__mask_true,971.703107,0.769531
avg_slowdown,maskable_dqn__mask_true,maskable_ppo__mask_true,982.713169,0.695312
avg_slowdown,maskable_dqn__mask_true,maskable_ppo__mask_true,993.723232,0.625000
avg_slowdown,maskable_dqn__mask_true,maskable_ppo__mask_true,1004.733294,0.556641
avg_slowdown,maskable_dqn__mask_true,maskable_ppo__mask_true,1015.743357,0.556641
avg_slowdown,maskable_dqn__mask_true,maskable_ppo__mask_true,1026.753419,0.492188
avg_slowdown,maskable_dqn__mask_true,maskable_ppo__mask_true,1037.763481,0.492188
avg_slowdown,maskable_dqn__mask_true,maskable_ppo__mask_true,1048.773544,0.492188
avg_slowdown,maskable_dqn__mask_true,maskable_ppo__mask_true,1059.783606,0.492188
avg_slowdown,maskable_dqn__mask_true,maskable_ppo__mask_true,1070.793669,0.492188
avg_slowdown,maskable_dqn__mask_true,maskable_ppo__mask_true,1081.803731,0.492188
avg_slowdown,maskable_dqn__mask_true,maskable_ppo__mask_true,1092.813794,0.431641
avg_slowdown,maskable_dqn__mask_true,maskable_ppo__mask_true,1103.823856,0.431641
avg_slowdown,maskable_dqn__mask_true,maskable_ppo__mask_true,1114.833918,0.375000
avg_slowdown,maskable_dqn__mask_true,maskable_ppo__mask_true,1125.843981,0.322266
avg_slowdown,maskable_dqn__mask_true,maskable_ppo__mask_true,1136.854043,0.193359
avg_slowdown,maskable_dqn__mask_true,maskable_ppo__mask_true,1147.864106,0.193359
avg_slowdown,maskable_dqn__mask_true,maskable_ppo__mask_true,1158.874168,0.193359
avg_slowdown,maskable_dqn__mask_true,maskable_ppo__mask_true,1169.884231,0.193359
avg_slowdown,maskable_dqn__mask_true,maskable_ppo__mask_true,1180.894293,0.193359
avg_slowdown,maskable_dqn__mask_true,maskable_ppo__mask_true,1191.904356,0.193359
avg_slowdown,maskable_dqn__mask_true,maskable_ppo__mask_true,1202.914418,0.193359
avg_slowdown,maskable_dqn__mask_true,maskable_ppo__mask_true,1213.924480,0.193359
avg_slowdown,maskable_dqn__mask_true,maskable_ppo__mask_true,1224.934543,0.193359
avg_slowdown,maskable_dqn__mask_true,maskable_ppo__mask_true,1235.944605,0.193359
avg_slowdown,maskable_dqn__mask_true,maskable_ppo__mask_true,1246.954668,0.193359
avg_slowdown,maskable_dqn__mask_true,maskable_ppo__mask_true,1257.964730,0.193359
avg_slowdown,maskable_dqn__mask_true,maskable_ppo__mask_true,1268.974793,0.130859
avg_slowdown,maskable_dqn__mask_true,maskable_ppo__mask_true,1279.984855,0.130859
avg_slowdown,maskable_dqn__mask_true,maskable_ppo__mask_true,1290.994917,0.105469
avg_slowdown,maskable_dqn__mask_true,maskable_ppo__mask_true,1302.004980,0.105469
avg_slowdown,maskable_dqn__mask_true,maskable_ppo__mask_true,1313.015042,0.105469
avg_slowdown,maskable_dqn__mask_true,maskable_ppo__mask_true,1324.025105,0.105469
avg_slowdown,maskable_dqn__mask_true,maskable_ppo__mask_true,1335.035167,0.105469
avg_slowdown,maskable_dqn__mask_true,maskable_ppo__mask_true,1346.045230,0.105469
avg_slowdown,maskable_dqn__mask_true,maskable_ppo__mask_true,1357.055292,0.105469
avg_slowdown,maskable_dqn__mask_true,maskable_ppo__mask_true,1368.065354,0.105469
avg_slowdown,maskable_dqn__mask_true,maskable_ppo__mask_true,1379.075417,0.105469
avg_slowdown,maskable_dqn__mask_true,maskable_ppo__mask_true,1390.085479,0.105469
avg_slowdown,maskable_dqn__mask_true,maskable_ppo__mask_true,1401.095542,0.083984
avg_slowdown,maskable_dqn__mask_true,maskable_ppo__mask_true,1412.105604,0.064453
avg_slowdown,maskable_dqn__mask_true,maskable_ppo__mask_true,1423.115667,0.064453
avg_slowdown,maskable_dqn__mask_true,maskable_ppo__mask_true,1434.125729,0.064453
avg_slowdown,maskable_dqn__mask_true,maskable_ppo__mask_true,1445.135791,0.048828
avg_slowdown,maskable_dqn__mask_true,maskable_ppo__mask_true,1456.145854,0.048828
avg_slowdown,maskable_dqn__mask_true,maskable_ppo__mask_true,1467.155916,0.048828
avg_slowdown,maskable_dqn__mask_true,maskable_ppo__mask_true,1478.165979,0.048828
avg_slowdown,maskable_dqn__mask_true,maskable_ppo__mask_true,1489.176041,0.048828
avg_slowdown,maskable_dqn__mask_true,maskable_ppo__mask_true,1500.186104,0.048828
avg_slowdown,maskable_dqn__mask_true,maskable_ppo__mask_true,1511.196166,0.048828
avg_slowdown,maskable_dqn__mask_true,maskable_ppo__mask_true,1522.206228,0.048828
avg_slowdown,maskable_dqn__mask_true,maskable_ppo__mask_true,1533.216291,0.027344
avg_slowdown,maskable_dqn__mask_true,maskable_ppo__mask_true,1544.226353,0.027344
avg_slowdown,maskable_dqn__mask_true,maskable_ppo__mask_true,1555.236416,0.027344
avg_slowdown,maskable_dqn__mask_true,maskable_ppo__mask_true,1566.246478,0.027344
avg_slowdown,maskable_dqn__mask_true,maskable_ppo__mask_true,1577.256541,0.027344
avg_slowdown,maskable_dqn__mask_true,maskable_ppo__mask_true,1588.266603,0.027344
avg_slowdown,maskable_dqn__mask_true,maskable_ppo__mask_true,1599.276665,0.027344
avg_slowdown,maskable_dqn__mask_true,maskable_ppo__mask_true,1610.286728,0.027344
avg_slowdown,maskable_dqn__mask_true,maskable_ppo__mask_true,1621.296790,0.027344
avg_slowdown,maskable_dqn__mask_true,maskable_ppo__mask_true,1632.306853,0.027344
avg_slowdown,maskable_dqn__mask_true,maskable_ppo__mask_true,1643.316915,0.027344
avg_slowdown,maskable_dqn__mask_true,maskable_ppo__mask_true,1654.326978,0.019531
avg_slowdown,maskable_dqn__mask_true,maskable_ppo__mask_true,1665.337040,0.019531
avg_slowdown,maskable_dqn__mask_true,maskable_ppo__mask_true,1676.347102,0.019531
avg_slowdown,maskable_dqn__mask_true,maskable_ppo__mask_true,1687.357165,0.019531
avg_slowdown,maskable_dqn__mask_true,maskable_ppo__mask_true,1698.367227,0.013672
avg_slowdown,maskable_dqn__mask_true,maskable_ppo__mask_true,1709.377290,0.013672
avg_slowdown,maskable_dqn__mask_true,maskable_ppo__mask_true,1720.387352,0.013672
avg_slowdown,maskable_dqn__mask_true,maskable_ppo__mask_true,1731.397415,0.013672
avg_slowdown,maskable_dqn__mask_true,maskable_ppo__mask_true,1742.407477,0.013672
avg_slowdown,maskable_dqn__mask_true,maskable_ppo__mask_true,1753.417539,0.013672
avg_slowdown,maskable_dqn__mask_true,maskable_ppo__mask_true,1764.427602,0.013672
avg_slowdown,maskable_dqn__mask_true,maskable_ppo__mask_true,1775.437664,0.013672
avg_slowdown,maskable_dqn__mask_true,maskable_ppo__mask_true,1786.447727,0.013672
avg_slowdown,maskable_dqn__mask_true,maskable_ppo__mask_true,1797.457789,0.013672
avg_slowdown,maskable_dqn__mask_true,maskable_ppo__mask_true,1808.467852,0.013672
avg_slowdown,maskable_dqn__mask_true,maskable_ppo__mask_true,1819.477914,0.013672
avg_slowdown,maskable_dqn__mask_true,maskable_ppo__mask_true,1830.487976,0.009766
avg_slowdown,maskable_dqn__mask_true,maskable_ppo__mask_true,1841.498039,0.009766
avg_slowdown,maskable_dqn__mask_true,maskable_ppo__mask_true,1852.508101,0.009766
avg_slowdown,maskable_dqn__mask_true,maskable_ppo__mask_true,1863.518164,0.009766
avg_slowdown,maskable_dqn__mask_true,maskable_ppo__mask_true,1874.528226,0.009766
avg_slowdown,maskable_dqn__mask_true,maskable_ppo__mask_true,1885.538289,0.009766
avg_slowdown,maskable_dqn__mask_true,maskable_ppo__mask_true,1896.548351,0.009766
avg_slowdown,maskable_dqn__mask_true,maskable_ppo__mask_true,1907.558414,0.009766
avg_slowdown,maskable_dqn__mask_true,maskable_ppo__mask_true,1918.568476,0.009766
avg_slowdown,maskable_dqn__mask_true,maskable_ppo__mask_true,1929.578538,0.009766
avg_slowdown,maskable_dqn__mask_true,maskable_ppo__mask_true,1940.588601,0.009766
avg_slowdown,maskable_dqn__mask_true,maskable_ppo__mask_true,1951.598663,0.009766
avg_slowdown,maskable_dqn__mask_true,maskable_ppo__mask_true,1962.608726,0.005859
avg_slowdown,maskable_dqn__mask_true,maskable_ppo__mask_true,1973.618788,0.005859
avg_slowdown,maskable_dqn__mask_true,maskable_ppo__mask_true,1984.628851,0.005859
avg_slowdown,maskable_dqn__mask_true,maskable_ppo__mask_true,1995.638913,0.005859
avg_slowdown,maskable_dqn__mask_true,maskable_ppo__mask_true,2006.648975,0.005859
avg_slowdown,maskable_dqn__mask_true,maskable_ppo__mask_true,2017.659038,0.005859
avg_slowdown,maskable_dqn__mask_true,maskable_ppo__mask_true,2028.669100,0.005859
avg_slowdown,maskable_dqn__mask_true,maskable_ppo__mask_true,2039.679163,0.005859
avg_slowdown,maskable_dqn__mask_true,maskable_ppo__mask_true,2050.689225,0.005859
avg_slowdown,maskable_dqn__mask_true,maskable_ppo__mask_true,2061.699288,0.005859
avg_slowdown,maskable_dqn__mask_true,maskable_ppo__mask_true,2072.709350,0.005859
avg_slowdown,maskable_dqn__mask_true,maskable_ppo__mask_true,2083.719412,0.005859
avg_slowdown,maskable_dqn__mask_true,maskable_ppo__mask_true,2094.729475,0.003906
avg_slowdown,maskable_dqn__mask_true,maskable_ppo__mask_true,2105.739537,0.003906
avg_slowdown,maskable_dqn__mask_true,maskable_ppo__mask_true,2116.749600,0.003906
avg_slowdown,maskable_dqn__mask_true,maskable_ppo__mask_true,2127.759662,0.003906
avg_slowdown,maskable_dqn__mask_true,maskable_ppo__mask_true,2138.769725,0.003906
avg_slowdown,maskable_dqn__mask_true,maskable_ppo__mask_true,2149.779787,0.003906
avg_slowdown,maskable_dqn__mask_true,maskable_ppo__mask_true,2160.789849,0.003906
avg_slowdown,maskable_dqn__mask_true,maskable_ppo__mask_true,2171.799912,0.003906
avg_slowdown,maskable_dqn__mask_true,maskable_ppo__mask_true,2182.809974,0.003906
avg_slowdown,maskable_dqn__mask_true,maskable_ppo__mask_true,2193.820037,0.003906
avg_slowdown,maskable_dqn__mask_true,ppo__mask_false,2.720790,0.003906
avg_slowdown,maskable_dqn__mask_true,ppo__mask_false,13.731367,0.005859
avg_slowdown,maskable_dqn__mask_true,ppo__mask_false,24.741944,0.013672
avg_slowdown,maskable_dqn__mask_true,ppo__mask_false,35.752521,0.019531
avg_slowdown,maskable_dqn__mask_true,ppo__mask_false,46.763099,0.027344
avg_slowdown,maskable_dqn__mask_true,ppo__mask_false,57.773676,0.027344
avg_slowdown,maskable_dqn__mask_true,ppo__mask_false,68.784253,0.027344
avg_slowdown,maskable_dqn__mask_true,ppo__mask_false,79.794830,0.027344
avg_slowdown,maskable_dqn__mask_true,ppo__mask_false,90.805407,0.027344
avg_slowdown,maskable_dqn__mask_true,ppo__mask_false,101.815984,0.027344
avg_slowdown,maskable_dqn__mask_true,ppo__mask_false,112.826561,0.027344
avg_slowdown,maskable_dqn__mask_true,ppo__mask_false,123.837139,0.027344
avg_slowdown,maskable_dqn__mask_true,ppo__mask_false,134.847716,0.027344
avg_slowdown,maskable_dqn__mask_true,ppo__mask_false,145.858293,0.027344
avg_slowdown,maskable_dqn__mask_true,ppo__mask_false,156.868870,0.037109
avg_slowdown,maskable_dqn__mask_true,ppo__mask_false,167.879447,0.048828
avg_slowdown,maskable_dqn__mask_true,ppo__mask_false,178.890024,0.064453
avg_slowdown,maskable_dqn__mask_true,ppo__mask_false,189.900601,0.064453
avg_slowdown,maskable_dqn__mask_true,ppo__mask_false,200.911178,0.064453
avg_slowdown,maskable_dqn__mask_true,ppo__mask_false,211.921756,0.064453
avg_slowdown,maskable_dqn__mask_true,ppo__mask_false,222.932333,0.064453
avg_slowdown,maskable_dqn__mask_true,ppo__mask_false,233.942910,0.064453
avg_slowdown,maskable_dqn__mask_true,ppo__mask_false,244.953487,0.064453
avg_slowdown,maskable_dqn__mask_true,ppo__mask_false,255.964064,0.064453
avg_slowdown,maskable_dqn__mask_true,ppo__mask_false,266.974641,0.064453
avg_slowdown,maskable_dqn__mask_true,ppo__mask_false,277.985218,0.064453
avg_slowdown,maskable_dqn__mask_true,ppo__mask_false,288.995796,0.064453
avg_slowdown,maskable_dqn__mask_true,ppo__mask_false,300.006373,0.064453
avg_slowdown,maskable_dqn__mask_true,ppo__mask_false,311.016950,0.130859
avg_slowdown,maskable_dqn__mask_true,ppo__mask_false,322.027527,0.130859
avg_slowdown,maskable_dqn__mask_true,ppo__mask_false,333.038104,0.160156
avg_slowdown,maskable_dqn__mask_true,ppo__mask_false,344.048681,0.160156
avg_slowdown,maskable_dqn__mask_true,ppo__mask_false,355.059258,0.160156
avg_slowdown,maskable_dqn__mask_true,ppo__mask_false,366.069836,0.160156
avg_slowdown,maskable_dqn__mask_true,ppo__mask_false,377.080413,0.160156
avg_slowdown,maskable_dqn__mask_true,ppo__mask_false,388.090990,0.160156
avg_slowdown,maskable_dqn__mask_true,ppo__mask_false,399.101567,0.160156
avg_slowdown,maskable_dqn__mask_true,ppo__mask_false,410.112144,0.160156
avg_slowdown,maskable_dqn__mask_true,ppo__mask_false,421.122721,0.193359
avg_slowdown,maskable_dqn__mask_true,ppo__mask_false,432.133298,0.232422
avg_slowdown,maskable_dqn__mask_true,ppo__mask_false,443.143875,0.275391
avg_slowdown,maskable_dqn__mask_true,ppo__mask_false,454.154453,0.322266
avg_slowdown,maskable_dqn__mask_true,ppo__mask_false,465.165030,0.322266
avg_slowdown,maskable_dqn__mask_true,ppo__mask_false,476.175607,0.322266
avg_slowdown,maskable_dqn__mask_true,ppo__mask_false,487.186184,0.322266
avg_slowdown,maskable_dqn__mask_true,ppo__mask_false,498.196761,0.322266
avg_slowdown,maskable_dqn__mask_true,ppo__mask_false,509.207338,0.322266
avg_slowdown,maskable_dqn__mask_true,ppo__mask_false,520.217915,0.322266
avg_slowdown,maskable_dqn__mask_true,ppo__mask_false,531.228493,0.322266
avg_slowdown,maskable_dqn__mask_true,ppo__mask_false,542.239070,0.322266
avg_slowdown,maskable_dqn__mask_true,ppo__mask_false,553.249647,0.431641
avg_slowdown,maskable_dqn__mask_true,ppo__mask_false,564.260224,0.431641
avg_slowdown,maskable_dqn__mask_true,ppo__mask_false,575.270801,0.556641
avg_slowdown,maskable_dqn__mask_true,ppo__mask_false,586.281378,0.556641
avg_slowdown,maskable_dqn__mask_true,ppo__mask_false,597.291955,0.556641
avg_slowdown,maskable_dqn__mask_true,ppo__mask_false,608.302533,0.625000
avg_slowdown,maskable_dqn__mask_true,ppo__mask_false,619.313110,0.625000
avg_slowdown,maskable_dqn__mask_true,ppo__mask_false,630.323687,0.625000
avg_slowdown,maskable_dqn__mask_true,ppo__mask_false,641.334264,0.625000
avg_slowdown,maskable_dqn__mask_true,ppo__mask_false,652.344841,0.625000
avg_slowdown,maskable_dqn__mask_true,ppo__mask_false,663.355418,0.625000
avg_slowdown,maskable_dqn__mask_true,ppo__mask_false,674.365995,0.625000
avg_slowdown,maskable_dqn__mask_true,ppo__mask_false,685.376572,0.625000
avg_slowdown,maskable_dqn__mask_true,ppo__mask_false,696.387150,0.695312
avg_slowdown,maskable_dqn__mask_true,ppo__mask_false,707.397727,0.695312
avg_slowdown,maskable_dqn__mask_true,ppo__mask_false,718.408304,0.845703
avg_slowdown,maskable_dqn__mask_true,ppo__mask_false,729.418881,0.921875
avg_slowdown,maskable_dqn__mask_true,ppo__mask_false,740.429458,1.000000
avg_slowdown,maskable_dqn__mask_true,ppo__mask_false,751.440035,1.000000
avg_slowdown,maskable_dqn__mask_true,ppo__mask_false,762.450612,1.000000
avg_slowdown,maskable_dqn__mask_true,ppo__mask_false,773.461190,1.000000
avg_slowdown,maskable_dqn__mask_true,ppo__mask_false,784.471767,1.000000
avg_slowdown,maskable_dqn__mask_true,ppo__mask_false,795.482344,1.000000
avg_slowdown,maskable_dqn__mask_true,ppo__mask_false,806.492921,1.000000
avg_slowdown,maskable_dqn__mask_true,ppo__mask_false,817.503498,1.000000
avg_slowdown,maskable_dqn__mask_true,ppo__mask_false,828.514075,1.000000
avg_slowdown,maskable_dqn__mask_true,ppo__mask_false,839.524652,1.000000
avg_slowdown,maskable_dqn__mask_true,ppo__mask_false,850.535229,0.921875
avg_slowdown,maskable_dqn__mask_true,ppo__mask_false,861.545807,0.921875
avg_slowdown,maskable_dqn__mask_true,ppo__mask_false,872.556384,0.845703
avg_slowdown,maskable_dqn__mask_true,ppo__mask_false,883.566961,0.845703
avg_slowdown,maskable_dqn__mask_true,ppo__mask_false,894.577538,0.845703
avg_slowdown,maskable_dqn__mask_true,ppo__mask_false,905.588115,0.845703
avg_slowdown,maskable_dqn__mask_true,ppo__mask_false,916.598692,0.845703
avg_slowdown,maskable_dqn__mask_true,ppo__mask_false,927.609269,0.845703
avg_slowdown,maskable_dqn__mask_true,ppo__mask_false,938.619847,0.845703
avg_slowdown,maskable_dqn__mask_true,ppo__mask_false,949.630424,0.845703
avg_slowdown,maskable_dqn__mask_true,ppo__mask_false,960.641001,0.769531
avg_slowdown,maskable_dqn__mask_true,ppo__mask_false,971.651578,0.769531
avg_slowdown,maskable_dqn__mask_true,ppo__mask_false,982.662155,0.695312
avg_slowdown,maskable_dqn__mask_true,ppo__mask_false,993.672732,0.625000
avg_slowdown,maskable_dqn__mask_true,ppo__mask_false,1004.683309,0.556641
avg_slowdown,maskable_dqn__mask_true,ppo__mask_false,1015.693887,0.556641
avg_slowdown,maskable_dqn__mask_true,ppo__mask_false,1026.704464,0.492188
avg_slowdown,maskable_dqn__mask_true,ppo__mask_false,1037.715041,0.492188
avg_slowdown,maskable_dqn__mask_true,ppo__mask_false,1048.725618,0.492188
avg_slowdown,maskable_dqn__mask_true,ppo__mask_false,1059.736195,0.492188
avg_slowdown,maskable_dqn__mask_true,ppo__mask_false,1070.746772,0.492188
avg_slowdown,maskable_dqn__mask_true,ppo__mask_false,1081.757349,0.492188
avg_slowdown,maskable_dqn__mask_true,ppo__mask_false,1092.767926,0.431641
avg_slowdown,maskable_dqn__mask_true,ppo__mask_false,1103.778504,0.431641
avg_slowdown,maskable_dqn__mask_true,ppo__mask_false,1114.789081,0.375000
avg_slowdown,maskable_dqn__mask_true,ppo__mask_false,1125.799658,0.322266
avg_slowdown,maskable_dqn__mask_true,ppo__mask_false,1136.810235,0.193359
avg_slowdown,maskable_dqn__mask_true,ppo__mask_false,1147.820812,0.193359
avg_slowdown,maskable_dqn__mask_true,ppo__mask_false,1158.831389,0.193359
avg_slowdown,maskable_dqn__mask_true,ppo__mask_false,1169.841966,0.193359
avg_slowdown,maskable_dqn__mask_true,ppo__mask_false,1180.852544,0.193359
avg_slowdown,maskable_dqn__mask_true,ppo__mask_false,1191.863121,0.193359
avg_slowdown,maskable_dqn__mask_true,ppo__mask_false,1202.873698,0.193359
avg_slowdown,maskable_dqn__mask_true,ppo__mask_false,1213.884275,0.193359
avg_slowdown,maskable_dqn__mask_true,ppo__mask_false,1224.894852,0.193359
avg_slowdown,maskable_dqn__mask_true,ppo__mask_false,1235.905429,0.193359
avg_slowdown,maskable_dqn__mask_true,ppo__mask_false,1246.916006,0.193359
avg_slowdown,maskable_dqn__mask_true,ppo__mask_false,1257.926584,0.193359
avg_slowdown,maskable_dqn__mask_true,ppo__mask_false,1268.937161,0.130859
avg_slowdown,maskable_dqn__mask_true,ppo__mask_false,1279.947738,0.130859
avg_slowdown,maskable_dqn__mask_true,ppo__mask_false,1290.958315,0.105469
avg_slowdown,maskable_dqn__mask_true,ppo__mask_false,1301.968892,0.105469
avg_slowdown,maskable_dqn__mask_true,ppo__mask_false,1312.979469,0.105469
avg_slowdown,maskable_dqn__mask_true,ppo__mask_false,1323.990046,0.105469
avg_slowdown,maskable_dqn__mask_true,ppo__mask_false,1335.000623,0.105469
avg_slowdown,maskable_dqn__mask_true,ppo__mask_false,1346.011201,0.105469
avg_slowdown,maskable_dqn__mask_true,ppo__mask_false,1357.021778,0.105469
avg_slowdown,maskable_dqn__mask_true,ppo__mask_false,1368.032355,0.105469
avg_slowdown,maskable_dqn__mask_true,ppo__mask_false,1379.042932,0.105469
avg_slowdown,maskable_dqn__mask_true,ppo__mask_false,1390.053509,0.105469
avg_slowdown,maskable_dqn__mask_true,ppo__mask_false,1401.064086,0.083984
avg_slowdown,maskable_dqn__mask_true,ppo__mask_false,1412.074663,0.064453
avg_slowdown,maskable_dqn__mask_true,ppo__mask_false,1423.085241,0.064453
avg_slowdown,maskable_dqn__mask_true,ppo__mask_false,1434.095818,0.064453
avg_slowdown,maskable_dqn__mask_true,ppo__mask_false,1445.106395,0.048828
avg_slowdown,maskable_dqn__mask_true,ppo__mask_false,1456.116972,0.048828
avg_slowdown,maskable_dqn__mask_true,ppo__mask_false,1467.127549,0.048828
avg_slowdown,maskable_dqn__mask_true,ppo__mask_false,1478.138126,0.048828
avg_slowdown,maskable_dqn__mask_true,ppo__mask_false,1489.148703,0.048828
avg_slowdown,maskable_dqn__mask_true,ppo__mask_false,1500.159280,0.048828
avg_slowdown,maskable_dqn__mask_true,ppo__mask_false,1511.169858,0.048828
avg_slowdown,maskable_dqn__mask_true,ppo__mask_false,1522.180435,0.048828
avg_slowdown,maskable_dqn__mask_true,ppo__mask_false,1533.191012,0.027344
avg_slowdown,maskable_dqn__mask_true,ppo__mask_false,1544.201589,0.027344
avg_slowdown,maskable_dqn__mask_true,ppo__mask_false,1555.212166,0.027344
avg_slowdown,maskable_dqn__mask_true,ppo__mask_false,1566.222743,0.027344
avg_slowdown,maskable_dqn__mask_true,ppo__mask_false,1577.233320,0.027344
avg_slowdown,maskable_dqn__mask_true,ppo__mask_false,1588.243898,0.027344
avg_slowdown,maskable_dqn__mask_true,ppo__mask_false,1599.254475,0.027344
avg_slowdown,maskable_dqn__mask_true,ppo__mask_false,1610.265052,0.027344
avg_slowdown,maskable_dqn__mask_true,ppo__mask_false,1621.275629,0.027344
avg_slowdown,maskable_dqn__mask_true,ppo__mask_false,1632.286206,0.027344
avg_slowdown,maskable_dqn__mask_true,ppo__mask_false,1643.296783,0.027344
avg_slowdown,maskable_dqn__mask_true,ppo__mask_false,1654.307360,0.019531
avg_slowdown,maskable_dqn__mask_true,ppo__mask_false,1665.317938,0.019531
avg_slowdown,maskable_dqn__mask_true,ppo__mask_false,1676.328515,0.019531
avg_slowdown,maskable_dqn__mask_true,ppo__mask_false,1687.339092,0.019531
avg_slowdown,maskable_dqn__mask_true,ppo__mask_false,1698.349669,0.013672
avg_slowdown,maskable_dqn__mask_true,ppo__mask_false,1709.360246,0.013672
avg_slowdown,maskable_dqn__mask_true,ppo__mask_false,1720.370823,0.013672
avg_slowdown,maskable_dqn__mask_true,ppo__mask_false,1731.381400,0.013672
avg_slowdown,maskable_dqn__mask_true,ppo__mask_false,1742.391977,0.013672
avg_slowdown,maskable_dqn__mask_true,ppo__mask_false,1753.402555,0.013672
avg_slowdown,maskable_dqn__mask_true,ppo__mask_false,1764.413132,0.013672
avg_slowdown,maskable_dqn__mask_true,ppo__mask_false,1775.423709,0.013672
avg_slowdown,maskable_dqn__mask_true,ppo__mask_false,1786.434286,0.013672
avg_slowdown,maskable_dqn__mask_true,ppo__mask_false,1797.444863,0.013672
avg_slowdown,maskable_dqn__mask_true,ppo__mask_false,1808.455440,0.013672
avg_slowdown,maskable_dqn__mask_true,ppo__mask_false,1819.466017,0.013672
avg_slowdown,maskable_dqn__mask_true,ppo__mask_false,1830.476595,0.009766
avg_slowdown,maskable_dqn__mask_true,ppo__mask_false,1841.487172,0.009766
avg_slowdown,maskable_dqn__mask_true,ppo__mask_false,1852.497749,0.009766
avg_slowdown,maskable_dqn__mask_true,ppo__mask_false,1863.508326,0.009766
avg_slowdown,maskable_dqn__mask_true,ppo__mask_false,1874.518903,0.009766
avg_slowdown,maskable_dqn__mask_true,ppo__mask_false,1885.529480,0.009766
avg_slowdown,maskable_dqn__mask_true,ppo__mask_false,1896.540057,0.009766
avg_slowdown,maskable_dqn__mask_true,ppo__mask_false,1907.550635,0.009766
avg_slowdown,maskable_dqn__mask_true,ppo__mask_false,1918.561212,0.009766
avg_slowdown,maskable_dqn__mask_true,ppo__mask_false,1929.571789,0.009766
avg_slowdown,maskable_dqn__mask_true,ppo__mask_false,1940.582366,0.009766
avg_slowdown,maskable_dqn__mask_true,ppo__mask_false,1951.592943,0.009766
avg_slowdown,maskable_dqn__mask_true,ppo__mask_false,1962.603520,0.005859
avg_slowdown,maskable_dqn__mask_true,ppo__mask_false,1973.614097,0.005859
avg_slowdown,maskable_dqn__mask_true,ppo__mask_false,1984.624674,0.005859
avg_slowdown,maskable_dqn__mask_true,ppo__mask_false,1995.635252,0.005859
avg_slowdown,maskable_dqn__mask_true,ppo__mask_false,2006.645829,0.005859
avg_slowdown,maskable_dqn__mask_true,ppo__mask_false,2017.656406,0.005859
avg_slowdown,maskable_dqn__mask_true,ppo__mask_false,2028.666983,0.005859
avg_slowdown,maskable_dqn__mask_true,ppo__mask_false,2039.677560,0.005859
avg_slowdown,maskable_dqn__mask_true,ppo__mask_false,2050.688137,0.005859
avg_slowdown,maskable_dqn__mask_true,ppo__mask_false,2061.698714,0.005859
avg_slowdown,maskable_dqn__mask_true,ppo__mask_false,2072.709292,0.005859
avg_slowdown,maskable_dqn__mask_true,ppo__mask_false,2083.719869,0.005859
avg_slowdown,maskable_dqn__mask_true,ppo__mask_false,2094.730446,0.003906
avg_slowdown,maskable_dqn__mask_true,ppo__mask_false,2105.741023,0.003906
avg_slowdown,maskable_dqn__mask_true,ppo__mask_false,2116.751600,0.003906
avg_slowdown,maskable_dqn__mask_true,ppo__mask_false,2127.762177,0.003906
avg_slowdown,maskable_dqn__mask_true,ppo__mask_false,2138.772754,0.003906
avg_slowdown,maskable_dqn__mask_true,ppo__mask_false,2149.783331,0.003906
avg_slowdown,maskable_dqn__mask_true,ppo__mask_false,2160.793909,0.003906
avg_slowdown,maskable_dqn__mask_true,ppo__mask_false,2171.804486,0.003906
avg_slowdown,maskable_dqn__mask_true,ppo__mask_false,2182.815063,0.003906
avg_slowdown,maskable_dqn__mask_true,ppo__mask_false,2193.825640,0.003906
max_waiting,a2c__mask_false,maskable_dqn__mask_true,-31161103.610000,0.003906
max_waiting,a2c__mask_false,maskable_dqn__mask_true,-31005256.217236,0.003906
max_waiting,a2c__mask_false,maskable_dqn__mask_true,-30849408.824472,0.003906
max_waiting,a2c__mask_false,maskable_dqn__mask_true,-30693561.431709,0.003906
max_waiting,a2c__mask_false,maskable_dqn__mask_true,-30537714.038945,0.003906
max_waiting,a2c__mask_false,maskable_dqn__mask_true,-30381866.646181,0.005859
max_waiting,a2c__mask_false,maskable_dqn__mask_true,-30226019.253417,0.005859
max_waiting,a2c__mask_false,maskable_dqn__mask_true,-30070171.860653,0.005859
max_waiting,a2c__mask_false,maskable_dqn__mask_true,-29914324.467889,0.005859
max_waiting,a2c__mask_false,maskable_dqn__mask_true,-29758477.075126,0.005859
max_waiting,a2c__mask_false,maskable_dqn__mask_true,-29602629.682362,0.009766
max_waiting,a2c__mask_false,maskable_dqn__mask_true,-29446782.289598,0.009766
max_waiting,a2c__mask_false,maskable_dqn__mask_true,-29290934.896834,0.009766
max_waiting,a2c__mask_false,maskable_dqn__mask_true,-29135087.504070,0.013672
max_waiting,a2c__mask_false,maskable_dqn__mask_true,-28979240.111307,0.019531
max_waiting,a2c__mask_false,maskable_dqn__mask_true,-28823392.718543,0.019531
max_waiting,a2c__mask_false,maskable_dqn__mask_true,-28667545.325779,0.019531
max_waiting,a2c__mask_false,maskable_dqn__mask_true,-28511697.933015,0.027344
max_waiting,a2c__mask_false,maskable_dqn__mask_true,-28355850.540251,0.027344
max_waiting,a2c__mask_false,maskable_dqn__mask_true,-28200003.147487,0.048828
max_waiting,a2c__mask_false,maskable_dqn__mask_true,-28044155.754724,0.048828
max_waiting,a2c__mask_false,maskable_dqn__mask_true,-27888308.361960,0.048828
max_waiting,a2c__mask_false,maskable_dqn__mask_true,-27732460.969196,0.064453
max_waiting,a2c__mask_false,maskable_dqn__mask_true,-27576613.576432,0.064453
max_waiting,a2c__mask_false,maskable_dqn__mask_true,-27420766.183668,0.064453
max_waiting,a2c__mask_false,maskable_dqn__mask_true,-27264918.790905,0.064453
max_waiting,a2c__mask_false,maskable_dqn__mask_true,-27109071.398141,0.064453
max_waiting,a2c__mask_false,maskable_dqn__mask_true,-26953224.005377,0.105469
max_waiting,a2c__mask_false,maskable_dqn__mask_true,-26797376.612613,0.130859
max_waiting,a2c__mask_false,maskable_dqn__mask_true,-26641529.219849,0.130859
max_waiting,a2c__mask_false,maskable_dqn__mask_true,-26485681.827085,0.160156
max_waiting,a2c__mask_false,maskable_dqn__mask_true,-26329834.434322,0.193359
max_waiting,a2c__mask_false,maskable_dqn__mask_true,-26173987.041558,0.193359
max_waiting,a2c__mask_false,maskable_dqn__mask_true,-26018139.648794,0.193359
max_waiting,a2c__mask_false,maskable_dqn__mask_true,-25862292.256030,0.232422
max_waiting,a2c__mask_false,maskable_dqn__mask_true,-25706444.863266,0.232422
max_waiting,a2c__mask_false,maskable_dqn__mask_true,-25550597.470503,0.232422
max_waiting,a2c__mask_false,maskable_dqn__mask_true,-25394750.077739,0.232422
max_waiting,a2c__mask_false,maskable_dqn__mask_true,-25238902.684975,0.275391
max_waiting,a2c__mask_false,maskable_dqn__mask_true,-25083055.292211,0.275391
max_waiting,a2c__mask_false,maskable_dqn__mask_true,-24927207.899447,0.275391
max_waiting,a2c__mask_false,maskable_dqn__mask_true,-24771360.506683,0.275391
max_waiting,a2c__mask_false,maskable_dqn__mask_true,-24615513.113920,0.275391
max_waiting,a2c__mask_false,maskable_dqn__mask_true,-24459665.721156,0.322266
max_waiting,a2c__mask_false,maskable_dqn__mask_true,-24303818.328392,0.322266
max_waiting,a2c__mask_false,maskable_dqn__mask_true,-24147970.935628,0.322266
max_waiting,a2c__mask_false,maskable_dqn__mask_true,-23992123.542864,0.322266
max_waiting,a2c__mask_false,maskable_dqn__mask_true,-23836276.150100,0.322266
max_waiting,a2c__mask_false,maskable_dqn__mask_true,-23680428.757337,0.322266
max_waiting,a2c__mask_false,maskable_dqn__mask_true,-23524581.364573,0.322266
max_waiting,a2c__mask_false,maskable_dqn__mask_true,-23368733.971809,0.322266
max_waiting,a2c__mask_false,maskable_dqn__mask_true,-23212886.579045,0.375000
max_waiting,a2c__mask_false,maskable_dqn__mask_true,-23057039.186281,0.431641
max_waiting,a2c__mask_false,maskable_dqn__mask_true,-22901191.793518,0.492188
max_waiting,a2c__mask_false,maskable_dqn__mask_true,-22745344.400754,0.492188
max_waiting,a2c__mask_false,maskable_dqn__mask_true,-22589497.007990,0.556641
max_waiting,a2c__mask_false,maskable_dqn__mask_true,-22433649.615226,0.556641
max_waiting,a2c__mask_false,maskable_dqn__mask_true,-22277802.222462,0.556641
max_waiting,a2c__mask_false,maskable_dqn__mask_true,-22121954.829698,0.625000
max_waiting,a2c__mask_false,maskable_dqn__mask_true,-21966107.436935,0.625000
max_waiting,a2c__mask_false,maskable_dqn__mask_true,-21810260.044171,0.625000
max_waiting,a2c__mask_false,maskable_dqn__mask_true,-21654412.651407,0.625000
max_waiting,a2c__mask_false,maskable_dqn__mask_true,-21498565.258643,0.625000
max_waiting,a2c__mask_false,maskable_dqn__mask_true,-21342717.865879,0.625000
max_waiting,a2c__mask_false,maskable_dqn__mask_true,-21186870.473116,0.625000
max_waiting,a2c__mask_false,maskable_dqn__mask_true,-21031023.080352,0.625000
max_waiting,a2c__mask_false,maskable_dqn__mask_true,-20875175.687588,0.625000
max_waiting,a2c__mask_false,maskable_dqn__mask_true,-20719328.294824,0.769531
max_waiting,a2c__mask_false,maskable_dqn__mask_true,-20563480.902060,0.769531
max_waiting,a2c__mask_false,maskable_dqn__mask_true,-20407633.509296,0.769531
max_waiting,a2c__mask_false,maskable_dqn__mask_true,-20251786.116533,0.845703
max_waiting,a2c__mask_false,maskable_dqn__mask_true,-20095938.723769,0.845703
max_waiting,a2c__mask_false,maskable_dqn__mask_true,-19940091.331005,0.845703
max_waiting,a2c__mask_false,maskable_dqn__mask_true,-19784243.938241,0.921875
max_waiting,a2c__mask_false,maskable_dqn__mask_true,-19628396.545477,0.921875
max_waiting,a2c__mask_false,maskable_dqn__mask_true,-19472549.152714,0.921875
max_waiting,a2c__mask_false,maskable_dqn__mask_true,-19316701.759950,1.000000
max_waiting,a2c__mask_false,maskable_dqn__mask_true,-19160854.367186,1.000000
max_waiting,a2c__mask_false,maskable_dqn__mask_true,-19005006.974422,1.000000
max_waiting,a2c__mask_false,maskable_dqn__mask_true,-18849159.581658,1.000000
max_waiting,a2c__mask_false,maskable_dqn__mask_true,-18693312.188894,1.000000
max_waiting,a2c__mask_false,maskable_dqn__mask_true,-18537464.796131,1.000000
max_waiting,a2c__mask_false,maskable_dqn__mask_true,-18381617.403367,1.000000
max_waiting,a2c__mask_false,maskable_dqn__mask_true,-18225770.010603,1.000000
max_waiting,a2c__mask_false,maskable_dqn__mask_true,-18069922.617839,1.000000
max_waiting,a2c__mask_false,maskable_dqn__mask_true,-17914075.225075,1.000000
max_waiting,a2c__mask_false,maskable_dqn__mask_true,-17758227.832312,1.000000
max_waiting,a2c__mask_false,maskable_dqn__mask_true,-17602380.439548,0.921875
max_waiting,a2c__mask_false,maskable_dqn__mask_true,-17446533.046784,0.845703
max_waiting,a2c__mask_false,maskable_dqn__mask_true,-17290685.654020,0.845703
max_waiting,a2c__mask_false,maskable_dqn__mask_true,-17134838.261256,0.845703
max_waiting,a2c__mask_false,maskable_dqn__mask_true,-16978990.868492,0.695312
max_waiting,a2c__mask_false,maskable_dqn__mask_true,-16823143.475729,0.695312
max_waiting,a2c__mask_false,maskable_dqn__mask_true,-16667296.082965,0.695312
max_waiting,a2c__mask_false,maskable_dqn__mask_true,-16511448.690201,0.695312
max_waiting,a2c__mask_false,maskable_dqn__mask_true,-16355601.297437,0.625000
max_waiting,a2c__mask_false,maskable_dqn__mask_true,-16199753.904673,0.625000
max_waiting,a2c__mask_false,maskable_dqn__mask_true,-16043906.511910,0.625000
max_waiting,a2c__mask_false,maskable_dqn__mask_true,-15888059.119146,0.625000
max_waiting,a2c__mask_false,maskable_dqn__mask_true,-15732211.726382,0.625000
max_waiting,a2c__mask_false,maskable_dqn__mask_true,-15576364.333618,0.492188
max_waiting,a2c__mask_false,maskable_dqn__mask_true,-15420516.940854,0.492188
max_waiting,a2c__mask_false,maskable_dqn__mask_true,-15264669.548090,0.492188
max_waiting,a2c__mask_false,maskable_dqn__mask_true,-15108822.155327,0.492188
max_waiting,a2c__mask_false,maskable_dqn__mask_true,-14952974.762563,0.492188
max_waiting,a2c__mask_false,maskable_dqn__mask_true,-14797127.369799,0.431641
max_waiting,a2c__mask_false,maskable_dqn__mask_true,-14641279.977035,0.431641
max_waiting,a2c__mask_false,maskable_dqn__mask_true,-14485432.584271,0.375000
max_waiting,a2c__mask_false,maskable_dqn__mask_true,-14329585.191508,0.322266
max_waiting,a2c__mask_false,maskable_dqn__mask_true,-14173737.798744,0.275391
max_waiting,a2c__mask_false,maskable_dqn__mask_true,-14017890.405980,0.275391
max_waiting,a2c__mask_false,maskable_dqn__mask_true,-13862043.013216,0.232422
max_waiting,a2c__mask_false,maskable_dqn__mask_true,-13706195.620452,0.193359
max_waiting,a2c__mask_false,maskable_dqn__mask_true,-13550348.227688,0.193359
max_waiting,a2c__mask_false,maskable_dqn__mask_true,-13394500.834925,0.130859
max_waiting,a2c__mask_false,maskable_dqn__mask_true,-13238653.442161,0.130859
max_waiting,a2c__mask_false,maskable_dqn__mask_true,-13082806.049397,0.130859
max_waiting,a2c__mask_false,maskable_dqn__mask_true,-12926958.656633,0.105469
max_waiting,a2c__mask_false,maskable_dqn__mask_true,-12771111.263869,0.105469
max_waiting,a2c__mask_false,maskable_dqn__mask_true,-12615263.871106,0.105469
max_waiting,a2c__mask_false,maskable_dqn__mask_true,-12459416.478342,0.105469
max_waiting,a2c__mask_false,maskable_dqn__mask_true,-12303569.085578,0.105469
max_waiting,a2c__mask_false,maskable_dqn__mask_true,-12147721.692814,0.105469
max_waiting,a2c__mask_false,maskable_dqn__mask_true,-11991874.300050,0.105469
max_waiting,a2c__mask_false,maskable_dqn__mask_true,-11836026.907286,0.105469
max_waiting,a2c__mask_false,maskable_dqn__mask_true,-11680179.514523,0.105469
max_waiting,a2c__mask_false,maskable_dqn__mask_true,-11524332.121759,0.105469
max_waiting,a2c__mask_false,maskable_dqn__mask_true,-11368484.728995,0.083984
max_waiting,a2c__mask_false,maskable_dqn__mask_true,-11212637.336231,0.083984
max_waiting,a2c__mask_false,maskable_dqn__mask_true,-11056789.943467,0.083984
max_waiting,a2c__mask_false,maskable_dqn__mask_true,-10900942.550704,0.083984
max_waiting,a2c__mask_false,maskable_dqn__mask_true,-10745095.157940,0.083984
max_waiting,a2c__mask_false,maskable_dqn__mask_true,-10589247.765176,0.083984
max_waiting,a2c__mask_false,maskable_dqn__mask_true,-10433400.372412,0.064453
max_waiting,a2c__mask_false,maskable_dqn__mask_true,-10277552.979648,0.064453
max_waiting,a2c__mask_false,maskable_dqn__mask_true,-10121705.586884,0.064453
max_waiting,a2c__mask_false,maskable_dqn__mask_true,-9965858.194121,0.064453
max_waiting,a2c__mask_false,maskable_dqn__mask_true,-9810010.801357,0.064453
max_waiting,a2c__mask_false,maskable_dqn__mask_true,-9654163.408593,0.048828
max_waiting,a2c__mask_false,maskable_dqn__mask_true,-9498316.015829,0.048828
max_waiting,a2c__mask_false,maskable_dqn__mask_true,-9342468.623065,0.048828
max_waiting,a2c__mask_false,maskable_dqn__mask_true,-9186621.230302,0.048828
max_waiting,a2c__mask_false,maskable_dqn__mask_true,-9030773.837538,0.048828
max_waiting,a2c__mask_false,maskable_dqn__mask_true,-8874926.444774,0.048828
max_waiting,a2c__mask_false,maskable_dqn__mask_true,-8719079.052010,0.048828
max_waiting,a2c__mask_false,maskable_dqn__mask_true,-8563231.659246,0.048828
max_waiting,a2c__mask_false,maskable_dqn__mask_true,-8407384.266482,0.048828
max_waiting,a2c__mask_false,maskable_dqn__mask_true,-8251536.873719,0.037109
max_waiting,a2c__mask_false,maskable_dqn__mask_true,-8095689.480955,0.027344
max_waiting,a2c__mask_false,maskable_dqn__mask_true,-7939842.088191,0.027344
max_waiting,a2c__mask_false,maskable_dqn__mask_true,-7783994.695427,0.027344
max_waiting,a2c__mask_false,maskable_dqn__mask_true,-7628147.302663,0.027344
max_waiting,a2c__mask_false,maskable_dqn__mask_true,-7472299.909899,0.027344
max_waiting,a2c__mask_false,maskable_dqn__mask_true,-7316452.517136,0.019531
max_waiting,a2c__mask_false,maskable_dqn__mask_true,-7160605.124372,0.019531
max_waiting,a2c__mask_false,maskable_dqn__mask_true,-7004757.731608,0.019531
max_waiting,a2c__mask_false,maskable_dqn__mask_true,-6848910.338844,0.019531
max_waiting,a2c__mask_false,maskable_dqn__mask_true,-6693062.946080,0.019531
max_waiting,a2c__mask_false,maskable_dqn__mask_true,-6537215.553317,0.019531
max_waiting,a2c__mask_false,maskable_dqn__mask_true,-6381368.160553,0.019531
max_waiting,a2c__mask_false,maskable_dqn__mask_true,-6225520.767789,0.019531
max_waiting,a2c__mask_false,maskable_dqn__mask_true,-6069673.375025,0.019531
max_waiting,a2c__mask_false,maskable_dqn__mask_true,-5913825.982261,0.019531
max_waiting,a2c__mask_false,maskable_dqn__mask_true,-5757978.589497,0.019531
max_waiting,a2c__mask_false,maskable_dqn__mask_true,-5602131.196734,0.019531
max_waiting,a2c__mask_false,maskable_dqn__mask_true,-5446283.803970,0.019531
max_waiting,a2c__mask_false,maskable_dqn__mask_true,-5290436.411206,0.019531
max_waiting,a2c__mask_false,maskable_dqn__mask_true,-5134589.018442,0.019531
max_waiting,a2c__mask_false,maskable_dqn__mask_true,-4978741.625678,0.019531
max_waiting,a2c__mask_false,maskable_dqn__mask_true,-4822894.232915,0.013672
max_waiting,a2c__mask_false,maskable_dqn__mask_true,-4667046.840151,0.013672
max_waiting,a2c__mask_false,maskable_dqn__mask_true,-4511199.447387,0.013672
max_waiting,a2c__mask_false,maskable_dqn__mask_true,-4355352.054623,0.013672
max_waiting,a2c__mask_false,maskable_dqn__mask_true,-4199504.661859,0.013672
max_waiting,a2c__mask_false,maskable_dqn__mask_true,-4043657.269095,0.009766
max_waiting,a2c__mask_false,maskable_dqn__mask_true,-3887809.876332,0.009766
max_waiting,a2c__mask_false,maskable_dqn__mask_true,-3731962.483568,0.009766
max_waiting,a2c__mask_false,maskable_dqn__mask_true,-3576115.090804,0.009766
max_waiting,a2c__mask_false,maskable_dqn__mask_true,-3420267.698040,0.009766
max_waiting,a2c__mask_false,maskable_dqn__mask_true,-3264420.305276,0.009766
max_waiting,a2c__mask_false,maskable_dqn__mask_true,-3108572.912513,0.009766
max_waiting,a2c__mask_false,maskable_dqn__mask_true,-2952725.519749,0.009766
max_waiting,a2c__mask_false,maskable_dqn__mask_true,-2796878.126985,0.009766
max_waiting,a2c__mask_false,maskable_dqn__mask_true,-2641030.734221,0.009766
max_waiting,a2c__mask_false,maskable_dqn__mask_true,-2485183.341457,0.009766
max_waiting,a2c__mask_false,maskable_dqn__mask_true,-2329335.948693,0.009766
max_waiting,a2c__mask_false,maskable_dqn__mask_true,-2173488.555930,0.009766
max_waiting,a2c__mask_false,maskable_dqn__mask_true,-2017641.163166,0.009766
max_waiting,a2c__mask_false,maskable_dqn__mask_true,-1861793.770402,0.009766
max_waiting,a2c__mask_false,maskable_dqn__mask_true,-1705946.377638,0.009766
max_waiting,a2c__mask_false,maskable_dqn__mask_true,-1550098.984874,0.005859
max_waiting,a2c__mask_false,maskable_dqn__mask_true,-1394251.592111,0.005859
max_waiting,a2c__mask_false,maskable_dqn__mask_true,-1238404.199347,0.005859
max_waiting,a2c__mask_false,maskable_dqn__mask_true,-1082556.806583,0.005859
max_waiting,a2c__mask_false,maskable_dqn__mask_true,-926709.413819,0.005859
max_waiting,a2c__mask_false,maskable_dqn__mask_true,-770862.021055,0.003906
max_waiting,a2c__mask_false,maskable_dqn__mask_true,-615014.628291,0.003906
max_waiting,a2c__mask_false,maskable_dqn__mask_true,-459167.235528,0.003906
max_waiting,a2c__mask_false,maskable_dqn__mask_true,-303319.842764,0.003906
max_waiting,a2c__mask_false,maskable_dqn__mask_true,-147472.450000,0.003906
max_waiting,dqn__mask_false,maskable_dqn__mask_true,-30475651.190000,0.003906
max_waiting,dqn__mask_false,maskable_dqn__mask_true,-30297103.805528,0.003906
max_waiting,dqn__mask_false,maskable_dqn__mask_true,-30118556.421055,0.003906
max_waiting,dqn__mask_false,maskable_dqn__mask_true,-29940009.036583,0.003906
max_waiting,dqn__mask_false,maskable_dqn__mask_true,-29761461.652111,0.003906
max_waiting,dqn__mask_false,maskable_dqn__mask_true,-29582914.267638,0.003906
max_waiting,dqn__mask_false,maskable_dqn__mask_true,-29404366.883166,0.003906
max_waiting,dqn__mask_false,maskable_dqn__mask_true,-29225819.498693,0.003906
max_waiting,dqn__mask_false,maskable_dqn__mask_true,-29047272.114221,0.003906
max_waiting,dqn__mask_false,maskable_dqn__mask_true,-28868724.729749,0.005859
max_waiting,dqn__mask_false,maskable_dqn__mask_true,-28690177.345276,0.013672
max_waiting,dqn__mask_false,maskable_dqn__mask_true,-28511629.960804,0.013672
max_waiting,dqn__mask_false,maskable_dqn__mask_true,-28333082.576332,0.013672
max_waiting,dqn__mask_false,maskable_dqn__mask_true,-28154535.191859,0.013672
max_waiting,dqn__mask_false,maskable_dqn__mask_true,-27975987.807387,0.013672
max_waiting,dqn__mask_false,maskable_dqn__mask_true,-27797440.422915,0.013672
max_waiting,dqn__mask_false,maskable_dqn__mask_true,-27618893.038442,0.013672
max_waiting,dqn__mask_false,maskable_dqn__mask_true,-27440345.653970,0.013672
max_waiting,dqn__mask_false,maskable_dqn__mask_true,-27261798.269497,0.013672
max_waiting,dqn__mask_false,maskable_dqn__mask_true,-27083250.885025,0.013672
max_waiting,dqn__mask_false,maskable_dqn__mask_true,-26904703.500553,0.037109
max_waiting,dqn__mask_false,maskable_dqn__mask_true,-26726156.116080,0.064453
max_waiting,dqn__mask_false,maskable_dqn__mask_true,-26547608.731608,0.083984
max_waiting,dqn__mask_false,maskable_dqn__mask_true,-26369061.347136,0.083984
max_waiting,dqn__mask_false,maskable_dqn__mask_true,-26190513.962663,0.083984
max_waiting,dqn__mask_false,maskable_dqn__mask_true,-26011966.578191,0.083984
max_waiting,dqn__mask_false,maskable_dqn__mask_true,-25833419.193719,0.083984
max_waiting,dqn__mask_false,maskable_dqn__mask_true,-25654871.809246,0.083984
max_waiting,dqn__mask_false,maskable_dqn__mask_true,-25476324.424774,0.083984
max_waiting,dqn__mask_false,maskable_dqn__mask_true,-25297777.040302,0.083984
max_waiting,dqn__mask_false,maskable_dqn__mask_true,-25119229.655829,0.083984
max_waiting,dqn__mask_false,maskable_dqn__mask_true,-24940682.271357,0.083984
max_waiting,dqn__mask_false,maskable_dqn__mask_true,-24762134.886884,0.083984
max_waiting,dqn__mask_false,maskable_dqn__mask_true,-24583587.502412,0.083984
max_waiting,dqn__mask_false,maskable_dqn__mask_true,-24405040.117940,0.083984
max_waiting,dqn__mask_false,maskable_dqn__mask_true,-24226492.733467,0.083984
max_waiting,dqn__mask_false,maskable_dqn__mask_true,-24047945.348995,0.083984
max_waiting,dqn__mask_false,maskable_dqn__mask_true,-23869397.964523,0.083984
max_waiting,dqn__mask_false,maskable_dqn__mask_true,-23690850.580050,0.083984
max_waiting,dqn__mask_false,maskable_dqn__mask_true,-23512303.195578,0.083984
max_waiting,dqn__mask_false,maskable_dqn__mask_true,-23333755.811106,0.083984
max_waiting,dqn__mask_false,maskable_dqn__mask_true,-23155208.426633,0.083984
max_waiting,dqn__mask_false,maskable_dqn__mask_true,-22976661.042161,0.083984
max_waiting,dqn__mask_false,maskable_dqn__mask_true,-22798113.657688,0.083984
max_waiting,dqn__mask_false,maskable_dqn__mask_true,-22619566.273216,0.105469
max_waiting,dqn__mask_false,maskable_dqn__mask_true,-22441018.888744,0.105469
max_waiting,dqn__mask_false,maskable_dqn__mask_true,-22262471.504271,0.105469
max_waiting,dqn__mask_false,maskable_dqn__mask_true,-22083924.119799,0.105469
max_waiting,dqn__mask_false,maskable_dqn__mask_true,-21905376.735327,0.105469
max_waiting,dqn__mask_false,maskable_dqn__mask_true,-21726829.350854,0.105469
max_waiting,dqn__mask_false,maskable_dqn__mask_true,-21548281.966382,0.105469
max_waiting,dqn__mask_false,maskable_dqn__mask_true,-21369734.581910,0.105469
max_waiting,dqn__mask_false,maskable_dqn__mask_true,-21191187.197437,0.105469
max_waiting,dqn__mask_false,maskable_dqn__mask_true,-21012639.812965,0.105469
max_waiting,dqn__mask_false,maskable_dqn__mask_true,-20834092.428492,0.130859
max_waiting,dqn__mask_false,maskable_dqn__mask_true,-20655545.044020,0.193359
max_waiting,dqn__mask_false,maskable_dqn__mask_true,-20476997.659548,0.193359
max_waiting,dqn__mask_false,maskable_dqn__mask_true,-20298450.275075,0.193359
max_waiting,dqn__mask_false,maskable_dqn__mask_true,-20119902.890603,0.193359
max_waiting,dqn__mask_false,maskable_dqn__mask_true,-19941355.506131,0.193359
max_waiting,dqn__mask_false,maskable_dqn__mask_true,-19762808.121658,0.193359
max_waiting,dqn__mask_false,maskable_dqn__mask_true,-19584260.737186,0.193359
max_waiting,dqn__mask_false,maskable_dqn__mask_true,-19405713.352714,0.232422
max_waiting,dqn__mask_false,maskable_dqn__mask_true,-19227165.968241,0.232422
max_waiting,dqn__mask_false,maskable_dqn__mask_true,-19048618.583769,0.232422
max_waiting,dqn__mask_false,maskable_dqn__mask_true,-18870071.199296,0.232422
max_waiting,dqn__mask_false,maskable_dqn__mask_true,-18691523.814824,0.275391
max_waiting,dqn__mask_false,maskable_dqn__mask_true,-18512976.430352,0.275391
max_waiting,dqn__mask_false,maskable_dqn__mask_true,-18334429.045879,0.275391
max_waiting,dqn__mask_false,maskable_dqn__mask_true,-18155881.661407,0.275391
max_waiting,dqn__mask_false,maskable_dqn__mask_true,-17977334.276935,0.275391
max_waiting,dqn__mask_false,maskable_dqn__mask_true,-17798786.892462,0.275391
max_waiting,dqn__mask_false,maskable_dqn__mask_true,-17620239.507990,0.322266
max_waiting,dqn__mask_false,maskable_dqn__mask_true,-17441692.123518,0.431641
max_waiting,dqn__mask_false,maskable_dqn__mask_true,-17263144.739045,0.431641
max_waiting,dqn__mask_false,maskable_dqn__mask_true,-17084597.354573,0.431641
max_waiting,dqn__mask_false,maskable_dqn__mask_true,-16906049.970101,0.556641
max_waiting,dqn__mask_false,maskable_dqn__mask_true,-16727502.585628,0.625000
max_waiting,dqn__mask_false,maskable_dqn__mask_true,-16548955.201156,0.625000
max_waiting,dqn__mask_false,maskable_dqn__mask_true,-16370407.816683,0.625000
max_waiting,dqn__mask_false,maskable_dqn__mask_true,-16191860.432211,0.695312
max_waiting,dqn__mask_false,maskable_dqn__mask_true,-16013313.047739,0.695312
max_waiting,dqn__mask_false,maskable_dqn__mask_true,-15834765.663266,0.695312
max_waiting,dqn__mask_false,maskable_dqn__mask_true,-15656218.278794,0.695312
max_waiting,dqn__mask_false,maskable_dqn__mask_true,-15477670.894322,0.695312
max_waiting,dqn__mask_false,maskable_dqn__mask_true,-15299123.509849,0.769531
max_waiting,dqn__mask_false,maskable_dqn__mask_true,-15120576.125377,0.769531
max_waiting,dqn__mask_false,maskable_dqn__mask_true,-14942028.740905,0.769531
max_waiting,dqn__mask_false,maskable_dqn__mask_true,-14763481.356432,0.769531
max_waiting,dqn__mask_false,maskable_dqn__mask_true,-14584933.971960,0.845703
max_waiting,dqn__mask_false,maskable_dqn__mask_true,-14406386.587487,0.845703
max_waiting,dqn__mask_false,maskable_dqn__mask_true,-14227839.203015,1.000000
max_waiting,dqn__mask_false,maskable_dqn__mask_true,-14049291.818543,1.000000
max_waiting,dqn__mask_false,maskable_dqn__mask_true,-13870744.434070,1.000000
max_waiting,dqn__mask_false,maskable_dqn__mask_true,-13692197.049598,1.000000
max_waiting,dqn__mask_false,maskable_dqn__mask_true,-13513649.665126,0.921875
max_waiting,dqn__mask_false,maskable_dqn__mask_true,-13335102.280653,0.769531
max_waiting,dqn__mask_false,maskable_dqn__mask_true,-13156554.896181,0.769531
max_waiting,dqn__mask_false,maskable_dqn__mask_true,-12978007.511709,0.769531
max_waiting,dqn__mask_false,maskable_dqn__mask_true,-12799460.127236,0.769531
max_waiting,dqn__mask_false,maskable_dqn__mask_true,-12620912.742764,0.695312
max_waiting,dqn__mask_false,maskable_dqn__mask_true,-12442365.358291,0.695312
max_waiting,dqn__mask_false,maskable_dqn__mask_true,-12263817.973819,0.695312
max_waiting,dqn__mask_false,maskable_dqn__mask_true,-12085270.589347,0.695312
max_waiting,dqn__mask_false,maskable_dqn__mask_true,-11906723.204874,0.695312
max_waiting,dqn__mask_false,maskable_dqn__mask_true,-11728175.820402,0.695312
max_waiting,dqn__mask_false,maskable_dqn__mask_true,-11549628.435930,0.695312
max_waiting,dqn__mask_false,maskable_dqn__mask_true,-11371081.051457,0.625000
max_waiting,dqn__mask_false,maskable_dqn__mask_true,-11192533.666985,0.625000
max_waiting,dqn__mask_false,maskable_dqn__mask_true,-11013986.282513,0.625000
max_waiting,dqn__mask_false,maskable_dqn__mask_true,-10835438.898040,0.625000
max_waiting,dqn__mask_false,maskable_dqn__mask_true,-10656891.513568,0.431641
max_waiting,dqn__mask_false,maskable_dqn__mask_true,-10478344.129095,0.375000
max_waiting,dqn__mask_false,maskable_dqn__mask_true,-10299796.744623,0.375000
max_waiting,dqn__mask_false,maskable_dqn__mask_true,-10121249.360151,0.375000
max_waiting,dqn__mask_false,maskable_dqn__mask_true,-9942701.975678,0.375000
max_waiting,dqn__mask_false,maskable_dqn__mask_true,-9764154.591206,0.375000
max_waiting,dqn__mask_false,maskable_dqn__mask_true,-9585607.206734,0.375000
max_waiting,dqn__mask_false,maskable_dqn__mask_true,-9407059.822261,0.375000
max_waiting,dqn__mask_false,maskable_dqn__mask_true,-9228512.437789,0.375000
max_waiting,dqn__mask_false,maskable_dqn__mask_true,-9049965.053317,0.375000
max_waiting,dqn__mask_false,maskable_dqn__mask_true,-8871417.668844,0.375000
max_waiting,dqn__mask_false,maskable_dqn__mask_true,-8692870.284372,0.375000
max_waiting,dqn__mask_false,maskable_dqn__mask_true,-8514322.899899,0.375000
max_waiting,dqn__mask_false,maskable_dqn__mask_true,-8335775.515427,0.375000
max_waiting,dqn__mask_false,maskable_dqn__mask_true,-8157228.130955,0.322266
max_waiting,dqn__mask_false,maskable_dqn__mask_true,-7978680.746482,0.275391
max_waiting,dqn__mask_false,maskable_dqn__mask_true,-7800133.362010,0.275391
max_waiting,dqn__mask_false,maskable_dqn__mask_true,-7621585.977538,0.275391
max_waiting,dqn__mask_false,maskable_dqn__mask_true,-7443038.593065,0.232422
max_waiting,dqn__mask_false,maskable_dqn__mask_true,-7264491.208593,0.193359
max_waiting,dqn__mask_false,maskable_dqn__mask_true,-7085943.824121,0.193359
max_waiting,dqn__mask_false,maskable_dqn__mask_true,-6907396.439648,0.160156
max_waiting,dqn__mask_false,maskable_dqn__mask_true,-6728849.055176,0.160156
max_waiting,dqn__mask_false,maskable_dqn__mask_true,-6550301.670704,0.160156
max_waiting,dqn__mask_false,maskable_dqn__mask_true,-6371754.286231,0.160156
max_waiting,dqn__mask_false,maskable_dqn__mask_true,-6193206.901759,0.160156
max_waiting,dqn__mask_false,maskable_dqn__mask_true,-6014659.517286,0.160156
max_waiting,dqn__mask_false,maskable_dqn__mask_true,-5836112.132814,0.160156
max_waiting,dqn__mask_false,maskable_dqn__mask_true,-5657564.748342,0.160156
max_waiting,dqn__mask_false,maskable_dqn__mask_true,-5479017.363869,0.160156
max_waiting,dqn__mask_false,maskable_dqn__mask_true,-5300469.979397,0.160156
max_waiting,dqn__mask_false,maskable_dqn__mask_true,-5121922.594925,0.160156
max_waiting,dqn__mask_false,maskable_dqn__mask_true,-4943375.210452,0.130859
max_waiting,dqn__mask_false,maskable_dqn__mask_true,-4764827.825980,0.130859
max_waiting,dqn__mask_false,maskable_dqn__mask_true,-4586280.441508,0.130859
max_waiting,dqn__mask_false,maskable_dqn__mask_true,-4407733.057035,0.105469
max_waiting,dqn__mask_false,maskable_dqn__mask_true,-4229185.672563,0.083984
max_waiting,dqn__mask_false,maskable_dqn__mask_true,-4050638.288090,0.064453
max_waiting,dqn__mask_false,maskable_dqn__mask_true,-3872090.903618,0.064453
max_waiting,dqn__mask_false,maskable_dqn__mask_true,-3693543.519146,0.064453
max_waiting,dqn__mask_false,maskable_dqn__mask_true,-3514996.134673,0.064453
max_waiting,dqn__mask_false,maskable_dqn__mask_true,-3336448.750201,0.048828
max_waiting,dqn__mask_false,maskable_dqn__mask_true,-3157901.365729,0.048828
max_waiting,dqn__mask_false,maskable_dqn__mask_true,-2979353.981256,0.048828
max_waiting,dqn__mask_false,maskable_dqn__mask_true,-2800806.596784,0.048828
max_waiting,dqn__mask_false,maskable_dqn__mask_true,-2622259.212312,0.048828
max_waiting,dqn__mask_false,maskable_dqn__mask_true,-2443711.827839,0.048828
max_waiting,dqn__mask_false,maskable_dqn__mask_true,-2265164.443367,0.048828
max_waiting,dqn__mask_false,maskable_dqn__mask_true,-2086617.058894,0.048828
max_waiting,dqn__mask_false,maskable_dqn__mask_true,-1908069.674422,0.048828
max_waiting,dqn__mask_false,maskable_dqn__mask_true,-1729522.289950,0.048828
max_waiting,dqn__mask_false,maskable_dqn__mask_true,-1550974.905477,0.037109
max_waiting,dqn__mask_false,maskable_dqn__mask_true,-1372427.521005,0.037109
max_waiting,dqn__mask_false,maskable_dqn__mask_true,-1193880.136533,0.027344
max_waiting,dqn__mask_false,maskable_dqn__mask_true,-1015332.752060,0.027344
max_waiting,dqn__mask_false,maskable_dqn__mask_true,-836785.367588,0.027344
max_waiting,dqn__mask_false,maskable_dqn__mask_true,-658237.983116,0.013672
max_waiting,dqn__mask_false,maskable_dqn__mask_true,-479690.598643,0.013672
max_waiting,dqn__mask_false,maskable_dqn__mask_true,-301143.214171,0.013672
max_waiting,dqn__mask_false,maskable_dqn__mask_true,-122595.829698,0.013672
max_waiting,dqn__mask_false,maskable_dqn__mask_true,55951.554774,0.009766
max_waiting,dqn__mask_false,maskable_dqn__mask_true,234498.939246,0.009766
max_waiting,dqn__mask_false,maskable_dqn__mask_true,413046.323719,0.009766
max_waiting,dqn__mask_false,maskable_dqn__mask_true,591593.708191,0.009766
max_waiting,dqn__mask_false,maskable_dqn__mask_true,770141.092663,0.009766
max_waiting,dqn__mask_false,maskable_dqn__mask_true,948688.477136,0.009766
max_waiting,dqn__mask_false,maskable_dqn__mask_true,1127235.861608,0.009766
max_waiting,dqn__mask_false,maskable_dqn__mask_true,1305783.246080,0.009766
max_waiting,dqn__mask_false,maskable_dqn__mask_true,1484330.630553,0.009766
max_waiting,dqn__mask_false,maskable_dqn__mask_true,1662878.015025,0.009766
max_waiting,dqn__mask_false,maskable_dqn__mask_true,1841425.399497,0.009766
max_waiting,dqn__mask_false,maskable_dqn__mask_true,2019972.783970,0.005859
max_waiting,dqn__mask_false,maskable_dqn__mask_true,2198520.168442,0.005859
max_waiting,dqn__mask_false,maskable_dqn__mask_true,2377067.552915,0.005859
max_waiting,dqn__mask_false,maskable_dqn__mask_true,2555614.937387,0.005859
max_waiting,dqn__mask_false,maskable_dqn__mask_true,2734162.321859,0.005859
max_waiting,dqn__mask_false,maskable_dqn__mask_true,2912709.706332,0.003906
max_waiting,dqn__mask_false,maskable_dqn__mask_true,3091257.090804,0.003906
max_waiting,dqn__mask_false,maskable_dqn__mask_true,3269804.475276,0.003906
max_waiting,dqn__mask_false,maskable_dqn__mask_true,3448351.859749,0.003906
max_waiting,dqn__mask_false,maskable_dqn__mask_true,3626899.244221,0.003906
max_waiting,dqn__mask_false,maskable_dqn__mask_true,3805446.628693,0.003906
max_waiting,dqn__mask_false,maskable_dqn__mask_true,3983994.013166,0.003906
max_waiting,dqn__mask_false,maskable_dqn__mask_true,4162541.397638,0.003906
max_waiting,dqn__mask_false,maskable_dqn__mask_true,4341088.782111,0.003906
max_waiting,dqn__mask_false,maskable_dqn__mask_true,4519636.166583,0.003906
max_waiting,dqn__mask_false,maskable_dqn__mask_true,4698183.551055,0.003906
max_waiting,dqn__mask_false,maskable_dqn__mask_true,4876730.935528,0.003906
max_waiting,dqn__mask_false,maskable_dqn__mask_true,5055278.320000,0.003906
max_waiting,maskable_dqn__mask_true,ppo__mask_false,147472.450000,0.003906
max_waiting,maskable_dqn__mask_true,ppo__mask_false,303858.954523,0.003906
max_waiting,maskable_dqn__mask_true,ppo__mask_false,460245.459045,0.003906
max_waiting,maskable_dqn__mask_true,ppo__mask_false,616631.963568,0.003906
max_waiting,maskable_dqn__mask_true,ppo__mask_false,773018.468090,0.003906
max_waiting,maskable_dqn__mask_true,ppo__mask_false,929404.972613,0.005859
max_waiting,maskable_dqn__mask_true,ppo__mask_false,1085791.477136,0.005859
max_waiting,maskable_dqn__mask_true,ppo__mask_false,1242177.981658,0.005859
max_waiting,maskable_dqn__mask_true,ppo__mask_false,1398564.486181,0.005859
max_waiting,maskable_dqn__mask_true,ppo__mask_false,1554950.990704,0.005859
max_waiting,maskable_dqn__mask_true,ppo__mask_false,1711337.495226,0.009766
max_waiting,maskable_dqn__mask_true,ppo__mask_false,1867723.999749,0.009766
max_waiting,maskable_dqn__mask_true,ppo__mask_false,2024110.504271,0.009766
max_waiting,maskable_dqn__mask_true,ppo__mask_false,2180497.008794,0.009766
max_waiting,maskable_dqn__mask_true,ppo__mask_false,2336883.513317,0.009766
max_waiting,maskable_dqn__mask_true,ppo__mask_false,2493270.017839,0.009766
max_waiting,maskable_dqn__mask_true,ppo__mask_false,2649656.522362,0.009766
max_waiting,maskable_dqn__mask_true,ppo__mask_false,2806043.026884,0.009766
max_waiting,maskable_dqn__mask_true,ppo__mask_false,2962429.531407,0.009766
max_waiting,maskable_dqn__mask_true,ppo__mask_false,3118816.035930,0.009766
max_waiting,maskable_dqn__mask_true,ppo__mask_false,3275202.540452,0.009766
max_waiting,maskable_dqn__mask_true,ppo__mask_false,3431589.044975,0.009766
max_waiting,maskable_dqn__mask_true,ppo__mask_false,3587975.549497,0.009766
max_waiting,maskable_dqn__mask_true,ppo__mask_false,3744362.054020,0.009766
max_waiting,maskable_dqn__mask_true,ppo__mask_false,3900748.558543,0.009766
max_waiting,maskable_dqn__mask_true,ppo__mask_false,4057135.063065,0.009766
max_waiting,maskable_dqn__mask_true,ppo__mask_false,4213521.567588,0.013672
max_waiting,maskable_dqn__mask_true,ppo__mask_false,4369908.072111,0.013672
max_waiting,maskable_dqn__mask_true,ppo__mask_false,4526294.576633,0.013672
max_waiting,maskable_dqn__mask_true,ppo__mask_false,4682681.081156,0.013672
max_waiting,maskable_dqn__mask_true,ppo__mask_false,4839067.585678,0.013672
max_waiting,maskable_dqn__mask_true,ppo__mask_false,4995454.090201,0.019531
max_waiting,maskable_dqn__mask_true,ppo__mask_false,5151840.594724,0.019531
max_waiting,maskable_dqn__mask_true,ppo__mask_false,5308227.099246,0.019531
max_waiting,maskable_dqn__mask_true,ppo__mask_false,5464613.603769,0.019531
max_waiting,maskable_dqn__mask_true,ppo__mask_false,5621000.108291,0.019531
max_waiting,maskable_dqn__mask_true,ppo__mask_false,5777386.612814,0.019531
max_waiting,maskable_dqn__mask_true,ppo__mask_false,5933773.117337,0.019531
max_waiting,maskable_dqn__mask_true,ppo__mask_false,6090159.621859,0.019531
max_waiting,maskable_dqn__mask_true,ppo__mask_false,6246546.126382,0.019531
max_waiting,maskable_dqn__mask_true,ppo__mask_false,6402932.630905,0.019531
max_waiting,maskable_dqn__mask_true,ppo__mask_false,6559319.135427,0.019531
max_waiting,maskable_dqn__mask_true,ppo__mask_false,6715705.639950,0.019531
max_waiting,maskable_dqn__mask_true,ppo__mask_false,6872092.144472,0.019531
max_waiting,maskable_dqn__mask_true,ppo__mask_false,7028478.648995,0.019531
max_waiting,maskable_dqn__mask_true,ppo__mask_false,7184865.153518,0.019531
max_waiting,maskable_dqn__mask_true,ppo__mask_false,7341251.658040,0.027344
max_waiting,maskable_dqn__mask_true,ppo__mask_false,7497638.162563,0.027344
max_waiting,maskable_dqn__mask_true,ppo__mask_false,7654024.667085,0.027344
max_waiting,maskable_dqn__mask_true,ppo__mask_false,7810411.171608,0.027344
max_waiting,maskable_dqn__mask_true,ppo__mask_false,7966797.676131,0.027344
max_waiting,maskable_dqn__mask_true,ppo__mask_false,8123184.180653,0.027344
max_waiting,maskable_dqn__mask_true,ppo__mask_false,8279570.685176,0.048828
max_waiting,maskable_dqn__mask_true,ppo__mask_false,8435957.189698,0.048828
max_waiting,maskable_dqn__mask_true,ppo__mask_false,8592343.694221,0.048828
max_waiting,maskable_dqn__mask_true,ppo__mask_false,8748730.198744,0.048828
max_waiting,maskable_dqn__mask_true,ppo__mask_false,8905116.703266,0.048828
max_waiting,maskable_dqn__mask_true,ppo__mask_false,9061503.207789,0.048828
max_waiting,maskable_dqn__mask_true,ppo__mask_false,9217889.712312,0.048828
max_waiting,maskable_dqn__mask_true,ppo__mask_false,9374276.216834,0.048828
max_waiting,maskable_dqn__mask_true,ppo__mask_false,9530662.721357,0.048828
max_waiting,maskable_dqn__mask_true,ppo__mask_false,9687049.225879,0.048828
max_waiting,maskable_dqn__mask_true,ppo__mask_false,9843435.730402,0.064453
max_waiting,maskable_dqn__mask_true,ppo__mask_false,9999822.234925,0.064453
max_waiting,maskable_dqn__mask_true,ppo__mask_false,10156208.739447,0.064453
max_waiting,maskable_dqn__mask_true,ppo__mask_false,10312595.243970,0.064453
max_waiting,maskable_dqn__mask_true,ppo__mask_false,10468981.748492,0.064453
max_waiting,maskable_dqn__mask_true,ppo__mask_false,10625368.253015,0.083984
max_waiting,maskable_dqn__mask_true,ppo__mask_false,10781754.757538,0.083984
max_waiting,maskable_dqn__mask_true,ppo__mask_false,10938141.262060,0.083984
max_waiting,maskable_dqn__mask_true,ppo__mask_false,11094527.766583,0.083984
max_waiting,maskable_dqn__mask_true,ppo__mask_false,11250914.271106,0.083984
max_waiting,maskable_dqn__mask_true,ppo__mask_false,11407300.775628,0.083984
max_waiting,maskable_dqn__mask_true,ppo__mask_false,11563687.280151,0.105469
max_waiting,maskable_dqn__mask_true,ppo__mask_false,11720073.784673,0.105469
max_waiting,maskable_dqn__mask_true,ppo__mask_false,11876460.289196,0.105469
max_waiting,maskable_dqn__mask_true,ppo__mask_false,12032846.793719,0.105469
max_waiting,maskable_dqn__mask_true,ppo__mask_false,12189233.298241,0.105469
max_waiting,maskable_dqn__mask_true,ppo__mask_false,12345619.802764,0.105469
max_waiting,maskable_dqn__mask_true,ppo__mask_false,12502006.307286,0.105469
max_waiting,maskable_dqn__mask_true,ppo__mask_false,12658392.811809,0.105469
max_waiting,maskable_dqn__mask_true,ppo__mask_false,12814779.316332,0.105469
max_waiting,maskable_dqn__mask_true,ppo__mask_false,12971165.820854,0.105469
max_waiting,maskable_dqn__mask_true,ppo__mask_false,13127552.325377,0.105469
max_waiting,maskable_dqn__mask_true,ppo__mask_false,13283938.829899,0.105469
max_waiting,maskable_dqn__mask_true,ppo__mask_false,13440325.334422,0.105469
max_waiting,maskable_dqn__mask_true,ppo__mask_false,13596711.838945,0.160156
max_waiting,maskable_dqn__mask_true,ppo__mask_false,13753098.343467,0.160156
max_waiting,maskable_dqn__mask_true,ppo__mask_false,13909484.847990,0.193359
max_waiting,maskable_dqn__mask_true,ppo__mask_false,14065871.352513,0.193359
max_waiting,maskable_dqn__mask_true,ppo__mask_false,14222257.857035,0.193359
max_waiting,maskable_dqn__mask_true,ppo__mask_false,14378644.361558,0.275391
max_waiting,maskable_dqn__mask_true,ppo__mask_false,14535030.866080,0.275391
max_waiting,maskable_dqn__mask_true,ppo__mask_false,14691417.370603,0.322266
max_waiting,maskable_dqn__mask_true,ppo__mask_false,14847803.875126,0.375000
max_waiting,maskable_dqn__mask_true,ppo__mask_false,15004190.379648,0.375000
max_waiting,maskable_dqn__mask_true,ppo__mask_false,15160576.884171,0.375000
max_waiting,maskable_dqn__mask_true,ppo__mask_false,15316963.388693,0.375000
max_waiting,maskable_dqn__mask_true,ppo__mask_false,15473349.893216,0.431641
max_waiting,maskable_dqn__mask_true,ppo__mask_false,15629736.397739,0.492188
max_waiting,maskable_dqn__mask_true,ppo__mask_false,15786122.902261,0.556641
max_waiting,maskable_dqn__mask_true,ppo__mask_false,15942509.406784,0.556641
max_waiting,maskable_dqn__mask_true,ppo__mask_false,16098895.911307,0.556641
max_waiting,maskable_dqn__mask_true,ppo__mask_false,16255282.415829,0.625000
max_waiting,maskable_dqn__mask_true,ppo__mask_false,16411668.920352,0.625000
max_waiting,maskable_dqn__mask_true,ppo__mask_false,16568055.424874,0.695312
max_waiting,maskable_dqn__mask_true,ppo__mask_false,16724441.929397,0.695312
max_waiting,maskable_dqn__mask_true,ppo__mask_false,16880828.433920,0.695312
max_waiting,maskable_dqn__mask_true,ppo__mask_false,17037214.938442,0.695312
max_waiting,maskable_dqn__mask_true,ppo__mask_false,17193601.442965,0.769531
max_waiting,maskable_dqn__mask_true,ppo__mask_false,17349987.947487,0.769531
max_waiting,maskable_dqn__mask_true,ppo__mask_false,17506374.452010,0.769531
max_waiting,maskable_dqn__mask_true,ppo__mask_false,17662760.956533,0.845703
max_waiting,maskable_dqn__mask_true,ppo__mask_false,17819147.461055,0.921875
max_waiting,maskable_dqn__mask_true,ppo__mask_false,17975533.965578,0.921875
max_waiting,maskable_dqn__mask_true,ppo__mask_false,18131920.470101,0.921875
max_waiting,maskable_dqn__mask_true,ppo__mask_false,18288306.974623,0.921875
max_waiting,maskable_dqn__mask_true,ppo__mask_false,18444693.479146,0.921875
max_waiting,maskable_dqn__mask_true,ppo__mask_false,18601079.983668,0.921875
max_waiting,maskable_dqn__mask_true,ppo__mask_false,18757466.488191,0.921875
max_waiting,maskable_dqn__mask_true,ppo__mask_false,18913852.992714,0.921875
max_waiting,maskable_dqn__mask_true,ppo__mask_false,19070239.497236,1.000000
max_waiting,maskable_dqn__mask_true,ppo__mask_false,19226626.001759,1.000000
max_waiting,maskable_dqn__mask_true,ppo__mask_false,19383012.506281,1.000000
max_waiting,maskable_dqn__mask_true,ppo__mask_false,19539399.010804,1.000000
max_waiting,maskable_dqn__mask_true,ppo__mask_false,19695785.515327,0.921875
max_waiting,maskable_dqn__mask_true,ppo__mask_false,19852172.019849,0.845703
max_waiting,maskable_dqn__mask_true,ppo__mask_false,20008558.524372,0.845703
max_waiting,maskable_dqn__mask_true,ppo__mask_false,20164945.028894,0.845703
max_waiting,maskable_dqn__mask_true,ppo__mask_false,20321331.533417,0.845703
max_waiting,maskable_dqn__mask_true,ppo__mask_false,20477718.037940,0.845703
max_waiting,maskable_dqn__mask_true,ppo__mask_false,20634104.542462,0.845703
max_waiting,maskable_dqn__mask_true,ppo__mask_false,20790491.046985,0.769531
max_waiting,maskable_dqn__mask_true,ppo__mask_false,20946877.551508,0.695312
max_waiting,maskable_dqn__mask_true,ppo__mask_false,21103264.056030,0.695312
max_waiting,maskable_dqn__mask_true,ppo__mask_false,21259650.560553,0.695312
max_waiting,maskable_dqn__mask_true,ppo__mask_false,21416037.065075,0.695312
max_waiting,maskable_dqn__mask_true,ppo__mask_false,21572423.569598,0.695312
max_waiting,maskable_dqn__mask_true,ppo__mask_false,21728810.074121,0.695312
max_waiting,maskable_dqn__mask_true,ppo__mask_false,21885196.578643,0.695312
max_waiting,maskable_dqn__mask_true,ppo__mask_false,22041583.083166,0.695312
max_waiting,maskable_dqn__mask_true,ppo__mask_false,22197969.587688,0.625000
max_waiting,maskable_dqn__mask_true,ppo__mask_false,22354356.092211,0.625000
max_waiting,maskable_dqn__mask_true,ppo__mask_false,22510742.596734,0.625000
max_waiting,maskable_dqn__mask_true,ppo__mask_false,22667129.101256,0.625000
max_waiting,maskable_dqn__mask_true,ppo__mask_false,22823515.605779,0.556641
max_waiting,maskable_dqn__mask_true,ppo__mask_false,22979902.110302,0.492188
max_waiting,maskable_dqn__mask_true,ppo__mask_false,23136288.614824,0.492188
max_waiting,maskable_dqn__mask_true,ppo__mask_false,23292675.119347,0.375000
max_waiting,maskable_dqn__mask_true,ppo__mask_false,23449061.623869,0.375000
max_waiting,maskable_dqn__mask_true,ppo__mask_false,23605448.128392,0.375000
max_waiting,maskable_dqn__mask_true,ppo__mask_false,23761834.632915,0.375000
max_waiting,maskable_dqn__mask_true,ppo__mask_false,23918221.137437,0.375000
max_waiting,maskable_dqn__mask_true,ppo__mask_false,24074607.641960,0.375000
max_waiting,maskable_dqn__mask_true,ppo__mask_false,24230994.146482,0.375000
max_waiting,maskable_dqn__mask_true,ppo__mask_false,24387380.651005,0.375000
max_waiting,maskable_dqn__mask_true,ppo__mask_false,24543767.155528,0.322266
max_waiting,maskable_dqn__mask_true,ppo__mask_false,24700153.660050,0.322266
max_waiting,maskable_dqn__mask_true,ppo__mask_false,24856540.164573,0.322266
max_waiting,maskable_dqn__mask_true,ppo__mask_false,25012926.669095,0.322266
max_waiting,maskable_dqn__mask_true,ppo__mask_false,25169313.173618,0.275391
max_waiting,maskable_dqn__mask_true,ppo__mask_false,25325699.678141,0.275391
max_waiting,maskable_dqn__mask_true,ppo__mask_false,25482086.182663,0.232422
max_waiting,maskable_dqn__mask_true,ppo__mask_false,25638472.687186,0.232422
max_waiting,maskable_dqn__mask_true,ppo__mask_false,25794859.191709,0.232422
max_waiting,maskable_dqn__mask_true,ppo__mask_false,25951245.696231,0.232422
max_waiting,maskable_dqn__mask_true,ppo__mask_false,26107632.200754,0.232422
max_waiting,maskable_dqn__mask_true,ppo__mask_false,26264018.705276,0.232422
max_waiting,maskable_dqn__mask_true,ppo__mask_false,26420405.209799,0.232422
max_waiting,maskable_dqn__mask_true,ppo__mask_false,26576791.714322,0.232422
max_waiting,maskable_dqn__mask_true,ppo__mask_false,26733178.218844,0.232422
max_waiting,maskable_dqn__mask_true,ppo__mask_false,26889564.723367,0.232422
max_waiting,maskable_dqn__mask_true,ppo__mask_false,27045951.227889,0.160156
max_waiting,maskable_dqn__mask_true,ppo__mask_false,27202337.732412,0.130859
max_waiting,maskable_dqn__mask_true,ppo__mask_false,27358724.236935,0.130859
max_waiting,maskable_dqn__mask_true,ppo__mask_false,27515110.741457,0.130859
max_waiting,maskable_dqn__mask_true,ppo__mask_false,27671497.245980,0.130859
max_waiting,maskable_dqn__mask_true,ppo__mask_false,27827883.750503,0.130859
max_waiting,maskable_dqn__mask_true,ppo__mask_false,27984270.255025,0.130859
max_waiting,maskable_dqn__mask_true,ppo__mask_false,28140656.759548,0.130859
max_waiting,maskable_dqn__mask_true,ppo__mask_false,28297043.264070,0.105469
max_waiting,maskable_dqn__mask_true,ppo__mask_false,28453429.768593,0.083984
max_waiting,maskable_dqn__mask_true,ppo__mask_false,28609816.273116,0.083984
max_waiting,maskable_dqn__mask_true,ppo__mask_false,28766202.777638,0.083984
max_waiting,maskable_dqn__mask_true,ppo__mask_false,28922589.282161,0.064453
max_waiting,maskable_dqn__mask_true,ppo__mask_false,29078975.786683,0.048828
max_waiting,maskable_dqn__mask_true,ppo__mask_false,29235362.291206,0.027344
max_waiting,maskable_dqn__mask_true,ppo__mask_false,29391748.795729,0.027344
max_waiting,maskable_dqn__mask_true,ppo__mask_false,29548135.300251,0.027344
max_waiting,maskable_dqn__mask_true,ppo__mask_false,29704521.804774,0.019531
max_waiting,maskable_dqn__mask_true,ppo__mask_false,29860908.309296,0.019531
max_waiting,maskable_dqn__mask_true,ppo__mask_false,30017294.813819,0.019531
max_waiting,maskable_dqn__mask_true,ppo__mask_false,30173681.318342,0.019531
max_waiting,maskable_dqn__mask_true,ppo__mask_false,30330067.822864,0.013672
max_waiting,maskable_dqn__mask_true,ppo__mask_false,30486454.327387,0.009766
max_waiting,maskable_dqn__mask_true,ppo__mask_false,30642840.831910,0.009766
max_waiting,maskable_dqn__mask_true,ppo__mask_false,30799227.336432,0.009766
max_waiting,maskable_dqn__mask_true,ppo__mask_false,30955613.840955,0.005859
max_waiting,maskable_dqn__mask_true,ppo__mask_false,31112000.345477,0.003906
max_waiting,maskable_dqn__mask_true,ppo__mask_false,31268386.850000,0.003906
max_waiting,maskable_ppo__mask_true,ppo__mask_false,534.450000,0.003906
max_waiting,maskable_ppo__mask_true,ppo__mask_false,536.535578,0.005859
max_waiting,maskable_ppo__mask_true,ppo__mask_false,538.621156,0.005859
max_waiting,maskable_ppo__mask_true,ppo__mask_false,540.706734,0.009766
max_waiting,maskable_ppo__mask_true,ppo__mask_false,542.792312,0.009766
max_waiting,maskable_ppo__mask_true,ppo__mask_false,544.877889,0.009766
max_waiting,maskable_ppo__mask_true,ppo__mask_false,546.963467,0.009766
max_waiting,maskable_ppo__mask_true,ppo__mask_false,549.049045,0.009766
max_waiting,maskable_ppo__mask_true,ppo__mask_false,551.134623,0.009766
max_waiting,maskable_ppo__mask_true,ppo__mask_false,553.220201,0.009766
max_waiting,maskable_ppo__mask_true,ppo__mask_false,555.305779,0.009766
max_waiting,maskable_ppo__mask_true,ppo__mask_false,557.391357,0.009766
max_waiting,maskable_ppo__mask_true,ppo__mask_false,559.476935,0.009766
max_waiting,maskable_ppo__mask_true,ppo__mask_false,561.562513,0.009766
max_waiting,maskable_ppo__mask_true,ppo__mask_false,563.648090,0.009766
max_waiting,maskable_ppo__mask_true,ppo__mask_false,565.733668,0.009766
max_waiting,maskable_ppo__mask_true,ppo__mask_false,567.819246,0.009766
max_waiting,maskable_ppo__mask_true,ppo__mask_false,569.904824,0.009766
max_waiting,maskable_ppo__mask_true,ppo__mask_false,571.990402,0.009766
max_waiting,maskable_ppo__mask_true,ppo__mask_false,574.075980,0.009766
max_waiting,maskable_ppo__mask_true,ppo__mask_false,576.161558,0.009766
max_waiting,maskable_ppo__mask_true,ppo__mask_false,578.247136,0.013672
max_waiting,maskable_ppo__mask_true,ppo__mask_false,580.332714,0.013672
max_waiting,maskable_ppo__mask_true,ppo__mask_false,582.418291,0.019531
max_waiting,maskable_ppo__mask_true,ppo__mask_false,584.503869,0.019531
max_waiting,maskable_ppo__mask_true,ppo__mask_false,586.589447,0.019531
max_waiting,maskable_ppo__mask_true,ppo__mask_false,588.675025,0.019531
max_waiting,maskable_ppo__mask_true,ppo__mask_false,590.760603,0.019531
max_waiting,maskable_ppo__mask_true,ppo__mask_false,592.846181,0.019531
max_waiting,maskable_ppo__mask_true,ppo__mask_false,594.931759,0.019531
max_waiting,maskable_ppo__mask_true,ppo__mask_false,597.017337,0.019531
max_waiting,maskable_ppo__mask_true,ppo__mask_false,599.102915,0.019531
max_waiting,maskable_ppo__mask_true,ppo__mask_false,601.188492,0.019531
max_waiting,maskable_ppo__mask_true,ppo__mask_false,603.274070,0.019531
max_waiting,maskable_ppo__mask_true,ppo__mask_false,605.359648,0.019531
max_waiting,maskable_ppo__mask_true,ppo__mask_false,607.445226,0.019531
max_waiting,maskable_ppo__mask_true,ppo__mask_false,609.530804,0.019531
max_waiting,maskable_ppo__mask_true,ppo__mask_false,611.616382,0.019531
max_waiting,maskable_ppo__mask_true,ppo__mask_false,613.701960,0.019531
max_waiting,maskable_ppo__mask_true,ppo__mask_false,615.787538,0.019531
max_waiting,maskable_ppo__mask_true,ppo__mask_false,617.873116,0.019531
max_waiting,maskable_ppo__mask_true,ppo__mask_false,619.958693,0.019531
max_waiting,maskable_ppo__mask_true,ppo__mask_false,622.044271,0.027344
max_waiting,maskable_ppo__mask_true,ppo__mask_false,624.129849,0.027344
max_waiting,maskable_ppo__mask_true,ppo__mask_false,626.215427,0.027344
max_waiting,maskable_ppo__mask_true,ppo__mask_false,628.301005,0.027344
max_waiting,maskable_ppo__mask_true,ppo__mask_false,630.386583,0.027344
max_waiting,maskable_ppo__mask_true,ppo__mask_false,632.472161,0.027344
max_waiting,maskable_ppo__mask_true,ppo__mask_false,634.557739,0.027344
max_waiting,maskable_ppo__mask_true,ppo__mask_false,636.643317,0.037109
max_waiting,maskable_ppo__mask_true,ppo__mask_false,638.728894,0.048828
max_waiting,maskable_ppo__mask_true,ppo__mask_false,640.814472,0.064453
max_waiting,maskable_ppo__mask_true,ppo__mask_false,642.900050,0.083984
max_waiting,maskable_ppo__mask_true,ppo__mask_false,644.985628,0.083984
max_waiting,maskable_ppo__mask_true,ppo__mask_false,647.071206,0.083984
max_waiting,maskable_ppo__mask_true,ppo__mask_false,649.156784,0.083984
max_waiting,maskable_ppo__mask_true,ppo__mask_false,651.242362,0.083984
max_waiting,maskable_ppo__mask_true,ppo__mask_false,653.327940,0.083984
max_waiting,maskable_ppo__mask_true,ppo__mask_false,655.413518,0.083984
max_waiting,maskable_ppo__mask_true,ppo__mask_false,657.499095,0.083984
max_waiting,maskable_ppo__mask_true,ppo__mask_false,659.584673,0.083984
max_waiting,maskable_ppo__mask_true,ppo__mask_false,661.670251,0.083984
max_waiting,maskable_ppo__mask_true,ppo__mask_false,663.755829,0.083984
max_waiting,maskable_ppo__mask_true,ppo__mask_false,665.841407,0.083984
max_waiting,maskable_ppo__mask_true,ppo__mask_false,667.926985,0.105469
max_waiting,maskable_ppo__mask_true,ppo__mask_false,670.012563,0.160156
max_waiting,maskable_ppo__mask_true,ppo__mask_false,672.098141,0.193359
max_waiting,maskable_ppo__mask_true,ppo__mask_false,674.183719,0.193359
max_waiting,maskable_ppo__mask_true,ppo__mask_false,676.269296,0.193359
max_waiting,maskable_ppo__mask_true,ppo__mask_false,678.354874,0.193359
max_waiting,maskable_ppo__mask_true,ppo__mask_false,680.440452,0.232422
max_waiting,maskable_ppo__mask_true,ppo__mask_false,682.526030,0.232422
max_waiting,maskable_ppo__mask_true,ppo__mask_false,684.611608,0.275391
max_waiting,maskable_ppo__mask_true,ppo__mask_false,686.697186,0.275391
max_waiting,maskable_ppo__mask_true,ppo__mask_false,688.782764,0.275391
max_waiting,maskable_ppo__mask_true,ppo__mask_false,690.868342,0.275391
max_waiting,maskable_ppo__mask_true,ppo__mask_false,692.953920,0.275391
max_waiting,maskable_ppo__mask_true,ppo__mask_false,695.039497,0.275391
max_waiting,maskable_ppo__mask_true,ppo__mask_false,697.125075,0.275391
max_waiting,maskable_ppo__mask_true,ppo__mask_false,699.210653,0.275391
max_waiting,maskable_ppo__mask_true,ppo__mask_false,701.296231,0.275391
max_waiting,maskable_ppo__mask_true,ppo__mask_false,703.381809,0.275391
max_waiting,maskable_ppo__mask_true,ppo__mask_false,705.467387,0.275391
max_waiting,maskable_ppo__mask_true,ppo__mask_false,707.552965,0.275391
max_waiting,maskable_ppo__mask_true,ppo__mask_false,709.638543,0.275391
max_waiting,maskable_ppo__mask_true,ppo__mask_false,711.724121,0.322266
max_waiting,maskable_ppo__mask_true,ppo__mask_false,713.809698,0.375000
max_waiting,maskable_ppo__mask_true,ppo__mask_false,715.895276,0.375000
max_waiting,maskable_ppo__mask_true,ppo__mask_false,717.980854,0.375000
max_waiting,maskable_ppo__mask_true,ppo__mask_false,720.066432,0.375000
max_waiting,maskable_ppo__mask_true,ppo__mask_false,722.152010,0.375000
max_waiting,maskable_ppo__mask_true,ppo__mask_false,724.237588,0.375000
max_waiting,maskable_ppo__mask_true,ppo__mask_false,726.323166,0.431641
max_waiting,maskable_ppo__mask_true,ppo__mask_false,728.408744,0.492188
max_waiting,maskable_ppo__mask_true,ppo__mask_false,730.494322,0.556641
max_waiting,maskable_ppo__mask_true,ppo__mask_false,732.579899,0.625000
max_waiting,maskable_ppo__mask_true,ppo__mask_false,734.665477,0.625000
max_waiting,maskable_ppo__mask_true,ppo__mask_false,736.751055,0.625000
max_waiting,maskable_ppo__mask_true,ppo__mask_false,738.836633,0.695312
max_waiting,maskable_ppo__mask_true,ppo__mask_false,740.922211,0.695312
max_waiting,maskable_ppo__mask_true,ppo__mask_false,743.007789,0.845703
max_waiting,maskable_ppo__mask_true,ppo__mask_false,745.093367,0.845703
max_waiting,maskable_ppo__mask_true,ppo__mask_false,747.178945,1.000000
max_waiting,maskable_ppo__mask_true,ppo__mask_false,749.264523,1.000000
max_waiting,maskable_ppo__mask_true,ppo__mask_false,751.350101,1.000000
max_waiting,maskable_ppo__mask_true,ppo__mask_false,753.435678,1.000000
max_waiting,maskable_ppo__mask_true,ppo__mask_false,755.521256,1.000000
max_waiting,maskable_ppo__mask_true,ppo__mask_false,757.606834,1.000000
max_waiting,maskable_ppo__mask_true,ppo__mask_false,759.692412,1.000000
max_waiting,maskable_ppo__mask_true,ppo__mask_false,761.777990,1.000000
max_waiting,maskable_ppo__mask_true,ppo__mask_false,763.863568,1.000000
max_waiting,maskable_ppo__mask_true,ppo__mask_false,765.949146,1.000000
max_waiting,maskable_ppo__mask_true,ppo__mask_false,768.034724,1.000000
max_waiting,maskable_ppo__mask_true,ppo__mask_false,770.120302,0.921875
max_waiting,maskable_ppo__mask_true,ppo__mask_false,772.205879,0.845703
max_waiting,maskable_ppo__mask_true,ppo__mask_false,774.291457,0.695312
max_waiting,maskable_ppo__mask_true,ppo__mask_false,776.377035,0.625000
max_waiting,maskable_ppo__mask_true,ppo__mask_false,778.462613,0.625000
max_waiting,maskable_ppo__mask_true,ppo__mask_false,780.548191,0.625000
max_waiting,maskable_ppo__mask_true,ppo__mask_false,782.633769,0.625000
max_waiting,maskable_ppo__mask_true,ppo__mask_false,784.719347,0.625000
max_waiting,maskable_ppo__mask_true,ppo__mask_false,786.804925,0.625000
max_waiting,maskable_ppo__mask_true,ppo__mask_false,788.890503,0.556641
max_waiting,maskable_ppo__mask_true,ppo__mask_false,790.976080,0.556641
max_waiting,maskable_ppo__mask_true,ppo__mask_false,793.061658,0.556641
max_waiting,maskable_ppo__mask_true,ppo__mask_false,795.147236,0.556641
max_waiting,maskable_ppo__mask_true,ppo__mask_false,797.232814,0.556641
max_waiting,maskable_ppo__mask_true,ppo__mask_false,799.318392,0.492188
max_waiting,maskable_ppo__mask_true,ppo__mask_false,801.403970,0.492188
max_waiting,maskable_ppo__mask_true,ppo__mask_false,803.489548,0.431641
max_waiting,maskable_ppo__mask_true,ppo__mask_false,805.575126,0.375000
max_waiting,maskable_ppo__mask_true,ppo__mask_false,807.660704,0.375000
max_waiting,maskable_ppo__mask_true,ppo__mask_false,809.746281,0.375000
max_waiting,maskable_ppo__mask_true,ppo__mask_false,811.831859,0.375000
max_waiting,maskable_ppo__mask_true,ppo__mask_false,813.917437,0.375000
max_waiting,maskable_ppo__mask_true,ppo__mask_false,816.003015,0.375000
max_waiting,maskable_ppo__mask_true,ppo__mask_false,818.088593,0.375000
max_waiting,maskable_ppo__mask_true,ppo__mask_false,820.174171,0.375000
max_waiting,maskable_ppo__mask_true,ppo__mask_false,822.259749,0.375000
max_waiting,maskable_ppo__mask_true,ppo__mask_false,824.345327,0.375000
max_waiting,maskable_ppo__mask_true,ppo__mask_false,826.430905,0.375000
max_waiting,maskable_ppo__mask_true,ppo__mask_false,828.516482,0.322266
max_waiting,maskable_ppo__mask_true,ppo__mask_false,830.602060,0.275391
max_waiting,maskable_ppo__mask_true,ppo__mask_false,832.687638,0.232422
max_waiting,maskable_ppo__mask_true,ppo__mask_false,834.773216,0.232422
max_waiting,maskable_ppo__mask_true,ppo__mask_false,836.858794,0.193359
max_waiting,maskable_ppo__mask_true,ppo__mask_false,838.944372,0.193359
max_waiting,maskable_ppo__mask_true,ppo__mask_false,841.029950,0.193359
max_waiting,maskable_ppo__mask_true,ppo__mask_false,843.115528,0.193359
max_waiting,maskable_ppo__mask_true,ppo__mask_false,845.201106,0.160156
max_waiting,maskable_ppo__mask_true,ppo__mask_false,847.286683,0.160156
max_waiting,maskable_ppo__mask_true,ppo__mask_false,849.372261,0.130859
max_waiting,maskable_ppo__mask_true,ppo__mask_false,851.457839,0.130859
max_waiting,maskable_ppo__mask_true,ppo__mask_false,853.543417,0.130859
max_waiting,maskable_ppo__mask_true,ppo__mask_false,855.628995,0.130859
max_waiting,maskable_ppo__mask_true,ppo__mask_false,857.714573,0.130859
max_waiting,maskable_ppo__mask_true,ppo__mask_false,859.800151,0.105469
max_waiting,maskable_ppo__mask_true,ppo__mask_false,861.885729,0.064453
max_waiting,maskable_ppo__mask_true,ppo__mask_false,863.971307,0.064453
max_waiting,maskable_ppo__mask_true,ppo__mask_false,866.056884,0.048828
max_waiting,maskable_ppo__mask_true,ppo__mask_false,868.142462,0.048828
max_waiting,maskable_ppo__mask_true,ppo__mask_false,870.228040,0.048828
max_waiting,maskable_ppo__mask_true,ppo__mask_false,872.313618,0.048828
max_waiting,maskable_ppo__mask_true,ppo__mask_false,874.399196,0.048828
max_waiting,maskable_ppo__mask_true,ppo__mask_false,876.484774,0.037109
max_waiting,maskable_ppo__mask_true,ppo__mask_false,878.570352,0.027344
max_waiting,maskable_ppo__mask_true,ppo__mask_false,880.655930,0.027344
max_waiting,maskable_ppo__mask_true,ppo__mask_false,882.741508,0.027344
max_waiting,maskable_ppo__mask_true,ppo__mask_false,884.827085,0.027344
max_waiting,maskable_ppo__mask_true,ppo__mask_false,886.912663,0.027344
max_waiting,maskable_ppo__mask_true,ppo__mask_false,888.998241,0.027344
max_waiting,maskable_ppo__mask_true,ppo__mask_false,891.083819,0.027344
max_waiting,maskable_ppo__mask_true,ppo__mask_false,893.169397,0.027344
max_waiting,maskable_ppo__mask_true,ppo__mask_false,895.254975,0.027344
max_waiting,maskable_ppo__mask_true,ppo__mask_false,897.340553,0.027344
max_waiting,maskable_ppo__mask_true,ppo__mask_false,899.426131,0.027344
max_waiting,maskable_ppo__mask_true,ppo__mask_false,901.511709,0.027344
max_waiting,maskable_ppo__mask_true,ppo__mask_false,903.597286,0.027344
max_waiting,maskable_ppo__mask_true,ppo__mask_false,905.682864,0.027344
max_waiting,maskable_ppo__mask_true,ppo__mask_false,907.768442,0.027344
max_waiting,maskable_ppo__mask_true,ppo__mask_false,909.854020,0.027344
max_waiting,maskable_ppo__mask_true,ppo__mask_false,911.939598,0.027344
max_waiting,maskable_ppo__mask_true,ppo__mask_false,914.025176,0.027344
max_waiting,maskable_ppo__mask_true,ppo__mask_false,916.110754,0.027344
max_waiting,maskable_ppo__mask_true,ppo__mask_false,918.196332,0.019531
max_waiting,maskable_ppo__mask_true,ppo__mask_false,920.281910,0.019531
max_waiting,maskable_ppo__mask_true,ppo__mask_false,922.367487,0.013672
max_waiting,maskable_ppo__mask_true,ppo__mask_false,924.453065,0.009766
max_waiting,maskable_ppo__mask_true,ppo__mask_false,926.538643,0.009766
max_waiting,maskable_ppo__mask_true,ppo__mask_false,928.624221,0.009766
max_waiting,maskable_ppo__mask_true,ppo__mask_false,930.709799,0.009766
max_waiting,maskable_ppo__mask_true,ppo__mask_false,932.795377,0.009766
max_waiting,maskable_ppo__mask_true,ppo__mask_false,934.880955,0.005859
max_waiting,maskable_ppo__mask_true,ppo__mask_false,936.966533,0.005859
max_waiting,maskable_ppo__mask_true,ppo__mask_false,939.052111,0.003906
max_waiting,maskable_ppo__mask_true,ppo__mask_false,941.137688,0.003906
max_waiting,maskable_ppo__mask_true,ppo__mask_false,943.223266,0.003906
max_waiting,maskable_ppo__mask_true,ppo__mask_false,945.308844,0.003906
max_waiting,maskable_ppo__mask_true,ppo__mask_false,947.394422,0.003906
max_waiting,maskable_ppo__mask_true,ppo__mask_false,949.480000,0.003906
max_slowdown,a2c__mask_false,maskable_dqn__mask_true,-2650906.789000,0.003906
max_slowdown,a2c__mask_false,maskable_dqn__mask_true,-2637607.601578,0.003906
max_slowdown,a2c__mask_false,maskable_dqn__mask_true,-2624308.414156,0.003906
max_slowdown,a2c__mask_false,maskable_dqn__mask_true,-2611009.226734,0.005859
max_slowdown,a2c__mask_false,maskable_dqn__mask_true,-2597710.039312,0.005859
max_slowdown,a2c__mask_false,maskable_dqn__mask_true,-2584410.851889,0.005859
max_slowdown,a2c__mask_false,maskable_dqn__mask_true,-2571111.664467,0.005859
max_slowdown,a2c__mask_false,maskable_dqn__mask_true,-2557812.477045,0.009766
max_slowdown,a2c__mask_false,maskable_dqn__mask_true,-2544513.289623,0.009766
max_slowdown,a2c__mask_false,maskable_dqn__mask_true,-2531214.102201,0.009766
max_slowdown,a2c__mask_false,maskable_dqn__mask_true,-2517914.914779,0.009766
max_slowdown,a2c__mask_false,maskable_dqn__mask_true,-2504615.727357,0.013672
max_slowdown,a2c__mask_false,maskable_dqn__mask_true,-2491316.539935,0.013672
max_slowdown,a2c__mask_false,maskable_dqn__mask_true,-2478017.352513,0.013672
max_slowdown,a2c__mask_false,maskable_dqn__mask_true,-2464718.165090,0.019531
max_slowdown,a2c__mask_false,maskable_dqn__mask_true,-2451418.977668,0.019531
max_slowdown,a2c__mask_false,maskable_dqn__mask_true,-2438119.790246,0.019531
max_slowdown,a2c__mask_false,maskable_dqn__mask_true,-2424820.602824,0.019531
max_slowdown,a2c__mask_false,maskable_dqn__mask_true,-2411521.415402,0.019531
max_slowdown,a2c__mask_false,maskable_dqn__mask_true,-2398222.227980,0.019531
max_slowdown,a2c__mask_false,maskable_dqn__mask_true,-2384923.040558,0.019531
max_slowdown,a2c__mask_false,maskable_dqn__mask_true,-2371623.853136,0.019531
max_slowdown,a2c__mask_false,maskable_dqn__mask_true,-2358324.665714,0.027344
max_slowdown,a2c__mask_false,maskable_dqn__mask_true,-2345025.478291,0.027344
max_slowdown,a2c__mask_false,maskable_dqn__mask_true,-2331726.290869,0.027344
max_slowdown,a2c__mask_false,maskable_dqn__mask_true,-2318427.103447,0.027344
max_slowdown,a2c__mask_false,maskable_dqn__mask_true,-2305127.916025,0.027344
max_slowdown,a2c__mask_false,maskable_dqn__mask_true,-2291828.728603,0.027344
max_slowdown,a2c__mask_false,maskable_dqn__mask_true,-2278529.541181,0.027344
max_slowdown,a2c__mask_false,maskable_dqn__mask_true,-2265230.353759,0.027344
max_slowdown,a2c__mask_false,maskable_dqn__mask_true,-2251931.166337,0.027344
max_slowdown,a2c__mask_false,maskable_dqn__mask_true,-2238631.978915,0.027344
max_slowdown,a2c__mask_false,maskable_dqn__mask_true,-2225332.791492,0.027344
max_slowdown,a2c__mask_false,maskable_dqn__mask_true,-2212033.604070,0.027344
max_slowdown,a2c__mask_false,maskable_dqn__mask_true,-2198734.416648,0.027344
max_slowdown,a2c__mask_false,maskable_dqn__mask_true,-2185435.229226,0.027344
max_slowdown,a2c__mask_false,maskable_dqn__mask_true,-2172136.041804,0.027344
max_slowdown,a2c__mask_false,maskable_dqn__mask_true,-2158836.854382,0.027344
max_slowdown,a2c__mask_false,maskable_dqn__mask_true,-2145537.666960,0.027344
max_slowdown,a2c__mask_false,maskable_dqn__mask_true,-2132238.479538,0.027344
max_slowdown,a2c__mask_false,maskable_dqn__mask_true,-2118939.292116,0.027344
max_slowdown,a2c__mask_false,maskable_dqn__mask_true,-2105640.104693,0.027344
max_slowdown,a2c__mask_false,maskable_dqn__mask_true,-2092340.917271,0.027344
max_slowdown,a2c__mask_false,maskable_dqn__mask_true,-2079041.729849,0.027344
max_slowdown,a2c__mask_false,maskable_dqn__mask_true,-2065742.542427,0.027344
max_slowdown,a2c__mask_false,maskable_dqn__mask_true,-2052443.355005,0.027344
max_slowdown,a2c__mask_false,maskable_dqn__mask_true,-2039144.167583,0.027344
max_slowdown,a2c__mask_false,maskable_dqn__mask_true,-2025844.980161,0.027344
max_slowdown,a2c__mask_false,maskable_dqn__mask_true,-2012545.792739,0.027344
max_slowdown,a2c__mask_false,maskable_dqn__mask_true,-1999246.605317,0.037109
max_slowdown,a2c__mask_false,maskable_dqn__mask_true,-1985947.417894,0.037109
max_slowdown,a2c__mask_false,maskable_dqn__mask_true,-1972648.230472,0.037109
max_slowdown,a2c__mask_false,maskable_dqn__mask_true,-1959349.043050,0.048828
max_slowdown,a2c__mask_false,maskable_dqn__mask_true,-1946049.855628,0.048828
max_slowdown,a2c__mask_false,maskable_dqn__mask_true,-1932750.668206,0.048828
max_slowdown,a2c__mask_false,maskable_dqn__mask_true,-1919451.480784,0.048828
max_slowdown,a2c__mask_false,maskable_dqn__mask_true,-1906152.293362,0.048828
max_slowdown,a2c__mask_false,maskable_dqn__mask_true,-1892853.105940,0.048828
max_slowdown,a2c__mask_false,maskable_dqn__mask_true,-1879553.918518,0.048828
max_slowdown,a2c__mask_false,maskable_dqn__mask_true,-1866254.731095,0.048828
max_slowdown,a2c__mask_false,maskable_dqn__mask_true,-1852955.543673,0.064453
max_slowdown,a2c__mask_false,maskable_dqn__mask_true,-1839656.356251,0.064453
max_slowdown,a2c__mask_false,maskable_dqn__mask_true,-1826357.168829,0.064453
max_slowdown,a2c__mask_false,maskable_dqn__mask_true,-1813057.981407,0.064453
max_slowdown,a2c__mask_false,maskable_dqn__mask_true,-1799758.793985,0.064453
max_slowdown,a2c__mask_false,maskable_dqn__mask_true,-1786459.606563,0.064453
max_slowdown,a2c__mask_false,maskable_dqn__mask_true,-1773160.419141,0.064453
max_slowdown,a2c__mask_false,maskable_dqn__mask_true,-1759861.231719,0.064453
max_slowdown,a2c__mask_false,maskable_dqn__mask_true,-1746562.044296,0.083984
max_slowdown,a2c__mask_false,maskable_dqn__mask_true,-1733262.856874,0.083984
max_slowdown,a2c__mask_false,maskable_dqn__mask_true,-1719963.669452,0.083984
max_slowdown,a2c__mask_false,maskable_dqn__mask_true,-1706664.482030,0.105469
max_slowdown,a2c__mask_false,maskable_dqn__mask_true,-1693365.294608,0.105469
max_slowdown,a2c__mask_false,maskable_dqn__mask_true,-1680066.107186,0.105469
max_slowdown,a2c__mask_false,maskable_dqn__mask_true,-1666766.919764,0.105469
max_slowdown,a2c__mask_false,maskable_dqn__mask_true,-1653467.732342,0.160156
max_slowdown,a2c__mask_false,maskable_dqn__mask_true,-1640168.544920,0.160156
max_slowdown,a2c__mask_false,maskable_dqn__mask_true,-1626869.357497,0.160156
max_slowdown,a2c__mask_false,maskable_dqn__mask_true,-1613570.170075,0.193359
max_slowdown,a2c__mask_false,maskable_dqn__mask_true,-1600270.982653,0.275391
max_slowdown,a2c__mask_false,maskable_dqn__mask_true,-1586971.795231,0.275391
max_slowdown,a2c__mask_false,maskable_dqn__mask_true,-1573672.607809,0.275391
max_slowdown,a2c__mask_false,maskable_dqn__mask_true,-1560373.420387,0.275391
max_slowdown,a2c__mask_false,maskable_dqn__mask_true,-1547074.232965,0.275391
max_slowdown,a2c__mask_false,maskable_dqn__mask_true,-1533775.045543,0.275391
max_slowdown,a2c__mask_false,maskable_dqn__mask_true,-1520475.858121,0.275391
max_slowdown,a2c__mask_false,maskable_dqn__mask_true,-1507176.670698,0.375000
max_slowdown,a2c__mask_false,maskable_dqn__mask_true,-1493877.483276,0.375000
max_slowdown,a2c__mask_false,maskable_dqn__mask_true,-1480578.295854,0.375000
max_slowdown,a2c__mask_false,maskable_dqn__mask_true,-1467279.108432,0.375000
max_slowdown,a2c__mask_false,maskable_dqn__mask_true,-1453979.921010,0.375000
max_slowdown,a2c__mask_false,maskable_dqn__mask_true,-1440680.733588,0.431641
max_slowdown,a2c__mask_false,maskable_dqn__mask_true,-1427381.546166,0.431641
max_slowdown,a2c__mask_false,maskable_dqn__mask_true,-1414082.358744,0.431641
max_slowdown,a2c__mask_false,maskable_dqn__mask_true,-1400783.171322,0.492188
max_slowdown,a2c__mask_false,maskable_dqn__mask_true,-1387483.983899,0.492188
max_slowdown,a2c__mask_false,maskable_dqn__mask_true,-1374184.796477,0.492188
max_slowdown,a2c__mask_false,maskable_dqn__mask_true,-1360885.609055,0.492188
max_slowdown,a2c__mask_false,maskable_dqn__mask_true,-1347586.421633,0.625000
max_slowdown,a2c__mask_false,maskable_dqn__mask_true,-1334287.234211,0.625000
max_slowdown,a2c__mask_false,maskable_dqn__mask_true,-1320988.046789,0.695312
max_slowdown,a2c__mask_false,maskable_dqn__mask_true,-1307688.859367,0.695312
max_slowdown,a2c__mask_false,maskable_dqn__mask_true,-1294389.671945,0.845703
max_slowdown,a2c__mask_false,maskable_dqn__mask_true,-1281090.484523,0.921875
max_slowdown,a2c__mask_false,maskable_dqn__mask_true,-1267791.297101,0.921875
max_slowdown,a2c__mask_false,maskable_dqn__mask_true,-1254492.109678,0.921875
max_slowdown,a2c__mask_false,maskable_dqn__mask_true,-1241192.922256,0.921875
max_slowdown,a2c__mask_false,maskable_dqn__mask_true,-1227893.734834,0.921875
max_slowdown,a2c__mask_false,maskable_dqn__mask_true,-1214594.547412,0.921875
max_slowdown,a2c__mask_false,maskable_dqn__mask_true,-1201295.359990,1.000000
max_slowdown,a2c__mask_false,maskable_dqn__mask_true,-1187996.172568,1.000000
max_slowdown,a2c__mask_false,maskable_dqn__mask_true,-1174696.985146,1.000000
max_slowdown,a2c__mask_false,maskable_dqn__mask_true,-1161397.797724,1.000000
max_slowdown,a2c__mask_false,maskable_dqn__mask_true,-1148098.610302,1.000000
max_slowdown,a2c__mask_false,maskable_dqn__mask_true,-1134799.422879,1.000000
max_slowdown,a2c__mask_false,maskable_dqn__mask_true,-1121500.235457,1.000000
max_slowdown,a2c__mask_false,maskable_dqn__mask_true,-1108201.048035,1.000000
max_slowdown,a2c__mask_false,maskable_dqn__mask_true,-1094901.860613,0.921875
max_slowdown,a2c__mask_false,maskable_dqn__mask_true,-1081602.673191,0.921875
max_slowdown,a2c__mask_false,maskable_dqn__mask_true,-1068303.485769,0.921875
max_slowdown,a2c__mask_false,maskable_dqn__mask_true,-1055004.298347,0.921875
max_slowdown,a2c__mask_false,maskable_dqn__mask_true,-1041705.110925,0.921875
max_slowdown,a2c__mask_false,maskable_dqn__mask_true,-1028405.923503,0.921875
max_slowdown,a2c__mask_false,maskable_dqn__mask_true,-1015106.736080,0.921875
max_slowdown,a2c__mask_false,maskable_dqn__mask_true,-1001807.548658,0.769531
max_slowdown,a2c__mask_false,maskable_dqn__mask_true,-988508.361236,0.769531
max_slowdown,a2c__mask_false,maskable_dqn__mask_true,-975209.173814,0.769531
max_slowdown,a2c__mask_false,maskable_dqn__mask_true,-961909.986392,0.769531
max_slowdown,a2c__mask_false,maskable_dqn__mask_true,-948610.798970,0.769531
max_slowdown,a2c__mask_false,maskable_dqn__mask_true,-935311.611548,0.769531
max_slowdown,a2c__mask_false,maskable_dqn__mask_true,-922012.424126,0.769531
max_slowdown,a2c__mask_false,maskable_dqn__mask_true,-908713.236704,0.769531
max_slowdown,a2c__mask_false,maskable_dqn__mask_true,-895414.049281,0.769531
max_slowdown,a2c__mask_false,maskable_dqn__mask_true,-882114.861859,0.769531
max_slowdown,a2c__mask_false,maskable_dqn__mask_true,-868815.674437,0.769531
max_slowdown,a2c__mask_false,maskable_dqn__mask_true,-855516.487015,0.769531
max_slowdown,a2c__mask_false,maskable_dqn__mask_true,-842217.299593,0.695312
max_slowdown,a2c__mask_false,maskable_dqn__mask_true,-828918.112171,0.695312
max_slowdown,a2c__mask_false,maskable_dqn__mask_true,-815618.924749,0.695312
max_slowdown,a2c__mask_false,maskable_dqn__mask_true,-802319.737327,0.695312
max_slowdown,a2c__mask_false,maskable_dqn__mask_true,-789020.549905,0.625000
max_slowdown,a2c__mask_false,maskable_dqn__mask_true,-775721.362482,0.625000
max_slowdown,a2c__mask_false,maskable_dqn__mask_true,-762422.175060,0.625000
max_slowdown,a2c__mask_false,maskable_dqn__mask_true,-749122.987638,0.492188
max_slowdown,a2c__mask_false,maskable_dqn__mask_true,-735823.800216,0.492188
max_slowdown,a2c__mask_false,maskable_dqn__mask_true,-722524.612794,0.492188
max_slowdown,a2c__mask_false,maskable_dqn__mask_true,-709225.425372,0.492188
max_slowdown,a2c__mask_false,maskable_dqn__mask_true,-695926.237950,0.431641
max_slowdown,a2c__mask_false,maskable_dqn__mask_true,-682627.050528,0.431641
max_slowdown,a2c__mask_false,maskable_dqn__mask_true,-669327.863106,0.375000
max_slowdown,a2c__mask_false,maskable_dqn__mask_true,-656028.675683,0.275391
max_slowdown,a2c__mask_false,maskable_dqn__mask_true,-642729.488261,0.232422
max_slowdown,a2c__mask_false,maskable_dqn__mask_true,-629430.300839,0.232422
max_slowdown,a2c__mask_false,maskable_dqn__mask_true,-616131.113417,0.232422
max_slowdown,a2c__mask_false,maskable_dqn__mask_true,-602831.925995,0.232422
max_slowdown,a2c__mask_false,maskable_dqn__mask_true,-589532.738573,0.232422
max_slowdown,a2c__mask_false,maskable_dqn__mask_true,-576233.551151,0.232422
max_slowdown,a2c__mask_false,maskable_dqn__mask_true,-562934.363729,0.232422
max_slowdown,a2c__mask_false,maskable_dqn__mask_true,-549635.176307,0.232422
max_slowdown,a2c__mask_false,maskable_dqn__mask_true,-536335.988884,0.193359
max_slowdown,a2c__mask_false,maskable_dqn__mask_true,-523036.801462,0.193359
max_slowdown,a2c__mask_false,maskable_dqn__mask_true,-509737.614040,0.193359
max_slowdown,a2c__mask_false,maskable_dqn__mask_true,-496438.426618,0.193359
max_slowdown,a2c__mask_false,maskable_dqn__mask_true,-483139.239196,0.193359
max_slowdown,a2c__mask_false,maskable_dqn__mask_true,-469840.051774,0.193359
max_slowdown,a2c__mask_false,maskable_dqn__mask_true,-456540.864352,0.193359
max_slowdown,a2c__mask_false,maskable_dqn__mask_true,-443241.676930,0.105469
max_slowdown,a2c__mask_false,maskable_dqn__mask_true,-429942.489508,0.105469
max_slowdown,a2c__mask_false,maskable_dqn__mask_true,-416643.302085,0.083984
max_slowdown,a2c__mask_false,maskable_dqn__mask_true,-403344.114663,0.083984
max_slowdown,a2c__mask_false,maskable_dqn__mask_true,-390044.927241,0.083984
max_slowdown,a2c__mask_false,maskable_dqn__mask_true,-376745.739819,0.083984
max_slowdown,a2c__mask_false,maskable_dqn__mask_true,-363446.552397,0.083984
max_slowdown,a2c__mask_false,maskable_dqn__mask_true,-350147.364975,0.064453
max_slowdown,a2c__mask_false,maskable_dqn__mask_true,-336848.177553,0.048828
max_slowdown,a2c__mask_false,maskable_dqn__mask_true,-323548.990131,0.027344
max_slowdown,a2c__mask_false,maskable_dqn__mask_true,-310249.802709,0.027344
max_slowdown,a2c__mask_false,maskable_dqn__mask_true,-296950.615286,0.027344
max_slowdown,a2c__mask_false,maskable_dqn__mask_true,-283651.427864,0.027344
max_slowdown,a2c__mask_false,maskable_dqn__mask_true,-270352.240442,0.027344
max_slowdown,a2c__mask_false,maskable_dqn__mask_true,-257053.053020,0.027344
max_slowdown,a2c__mask_false,maskable_dqn__mask_true,-243753.865598,0.027344
max_slowdown,a2c__mask_false,maskable_dqn__mask_true,-230454.678176,0.019531
max_slowdown,a2c__mask_false,maskable_dqn__mask_true,-217155.490754,0.019531
max_slowdown,a2c__mask_false,maskable_dqn__mask_true,-203856.303332,0.019531
max_slowdown,a2c__mask_false,maskable_dqn__mask_true,-190557.115910,0.019531
max_slowdown,a2c__mask_false,maskable_dqn__mask_true,-177257.928487,0.019531
max_slowdown,a2c__mask_false,maskable_dqn__mask_true,-163958.741065,0.019531
max_slowdown,a2c__mask_false,maskable_dqn__mask_true,-150659.553643,0.019531
max_slowdown,a2c__mask_false,maskable_dqn__mask_true,-137360.366221,0.013672
max_slowdown,a2c__mask_false,maskable_dqn__mask_true,-124061.178799,0.013672
max_slowdown,a2c__mask_false,maskable_dqn__mask_true,-110761.991377,0.009766
max_slowdown,a2c__mask_false,maskable_dqn__mask_true,-97462.803955,0.009766
max_slowdown,a2c__mask_false,maskable_dqn__mask_true,-84163.616533,0.009766
max_slowdown,a2c__mask_false,maskable_dqn__mask_true,-70864.429111,0.009766
max_slowdown,a2c__mask_false,maskable_dqn__mask_true,-57565.241688,0.009766
max_slowdown,a2c__mask_false,maskable_dqn__mask_true,-44266.054266,0.005859
max_slowdown,a2c__mask_false,maskable_dqn__mask_true,-30966.866844,0.005859
max_slowdown,a2c__mask_false,maskable_dqn__mask_true,-17667.679422,0.003906
max_slowdown,a2c__mask_false,maskable_dqn__mask_true,-4368.492000,0.003906
max_slowdown,maskable_a2c__mask_true,maskable_dqn__mask_true,-2650907.517000,0.003906
max_slowdown,maskable_a2c__mask_true,maskable_dqn__mask_true,-2415977.772106,0.009766
max_slowdown,maskable_a2c__mask_true,maskable_dqn__mask_true,-2181048.027211,0.009766
max_slowdown,maskable_a2c__mask_true,maskable_dqn__mask_true,-1946118.282317,0.027344
max_slowdown,maskable_a2c__mask_true,maskable_dqn__mask_true,-1711188.537422,0.037109
max_slowdown,maskable_a2c__mask_true,maskable_dqn__mask_true,-1476258.792528,0.064453
max_slowdown,maskable_a2c__mask_true,maskable_dqn__mask_true,-1241329.047633,0.492188
max_slowdown,maskable_a2c__mask_true,maskable_dqn__mask_true,-1006399.302739,0.492188
max_slowdown,maskable_a2c__mask_true,maskable_dqn__mask_true,-771469.557844,0.769531
max_slowdown,maskable_a2c__mask_true,maskable_dqn__mask_true,-536539.812950,0.769531
max_slowdown,maskable_a2c__mask_true,maskable_dqn__mask_true,-301610.068055,0.492188
max_slowdown,maskable_a2c__mask_true,maskable_dqn__mask_true,-66680.323161,0.160156
max_slowdown,maskable_a2c__mask_true,maskable_dqn__mask_true,168249.421734,0.083984
max_slowdown,maskable_a2c__mask_true,maskable_dqn__mask_true,403179.166628,0.083984
max_slowdown,maskable_a2c__mask_true,maskable_dqn__mask_true,638108.911523,0.083984
max_slowdown,maskable_a2c__mask_true,maskable_dqn__mask_true,873038.656417,0.083984
max_slowdown,maskable_a2c__mask_true,maskable_dqn__mask_true,1107968.401312,0.083984
max_slowdown,maskable_a2c__mask_true,maskable_dqn__mask_true,1342898.146206,0.083984
max_slowdown,maskable_a2c__mask_true,maskable_dqn__mask_true,1577827.891101,0.083984
max_slowdown,maskable_a2c__mask_true,maskable_dqn__mask_true,1812757.635995,0.083984
max_slowdown,maskable_a2c__mask_true,maskable_dqn__mask_true,2047687.380889,0.083984
max_slowdown,maskable_a2c__mask_true,maskable_dqn__mask_true,2282617.125784,0.083984
max_slowdown,maskable_a2c__mask_true,maskable_dqn__mask_true,2517546.870678,0.083984
max_slowdown,maskable_a2c__mask_true,maskable_dqn__mask_true,2752476.615573,0.083984
max_slowdown,maskable_a2c__mask_true,maskable_dqn__mask_true,2987406.360467,0.083984
max_slowdown,maskable_a2c__mask_true,maskable_dqn__mask_true,3222336.105362,0.083984
max_slowdown,maskable_a2c__mask_true,maskable_dqn__mask_true,3457265.850256,0.083984
max_slowdown,maskable_a2c__mask_true,maskable_dqn__mask_true,3692195.595151,0.083984
max_slowdown,maskable_a2c__mask_true,maskable_dqn__mask_true,3927125.340045,0.083984
max_slowdown,maskable_a2c__mask_true,maskable_dqn__mask_true,4162055.084940,0.083984
max_slowdown,maskable_a2c__mask_true,maskable_dqn__mask_true,4396984.829834,0.083984
max_slowdown,maskable_a2c__mask_true,maskable_dqn__mask_true,4631914.574729,0.083984
max_slowdown,maskable_a2c__mask_true,maskable_dqn__mask_true,4866844.319623,0.083984
max_slowdown,maskable_a2c__mask_true,maskable_dqn__mask_true,5101774.064518,0.083984
max_slowdown,maskable_a2c__mask_true,maskable_dqn__mask_true,5336703.809412,0.083984
max_slowdown,maskable_a2c__mask_true,maskable_dqn__mask_true,5571633.554307,0.083984
max_slowdown,maskable_a2c__mask_true,maskable_dqn__mask_true,5806563.299201,0.083984
max_slowdown,maskable_a2c__mask_true,maskable_dqn__mask_true,6041493.044095,0.083984
max_slowdown,maskable_a2c__mask_true,maskable_dqn__mask_true,6276422.788990,0.083984
max_slowdown,maskable_a2c__mask_true,maskable_dqn__mask_true,6511352.533884,0.083984
max_slowdown,maskable_a2c__mask_true,maskable_dqn__mask_true,6746282.278779,0.083984
max_slowdown,maskable_a2c__mask_true,maskable_dqn__mask_true,6981212.023673,0.083984
max_slowdown,maskable_a2c__mask_true,maskable_dqn__mask_true,7216141.768568,0.083984
max_slowdown,maskable_a2c__mask_true,maskable_dqn__mask_true,7451071.513462,0.083984
max_slowdown,maskable_a2c__mask_true,maskable_dqn__mask_true,7686001.258357,0.083984
max_slowdown,maskable_a2c__mask_true,maskable_dqn__mask_true,7920931.003251,0.083984
max_slowdown,maskable_a2c__mask_true,maskable_dqn__mask_true,8155860.748146,0.083984
max_slowdown,maskable_a2c__mask_true,maskable_dqn__mask_true,8390790.493040,0.083984
max_slowdown,maskable_a2c__mask_true,maskable_dqn__mask_true,8625720.237935,0.083984
max_slowdown,maskable_a2c__mask_true,maskable_dqn__mask_true,8860649.982829,0.083984
max_slowdown,maskable_a2c__mask_true,maskable_dqn__mask_true,9095579.727724,0.083984
max_slowdown,maskable_a2c__mask_true,maskable_dqn__mask_true,9330509.472618,0.083984
max_slowdown,maskable_a2c__mask_true,maskable_dqn__mask_true,9565439.217513,0.083984
max_slowdown,maskable_a2c__mask_true,maskable_dqn__mask_true,9800368.962407,0.083984
max_slowdown,maskable_a2c__mask_true,maskable_dqn__mask_true,10035298.707302,0.083984
max_slowdown,maskable_a2c__mask_true,maskable_dqn__mask_true,10270228.452196,0.083984
max_slowdown,maskable_a2c__mask_true,maskable_dqn__mask_true,10505158.197090,0.083984
max_slowdown,maskable_a2c__mask_true,maskable_dqn__mask_true,10740087.941985,0.083984
max_slowdown,maskable_a2c__mask_true,maskable_dqn__mask_true,10975017.686879,0.083984
max_slowdown,maskable_a2c__mask_true,maskable_dqn__mask_true,11209947.431774,0.083984
max_slowdown,maskable_a2c__mask_true,maskable_dqn__mask_true,11444877.176668,0.083984
max_slowdown,maskable_a2c__mask_true,maskable_dqn__mask_true,11679806.921563,0.083984
max_slowdown,maskable_a2c__mask_true,maskable_dqn__mask_true,11914736.666457,0.083984
max_slowdown,maskable_a2c__mask_true,maskable_dqn__mask_true,12149666.411352,0.083984
max_slowdown,maskable_a2c__mask_true,maskable_dqn__mask_true,12384596.156246,0.083984
max_slowdown,maskable_a2c__mask_true,maskable_dqn__mask_true,12619525.901141,0.083984
max_slowdown,maskable_a2c__mask_true,maskable_dqn__mask_true,12854455.646035,0.083984
max_slowdown,maskable_a2c__mask_true,maskable_dqn__mask_true,13089385.390930,0.083984
max_slowdown,maskable_a2c__mask_true,maskable_dqn__mask_true,13324315.135824,0.083984
max_slowdown,maskable_a2c__mask_true,maskable_dqn__mask_true,13559244.880719,0.083984
max_slowdown,maskable_a2c__mask_true,maskable_dqn__mask_true,13794174.625613,0.083984
max_slowdown,maskable_a2c__mask_true,maskable_dqn__mask_true,14029104.370508,0.083984
max_slowdown,maskable_a2c__mask_true,maskable_dqn__mask_true,14264034.115402,0.083984
max_slowdown,maskable_a2c__mask_true,maskable_dqn__mask_true,14498963.860296,0.083984
max_slowdown,maskable_a2c__mask_true,maskable_dqn__mask_true,14733893.605191,0.083984
max_slowdown,maskable_a2c__mask_true,maskable_dqn__mask_true,14968823.350085,0.083984
max_slowdown,maskable_a2c__mask_true,maskable_dqn__mask_true,15203753.094980,0.083984
max_slowdown,maskable_a2c__mask_true,maskable_dqn__mask_true,15438682.839874,0.083984
max_slowdown,maskable_a2c__mask_true,maskable_dqn__mask_true,15673612.584769,0.083984
max_slowdown,maskable_a2c__mask_true,maskable_dqn__mask_true,15908542.329663,0.083984
max_slowdown,maskable_a2c__mask_true,maskable_dqn__mask_true,16143472.074558,0.083984
max_slowdown,maskable_a2c__mask_true,maskable_dqn__mask_true,16378401.819452,0.083984
max_slowdown,maskable_a2c__mask_true,maskable_dqn__mask_true,16613331.564347,0.083984
max_slowdown,maskable_a2c__mask_true,maskable_dqn__mask_true,16848261.309241,0.083984
max_slowdown,maskable_a2c__mask_true,maskable_dqn__mask_true,17083191.054136,0.083984
max_slowdown,maskable_a2c__mask_true,maskable_dqn__mask_true,17318120.799030,0.083984
max_slowdown,maskable_a2c__mask_true,maskable_dqn__mask_true,17553050.543925,0.083984
max_slowdown,maskable_a2c__mask_true,maskable_dqn__mask_true,17787980.288819,0.083984
max_slowdown,maskable_a2c__mask_true,maskable_dqn__mask_true,18022910.033714,0.083984
max_slowdown,maskable_a2c__mask_true,maskable_dqn__mask_true,18257839.778608,0.083984
max_slowdown,maskable_a2c__mask_true,maskable_dqn__mask_true,18492769.523503,0.083984
max_slowdown,maskable_a2c__mask_true,maskable_dqn__mask_true,18727699.268397,0.083984
max_slowdown,maskable_a2c__mask_true,maskable_dqn__mask_true,18962629.013291,0.083984
max_slowdown,maskable_a2c__mask_true,maskable_dqn__mask_true,19197558.758186,0.083984
max_slowdown,maskable_a2c__mask_true,maskable_dqn__mask_true,19432488.503080,0.083984
max_slowdown,maskable_a2c__mask_true,maskable_dqn__mask_true,19667418.247975,0.083984
max_slowdown,maskable_a2c__mask_true,maskable_dqn__mask_true,19902347.992869,0.083984
max_slowdown,maskable_a2c__mask_true,maskable_dqn__mask_true,20137277.737764,0.083984
max_slowdown,maskable_a2c__mask_true,maskable_dqn__mask_true,20372207.482658,0.083984
max_slowdown,maskable_a2c__mask_true,maskable_dqn__mask_true,20607137.227553,0.083984
max_slowdown,maskable_a2c__mask_true,maskable_dqn__mask_true,20842066.972447,0.083984
max_slowdown,maskable_a2c__mask_true,maskable_dqn__mask_true,21076996.717342,0.083984
max_slowdown,maskable_a2c__mask_true,maskable_dqn__mask_true,21311926.462236,0.083984
max_slowdown,maskable_a2c__mask_true,maskable_dqn__mask_true,21546856.207131,0.083984
max_slowdown,maskable_a2c__mask_true,maskable_dqn__mask_true,21781785.952025,0.083984
max_slowdown,maskable_a2c__mask_true,maskable_dqn__mask_true,22016715.696920,0.083984
max_slowdown,maskable_a2c__mask_true,maskable_dqn__mask_true,22251645.441814,0.083984
max_slowdown,maskable_a2c__mask_true,maskable_dqn__mask_true,22486575.186709,0.083984
max_slowdown,maskable_a2c__mask_true,maskable_dqn__mask_true,22721504.931603,0.083984
max_slowdown,maskable_a2c__mask_true,maskable_dqn__mask_true,22956434.676497,0.048828
max_slowdown,maskable_a2c__mask_true,maskable_dqn__mask_true,23191364.421392,0.048828
max_slowdown,maskable_a2c__mask_true,maskable_dqn__mask_true,23426294.166286,0.048828
max_slowdown,maskable_a2c__mask_true,maskable_dqn__mask_true,23661223.911181,0.027344
max_slowdown,maskable_a2c__mask_true,maskable_dqn__mask_true,23896153.656075,0.027344
max_slowdown,maskable_a2c__mask_true,maskable_dqn__mask_true,24131083.400970,0.009766
max_slowdown,maskable_a2c__mask_true,maskable_dqn__mask_true,24366013.145864,0.003906
max_slowdown,maskable_a2c__mask_true,maskable_dqn__mask_true,24600942.890759,0.003906
max_slowdown,maskable_a2c__mask_true,maskable_dqn__mask_true,24835872.635653,0.003906
max_slowdown,maskable_a2c__mask_true,maskable_dqn__mask_true,25070802.380548,0.003906
max_slowdown,maskable_a2c__mask_true,maskable_dqn__mask_true,25305732.125442,0.003906
max_slowdown,maskable_a2c__mask_true,maskable_dqn__mask_true,25540661.870337,0.003906
max_slowdown,maskable_a2c__mask_true,maskable_dqn__mask_true,25775591.615231,0.003906
max_slowdown,maskable_a2c__mask_true,maskable_dqn__mask_true,26010521.360126,0.003906
max_slowdown,maskable_a2c__mask_true,maskable_dqn__mask_true,26245451.105020,0.003906
max_slowdown,maskable_a2c__mask_true,maskable_dqn__mask_true,26480380.849915,0.003906
max_slowdown,maskable_a2c__mask_true,maskable_dqn__mask_true,26715310.594809,0.003906
max_slowdown,maskable_a2c__mask_true,maskable_dqn__mask_true,26950240.339704,0.003906
max_slowdown,maskable_a2c__mask_true,maskable_dqn__mask_true,27185170.084598,0.003906
max_slowdown,maskable_a2c__mask_true,maskable_dqn__mask_true,27420099.829492,0.003906
max_slowdown,maskable_a2c__mask_true,maskable_dqn__mask_true,27655029.574387,0.003906
max_slowdown,maskable_a2c__mask_true,maskable_dqn__mask_true,27889959.319281,0.003906
max_slowdown,maskable_a2c__mask_true,maskable_dqn__mask_true,28124889.064176,0.003906
max_slowdown,maskable_a2c__mask_true,maskable_dqn__mask_true,28359818.809070,0.003906
max_slowdown,maskable_a2c__mask_true,maskable_dqn__mask_true,28594748.553965,0.003906
max_slowdown,maskable_a2c__mask_true,maskable_dqn__mask_true,28829678.298859,0.003906
max_slowdown,maskable_a2c__mask_true,maskable_dqn__mask_true,29064608.043754,0.003906
max_slowdown,maskable_a2c__mask_true,maskable_dqn__mask_true,29299537.788648,0.003906
max_slowdown,maskable_a2c__mask_true,maskable_dqn__mask_true,29534467.533543,0.003906
max_slowdown,maskable_a2c__mask_true,maskable_dqn__mask_true,29769397.278437,0.003906
max_slowdown,maskable_a2c__mask_true,maskable_dqn__mask_true,30004327.023332,0.003906
max_slowdown,maskable_a2c__mask_true,maskable_dqn__mask_true,30239256.768226,0.003906
max_slowdown,maskable_a2c__mask_true,maskable_dqn__mask_true,30474186.513121,0.003906
max_slowdown,maskable_a2c__mask_true,maskable_dqn__mask_true,30709116.258015,0.003906
max_slowdown,maskable_a2c__mask_true,maskable_dqn__mask_true,30944046.002910,0.003906
max_slowdown,maskable_a2c__mask_true,maskable_dqn__mask_true,31178975.747804,0.003906
max_slowdown,maskable_a2c__mask_true,maskable_dqn__mask_true,31413905.492698,0.003906
max_slowdown,maskable_a2c__mask_true,maskable_dqn__mask_true,31648835.237593,0.003906
max_slowdown,maskable_a2c__mask_true,maskable_dqn__mask_true,31883764.982487,0.003906
max_slowdown,maskable_a2c__mask_true,maskable_dqn__mask_true,32118694.727382,0.003906
max_slowdown,maskable_a2c__mask_true,maskable_dqn__mask_true,32353624.472276,0.003906
max_slowdown,maskable_a2c__mask_true,maskable_dqn__mask_true,32588554.217171,0.003906
max_slowdown,maskable_a2c__mask_true,maskable_dqn__mask_true,32823483.962065,0.003906
max_slowdown,maskable_a2c__mask_true,maskable_dqn__mask_true,33058413.706960,0.003906
max_slowdown,maskable_a2c__mask_true,maskable_dqn__mask_true,33293343.451854,0.003906
max_slowdown,maskable_a2c__mask_true,maskable_dqn__mask_true,33528273.196749,0.003906
max_slowdown,maskable_a2c__mask_true,maskable_dqn__mask_true,33763202.941643,0.003906
max_slowdown,maskable_a2c__mask_true,maskable_dqn__mask_true,33998132.686538,0.003906
max_slowdown,maskable_a2c__mask_true,maskable_dqn__mask_true,34233062.431432,0.003906
max_slowdown,maskable_a2c__mask_true,maskable_dqn__mask_true,34467992.176327,0.003906
max_slowdown,maskable_a2c__mask_true,maskable_dqn__mask_true,34702921.921221,0.003906
max_slowdown,maskable_a2c__mask_true,maskable_dqn__mask_true,34937851.666116,0.003906
max_slowdown,maskable_a2c__mask_true,maskable_dqn__mask_true,35172781.411010,0.003906
max_slowdown,maskable_a2c__mask_true,maskable_dqn__mask_true,35407711.155905,0.003906
max_slowdown,maskable_a2c__mask_true,maskable_dqn__mask_true,35642640.900799,0.003906
max_slowdown,maskable_a2c__mask_true,maskable_dqn__mask_true,35877570.645693,0.003906
max_slowdown,maskable_a2c__mask_true,maskable_dqn__mask_true,36112500.390588,0.003906
max_slowdown,maskable_a2c__mask_true,maskable_dqn__mask_true,36347430.135482,0.003906
max_slowdown,maskable_a2c__mask_true,maskable_dqn__mask_true,36582359.880377,0.003906
max_slowdown,maskable_a2c__mask_true,maskable_dqn__mask_true,36817289.625271,0.003906
max_slowdown,maskable_a2c__mask_true,maskable_dqn__mask_true,37052219.370166,0.003906
max_slowdown,maskable_a2c__mask_true,maskable_dqn__mask_true,37287149.115060,0.003906
max_slowdown,maskable_a2c__mask_true,maskable_dqn__mask_true,37522078.859955,0.003906
max_slowdown,maskable_a2c__mask_true,maskable_dqn__mask_true,37757008.604849,0.003906
max_slowdown,maskable_a2c__mask_true,maskable_dqn__mask_true,37991938.349744,0.003906
max_slowdown,maskable_a2c__mask_true,maskable_dqn__mask_true,38226868.094638,0.003906
max_slowdown,maskable_a2c__mask_true,maskable_dqn__mask_true,38461797.839533,0.003906
max_slowdown,maskable_a2c__mask_true,maskable_dqn__mask_true,38696727.584427,0.003906
max_slowdown,maskable_a2c__mask_true,maskable_dqn__mask_true,38931657.329322,0.003906
max_slowdown,maskable_a2c__mask_true,maskable_dqn__mask_true,39166587.074216,0.003906
max_slowdown,maskable_a2c__mask_true,maskable_dqn__mask_true,39401516.819111,0.003906
max_slowdown,maskable_a2c__mask_true,maskable_dqn__mask_true,39636446.564005,0.003906
max_slowdown,maskable_a2c__mask_true,maskable_dqn__mask_true,39871376.308900,0.003906
max_slowdown,maskable_a2c__mask_true,maskable_dqn__mask_true,40106306.053794,0.003906
max_slowdown,maskable_a2c__mask_true,maskable_dqn__mask_true,40341235.798688,0.003906
max_slowdown,maskable_a2c__mask_true,maskable_dqn__mask_true,40576165.543583,0.003906
max_slowdown,maskable_a2c__mask_true,maskable_dqn__mask_true,40811095.288477,0.003906
max_slowdown,maskable_a2c__mask_true,maskable_dqn__mask_true,41046025.033372,0.003906
max_slowdown,maskable_a2c__mask_true,maskable_dqn__mask_true,41280954.778266,0.003906
max_slowdown,maskable_a2c__mask_true,maskable_dqn__mask_true,41515884.523161,0.003906
max_slowdown,maskable_a2c__mask_true,maskable_dqn__mask_true,41750814.268055,0.003906
max_slowdown,maskable_a2c__mask_true,maskable_dqn__mask_true,41985744.012950,0.003906
max_slowdown,maskable_a2c__mask_true,maskable_dqn__mask_true,42220673.757844,0.003906
max_slowdown,maskable_a2c__mask_true,maskable_dqn__mask_true,42455603.502739,0.003906
max_slowdown,maskable_a2c__mask_true,maskable_dqn__mask_true,42690533.247633,0.003906
max_slowdown,maskable_a2c__mask_true,maskable_dqn__mask_true,42925462.992528,0.003906
max_slowdown,maskable_a2c__mask_true,maskable_dqn__mask_true,43160392.737422,0.003906
max_slowdown,maskable_a2c__mask_true,maskable_dqn__mask_true,43395322.482317,0.003906
max_slowdown,maskable_a2c__mask_true,maskable_dqn__mask_true,43630252.227211,0.003906
max_slowdown,maskable_a2c__mask_true,maskable_dqn__mask_true,43865181.972106,0.003906
max_slowdown,maskable_a2c__mask_true,maskable_dqn__mask_true,44100111.717000,0.003906
max_slowdown,maskable_dqn__mask_true,maskable_ppo__mask_true,4498.207000,0.003906
max_slowdown,maskable_dqn__mask_true,maskable_ppo__mask_true,17796.839935,0.003906
max_slowdown,maskable_dqn__mask_true,maskable_ppo__mask_true,31095.472869,0.005859
max_slowdown,maskable_dqn__mask_true,maskable_ppo__mask_true,44394.105804,0.005859
max_slowdown,maskable_dqn__mask_true,maskable_ppo__mask_true,57692.738739,0.009766
max_slowdown,maskable_dqn__mask_true,maskable_ppo__mask_true,70991.371673,0.009766
max_slowdown,maskable_dqn__mask_true,maskable_ppo__mask_true,84290.004608,0.009766
max_slowdown,maskable_dqn__mask_true,maskable_ppo__mask_true,97588.637543,0.009766
max_slowdown,maskable_dqn__mask_true,maskable_ppo__mask_true,110887.270477,0.009766
max_slowdown,maskable_dqn__mask_true,maskable_ppo__mask_true,124185.903412,0.013672
max_slowdown,maskable_dqn__mask_true,maskable_ppo__mask_true,137484.536347,0.013672
max_slowdown,maskable_dqn__mask_true,maskable_ppo__mask_true,150783.169281,0.019531
max_slowdown,maskable_dqn__mask_true,maskable_ppo__mask_true,164081.802216,0.019531
max_slowdown,maskable_dqn__mask_true,maskable_ppo__mask_true,177380.435151,0.019531
max_slowdown,maskable_dqn__mask_true,maskable_ppo__mask_true,190679.068085,0.019531
max_slowdown,maskable_dqn__mask_true,maskable_ppo__mask_true,203977.701020,0.019531
max_slowdown,maskable_dqn__mask_true,maskable_ppo__mask_true,217276.333955,0.019531
max_slowdown,maskable_dqn__mask_true,maskable_ppo__mask_true,230574.966889,0.019531
max_slowdown,maskable_dqn__mask_true,maskable_ppo__mask_true,243873.599824,0.027344
max_slowdown,maskable_dqn__mask_true,maskable_ppo__mask_true,257172.232759,0.027344
max_slowdown,maskable_dqn__mask_true,maskable_ppo__mask_true,270470.865693,0.027344
max_slowdown,maskable_dqn__mask_true,maskable_ppo__mask_true,283769.498628,0.027344
max_slowdown,maskable_dqn__mask_true,maskable_ppo__mask_true,297068.131563,0.027344
max_slowdown,maskable_dqn__mask_true,maskable_ppo__mask_true,310366.764497,0.027344
max_slowdown,maskable_dqn__mask_true,maskable_ppo__mask_true,323665.397432,0.027344
max_slowdown,maskable_dqn__mask_true,maskable_ppo__mask_true,336964.030367,0.048828
max_slowdown,maskable_dqn__mask_true,maskable_ppo__mask_true,350262.663302,0.064453
max_slowdown,maskable_dqn__mask_true,maskable_ppo__mask_true,363561.296236,0.083984
max_slowdown,maskable_dqn__mask_true,maskable_ppo__mask_true,376859.929171,0.083984
max_slowdown,maskable_dqn__mask_true,maskable_ppo__mask_true,390158.562106,0.083984
max_slowdown,maskable_dqn__mask_true,maskable_ppo__mask_true,403457.195040,0.083984
max_slowdown,maskable_dqn__mask_true,maskable_ppo__mask_true,416755.827975,0.083984
max_slowdown,maskable_dqn__mask_true,maskable_ppo__mask_true,430054.460910,0.083984
max_slowdown,maskable_dqn__mask_true,maskable_ppo__mask_true,443353.093844,0.083984
max_slowdown,maskable_dqn__mask_true,maskable_ppo__mask_true,456651.726779,0.130859
max_slowdown,maskable_dqn__mask_true,maskable_ppo__mask_true,469950.359714,0.130859
max_slowdown,maskable_dqn__mask_true,maskable_ppo__mask_true,483248.992648,0.130859
max_slowdown,maskable_dqn__mask_true,maskable_ppo__mask_true,496547.625583,0.130859
max_slowdown,maskable_dqn__mask_true,maskable_ppo__mask_true,509846.258518,0.130859
max_slowdown,maskable_dqn__mask_true,maskable_ppo__mask_true,523144.891452,0.130859
max_slowdown,maskable_dqn__mask_true,maskable_ppo__mask_true,536443.524387,0.130859
max_slowdown,maskable_dqn__mask_true,maskable_ppo__mask_true,549742.157322,0.130859
max_slowdown,maskable_dqn__mask_true,maskable_ppo__mask_true,563040.790256,0.130859
max_slowdown,maskable_dqn__mask_true,maskable_ppo__mask_true,576339.423191,0.130859
max_slowdown,maskable_dqn__mask_true,maskable_ppo__mask_true,589638.056126,0.130859
max_slowdown,maskable_dqn__mask_true,maskable_ppo__mask_true,602936.689060,0.130859
max_slowdown,maskable_dqn__mask_true,maskable_ppo__mask_true,616235.321995,0.130859
max_slowdown,maskable_dqn__mask_true,maskable_ppo__mask_true,629533.954930,0.160156
max_slowdown,maskable_dqn__mask_true,maskable_ppo__mask_true,642832.587864,0.160156
max_slowdown,maskable_dqn__mask_true,maskable_ppo__mask_true,656131.220799,0.232422
max_slowdown,maskable_dqn__mask_true,maskable_ppo__mask_true,669429.853734,0.322266
max_slowdown,maskable_dqn__mask_true,maskable_ppo__mask_true,682728.486668,0.375000
max_slowdown,maskable_dqn__mask_true,maskable_ppo__mask_true,696027.119603,0.375000
max_slowdown,maskable_dqn__mask_true,maskable_ppo__mask_true,709325.752538,0.431641
max_slowdown,maskable_dqn__mask_true,maskable_ppo__mask_true,722624.385472,0.431641
max_slowdown,maskable_dqn__mask_true,maskable_ppo__mask_true,735923.018407,0.431641
max_slowdown,maskable_dqn__mask_true,maskable_ppo__mask_true,749221.651342,0.492188
max_slowdown,maskable_dqn__mask_true,maskable_ppo__mask_true,762520.284276,0.492188
max_slowdown,maskable_dqn__mask_true,maskable_ppo__mask_true,775818.917211,0.492188
max_slowdown,maskable_dqn__mask_true,maskable_ppo__mask_true,789117.550146,0.492188
max_slowdown,maskable_dqn__mask_true,maskable_ppo__mask_true,802416.183080,0.556641
max_slowdown,maskable_dqn__mask_true,maskable_ppo__mask_true,815714.816015,0.556641
max_slowdown,maskable_dqn__mask_true,maskable_ppo__mask_true,829013.448950,0.556641
max_slowdown,maskable_dqn__mask_true,maskable_ppo__mask_true,842312.081884,0.556641
max_slowdown,maskable_dqn__mask_true,maskable_ppo__mask_true,855610.714819,0.556641
max_slowdown,maskable_dqn__mask_true,maskable_ppo__mask_true,868909.347754,0.556641
max_slowdown,maskable_dqn__mask_true,maskable_ppo__mask_true,882207.980688,0.556641
max_slowdown,maskable_dqn__mask_true,maskable_ppo__mask_true,895506.613623,0.556641
max_slowdown,maskable_dqn__mask_true,maskable_ppo__mask_true,908805.246558,0.556641
max_slowdown,maskable_dqn__mask_true,maskable_ppo__mask_true,922103.879492,0.556641
max_slowdown,maskable_dqn__mask_true,maskable_ppo__mask_true,935402.512427,0.556641
max_slowdown,maskable_dqn__mask_true,maskable_ppo__mask_true,948701.145362,0.625000
max_slowdown,maskable_dqn__mask_true,maskable_ppo__mask_true,961999.778296,0.695312
max_slowdown,maskable_dqn__mask_true,maskable_ppo__mask_true,975298.411231,0.695312
max_slowdown,maskable_dqn__mask_true,maskable_ppo__mask_true,988597.044166,0.695312
max_slowdown,maskable_dqn__mask_true,maskable_ppo__mask_true,1001895.677101,0.695312
max_slowdown,maskable_dqn__mask_true,maskable_ppo__mask_true,1015194.310035,0.845703
max_slowdown,maskable_dqn__mask_true,maskable_ppo__mask_true,1028492.942970,0.845703
max_slowdown,maskable_dqn__mask_true,maskable_ppo__mask_true,1041791.575905,0.845703
max_slowdown,maskable_dqn__mask_true,maskable_ppo__mask_true,1055090.208839,0.845703
max_slowdown,maskable_dqn__mask_true,maskable_ppo__mask_true,1068388.841774,0.845703
max_slowdown,maskable_dqn__mask_true,maskable_ppo__mask_true,1081687.474709,0.845703
max_slowdown,maskable_dqn__mask_true,maskable_ppo__mask_true,1094986.107643,0.845703
max_slowdown,maskable_dqn__mask_true,maskable_ppo__mask_true,1108284.740578,0.845703
max_slowdown,maskable_dqn__mask_true,maskable_ppo__mask_true,1121583.373513,0.845703
max_slowdown,maskable_dqn__mask_true,maskable_ppo__mask_true,1134882.006447,0.845703
max_slowdown,maskable_dqn__mask_true,maskable_ppo__mask_true,1148180.639382,0.845703
max_slowdown,maskable_dqn__mask_true,maskable_ppo__mask_true,1161479.272317,0.845703
max_slowdown,maskable_dqn__mask_true,maskable_ppo__mask_true,1174777.905251,0.845703
max_slowdown,maskable_dqn__mask_true,maskable_ppo__mask_true,1188076.538186,0.921875
max_slowdown,maskable_dqn__mask_true,maskable_ppo__mask_true,1201375.171121,0.921875
max_slowdown,maskable_dqn__mask_true,maskable_ppo__mask_true,1214673.804055,1.000000
max_slowdown,maskable_dqn__mask_true,maskable_ppo__mask_true,1227972.436990,1.000000
max_slowdown,maskable_dqn__mask_true,maskable_ppo__mask_true,1241271.069925,1.000000
max_slowdown,maskable_dqn__mask_true,maskable_ppo__mask_true,1254569.702859,1.000000
max_slowdown,maskable_dqn__mask_true,maskable_ppo__mask_true,1267868.335794,1.000000
max_slowdown,maskable_dqn__mask_true,maskable_ppo__mask_true,1281166.968729,1.000000
max_slowdown,maskable_dqn__mask_true,maskable_ppo__mask_true,1294465.601663,0.921875
max_slowdown,maskable_dqn__mask_true,maskable_ppo__mask_true,1307764.234598,0.695312
max_slowdown,maskable_dqn__mask_true,maskable_ppo__mask_true,1321062.867533,0.695312
max_slowdown,maskable_dqn__mask_true,maskable_ppo__mask_true,1334361.500467,0.625000
max_slowdown,maskable_dqn__mask_true,maskable_ppo__mask_true,1347660.133402,0.625000
max_slowdown,maskable_dqn__mask_true,maskable_ppo__mask_true,1360958.766337,0.492188
max_slowdown,maskable_dqn__mask_true,maskable_ppo__mask_true,1374257.399271,0.492188
max_slowdown,maskable_dqn__mask_true,maskable_ppo__mask_true,1387556.032206,0.492188
max_slowdown,maskable_dqn__mask_true,maskable_ppo__mask_true,1400854.665141,0.492188
max_slowdown,maskable_dqn__mask_true,maskable_ppo__mask_true,1414153.298075,0.431641
max_slowdown,maskable_dqn__mask_true,maskable_ppo__mask_true,1427451.931010,0.431641
max_slowdown,maskable_dqn__mask_true,maskable_ppo__mask_true,1440750.563945,0.431641
max_slowdown,maskable_dqn__mask_true,maskable_ppo__mask_true,1454049.196879,0.375000
max_slowdown,maskable_dqn__mask_true,maskable_ppo__mask_true,1467347.829814,0.375000
max_slowdown,maskable_dqn__mask_true,maskable_ppo__mask_true,1480646.462749,0.375000
max_slowdown,maskable_dqn__mask_true,maskable_ppo__mask_true,1493945.095683,0.375000
max_slowdown,maskable_dqn__mask_true,maskable_ppo__mask_true,1507243.728618,0.375000
max_slowdown,maskable_dqn__mask_true,maskable_ppo__mask_true,1520542.361553,0.275391
max_slowdown,maskable_dqn__mask_true,maskable_ppo__mask_true,1533840.994487,0.275391
max_slowdown,maskable_dqn__mask_true,maskable_ppo__mask_true,1547139.627422,0.275391
max_slowdown,maskable_dqn__mask_true,maskable_ppo__mask_true,1560438.260357,0.275391
max_slowdown,maskable_dqn__mask_true,maskable_ppo__mask_true,1573736.893291,0.275391
max_slowdown,maskable_dqn__mask_true,maskable_ppo__mask_true,1587035.526226,0.275391
max_slowdown,maskable_dqn__mask_true,maskable_ppo__mask_true,1600334.159161,0.275391
max_slowdown,maskable_dqn__mask_true,maskable_ppo__mask_true,1613632.792095,0.232422
max_slowdown,maskable_dqn__mask_true,maskable_ppo__mask_true,1626931.425030,0.193359
max_slowdown,maskable_dqn__mask_true,maskable_ppo__mask_true,1640230.057965,0.193359
max_slowdown,maskable_dqn__mask_true,maskable_ppo__mask_true,1653528.690899,0.193359
max_slowdown,maskable_dqn__mask_true,maskable_ppo__mask_true,1666827.323834,0.130859
max_slowdown,maskable_dqn__mask_true,maskable_ppo__mask_true,1680125.956769,0.130859
max_slowdown,maskable_dqn__mask_true,maskable_ppo__mask_true,1693424.589704,0.130859
max_slowdown,maskable_dqn__mask_true,maskable_ppo__mask_true,1706723.222638,0.130859
max_slowdown,maskable_dqn__mask_true,maskable_ppo__mask_true,1720021.855573,0.130859
max_slowdown,maskable_dqn__mask_true,maskable_ppo__mask_true,1733320.488508,0.130859
max_slowdown,maskable_dqn__mask_true,maskable_ppo__mask_true,1746619.121442,0.130859
max_slowdown,maskable_dqn__mask_true,maskable_ppo__mask_true,1759917.754377,0.130859
max_slowdown,maskable_dqn__mask_true,maskable_ppo__mask_true,1773216.387312,0.130859
max_slowdown,maskable_dqn__mask_true,maskable_ppo__mask_true,1786515.020246,0.130859
max_slowdown,maskable_dqn__mask_true,maskable_ppo__mask_true,1799813.653181,0.130859
max_slowdown,maskable_dqn__mask_true,maskable_ppo__mask_true,1813112.286116,0.105469
max_slowdown,maskable_dqn__mask_true,maskable_ppo__mask_true,1826410.919050,0.105469
max_slowdown,maskable_dqn__mask_true,maskable_ppo__mask_true,1839709.551985,0.105469
max_slowdown,maskable_dqn__mask_true,maskable_ppo__mask_true,1853008.184920,0.105469
max_slowdown,maskable_dqn__mask_true,maskable_ppo__mask_true,1866306.817854,0.083984
max_slowdown,maskable_dqn__mask_true,maskable_ppo__mask_true,1879605.450789,0.083984
max_slowdown,maskable_dqn__mask_true,maskable_ppo__mask_true,1892904.083724,0.083984
max_slowdown,maskable_dqn__mask_true,maskable_ppo__mask_true,1906202.716658,0.064453
max_slowdown,maskable_dqn__mask_true,maskable_ppo__mask_true,1919501.349593,0.064453
max_slowdown,maskable_dqn__mask_true,maskable_ppo__mask_true,1932799.982528,0.064453
max_slowdown,maskable_dqn__mask_true,maskable_ppo__mask_true,1946098.615462,0.064453
max_slowdown,maskable_dqn__mask_true,maskable_ppo__mask_true,1959397.248397,0.048828
max_slowdown,maskable_dqn__mask_true,maskable_ppo__mask_true,1972695.881332,0.037109
max_slowdown,maskable_dqn__mask_true,maskable_ppo__mask_true,1985994.514266,0.037109
max_slowdown,maskable_dqn__mask_true,maskable_ppo__mask_true,1999293.147201,0.037109
max_slowdown,maskable_dqn__mask_true,maskable_ppo__mask_true,2012591.780136,0.027344
max_slowdown,maskable_dqn__mask_true,maskable_ppo__mask_true,2025890.413070,0.027344
max_slowdown,maskable_dqn__mask_true,maskable_ppo__mask_true,2039189.046005,0.027344
max_slowdown,maskable_dqn__mask_true,maskable_ppo__mask_true,2052487.678940,0.027344
max_slowdown,maskable_dqn__mask_true,maskable_ppo__mask_true,2065786.311874,0.027344
max_slowdown,maskable_dqn__mask_true,maskable_ppo__mask_true,2079084.944809,0.027344
max_slowdown,maskable_dqn__mask_true,maskable_ppo__mask_true,2092383.577744,0.027344
max_slowdown,maskable_dqn__mask_true,maskable_ppo__mask_true,2105682.210678,0.027344
max_slowdown,maskable_dqn__mask_true,maskable_ppo__mask_true,2118980.843613,0.027344
max_slowdown,maskable_dqn__mask_true,maskable_ppo__mask_true,2132279.476548,0.027344
max_slowdown,maskable_dqn__mask_true,maskable_ppo__mask_true,2145578.109482,0.027344
max_slowdown,maskable_dqn__mask_true,maskable_ppo__mask_true,2158876.742417,0.027344
max_slowdown,maskable_dqn__mask_true,maskable_ppo__mask_true,2172175.375352,0.027344
max_slowdown,maskable_dqn__mask_true,maskable_ppo__mask_true,2185474.008286,0.027344
max_slowdown,maskable_dqn__mask_true,maskable_ppo__mask_true,2198772.641221,0.027344
max_slowdown,maskable_dqn__mask_true,maskable_ppo__mask_true,2212071.274156,0.027344
max_slowdown,maskable_dqn__mask_true,maskable_ppo__mask_true,2225369.907090,0.027344
max_slowdown,maskable_dqn__mask_true,maskable_ppo__mask_true,2238668.540025,0.027344
max_slowdown,maskable_dqn__mask_true,maskable_ppo__mask_true,2251967.172960,0.027344
max_slowdown,maskable_dqn__mask_true,maskable_ppo__mask_true,2265265.805894,0.027344
max_slowdown,maskable_dqn__mask_true,maskable_ppo__mask_true,2278564.438829,0.027344
max_slowdown,maskable_dqn__mask_true,maskable_ppo__mask_true,2291863.071764,0.027344
max_slowdown,maskable_dqn__mask_true,maskable_ppo__mask_true,2305161.704698,0.027344
max_slowdown,maskable_dqn__mask_true,maskable_ppo__mask_true,2318460.337633,0.027344
max_slowdown,maskable_dqn__mask_true,maskable_ppo__mask_true,2331758.970568,0.027344
max_slowdown,maskable_dqn__mask_true,maskable_ppo__mask_true,2345057.603503,0.027344
max_slowdown,maskable_dqn__mask_true,maskable_ppo__mask_true,2358356.236437,0.027344
max_slowdown,maskable_dqn__mask_true,maskable_ppo__mask_true,2371654.869372,0.019531
max_slowdown,maskable_dqn__mask_true,maskable_ppo__mask_true,2384953.502307,0.019531
max_slowdown,maskable_dqn__mask_true,maskable_ppo__mask_true,2398252.135241,0.019531
max_slowdown,maskable_dqn__mask_true,maskable_ppo__mask_true,2411550.768176,0.019531
max_slowdown,maskable_dqn__mask_true,maskable_ppo__mask_true,2424849.401111,0.019531
max_slowdown,maskable_dqn__mask_true,maskable_ppo__mask_true,2438148.034045,0.019531
max_slowdown,maskable_dqn__mask_true,maskable_ppo__mask_true,2451446.666980,0.019531
max_slowdown,maskable_dqn__mask_true,maskable_ppo__mask_true,2464745.299915,0.019531
max_slowdown,maskable_dqn__mask_true,maskable_ppo__mask_true,2478043.932849,0.013672
max_slowdown,maskable_dqn__mask_true,maskable_ppo__mask_true,2491342.565784,0.013672
max_slowdown,maskable_dqn__mask_true,maskable_ppo__mask_true,2504641.198719,0.013672
max_slowdown,maskable_dqn__mask_true,maskable_ppo__mask_true,2517939.831653,0.009766
max_slowdown,maskable_dqn__mask_true,maskable_ppo__mask_true,2531238.464588,0.009766
max_slowdown,maskable_dqn__mask_true,maskable_ppo__mask_true,2544537.097523,0.009766
max_slowdown,maskable_dqn__mask_true,maskable_ppo__mask_true,2557835.730457,0.009766
max_slowdown,maskable_dqn__mask_true,maskable_ppo__mask_true,2571134.363392,0.005859
max_slowdown,maskable_dqn__mask_true,maskable_ppo__mask_true,2584432.996327,0.005859
max_slowdown,maskable_dqn__mask_true,maskable_ppo__mask_true,2597731.629261,0.005859
max_slowdown,maskable_dqn__mask_true,maskable_ppo__mask_true,2611030.262196,0.005859
max_slowdown,maskable_dqn__mask_true,maskable_ppo__mask_true,2624328.895131,0.003906
max_slowdown,maskable_dqn__mask_true,maskable_ppo__mask_true,2637627.528065,0.003906
max_slowdown,maskable_dqn__mask_true,maskable_ppo__mask_true,2650926.161000,0.003906
max_slowdown,maskable_dqn__mask_true,ppo__mask_false,4368.492000,0.003906
max_slowdown,maskable_dqn__mask_true,ppo__mask_false,17667.679422,0.003906
max_slowdown,maskable_dqn__mask_true,ppo__mask_false,30966.866844,0.005859
max_slowdown,maskable_dqn__mask_true,ppo__mask_false,44266.054266,0.005859
max_slowdown,maskable_dqn__mask_true,ppo__mask_false,57565.241688,0.009766
max_slowdown,maskable_dqn__mask_true,ppo__mask_false,70864.429111,0.009766
max_slowdown,maskable_dqn__mask_true,ppo__mask_false,84163.616533,0.009766
max_slowdown,maskable_dqn__mask_true,ppo__mask_false,97462.803955,0.009766
max_slowdown,maskable_dqn__mask_true,ppo__mask_false,110761.991377,0.009766
max_slowdown,maskable_dqn__mask_true,ppo__mask_false,124061.178799,0.013672
max_slowdown,maskable_dqn__mask_true,ppo__mask_false,137360.366221,0.013672
max_slowdown,maskable_dqn__mask_true,ppo__mask_false,150659.553643,0.019531
max_slowdown,maskable_dqn__mask_true,ppo__mask_false,163958.741065,0.019531
max_slowdown,maskable_dqn__mask_true,ppo__mask_false,177257.928487,0.019531
max_slowdown,maskable_dqn__mask_true,ppo__mask_false,190557.115910,0.019531
max_slowdown,maskable_dqn__mask_true,ppo__mask_false,203856.303332,0.019531
max_slowdown,maskable_dqn__mask_true,ppo__mask_false,217155.490754,0.019531
max_slowdown,maskable_dqn__mask_true,ppo__mask_false,230454.678176,0.019531
max_slowdown,maskable_dqn__mask_true,ppo__mask_false,243753.865598,0.027344
max_slowdown,maskable_dqn__mask_true,ppo__mask_false,257053.053020,0.027344
max_slowdown,maskable_dqn__mask_true,ppo__mask_false,270352.240442,0.027344
max_slowdown,maskable_dqn__mask_true,ppo__mask_false,283651.427864,0.027344
max_slowdown,maskable_dqn__mask_true,ppo__mask_false,296950.615286,0.027344
max_slowdown,maskable_dqn__mask_true,ppo__mask_false,310249.802709,0.027344
max_slowdown,maskable_dqn__mask_true,ppo__mask_false,323548.990131,0.027344
max_slowdown,maskable_dqn__mask_true,ppo__mask_false,336848.177553,0.048828
max_slowdown,maskable_dqn__mask_true,ppo__mask_false,350147.364975,0.064453
max_slowdown,maskable_dqn__mask_true,ppo__mask_false,363446.552397,0.083984
max_slowdown,maskable_dqn__mask_true,ppo__mask_false,376745.739819,0.083984
max_slowdown,maskable_dqn__mask_true,ppo__mask_false,390044.927241,0.083984
max_slowdown,maskable_dqn__mask_true,ppo__mask_false,403344.114663,0.083984
max_slowdown,maskable_dqn__mask_true,ppo__mask_false,416643.302085,0.083984
max_slowdown,maskable_dqn__mask_true,ppo__mask_false,429942.489508,0.083984
max_slowdown,maskable_dqn__mask_true,ppo__mask_false,443241.676930,0.083984
max_slowdown,maskable_dqn__mask_true,ppo__mask_false,456540.864352,0.130859
max_slowdown,maskable_dqn__mask_true,ppo__mask_false,469840.051774,0.130859
max_slowdown,maskable_dqn__mask_true,ppo__mask_false,483139.239196,0.130859
max_slowdown,maskable_dqn__mask_true,ppo__mask_false,496438.426618,0.130859
max_slowdown,maskable_dqn__mask_true,ppo__mask_false,509737.614040,0.130859
max_slowdown,maskable_dqn__mask_true,ppo__mask_false,523036.801462,0.130859
max_slowdown,maskable_dqn__mask_true,ppo__mask_false,536335.988884,0.130859
max_slowdown,maskable_dqn__mask_true,ppo__mask_false,549635.176307,0.130859
max_slowdown,maskable_dqn__mask_true,ppo__mask_false,562934.363729,0.130859
max_slowdown,maskable_dqn__mask_true,ppo__mask_false,576233.551151,0.130859
max_slowdown,maskable_dqn__mask_true,ppo__mask_false,589532.738573,0.130859
max_slowdown,maskable_dqn__mask_true,ppo__mask_false,602831.925995,0.130859
max_slowdown,maskable_dqn__mask_true,ppo__mask_false,616131.113417,0.130859
max_slowdown,maskable_dqn__mask_true,ppo__mask_false,629430.300839,0.160156
max_slowdown,maskable_dqn__mask_true,ppo__mask_false,642729.488261,0.160156
max_slowdown,maskable_dqn__mask_true,ppo__mask_false,656028.675683,0.232422
max_slowdown,maskable_dqn__mask_true,ppo__mask_false,669327.863106,0.322266
max_slowdown,maskable_dqn__mask_true,ppo__mask_false,682627.050528,0.375000
max_slowdown,maskable_dqn__mask_true,ppo__mask_false,695926.237950,0.375000
max_slowdown,maskable_dqn__mask_true,ppo__mask_false,709225.425372,0.431641
max_slowdown,maskable_dqn__mask_true,ppo__mask_false,722524.612794,0.431641
max_slowdown,maskable_dqn__mask_true,ppo__mask_false,735823.800216,0.431641
max_slowdown,maskable_dqn__mask_true,ppo__mask_false,749122.987638,0.492188
max_slowdown,maskable_dqn__mask_true,ppo__mask_false,762422.175060,0.492188
max_slowdown,maskable_dqn__mask_true,ppo__mask_false,775721.362482,0.492188
max_slowdown,maskable_dqn__mask_true,ppo__mask_false,789020.549905,0.492188
max_slowdown,maskable_dqn__mask_true,ppo__mask_false,802319.737327,0.556641
max_slowdown,maskable_dqn__mask_true,ppo__mask_false,815618.924749,0.556641
max_slowdown,maskable_dqn__mask_true,ppo__mask_false,828918.112171,0.556641
max_slowdown,maskable_dqn__mask_true,ppo__mask_false,842217.299593,0.556641
max_slowdown,maskable_dqn__mask_true,ppo__mask_false,855516.487015,0.556641
max_slowdown,maskable_dqn__mask_true,ppo__mask_false,868815.674437,0.556641
max_slowdown,maskable_dqn__mask_true,ppo__mask_false,882114.861859,0.556641
max_slowdown,maskable_dqn__mask_true,ppo__mask_false,895414.049281,0.556641
max_slowdown,maskable_dqn__mask_true,ppo__mask_false,908713.236704,0.556641
max_slowdown,maskable_dqn__mask_true,ppo__mask_false,922012.424126,0.556641
max_slowdown,maskable_dqn__mask_true,ppo__mask_false,935311.611548,0.556641
max_slowdown,maskable_dqn__mask_true,ppo__mask_false,948610.798970,0.625000
max_slowdown,maskable_dqn__mask_true,ppo__mask_false,961909.986392,0.695312
max_slowdown,maskable_dqn__mask_true,ppo__mask_false,975209.173814,0.695312
max_slowdown,maskable_dqn__mask_true,ppo__mask_false,988508.361236,0.695312
max_slowdown,maskable_dqn__mask_true,ppo__mask_false,1001807.548658,0.695312
max_slowdown,maskable_dqn__mask_true,ppo__mask_false,1015106.736080,0.845703
max_slowdown,maskable_dqn__mask_true,ppo__mask_false,1028405.923503,0.845703
max_slowdown,maskable_dqn__mask_true,ppo__mask_false,1041705.110925,0.845703
max_slowdown,maskable_dqn__mask_true,ppo__mask_false,1055004.298347,0.845703
max_slowdown,maskable_dqn__mask_true,ppo__mask_false,1068303.485769,0.845703
max_slowdown,maskable_dqn__mask_true,ppo__mask_false,1081602.673191,0.845703
max_slowdown,maskable_dqn__mask_true,ppo__mask_false,1094901.860613,0.845703
max_slowdown,maskable_dqn__mask_true,ppo__mask_false,1108201.048035,0.845703
max_slowdown,maskable_dqn__mask_true,ppo__mask_false,1121500.235457,0.845703
max_slowdown,maskable_dqn__mask_true,ppo__mask_false,1134799.422879,0.845703
max_slowdown,maskable_dqn__mask_true,ppo__mask_false,1148098.610302,0.845703
max_slowdown,maskable_dqn__mask_true,ppo__mask_false,1161397.797724,0.845703
max_slowdown,maskable_dqn__mask_true,ppo__mask_false,1174696.985146,0.845703
max_slowdown,maskable_dqn__mask_true,ppo__mask_false,1187996.172568,0.921875
max_slowdown,maskable_dqn__mask_true,ppo__mask_false,1201295.359990,0.921875
max_slowdown,maskable_dqn__mask_true,ppo__mask_false,1214594.547412,1.000000
max_slowdown,maskable_dqn__mask_true,ppo__mask_false,1227893.734834,1.000000
max_slowdown,maskable_dqn__mask_true,ppo__mask_false,1241192.922256,1.000000
max_slowdown,maskable_dqn__mask_true,ppo__mask_false,1254492.109678,1.000000
max_slowdown,maskable_dqn__mask_true,ppo__mask_false,1267791.297101,1.000000
max_slowdown,maskable_dqn__mask_true,ppo__mask_false,1281090.484523,1.000000
max_slowdown,maskable_dqn__mask_true,ppo__mask_false,1294389.671945,0.921875
max_slowdown,maskable_dqn__mask_true,ppo__mask_false,1307688.859367,0.695312
max_slowdown,maskable_dqn__mask_true,ppo__mask_false,1320988.046789,0.695312
max_slowdown,maskable_dqn__mask_true,ppo__mask_false,1334287.234211,0.625000
max_slowdown,maskable_dqn__mask_true,ppo__mask_false,1347586.421633,0.625000
max_slowdown,maskable_dqn__mask_true,ppo__mask_false,1360885.609055,0.492188
max_slowdown,maskable_dqn__mask_true,ppo__mask_false,1374184.796477,0.492188
max_slowdown,maskable_dqn__mask_true,ppo__mask_false,1387483.983899,0.492188
max_slowdown,maskable_dqn__mask_true,ppo__mask_false,1400783.171322,0.492188
max_slowdown,maskable_dqn__mask_true,ppo__mask_false,1414082.358744,0.431641
max_slowdown,maskable_dqn__mask_true,ppo__mask_false,1427381.546166,0.431641
max_slowdown,maskable_dqn__mask_true,ppo__mask_false,1440680.733588,0.431641
max_slowdown,maskable_dqn__mask_true,ppo__mask_false,1453979.921010,0.375000
max_slowdown,maskable_dqn__mask_true,ppo__mask_false,1467279.108432,0.375000
max_slowdown,maskable_dqn__mask_true,ppo__mask_false,1480578.295854,0.375000
max_slowdown,maskable_dqn__mask_true,ppo__mask_false,1493877.483276,0.375000
max_slowdown,maskable_dqn__mask_true,ppo__mask_false,1507176.670698,0.375000
max_slowdown,maskable_dqn__mask_true,ppo__mask_false,1520475.858121,0.275391
max_slowdown,maskable_dqn__mask_true,ppo__mask_false,1533775.045543,0.275391
max_slowdown,maskable_dqn__mask_true,ppo__mask_false,1547074.232965,0.275391
max_slowdown,maskable_dqn__mask_true,ppo__mask_false,1560373.420387,0.275391
max_slowdown,maskable_dqn__mask_true,ppo__mask_false,1573672.607809,0.275391
max_slowdown,maskable_dqn__mask_true,ppo__mask_false,1586971.795231,0.275391
max_slowdown,maskable_dqn__mask_true,ppo__mask_false,1600270.982653,0.275391
max_slowdown,maskable_dqn__mask_true,ppo__mask_false,1613570.170075,0.232422
max_slowdown,maskable_dqn__mask_true,ppo__mask_false,1626869.357497,0.193359
max_slowdown,maskable_dqn__mask_true,ppo__mask_false,1640168.544920,0.193359
max_slowdown,maskable_dqn__mask_true,ppo__mask_false,1653467.732342,0.193359
max_slowdown,maskable_dqn__mask_true,ppo__mask_false,1666766.919764,0.130859
max_slowdown,maskable_dqn__mask_true,ppo__mask_false,1680066.107186,0.130859
max_slowdown,maskable_dqn__mask_true,ppo__mask_false,1693365.294608,0.130859
max_slowdown,maskable_dqn__mask_true,ppo__mask_false,1706664.482030,0.130859
max_slowdown,maskable_dqn__mask_true,ppo__mask_false,1719963.669452,0.130859
max_slowdown,maskable_dqn__mask_true,ppo__mask_false,1733262.856874,0.130859
max_slowdown,maskable_dqn__mask_true,ppo__mask_false,1746562.044296,0.130859
max_slowdown,maskable_dqn__mask_true,ppo__mask_false,1759861.231719,0.130859
max_slowdown,maskable_dqn__mask_true,ppo__mask_false,1773160.419141,0.130859
max_slowdown,maskable_dqn__mask_true,ppo__mask_false,1786459.606563,0.130859
max_slowdown,maskable_dqn__mask_true,ppo__mask_false,1799758.793985,0.130859
max_slowdown,maskable_dqn__mask_true,ppo__mask_false,1813057.981407,0.105469
max_slowdown,maskable_dqn__mask_true,ppo__mask_false,1826357.168829,0.105469
max_slowdown,maskable_dqn__mask_true,ppo__mask_false,1839656.356251,0.105469
max_slowdown,maskable_dqn__mask_true,ppo__mask_false,1852955.543673,0.105469
max_slowdown,maskable_dqn__mask_true,ppo__mask_false,1866254.731095,0.083984
max_slowdown,maskable_dqn__mask_true,ppo__mask_false,1879553.918518,0.083984
max_slowdown,maskable_dqn__mask_true,ppo__mask_false,1892853.105940,0.083984
max_slowdown,maskable_dqn__mask_true,ppo__mask_false,1906152.293362,0.064453
max_slowdown,maskable_dqn__mask_true,ppo__mask_false,1919451.480784,0.064453
max_slowdown,maskable_dqn__mask_true,ppo__mask_false,1932750.668206,0.064453
max_slowdown,maskable_dqn__mask_true,ppo__mask_false,1946049.855628,0.064453
max_slowdown,maskable_dqn__mask_true,ppo__mask_false,1959349.043050,0.048828
max_slowdown,maskable_dqn__mask_true,ppo__mask_false,1972648.230472,0.037109
max_slowdown,maskable_dqn__mask_true,ppo__mask_false,1985947.417894,0.037109
max_slowdown,maskable_dqn__mask_true,ppo__mask_false,1999246.605317,0.037109
max_slowdown,maskable_dqn__mask_true,ppo__mask_false,2012545.792739,0.027344
max_slowdown,maskable_dqn__mask_true,ppo__mask_false,2025844.980161,0.027344
max_slowdown,maskable_dqn__mask_true,ppo__mask_false,2039144.167583,0.027344
max_slowdown,maskable_dqn__mask_true,ppo__mask_false,2052443.355005,0.027344
max_slowdown,maskable_dqn__mask_true,ppo__mask_false,2065742.542427,0.027344
max_slowdown,maskable_dqn__mask_true,ppo__mask_false,2079041.729849,0.027344
max_slowdown,maskable_dqn__mask_true,ppo__mask_false,2092340.917271,0.027344
max_slowdown,maskable_dqn__mask_true,ppo__mask_false,2105640.104693,0.027344
max_slowdown,maskable_dqn__mask_true,ppo__mask_false,2118939.292116,0.027344
max_slowdown,maskable_dqn__mask_true,ppo__mask_false,2132238.479538,0.027344
max_slowdown,maskable_dqn__mask_true,ppo__mask_false,2145537.666960,0.027344
max_slowdown,maskable_dqn__mask_true,ppo__mask_false,2158836.854382,0.027344
max_slowdown,maskable_dqn__mask_true,ppo__mask_false,2172136.041804,0.027344
max_slowdown,maskable_dqn__mask_true,ppo__mask_false,2185435.229226,0.027344
max_slowdown,maskable_dqn__mask_true,ppo__mask_false,2198734.416648,0.027344
max_slowdown,maskable_dqn__mask_true,ppo__mask_false,2212033.604070,0.027344
max_slowdown,maskable_dqn__mask_true,ppo__mask_false,2225332.791492,0.027344
max_slowdown,maskable_dqn__mask_true,ppo__mask_false,2238631.978915,0.027344
max_slowdown,maskable_dqn__mask_true,ppo__mask_false,2251931.166337,0.027344
max_slowdown,maskable_dqn__mask_true,ppo__mask_false,2265230.353759,0.027344
max_slowdown,maskable_dqn__mask_true,ppo__mask_false,2278529.541181,0.027344
max_slowdown,maskable_dqn__mask_true,ppo__mask_false,2291828.728603,0.027344
max_slowdown,maskable_dqn__mask_true,ppo__mask_false,2305127.916025,0.027344
max_slowdown,maskable_dqn__mask_true,ppo__mask_false,2318427.103447,0.027344
max_slowdown,maskable_dqn__mask_true,ppo__mask_false,2331726.290869,0.027344
max_slowdown,maskable_dqn__mask_true,ppo__mask_false,2345025.478291,0.027344
max_slowdown,maskable_dqn__mask_true,ppo__mask_false,2358324.665714,0.027344
max_slowdown,maskable_dqn__mask_true,ppo__mask_false,2371623.853136,0.019531
max_slowdown,maskable_dqn__mask_true,ppo__mask_false,2384923.040558,0.019531
max_slowdown,maskable_dqn__mask_true,ppo__mask_false,2398222.227980,0.019531
max_slowdown,maskable_dqn__mask_true,ppo__mask_false,2411521.415402,0.019531
max_slowdown,maskable_dqn__mask_true,ppo__mask_false,2424820.602824,0.019531
max_slowdown,maskable_dqn__mask_true,ppo__mask_false,2438119.790246,0.019531
max_slowdown,maskable_dqn__mask_true,ppo__mask_false,2451418.977668,0.019531
max_slowdown,maskable_dqn__mask_true,ppo__mask_false,2464718.165090,0.019531
max_slowdown,maskable_dqn__mask_true,ppo__mask_false,2478017.352513,0.013672
max_slowdown,maskable_dqn__mask_true,ppo__mask_false,2491316.539935,0.013672
max_slowdown,maskable_dqn__mask_true,ppo__mask_false,2504615.727357,0.013672
max_slowdown,maskable_dqn__mask_true,ppo__mask_false,2517914.914779,0.009766
max_slowdown,maskable_dqn__mask_true,ppo__mask_false,2531214.102201,0.009766
max_slowdown,maskable_dqn__mask_true,ppo__mask_false,2544513.289623,0.009766
max_slowdown,maskable_dqn__mask_true,ppo__mask_false,2557812.477045,0.009766
max_slowdown,maskable_dqn__mask_true,ppo__mask_false,2571111.664467,0.005859
max_slowdown,maskable_dqn__mask_true,ppo__mask_false,2584410.851889,0.005859
max_slowdown,maskable_dqn__mask_true,ppo__mask_false,2597710.039312,0.005859
max_slowdown,maskable_dqn__mask_true,ppo__mask_false,2611009.226734,0.005859
max_slowdown,maskable_dqn__mask_true,ppo__mask_false,2624308.414156,0.003906
max_slowdown,maskable_dqn__mask_true,ppo__mask_false,2637607.601578,0.003906
max_slowdown,maskable_dqn__mask_true,ppo__mask_false,2650906.789000,0.003906
avg_turnaround,a2c__mask_false,maskable_a2c__mask_true,-222986674.399530,0.003906
avg_turnaround,a2c__mask_false,maskable_a2c__mask_true,-221865980.556501,0.003906
avg_turnaround,a2c__mask_false,maskable_a2c__mask_true,-220745286.713471,0.003906
avg_turnaround,a2c__mask_false,maskable_a2c__mask_true,-219624592.870442,0.003906
avg_turnaround,a2c__mask_false,maskable_a2c__mask_true,-218503899.027412,0.003906
avg_turnaround,a2c__mask_false,maskable_a2c__mask_true,-217383205.184382,0.003906
avg_turnaround,a2c__mask_false,maskable_a2c__mask_true,-216262511.341353,0.003906
avg_turnaround,a2c__mask_false,maskable_a2c__mask_true,-215141817.498323,0.003906
avg_turnaround,a2c__mask_false,maskable_a2c__mask_true,-214021123.655294,0.003906
avg_turnaround,a2c__mask_false,maskable_a2c__mask_true,-212900429.812264,0.003906
avg_turnaround,a2c__mask_false,maskable_a2c__mask_true,-211779735.969235,0.003906
avg_turnaround,a2c__mask_false,maskable_a2c__mask_true,-210659042.126205,0.003906
avg_turnaround,a2c__mask_false,maskable_a2c__mask_true,-209538348.283175,0.003906
avg_turnaround,a2c__mask_false,maskable_a2c__mask_true,-208417654.440146,0.003906
avg_turnaround,a2c__mask_false,maskable_a2c__mask_true,-207296960.597116,0.003906
avg_turnaround,a2c__mask_false,maskable_a2c__mask_true,-206176266.754087,0.003906
avg_turnaround,a2c__mask_false,maskable_a2c__mask_true,-205055572.911057,0.003906
avg_turnaround,a2c__mask_false,maskable_a2c__mask_true,-203934879.068027,0.003906
avg_turnaround,a2c__mask_false,maskable_a2c__mask_true,-202814185.224998,0.003906
avg_turnaround,a2c__mask_false,maskable_a2c__mask_true,-201693491.381968,0.003906
avg_turnaround,a2c__mask_false,maskable_a2c__mask_true,-200572797.538939,0.003906
avg_turnaround,a2c__mask_false,maskable_a2c__mask_true,-199452103.695909,0.003906
avg_turnaround,a2c__mask_false,maskable_a2c__mask_true,-198331409.852880,0.003906
avg_turnaround,a2c__mask_false,maskable_a2c__mask_true,-197210716.009850,0.003906
avg_turnaround,a2c__mask_false,maskable_a2c__mask_true,-196090022.166820,0.003906
avg_turnaround,a2c__mask_false,maskable_a2c__mask_true,-194969328.323791,0.003906
avg_turnaround,a2c__mask_false,maskable_a2c__mask_true,-193848634.480761,0.003906
avg_turnaround,a2c__mask_false,maskable_a2c__mask_true,-192727940.637732,0.003906
avg_turnaround,a2c__mask_false,maskable_a2c__mask_true,-191607246.794702,0.003906
avg_turnaround,a2c__mask_false,maskable_a2c__mask_true,-190486552.951672,0.003906
avg_turnaround,a2c__mask_false,maskable_a2c__mask_true,-189365859.108643,0.003906
avg_turnaround,a2c__mask_false,maskable_a2c__mask_true,-188245165.265613,0.003906
avg_turnaround,a2c__mask_false,maskable_a2c__mask_true,-187124471.422584,0.003906
avg_turnaround,a2c__mask_false,maskable_a2c__mask_true,-186003777.579554,0.003906
avg_turnaround,a2c__mask_false,maskable_a2c__mask_true,-184883083.736525,0.003906
avg_turnaround,a2c__mask_false,maskable_a2c__mask_true,-183762389.893495,0.003906
avg_turnaround,a2c__mask_false,maskable_a2c__mask_true,-182641696.050465,0.003906
avg_turnaround,a2c__mask_false,maskable_a2c__mask_true,-181521002.207436,0.003906
avg_turnaround,a2c__mask_false,maskable_a2c__mask_true,-180400308.364406,0.003906
avg_turnaround,a2c__mask_false,maskable_a2c__mask_true,-179279614.521377,0.003906
avg_turnaround,a2c__mask_false,maskable_a2c__mask_true,-178158920.678347,0.003906
avg_turnaround,a2c__mask_false,maskable_a2c__mask_true,-177038226.835318,0.003906
avg_turnaround,a2c__mask_false,maskable_a2c__mask_true,-175917532.992288,0.003906
avg_turnaround,a2c__mask_false,maskable_a2c__mask_true,-174796839.149258,0.003906
avg_turnaround,a2c__mask_false,maskable_a2c__mask_true,-173676145.306229,0.003906
avg_turnaround,a2c__mask_false,maskable_a2c__mask_true,-172555451.463199,0.003906
avg_turnaround,a2c__mask_false,maskable_a2c__mask_true,-171434757.620170,0.003906
avg_turnaround,a2c__mask_false,maskable_a2c__mask_true,-170314063.777140,0.003906
avg_turnaround,a2c__mask_false,maskable_a2c__mask_true,-169193369.934110,0.003906
avg_turnaround,a2c__mask_false,maskable_a2c__mask_true,-168072676.091081,0.003906
avg_turnaround,a2c__mask_false,maskable_a2c__mask_true,-166951982.248051,0.003906
avg_turnaround,a2c__mask_false,maskable_a2c__mask_true,-165831288.405022,0.003906
avg_turnaround,a2c__mask_false,maskable_a2c__mask_true,-164710594.561992,0.003906
avg_turnaround,a2c__mask_false,maskable_a2c__mask_true,-163589900.718963,0.003906
avg_turnaround,a2c__mask_false,maskable_a2c__mask_true,-162469206.875933,0.003906
avg_turnaround,a2c__mask_false,maskable_a2c__mask_true,-161348513.032903,0.003906
avg_turnaround,a2c__mask_false,maskable_a2c__mask_true,-160227819.189874,0.003906
avg_turnaround,a2c__mask_false,maskable_a2c__mask_true,-159107125.346844,0.003906
avg_turnaround,a2c__mask_false,maskable_a2c__mask_true,-157986431.503815,0.003906
avg_turnaround,a2c__mask_false,maskable_a2c__mask_true,-156865737.660785,0.003906
avg_turnaround,a2c__mask_false,maskable_a2c__mask_true,-155745043.817755,0.003906
avg_turnaround,a2c__mask_false,maskable_a2c__mask_true,-154624349.974726,0.003906
avg_turnaround,a2c__mask_false,maskable_a2c__mask_true,-153503656.131696,0.003906
avg_turnaround,a2c__mask_false,maskable_a2c__mask_true,-152382962.288667,0.003906
avg_turnaround,a2c__mask_false,maskable_a2c__mask_true,-151262268.445637,0.003906
avg_turnaround,a2c__mask_false,maskable_a2c__mask_true,-150141574.602608,0.003906
avg_turnaround,a2c__mask_false,maskable_a2c__mask_true,-149020880.759578,0.003906
avg_turnaround,a2c__mask_false,maskable_a2c__mask_true,-147900186.916548,0.003906
avg_turnaround,a2c__mask_false,maskable_a2c__mask_true,-146779493.073519,0.003906
avg_turnaround,a2c__mask_false,maskable_a2c__mask_true,-145658799.230489,0.003906
avg_turnaround,a2c__mask_false,maskable_a2c__mask_true,-144538105.387460,0.003906
avg_turnaround,a2c__mask_false,maskable_a2c__mask_true,-143417411.544430,0.003906
avg_turnaround,a2c__mask_false,maskable_a2c__mask_true,-142296717.701401,0.003906
avg_turnaround,a2c__mask_false,maskable_a2c__mask_true,-141176023.858371,0.003906
avg_turnaround,a2c__mask_false,maskable_a2c__mask_true,-140055330.015341,0.003906
avg_turnaround,a2c__mask_false,maskable_a2c__mask_true,-138934636.172312,0.003906
avg_turnaround,a2c__mask_false,maskable_a2c__mask_true,-137813942.329282,0.003906
avg_turnaround,a2c__mask_false,maskable_a2c__mask_true,-136693248.486253,0.003906
avg_turnaround,a2c__mask_false,maskable_a2c__mask_true,-135572554.643223,0.003906
avg_turnaround,a2c__mask_false,maskable_a2c__mask_true,-134451860.800193,0.003906
avg_turnaround,a2c__mask_false,maskable_a2c__mask_true,-133331166.957164,0.003906
avg_turnaround,a2c__mask_false,maskable_a2c__mask_true,-132210473.114134,0.003906
avg_turnaround,a2c__mask_false,maskable_a2c__mask_true,-131089779.271105,0.003906
avg_turnaround,a2c__mask_false,maskable_a2c__mask_true,-129969085.428075,0.003906
avg_turnaround,a2c__mask_false,maskable_a2c__mask_true,-128848391.585046,0.003906
avg_turnaround,a2c__mask_false,maskable_a2c__mask_true,-127727697.742016,0.003906
avg_turnaround,a2c__mask_false,maskable_a2c__mask_true,-126607003.898986,0.003906
avg_turnaround,a2c__mask_false,maskable_a2c__mask_true,-125486310.055957,0.003906
avg_turnaround,a2c__mask_false,maskable_a2c__mask_true,-124365616.212927,0.003906
avg_turnaround,a2c__mask_false,maskable_a2c__mask_true,-123244922.369898,0.003906
avg_turnaround,a2c__mask_false,maskable_a2c__mask_true,-122124228.526868,0.083984
avg_turnaround,a2c__mask_false,maskable_a2c__mask_true,-121003534.683838,0.083984
avg_turnaround,a2c__mask_false,maskable_a2c__mask_true,-119882840.840809,0.083984
avg_turnaround,a2c__mask_false,maskable_a2c__mask_true,-118762146.997779,0.083984
avg_turnaround,a2c__mask_false,maskable_a2c__mask_true,-117641453.154750,0.083984
avg_turnaround,a2c__mask_false,maskable_a2c__mask_true,-116520759.311720,0.083984
avg_turnaround,a2c__mask_false,maskable_a2c__mask_true,-115400065.468691,0.083984
avg_turnaround,a2c__mask_false,maskable_a2c__mask_true,-114279371.625661,0.083984
avg_turnaround,a2c__mask_false,maskable_a2c__mask_true,-113158677.782631,0.083984
avg_turnaround,a2c__mask_false,maskable_a2c__mask_true,-112037983.939602,0.083984
avg_turnaround,a2c__mask_false,maskable_a2c__mask_true,-110917290.096572,0.083984
avg_turnaround,a2c__mask_false,maskable_a2c__mask_true,-109796596.253543,0.083984
avg_turnaround,a2c__mask_false,maskable_a2c__mask_true,-108675902.410513,0.083984
avg_turnaround,a2c__mask_false,maskable_a2c__mask_true,-107555208.567484,0.083984
avg_turnaround,a2c__mask_false,maskable_a2c__mask_true,-106434514.724454,0.083984
avg_turnaround,a2c__mask_false,maskable_a2c__mask_true,-105313820.881424,0.083984
avg_turnaround,a2c__mask_false,maskable_a2c__mask_true,-104193127.038395,0.083984
avg_turnaround,a2c__mask_false,maskable_a2c__mask_true,-103072433.195365,0.083984
avg_turnaround,a2c__mask_false,maskable_a2c__mask_true,-101951739.352336,0.083984
avg_turnaround,a2c__mask_false,maskable_a2c__mask_true,-100831045.509306,0.083984
avg_turnaround,a2c__mask_false,maskable_a2c__mask_true,-99710351.666276,0.083984
avg_turnaround,a2c__mask_false,maskable_a2c__mask_true,-98589657.823247,0.083984
avg_turnaround,a2c__mask_false,maskable_a2c__mask_true,-97468963.980217,0.083984
avg_turnaround,a2c__mask_false,maskable_a2c__mask_true,-96348270.137188,0.083984
avg_turnaround,a2c__mask_false,maskable_a2c__mask_true,-95227576.294158,0.083984
avg_turnaround,a2c__mask_false,maskable_a2c__mask_true,-94106882.451129,0.083984
avg_turnaround,a2c__mask_false,maskable_a2c__mask_true,-92986188.608099,0.083984
avg_turnaround,a2c__mask_false,maskable_a2c__mask_true,-91865494.765069,0.083984
avg_turnaround,a2c__mask_false,maskable_a2c__mask_true,-90744800.922040,0.083984
avg_turnaround,a2c__mask_false,maskable_a2c__mask_true,-89624107.079010,0.083984
avg_turnaround,a2c__mask_false,maskable_a2c__mask_true,-88503413.235981,0.083984
avg_turnaround,a2c__mask_false,maskable_a2c__mask_true,-87382719.392951,0.083984
avg_turnaround,a2c__mask_false,maskable_a2c__mask_true,-86262025.549921,0.083984
avg_turnaround,a2c__mask_false,maskable_a2c__mask_true,-85141331.706892,0.083984
avg_turnaround,a2c__mask_false,maskable_a2c__mask_true,-84020637.863862,0.083984
avg_turnaround,a2c__mask_false,maskable_a2c__mask_true,-82899944.020833,0.083984
avg_turnaround,a2c__mask_false,maskable_a2c__mask_true,-81779250.177803,0.083984
avg_turnaround,a2c__mask_false,maskable_a2c__mask_true,-80658556.334774,0.083984
avg_turnaround,a2c__mask_false,maskable_a2c__mask_true,-79537862.491744,0.083984
avg_turnaround,a2c__mask_false,maskable_a2c__mask_true,-78417168.648714,0.083984
avg_turnaround,a2c__mask_false,maskable_a2c__mask_true,-77296474.805685,0.083984
avg_turnaround,a2c__mask_false,maskable_a2c__mask_true,-76175780.962655,0.083984
avg_turnaround,a2c__mask_false,maskable_a2c__mask_true,-75055087.119626,0.083984
avg_turnaround,a2c__mask_false,maskable_a2c__mask_true,-73934393.276596,0.083984
avg_turnaround,a2c__mask_false,maskable_a2c__mask_true,-72813699.433567,0.083984
avg_turnaround,a2c__mask_false,maskable_a2c__mask_true,-71693005.590537,0.083984
avg_turnaround,a2c__mask_false,maskable_a2c__mask_true,-70572311.747507,0.083984
avg_turnaround,a2c__mask_false,maskable_a2c__mask_true,-69451617.904478,0.083984
avg_turnaround,a2c__mask_false,maskable_a2c__mask_true,-68330924.061448,0.083984
avg_turnaround,a2c__mask_false,maskable_a2c__mask_true,-67210230.218419,0.083984
avg_turnaround,a2c__mask_false,maskable_a2c__mask_true,-66089536.375389,0.083984
avg_turnaround,a2c__mask_false,maskable_a2c__mask_true,-64968842.532359,0.083984
avg_turnaround,a2c__mask_false,maskable_a2c__mask_true,-63848148.689330,0.083984
avg_turnaround,a2c__mask_false,maskable_a2c__mask_true,-62727454.846300,0.083984
avg_turnaround,a2c__mask_false,maskable_a2c__mask_true,-61606761.003271,0.083984
avg_turnaround,a2c__mask_false,maskable_a2c__mask_true,-60486067.160241,0.083984
avg_turnaround,a2c__mask_false,maskable_a2c__mask_true,-59365373.317212,0.083984
avg_turnaround,a2c__mask_false,maskable_a2c__mask_true,-58244679.474182,0.083984
avg_turnaround,a2c__mask_false,maskable_a2c__mask_true,-57123985.631152,0.083984
avg_turnaround,a2c__mask_false,maskable_a2c__mask_true,-56003291.788123,0.083984
avg_turnaround,a2c__mask_false,maskable_a2c__mask_true,-54882597.945093,0.083984
avg_turnaround,a2c__mask_false,maskable_a2c__mask_true,-53761904.102064,0.083984
avg_turnaround,a2c__mask_false,maskable_a2c__mask_true,-52641210.259034,0.083984
avg_turnaround,a2c__mask_false,maskable_a2c__mask_true,-51520516.416005,0.083984
avg_turnaround,a2c__mask_false,maskable_a2c__mask_true,-50399822.572975,0.083984
avg_turnaround,a2c__mask_false,maskable_a2c__mask_true,-49279128.729945,0.083984
avg_turnaround,a2c__mask_false,maskable_a2c__mask_true,-48158434.886916,0.083984
avg_turnaround,a2c__mask_false,maskable_a2c__mask_true,-47037741.043886,0.083984
avg_turnaround,a2c__mask_false,maskable_a2c__mask_true,-45917047.200857,0.083984
avg_turnaround,a2c__mask_false,maskable_a2c__mask_true,-44796353.357827,0.083984
avg_turnaround,a2c__mask_false,maskable_a2c__mask_true,-43675659.514797,0.083984
avg_turnaround,a2c__mask_false,maskable_a2c__mask_true,-42554965.671768,0.083984
avg_turnaround,a2c__mask_false,maskable_a2c__mask_true,-41434271.828738,0.083984
avg_turnaround,a2c__mask_false,maskable_a2c__mask_true,-40313577.985709,0.083984
avg_turnaround,a2c__mask_false,maskable_a2c__mask_true,-39192884.142679,0.083984
avg_turnaround,a2c__mask_false,maskable_a2c__mask_true,-38072190.299650,0.083984
avg_turnaround,a2c__mask_false,maskable_a2c__mask_true,-36951496.456620,0.083984
avg_turnaround,a2c__mask_false,maskable_a2c__mask_true,-35830802.613590,0.083984
avg_turnaround,a2c__mask_false,maskable_a2c__mask_true,-34710108.770561,0.083984
avg_turnaround,a2c__mask_false,maskable_a2c__mask_true,-33589414.927531,0.083984
avg_turnaround,a2c__mask_false,maskable_a2c__mask_true,-32468721.084502,0.083984
avg_turnaround,a2c__mask_false,maskable_a2c__mask_true,-31348027.241472,0.083984
avg_turnaround,a2c__mask_false,maskable_a2c__mask_true,-30227333.398442,0.083984
avg_turnaround,a2c__mask_false,maskable_a2c__mask_true,-29106639.555413,0.083984
avg_turnaround,a2c__mask_false,maskable_a2c__mask_true,-27985945.712383,0.083984
avg_turnaround,a2c__mask_false,maskable_a2c__mask_true,-26865251.869354,0.083984
avg_turnaround,a2c__mask_false,maskable_a2c__mask_true,-25744558.026324,0.083984
avg_turnaround,a2c__mask_false,maskable_a2c__mask_true,-24623864.183295,0.083984
avg_turnaround,a2c__mask_false,maskable_a2c__mask_true,-23503170.340265,0.083984
avg_turnaround,a2c__mask_false,maskable_a2c__mask_true,-22382476.497235,0.083984
avg_turnaround,a2c__mask_false,maskable_a2c__mask_true,-21261782.654206,0.083984
avg_turnaround,a2c__mask_false,maskable_a2c__mask_true,-20141088.811176,0.083984
avg_turnaround,a2c__mask_false,maskable_a2c__mask_true,-19020394.968147,0.083984
avg_turnaround,a2c__mask_false,maskable_a2c__mask_true,-17899701.125117,0.083984
avg_turnaround,a2c__mask_false,maskable_a2c__mask_true,-16779007.282088,0.083984
avg_turnaround,a2c__mask_false,maskable_a2c__mask_true,-15658313.439058,0.083984
avg_turnaround,a2c__mask_false,maskable_a2c__mask_true,-14537619.596028,0.083984
avg_turnaround,a2c__mask_false,maskable_a2c__mask_true,-13416925.752999,0.083984
avg_turnaround,a2c__mask_false,maskable_a2c__mask_true,-12296231.909969,0.083984
avg_turnaround,a2c__mask_false,maskable_a2c__mask_true,-11175538.066940,0.083984
avg_turnaround,a2c__mask_false,maskable_a2c__mask_true,-10054844.223910,0.083984
avg_turnaround,a2c__mask_false,maskable_a2c__mask_true,-8934150.380880,0.083984
avg_turnaround,a2c__mask_false,maskable_a2c__mask_true,-7813456.537851,0.083984
avg_turnaround,a2c__mask_false,maskable_a2c__mask_true,-6692762.694821,0.083984
avg_turnaround,a2c__mask_false,maskable_a2c__mask_true,-5572068.851792,0.083984
avg_turnaround,a2c__mask_false,maskable_a2c__mask_true,-4451375.008762,0.083984
avg_turnaround,a2c__mask_false,maskable_a2c__mask_true,-3330681.165733,0.083984
avg_turnaround,a2c__mask_false,maskable_a2c__mask_true,-2209987.322703,0.083984
avg_turnaround,a2c__mask_false,maskable_a2c__mask_true,-1089293.479673,0.083984
avg_turnaround,a2c__mask_false,maskable_a2c__mask_true,31400.363356,0.003906
avg_turnaround,a2c__mask_false,maskable_dqn__mask_true,-113878.601409,0.003906
avg_turnaround,a2c__mask_false,maskable_dqn__mask_true,-113307.900943,0.003906
avg_turnaround,a2c__mask_false,maskable_dqn__mask_true,-112737.200477,0.003906
avg_turnaround,a2c__mask_false,maskable_dqn__mask_true,-112166.500011,0.003906
avg_turnaround,a2c__mask_false,maskable_dqn__mask_true,-111595.799544,0.003906
avg_turnaround,a2c__mask_false,maskable_dqn__mask_true,-111025.099078,0.003906
avg_turnaround,a2c__mask_false,maskable_dqn__mask_true,-110454.398612,0.003906
avg_turnaround,a2c__mask_false,maskable_dqn__mask_true,-109883.698145,0.003906
avg_turnaround,a2c__mask_false,maskable_dqn__mask_true,-109312.997679,0.003906
avg_turnaround,a2c__mask_false,maskable_dqn__mask_true,-108742.297213,0.003906
avg_turnaround,a2c__mask_false,maskable_dqn__mask_true,-108171.596747,0.003906
avg_turnaround,a2c__mask_false,maskable_dqn__mask_true,-107600.896280,0.003906
avg_turnaround,a2c__mask_false,maskable_dqn__mask_true,-107030.195814,0.003906
avg_turnaround,a2c__mask_false,maskable_dqn__mask_true,-106459.495348,0.003906
avg_turnaround,a2c__mask_false,maskable_dqn__mask_true,-105888.794881,0.003906
avg_turnaround,a2c__mask_false,maskable_dqn__mask_true,-105318.094415,0.003906
avg_turnaround,a2c__mask_false,maskable_dqn__mask_true,-104747.393949,0.003906
avg_turnaround,a2c__mask_false,maskable_dqn__mask_true,-104176.693483,0.003906
avg_turnaround,a2c__mask_false,maskable_dqn__mask_true,-103605.993016,0.005859
avg_turnaround,a2c__mask_false,maskable_dqn__mask_true,-103035.292550,0.005859
avg_turnaround,a2c__mask_false,maskable_dqn__mask_true,-102464.592084,0.005859
avg_turnaround,a2c__mask_false,maskable_dqn__mask_true,-101893.891617,0.005859
avg_turnaround,a2c__mask_false,maskable_dqn__mask_true,-101323.191151,0.005859
avg_turnaround,a2c__mask_false,maskable_dqn__mask_true,-100752.490685,0.005859
avg_turnaround,a2c__mask_false,maskable_dqn__mask_true,-100181.790219,0.005859
avg_turnaround,a2c__mask_false,maskable_dqn__mask_true,-99611.089752,0.005859
avg_turnaround,a2c__mask_false,maskable_dqn__mask_true,-99040.389286,0.005859
avg_turnaround,a2c__mask_false,maskable_dqn__mask_true,-98469.688820,0.005859
avg_turnaround,a2c__mask_false,maskable_dqn__mask_true,-97898.988353,0.005859
avg_turnaround,a2c__mask_false,maskable_dqn__mask_true,-97328.287887,0.005859
avg_turnaround,a2c__mask_false,maskable_dqn__mask_true,-96757.587421,0.005859
avg_turnaround,a2c__mask_false,maskable_dqn__mask_true,-96186.886955,0.005859
avg_turnaround,a2c__mask_false,maskable_dqn__mask_true,-95616.186488,0.005859
avg_turnaround,a2c__mask_false,maskable_dqn__mask_true,-95045.486022,0.005859
avg_turnaround,a2c__mask_false,maskable_dqn__mask_true,-94474.785556,0.009766
avg_turnaround,a2c__mask_false,maskable_dqn__mask_true,-93904.085089,0.009766
avg_turnaround,a2c__mask_false,maskable_dqn__mask_true,-93333.384623,0.009766
avg_turnaround,a2c__mask_false,maskable_dqn__mask_true,-92762.684157,0.009766
avg_turnaround,a2c__mask_false,maskable_dqn__mask_true,-92191.983691,0.009766
avg_turnaround,a2c__mask_false,maskable_dqn__mask_true,-91621.283224,0.009766
avg_turnaround,a2c__mask_false,maskable_dqn__mask_true,-91050.582758,0.013672
avg_turnaround,a2c__mask_false,maskable_dqn__mask_true,-90479.882292,0.013672
avg_turnaround,a2c__mask_false,maskable_dqn__mask_true,-89909.181825,0.013672
avg_turnaround,a2c__mask_false,maskable_dqn__mask_true,-89338.481359,0.013672
avg_turnaround,a2c__mask_false,maskable_dqn__mask_true,-88767.780893,0.013672
avg_turnaround,a2c__mask_false,maskable_dqn__mask_true,-88197.080427,0.013672
avg_turnaround,a2c__mask_false,maskable_dqn__mask_true,-87626.379960,0.013672
avg_turnaround,a2c__mask_false,maskable_dqn__mask_true,-87055.679494,0.013672
avg_turnaround,a2c__mask_false,maskable_dqn__mask_true,-86484.979028,0.013672
avg_turnaround,a2c__mask_false,maskable_dqn__mask_true,-85914.278561,0.013672
avg_turnaround,a2c__mask_false,maskable_dqn__mask_true,-85343.578095,0.013672
avg_turnaround,a2c__mask_false,maskable_dqn__mask_true,-84772.877629,0.013672
avg_turnaround,a2c__mask_false,maskable_dqn__mask_true,-84202.177163,0.019531
avg_turnaround,a2c__mask_false,maskable_dqn__mask_true,-83631.476696,0.019531
avg_turnaround,a2c__mask_false,maskable_dqn__mask_true,-83060.776230,0.019531
avg_turnaround,a2c__mask_false,maskable_dqn__mask_true,-82490.075764,0.019531
avg_turnaround,a2c__mask_false,maskable_dqn__mask_true,-81919.375297,0.027344
avg_turnaround,a2c__mask_false,maskable_dqn__mask_true,-81348.674831,0.027344
avg_turnaround,a2c__mask_false,maskable_dqn__mask_true,-80777.974365,0.027344
avg_turnaround,a2c__mask_false,maskable_dqn__mask_true,-80207.273899,0.027344
avg_turnaround,a2c__mask_false,maskable_dqn__mask_true,-79636.573432,0.027344
avg_turnaround,a2c__mask_false,maskable_dqn__mask_true,-79065.872966,0.027344
avg_turnaround,a2c__mask_false,maskable_dqn__mask_true,-78495.172500,0.027344
avg_turnaround,a2c__mask_false,maskable_dqn__mask_true,-77924.472033,0.027344
avg_turnaround,a2c__mask_false,maskable_dqn__mask_true,-77353.771567,0.027344
avg_turnaround,a2c__mask_false,maskable_dqn__mask_true,-76783.071101,0.027344
avg_turnaround,a2c__mask_false,maskable_dqn__mask_true,-76212.370635,0.037109
avg_turnaround,a2c__mask_false,maskable_dqn__mask_true,-75641.670168,0.037109
avg_turnaround,a2c__mask_false,maskable_dqn__mask_true,-75070.969702,0.037109
avg_turnaround,a2c__mask_false,maskable_dqn__mask_true,-74500.269236,0.037109
avg_turnaround,a2c__mask_false,maskable_dqn__mask_true,-73929.568769,0.037109
avg_turnaround,a2c__mask_false,maskable_dqn__mask_true,-73358.868303,0.037109
avg_turnaround,a2c__mask_false,maskable_dqn__mask_true,-72788.167837,0.048828
avg_turnaround,a2c__mask_false,maskable_dqn__mask_true,-72217.467370,0.064453
avg_turnaround,a2c__mask_false,maskable_dqn__mask_true,-71646.766904,0.064453
avg_turnaround,a2c__mask_false,maskable_dqn__mask_true,-71076.066438,0.064453
avg_turnaround,a2c__mask_false,maskable_dqn__mask_true,-70505.365972,0.064453
avg_turnaround,a2c__mask_false,maskable_dqn__mask_true,-69934.665505,0.064453
avg_turnaround,a2c__mask_false,maskable_dqn__mask_true,-69363.965039,0.064453
avg_turnaround,a2c__mask_false,maskable_dqn__mask_true,-68793.264573,0.083984
avg_turnaround,a2c__mask_false,maskable_dqn__mask_true,-68222.564106,0.083984
avg_turnaround,a2c__mask_false,maskable_dqn__mask_true,-67651.863640,0.083984
avg_turnaround,a2c__mask_false,maskable_dqn__mask_true,-67081.163174,0.083984
avg_turnaround,a2c__mask_false,maskable_dqn__mask_true,-66510.462708,0.105469
avg_turnaround,a2c__mask_false,maskable_dqn__mask_true,-65939.762241,0.105469
avg_turnaround,a2c__mask_false,maskable_dqn__mask_true,-65369.061775,0.105469
avg_turnaround,a2c__mask_false,maskable_dqn__mask_true,-64798.361309,0.105469
avg_turnaround,a2c__mask_false,maskable_dqn__mask_true,-64227.660842,0.105469
avg_turnaround,a2c__mask_false,maskable_dqn__mask_true,-63656.960376,0.130859
avg_turnaround,a2c__mask_false,maskable_dqn__mask_true,-63086.259910,0.160156
avg_turnaround,a2c__mask_false,maskable_dqn__mask_true,-62515.559444,0.160156
avg_turnaround,a2c__mask_false,maskable_dqn__mask_true,-61944.858977,0.160156
avg_turnaround,a2c__mask_false,maskable_dqn__mask_true,-61374.158511,0.160156
avg_turnaround,a2c__mask_false,maskable_dqn__mask_true,-60803.458045,0.160156
avg_turnaround,a2c__mask_false,maskable_dqn__mask_true,-60232.757578,0.193359
avg_turnaround,a2c__mask_false,maskable_dqn__mask_true,-59662.057112,0.193359
avg_turnaround,a2c__mask_false,maskable_dqn__mask_true,-59091.356646,0.193359
avg_turnaround,a2c__mask_false,maskable_dqn__mask_true,-58520.656180,0.232422
avg_turnaround,a2c__mask_false,maskable_dqn__mask_true,-57949.955713,0.275391
avg_turnaround,a2c__mask_false,maskable_dqn__mask_true,-57379.255247,0.275391
avg_turnaround,a2c__mask_false,maskable_dqn__mask_true,-56808.554781,0.322266
avg_turnaround,a2c__mask_false,maskable_dqn__mask_true,-56237.854314,0.322266
avg_turnaround,a2c__mask_false,maskable_dqn__mask_true,-55667.153848,0.322266
avg_turnaround,a2c__mask_false,maskable_dqn__mask_true,-55096.453382,0.322266
avg_turnaround,a2c__mask_false,maskable_dqn__mask_true,-54525.752916,0.375000
avg_turnaround,a2c__mask_false,maskable_dqn__mask_true,-53955.052449,0.431641
avg_turnaround,a2c__mask_false,maskable_dqn__mask_true,-53384.351983,0.431641
avg_turnaround,a2c__mask_false,maskable_dqn__mask_true,-52813.651517,0.492188
avg_turnaround,a2c__mask_false,maskable_dqn__mask_true,-52242.951050,0.492188
avg_turnaround,a2c__mask_false,maskable_dqn__mask_true,-51672.250584,0.492188
avg_turnaround,a2c__mask_false,maskable_dqn__mask_true,-51101.550118,0.492188
avg_turnaround,a2c__mask_false,maskable_dqn__mask_true,-50530.849652,0.492188
avg_turnaround,a2c__mask_false,maskable_dqn__mask_true,-49960.149185,0.492188
avg_turnaround,a2c__mask_false,maskable_dqn__mask_true,-49389.448719,0.492188
avg_turnaround,a2c__mask_false,maskable_dqn__mask_true,-48818.748253,0.492188
avg_turnaround,a2c__mask_false,maskable_dqn__mask_true,-48248.047786,0.492188
avg_turnaround,a2c__mask_false,maskable_dqn__mask_true,-47677.347320,0.625000
avg_turnaround,a2c__mask_false,maskable_dqn__mask_true,-47106.646854,0.625000
avg_turnaround,a2c__mask_false,maskable_dqn__mask_true,-46535.946388,0.625000
avg_turnaround,a2c__mask_false,maskable_dqn__mask_true,-45965.245921,0.695312
avg_turnaround,a2c__mask_false,maskable_dqn__mask_true,-45394.545455,0.769531
avg_turnaround,a2c__mask_false,maskable_dqn__mask_true,-44823.844989,0.921875
avg_turnaround,a2c__mask_false,maskable_dqn__mask_true,-44253.144522,0.921875
avg_turnaround,a2c__mask_false,maskable_dqn__mask_true,-43682.444056,0.921875
avg_turnaround,a2c__mask_false,maskable_dqn__mask_true,-43111.743590,0.921875
avg_turnaround,a2c__mask_false,maskable_dqn__mask_true,-42541.043124,0.921875
avg_turnaround,a2c__mask_false,maskable_dqn__mask_true,-41970.342657,0.921875
avg_turnaround,a2c__mask_false,maskable_dqn__mask_true,-41399.642191,0.921875
avg_turnaround,a2c__mask_false,maskable_dqn__mask_true,-40828.941725,0.921875
avg_turnaround,a2c__mask_false,maskable_dqn__mask_true,-40258.241258,0.921875
avg_turnaround,a2c__mask_false,maskable_dqn__mask_true,-39687.540792,0.921875
avg_turnaround,a2c__mask_false,maskable_dqn__mask_true,-39116.840326,0.921875
avg_turnaround,a2c__mask_false,maskable_dqn__mask_true,-38546.139860,1.000000
avg_turnaround,a2c__mask_false,maskable_dqn__mask_true,-37975.439393,1.000000
avg_turnaround,a2c__mask_false,maskable_dqn__mask_true,-37404.738927,1.000000
avg_turnaround,a2c__mask_false,maskable_dqn__mask_true,-36834.038461,0.921875
avg_turnaround,a2c__mask_false,maskable_dqn__mask_true,-36263.337994,0.769531
avg_turnaround,a2c__mask_false,maskable_dqn__mask_true,-35692.637528,0.769531
avg_turnaround,a2c__mask_false,maskable_dqn__mask_true,-35121.937062,0.695312
avg_turnaround,a2c__mask_false,maskable_dqn__mask_true,-34551.236596,0.695312
avg_turnaround,a2c__mask_false,maskable_dqn__mask_true,-33980.536129,0.695312
avg_turnaround,a2c__mask_false,maskable_dqn__mask_true,-33409.835663,0.695312
avg_turnaround,a2c__mask_false,maskable_dqn__mask_true,-32839.135197,0.695312
avg_turnaround,a2c__mask_false,maskable_dqn__mask_true,-32268.434730,0.695312
avg_turnaround,a2c__mask_false,maskable_dqn__mask_true,-31697.734264,0.695312
avg_turnaround,a2c__mask_false,maskable_dqn__mask_true,-31127.033798,0.695312
avg_turnaround,a2c__mask_false,maskable_dqn__mask_true,-30556.333332,0.695312
avg_turnaround,a2c__mask_false,maskable_dqn__mask_true,-29985.632865,0.695312
avg_turnaround,a2c__mask_false,maskable_dqn__mask_true,-29414.932399,0.625000
avg_turnaround,a2c__mask_false,maskable_dqn__mask_true,-28844.231933,0.556641
avg_turnaround,a2c__mask_false,maskable_dqn__mask_true,-28273.531466,0.556641
avg_turnaround,a2c__mask_false,maskable_dqn__mask_true,-27702.831000,0.556641
avg_turnaround,a2c__mask_false,maskable_dqn__mask_true,-27132.130534,0.492188
avg_turnaround,a2c__mask_false,maskable_dqn__mask_true,-26561.430068,0.375000
avg_turnaround,a2c__mask_false,maskable_dqn__mask_true,-25990.729601,0.375000
avg_turnaround,a2c__mask_false,maskable_dqn__mask_true,-25420.029135,0.375000
avg_turnaround,a2c__mask_false,maskable_dqn__mask_true,-24849.328669,0.375000
avg_turnaround,a2c__mask_false,maskable_dqn__mask_true,-24278.628202,0.375000
avg_turnaround,a2c__mask_false,maskable_dqn__mask_true,-23707.927736,0.375000
avg_turnaround,a2c__mask_false,maskable_dqn__mask_true,-23137.227270,0.375000
avg_turnaround,a2c__mask_false,maskable_dqn__mask_true,-22566.526804,0.375000
avg_turnaround,a2c__mask_false,maskable_dqn__mask_true,-21995.826337,0.322266
avg_turnaround,a2c__mask_false,maskable_dqn__mask_true,-21425.125871,0.322266
avg_turnaround,a2c__mask_false,maskable_dqn__mask_true,-20854.425405,0.322266
avg_turnaround,a2c__mask_false,maskable_dqn__mask_true,-20283.724938,0.275391
avg_turnaround,a2c__mask_false,maskable_dqn__mask_true,-19713.024472,0.232422
avg_turnaround,a2c__mask_false,maskable_dqn__mask_true,-19142.324006,0.232422
avg_turnaround,a2c__mask_false,maskable_dqn__mask_true,-18571.623539,0.193359
avg_turnaround,a2c__mask_false,maskable_dqn__mask_true,-18000.923073,0.160156
avg_turnaround,a2c__mask_false,maskable_dqn__mask_true,-17430.222607,0.160156
avg_turnaround,a2c__mask_false,maskable_dqn__mask_true,-16859.522141,0.130859
avg_turnaround,a2c__mask_false,maskable_dqn__mask_true,-16288.821674,0.130859
avg_turnaround,a2c__mask_false,maskable_dqn__mask_true,-15718.121208,0.130859
avg_turnaround,a2c__mask_false,maskable_dqn__mask_true,-15147.420742,0.130859
avg_turnaround,a2c__mask_false,maskable_dqn__mask_true,-14576.720275,0.130859
avg_turnaround,a2c__mask_false,maskable_dqn__mask_true,-14006.019809,0.130859
avg_turnaround,a2c__mask_false,maskable_dqn__mask_true,-13435.319343,0.105469
avg_turnaround,a2c__mask_false,maskable_dqn__mask_true,-12864.618877,0.105469
avg_turnaround,a2c__mask_false,maskable_dqn__mask_true,-12293.918410,0.105469
avg_turnaround,a2c__mask_false,maskable_dqn__mask_true,-11723.217944,0.083984
avg_turnaround,a2c__mask_false,maskable_dqn__mask_true,-11152.517478,0.064453
avg_turnaround,a2c__mask_false,maskable_dqn__mask_true,-10581.817011,0.048828
avg_turnaround,a2c__mask_false,maskable_dqn__mask_true,-10011.116545,0.048828
avg_turnaround,a2c__mask_false,maskable_dqn__mask_true,-9440.416079,0.048828
avg_turnaround,a2c__mask_false,maskable_dqn__mask_true,-8869.715613,0.037109
avg_turnaround,a2c__mask_false,maskable_dqn__mask_true,-8299.015146,0.027344
avg_turnaround,a2c__mask_false,maskable_dqn__mask_true,-7728.314680,0.027344
avg_turnaround,a2c__mask_false,maskable_dqn__mask_true,-7157.614214,0.027344
avg_turnaround,a2c__mask_false,maskable_dqn__mask_true,-6586.913747,0.027344
avg_turnaround,a2c__mask_false,maskable_dqn__mask_true,-6016.213281,0.027344
avg_turnaround,a2c__mask_false,maskable_dqn__mask_true,-5445.512815,0.027344
avg_turnaround,a2c__mask_false,maskable_dqn__mask_true,-4874.812349,0.027344
avg_turnaround,a2c__mask_false,maskable_dqn__mask_true,-4304.111882,0.019531
avg_turnaround,a2c__mask_false,maskable_dqn__mask_true,-3733.411416,0.019531
avg_turnaround,a2c__mask_false,maskable_dqn__mask_true,-3162.710950,0.019531
avg_turnaround,a2c__mask_false,maskable_dqn__mask_true,-2592.010483,0.013672
avg_turnaround,a2c__mask_false,maskable_dqn__mask_true,-2021.310017,0.009766
avg_turnaround,a2c__mask_false,maskable_dqn__mask_true,-1450.609551,0.009766
avg_turnaround,a2c__mask_false,maskable_dqn__mask_true,-879.909085,0.005859
avg_turnaround,a2c__mask_false,maskable_dqn__mask_true,-309.208618,0.003906
avg_turnaround,dqn__mask_false,maskable_dqn__mask_true,-94373.834853,0.003906
avg_turnaround,dqn__mask_false,maskable_dqn__mask_true,-93320.190789,0.003906
avg_turnaround,dqn__mask_false,maskable_dqn__mask_true,-92266.546725,0.005859
avg_turnaround,dqn__mask_false,maskable_dqn__mask_true,-91212.902662,0.005859
avg_turnaround,dqn__mask_false,maskable_dqn__mask_true,-90159.258598,0.009766
avg_turnaround,dqn__mask_false,maskable_dqn__mask_true,-89105.614534,0.009766
avg_turnaround,dqn__mask_false,maskable_dqn__mask_true,-88051.970470,0.009766
avg_turnaround,dqn__mask_false,maskable_dqn__mask_true,-86998.326406,0.009766
avg_turnaround,dqn__mask_false,maskable_dqn__mask_true,-85944.682342,0.009766
avg_turnaround,dqn__mask_false,maskable_dqn__mask_true,-84891.038279,0.009766
avg_turnaround,dqn__mask_false,maskable_dqn__mask_true,-83837.394215,0.013672
avg_turnaround,dqn__mask_false,maskable_dqn__mask_true,-82783.750151,0.013672
avg_turnaround,dqn__mask_false,maskable_dqn__mask_true,-81730.106087,0.019531
avg_turnaround,dqn__mask_false,maskable_dqn__mask_true,-80676.462023,0.019531
avg_turnaround,dqn__mask_false,maskable_dqn__mask_true,-79622.817959,0.019531
avg_turnaround,dqn__mask_false,maskable_dqn__mask_true,-78569.173896,0.019531
avg_turnaround,dqn__mask_false,maskable_dqn__mask_true,-77515.529832,0.019531
avg_turnaround,dqn__mask_false,maskable_dqn__mask_true,-76461.885768,0.019531
avg_turnaround,dqn__mask_false,maskable_dqn__mask_true,-75408.241704,0.027344
avg_turnaround,dqn__mask_false,maskable_dqn__mask_true,-74354.597640,0.027344
avg_turnaround,dqn__mask_false,maskable_dqn__mask_true,-73300.953576,0.048828
avg_turnaround,dqn__mask_false,maskable_dqn__mask_true,-72247.309513,0.064453
avg_turnaround,dqn__mask_false,maskable_dqn__mask_true,-71193.665449,0.083984
avg_turnaround,dqn__mask_false,maskable_dqn__mask_true,-70140.021385,0.083984
avg_turnaround,dqn__mask_false,maskable_dqn__mask_true,-69086.377321,0.083984
avg_turnaround,dqn__mask_false,maskable_dqn__mask_true,-68032.733257,0.083984
avg_turnaround,dqn__mask_false,maskable_dqn__mask_true,-66979.089193,0.083984
avg_turnaround,dqn__mask_false,maskable_dqn__mask_true,-65925.445130,0.083984
avg_turnaround,dqn__mask_false,maskable_dqn__mask_true,-64871.801066,0.105469
avg_turnaround,dqn__mask_false,maskable_dqn__mask_true,-63818.157002,0.105469
avg_turnaround,dqn__mask_false,maskable_dqn__mask_true,-62764.512938,0.130859
avg_turnaround,dqn__mask_false,maskable_dqn__mask_true,-61710.868874,0.130859
avg_turnaround,dqn__mask_false,maskable_dqn__mask_true,-60657.224810,0.130859
avg_turnaround,dqn__mask_false,maskable_dqn__mask_true,-59603.580747,0.130859
avg_turnaround,dqn__mask_false,maskable_dqn__mask_true,-58549.936683,0.130859
avg_turnaround,dqn__mask_false,maskable_dqn__mask_true,-57496.292619,0.130859
avg_turnaround,dqn__mask_false,maskable_dqn__mask_true,-56442.648555,0.160156
avg_turnaround,dqn__mask_false,maskable_dqn__mask_true,-55389.004491,0.193359
avg_turnaround,dqn__mask_false,maskable_dqn__mask_true,-54335.360427,0.232422
avg_turnaround,dqn__mask_false,maskable_dqn__mask_true,-53281.716364,0.322266
avg_turnaround,dqn__mask_false,maskable_dqn__mask_true,-52228.072300,0.322266
avg_turnaround,dqn__mask_false,maskable_dqn__mask_true,-51174.428236,0.322266
avg_turnaround,dqn__mask_false,maskable_dqn__mask_true,-50120.784172,0.322266
avg_turnaround,dqn__mask_false,maskable_dqn__mask_true,-49067.140108,0.375000
avg_turnaround,dqn__mask_false,maskable_dqn__mask_true,-48013.496044,0.375000
avg_turnaround,dqn__mask_false,maskable_dqn__mask_true,-46959.851981,0.556641
avg_turnaround,dqn__mask_false,maskable_dqn__mask_true,-45906.207917,0.625000
avg_turnaround,dqn__mask_false,maskable_dqn__mask_true,-44852.563853,0.769531
avg_turnaround,dqn__mask_false,maskable_dqn__mask_true,-43798.919789,0.769531
avg_turnaround,dqn__mask_false,maskable_dqn__mask_true,-42745.275725,0.769531
avg_turnaround,dqn__mask_false,maskable_dqn__mask_true,-41691.631661,0.769531
avg_turnaround,dqn__mask_false,maskable_dqn__mask_true,-40637.987598,0.769531
avg_turnaround,dqn__mask_false,maskable_dqn__mask_true,-39584.343534,0.769531
avg_turnaround,dqn__mask_false,maskable_dqn__mask_true,-38530.699470,0.845703
avg_turnaround,dqn__mask_false,maskable_dqn__mask_true,-37477.055406,0.845703
avg_turnaround,dqn__mask_false,maskable_dqn__mask_true,-36423.411342,1.000000
avg_turnaround,dqn__mask_false,maskable_dqn__mask_true,-35369.767278,1.000000
avg_turnaround,dqn__mask_false,maskable_dqn__mask_true,-34316.123215,0.921875
avg_turnaround,dqn__mask_false,maskable_dqn__mask_true,-33262.479151,0.921875
avg_turnaround,dqn__mask_false,maskable_dqn__mask_true,-32208.835087,0.921875
avg_turnaround,dqn__mask_false,maskable_dqn__mask_true,-31155.191023,0.921875
avg_turnaround,dqn__mask_false,maskable_dqn__mask_true,-30101.546959,0.845703
avg_turnaround,dqn__mask_false,maskable_dqn__mask_true,-29047.902896,0.769531
avg_turnaround,dqn__mask_false,maskable_dqn__mask_true,-27994.258832,0.625000
avg_turnaround,dqn__mask_false,maskable_dqn__mask_true,-26940.614768,0.556641
avg_turnaround,dqn__mask_false,maskable_dqn__mask_true,-25886.970704,0.492188
avg_turnaround,dqn__mask_false,maskable_dqn__mask_true,-24833.326640,0.492188
avg_turnaround,dqn__mask_false,maskable_dqn__mask_true,-23779.682576,0.492188
avg_turnaround,dqn__mask_false,maskable_dqn__mask_true,-22726.038513,0.492188
avg_turnaround,dqn__mask_false,maskable_dqn__mask_true,-21672.394449,0.492188
avg_turnaround,dqn__mask_false,maskable_dqn__mask_true,-20618.750385,0.492188
avg_turnaround,dqn__mask_false,maskable_dqn__mask_true,-19565.106321,0.492188
avg_turnaround,dqn__mask_false,maskable_dqn__mask_true,-18511.462257,0.492188
avg_turnaround,dqn__mask_false,maskable_dqn__mask_true,-17457.818193,0.492188
avg_turnaround,dqn__mask_false,maskable_dqn__mask_true,-16404.174130,0.431641
avg_turnaround,dqn__mask_false,maskable_dqn__mask_true,-15350.530066,0.431641
avg_turnaround,dqn__mask_false,maskable_dqn__mask_true,-14296.886002,0.431641
avg_turnaround,dqn__mask_false,maskable_dqn__mask_true,-13243.241938,0.431641
avg_turnaround,dqn__mask_false,maskable_dqn__mask_true,-12189.597874,0.431641
avg_turnaround,dqn__mask_false,maskable_dqn__mask_true,-11135.953810,0.431641
avg_turnaround,dqn__mask_false,maskable_dqn__mask_true,-10082.309747,0.375000
avg_turnaround,dqn__mask_false,maskable_dqn__mask_true,-9028.665683,0.322266
avg_turnaround,dqn__mask_false,maskable_dqn__mask_true,-7975.021619,0.275391
avg_turnaround,dqn__mask_false,maskable_dqn__mask_true,-6921.377555,0.275391
avg_turnaround,dqn__mask_false,maskable_dqn__mask_true,-5867.733491,0.275391
avg_turnaround,dqn__mask_false,maskable_dqn__mask_true,-4814.089427,0.275391
avg_turnaround,dqn__mask_false,maskable_dqn__mask_true,-3760.445364,0.232422
avg_turnaround,dqn__mask_false,maskable_dqn__mask_true,-2706.801300,0.193359
avg_turnaround,dqn__mask_false,maskable_dqn__mask_true,-1653.157236,0.160156
avg_turnaround,dqn__mask_false,maskable_dqn__mask_true,-599.513172,0.105469
avg_turnaround,dqn__mask_false,maskable_dqn__mask_true,454.130892,0.083984
avg_turnaround,dqn__mask_false,maskable_dqn__mask_true,1507.774956,0.083984
avg_turnaround,dqn__mask_false,maskable_dqn__mask_true,2561.419019,0.083984
avg_turnaround,dqn__mask_false,maskable_dqn__mask_true,3615.063083,0.083984
avg_turnaround,dqn__mask_false,maskable_dqn__mask_true,4668.707147,0.083984
avg_turnaround,dqn__mask_false,maskable_dqn__mask_true,5722.351211,0.083984
avg_turnaround,dqn__mask_false,maskable_dqn__mask_true,6775.995275,0.083984
avg_turnaround,dqn__mask_false,maskable_dqn__mask_true,7829.639339,0.083984
avg_turnaround,dqn__mask_false,maskable_dqn__mask_true,8883.283402,0.083984
avg_turnaround,dqn__mask_false,maskable_dqn__mask_true,9936.927466,0.083984
avg_turnaround,dqn__mask_false,maskable_dqn__mask_true,10990.571530,0.083984
avg_turnaround,dqn__mask_false,maskable_dqn__mask_true,12044.215594,0.083984
avg_turnaround,dqn__mask_false,maskable_dqn__mask_true,13097.859658,0.083984
avg_turnaround,dqn__mask_false,maskable_dqn__mask_true,14151.503722,0.083984
avg_turnaround,dqn__mask_false,maskable_dqn__mask_true,15205.147785,0.083984
avg_turnaround,dqn__mask_false,maskable_dqn__mask_true,16258.791849,0.064453
avg_turnaround,dqn__mask_false,maskable_dqn__mask_true,17312.435913,0.064453
avg_turnaround,dqn__mask_false,maskable_dqn__mask_true,18366.079977,0.048828
avg_turnaround,dqn__mask_false,maskable_dqn__mask_true,19419.724041,0.048828
avg_turnaround,dqn__mask_false,maskable_dqn__mask_true,20473.368105,0.048828
avg_turnaround,dqn__mask_false,maskable_dqn__mask_true,21527.012168,0.048828
avg_turnaround,dqn__mask_false,maskable_dqn__mask_true,22580.656232,0.048828
avg_turnaround,dqn__mask_false,maskable_dqn__mask_true,23634.300296,0.048828
avg_turnaround,dqn__mask_false,maskable_dqn__mask_true,24687.944360,0.048828
avg_turnaround,dqn__mask_false,maskable_dqn__mask_true,25741.588424,0.048828
avg_turnaround,dqn__mask_false,maskable_dqn__mask_true,26795.232488,0.048828
avg_turnaround,dqn__mask_false,maskable_dqn__mask_true,27848.876551,0.037109
avg_turnaround,dqn__mask_false,maskable_dqn__mask_true,28902.520615,0.037109
avg_turnaround,dqn__mask_false,maskable_dqn__mask_true,29956.164679,0.037109
avg_turnaround,dqn__mask_false,maskable_dqn__mask_true,31009.808743,0.037109
avg_turnaround,dqn__mask_false,maskable_dqn__mask_true,32063.452807,0.037109
avg_turnaround,dqn__mask_false,maskable_dqn__mask_true,33117.096871,0.037109
avg_turnaround,dqn__mask_false,maskable_dqn__mask_true,34170.740934,0.037109
avg_turnaround,dqn__mask_false,maskable_dqn__mask_true,35224.384998,0.027344
avg_turnaround,dqn__mask_false,maskable_dqn__mask_true,36278.029062,0.027344
avg_turnaround,dqn__mask_false,maskable_dqn__mask_true,37331.673126,0.019531
avg_turnaround,dqn__mask_false,maskable_dqn__mask_true,38385.317190,0.019531
avg_turnaround,dqn__mask_false,maskable_dqn__mask_true,39438.961254,0.019531
avg_turnaround,dqn__mask_false,maskable_dqn__mask_true,40492.605317,0.019531
avg_turnaround,dqn__mask_false,maskable_dqn__mask_true,41546.249381,0.019531
avg_turnaround,dqn__mask_false,maskable_dqn__mask_true,42599.893445,0.019531
avg_turnaround,dqn__mask_false,maskable_dqn__mask_true,43653.537509,0.019531
avg_turnaround,dqn__mask_false,maskable_dqn__mask_true,44707.181573,0.019531
avg_turnaround,dqn__mask_false,maskable_dqn__mask_true,45760.825637,0.019531
avg_turnaround,dqn__mask_false,maskable_dqn__mask_true,46814.469700,0.019531
avg_turnaround,dqn__mask_false,maskable_dqn__mask_true,47868.113764,0.019531
avg_turnaround,dqn__mask_false,maskable_dqn__mask_true,48921.757828,0.019531
avg_turnaround,dqn__mask_false,maskable_dqn__mask_true,49975.401892,0.019531
avg_turnaround,dqn__mask_false,maskable_dqn__mask_true,51029.045956,0.019531
avg_turnaround,dqn__mask_false,maskable_dqn__mask_true,52082.690020,0.019531
avg_turnaround,dqn__mask_false,maskable_dqn__mask_true,53136.334083,0.019531
avg_turnaround,dqn__mask_false,maskable_dqn__mask_true,54189.978147,0.019531
avg_turnaround,dqn__mask_false,maskable_dqn__mask_true,55243.622211,0.013672
avg_turnaround,dqn__mask_false,maskable_dqn__mask_true,56297.266275,0.013672
avg_turnaround,dqn__mask_false,maskable_dqn__mask_true,57350.910339,0.013672
avg_turnaround,dqn__mask_false,maskable_dqn__mask_true,58404.554403,0.013672
avg_turnaround,dqn__mask_false,maskable_dqn__mask_true,59458.198466,0.013672
avg_turnaround,dqn__mask_false,maskable_dqn__mask_true,60511.842530,0.013672
avg_turnaround,dqn__mask_false,maskable_dqn__mask_true,61565.486594,0.009766
avg_turnaround,dqn__mask_false,maskable_dqn__mask_true,62619.130658,0.009766
avg_turnaround,dqn__mask_false,maskable_dqn__mask_true,63672.774722,0.003906
avg_turnaround,dqn__mask_false,maskable_dqn__mask_true,64726.418786,0.003906
avg_turnaround,dqn__mask_false,maskable_dqn__mask_true,65780.062849,0.003906
avg_turnaround,dqn__mask_false,maskable_dqn__mask_true,66833.706913,0.003906
avg_turnaround,dqn__mask_false,maskable_dqn__mask_true,67887.350977,0.003906
avg_turnaround,dqn__mask_false,maskable_dqn__mask_true,68940.995041,0.003906
avg_turnaround,dqn__mask_false,maskable_dqn__mask_true,69994.639105,0.003906
avg_turnaround,dqn__mask_false,maskable_dqn__mask_true,71048.283169,0.003906
avg_turnaround,dqn__mask_false,maskable_dqn__mask_true,72101.927232,0.003906
avg_turnaround,dqn__mask_false,maskable_dqn__mask_true,73155.571296,0.003906
avg_turnaround,dqn__mask_false,maskable_dqn__mask_true,74209.215360,0.003906
avg_turnaround,dqn__mask_false,maskable_dqn__mask_true,75262.859424,0.003906
avg_turnaround,dqn__mask_false,maskable_dqn__mask_true,76316.503488,0.003906
avg_turnaround,dqn__mask_false,maskable_dqn__mask_true,77370.147552,0.003906
avg_turnaround,dqn__mask_false,maskable_dqn__mask_true,78423.791615,0.003906
avg_turnaround,dqn__mask_false,maskable_dqn__mask_true,79477.435679,0.003906
avg_turnaround,dqn__mask_false,maskable_dqn__mask_true,80531.079743,0.003906
avg_turnaround,dqn__mask_false,maskable_dqn__mask_true,81584.723807,0.003906
avg_turnaround,dqn__mask_false,maskable_dqn__mask_true,82638.367871,0.003906
avg_turnaround,dqn__mask_false,maskable_dqn__mask_true,83692.011935,0.003906
avg_turnaround,dqn__mask_false,maskable_dqn__mask_true,84745.655998,0.003906
avg_turnaround,dqn__mask_false,maskable_dqn__mask_true,85799.300062,0.003906
avg_turnaround,dqn__mask_false,maskable_dqn__mask_true,86852.944126,0.003906
avg_turnaround,dqn__mask_false,maskable_dqn__mask_true,87906.588190,0.003906
avg_turnaround,dqn__mask_false,maskable_dqn__mask_true,88960.232254,0.003906
avg_turnaround,dqn__mask_false,maskable_dqn__mask_true,90013.876317,0.003906
avg_turnaround,dqn__mask_false,maskable_dqn__mask_true,91067.520381,0.003906
avg_turnaround,dqn__mask_false,maskable_dqn__mask_true,92121.164445,0.003906
avg_turnaround,dqn__mask_false,maskable_dqn__mask_true,93174.808509,0.003906
avg_turnaround,dqn__mask_false,maskable_dqn__mask_true,94228.452573,0.003906
avg_turnaround,dqn__mask_false,maskable_dqn__mask_true,95282.096637,0.003906
avg_turnaround,dqn__mask_false,maskable_dqn__mask_true,96335.740700,0.003906
avg_turnaround,dqn__mask_false,maskable_dqn__mask_true,97389.384764,0.003906
avg_turnaround,dqn__mask_false,maskable_dqn__mask_true,98443.028828,0.003906
avg_turnaround,dqn__mask_false,maskable_dqn__mask_true,99496.672892,0.003906
avg_turnaround,dqn__mask_false,maskable_dqn__mask_true,100550.316956,0.003906
avg_turnaround,dqn__mask_false,maskable_dqn__mask_true,101603.961020,0.003906
avg_turnaround,dqn__mask_false,maskable_dqn__mask_true,102657.605083,0.003906
avg_turnaround,dqn__mask_false,maskable_dqn__mask_true,103711.249147,0.003906
avg_turnaround,dqn__mask_false,maskable_dqn__mask_true,104764.893211,0.003906
avg_turnaround,dqn__mask_false,maskable_dqn__mask_true,105818.537275,0.003906
avg_turnaround,dqn__mask_false,maskable_dqn__mask_true,106872.181339,0.003906
avg_turnaround,dqn__mask_false,maskable_dqn__mask_true,107925.825403,0.003906
avg_turnaround,dqn__mask_false,maskable_dqn__mask_true,108979.469466,0.003906
avg_turnaround,dqn__mask_false,maskable_dqn__mask_true,110033.113530,0.003906
avg_turnaround,dqn__mask_false,maskable_dqn__mask_true,111086.757594,0.003906
avg_turnaround,dqn__mask_false,maskable_dqn__mask_true,112140.401658,0.003906
avg_turnaround,dqn__mask_false,maskable_dqn__mask_true,113194.045722,0.003906
avg_turnaround,dqn__mask_false,maskable_dqn__mask_true,114247.689786,0.003906
avg_turnaround,dqn__mask_false,maskable_dqn__mask_true,115301.333849,0.003906
avg_turnaround,maskable_dqn__mask_true,ppo__mask_false,302.691204,0.003906
avg_turnaround,maskable_dqn__mask_true,ppo__mask_false,873.421598,0.005859
avg_turnaround,maskable_dqn__mask_true,ppo__mask_false,1444.151993,0.009766
avg_turnaround,maskable_dqn__mask_true,ppo__mask_false,2014.882388,0.009766
avg_turnaround,maskable_dqn__mask_true,ppo__mask_false,2585.612782,0.013672
avg_turnaround,maskable_dqn__mask_true,ppo__mask_false,3156.343177,0.019531
avg_turnaround,maskable_dqn__mask_true,ppo__mask_false,3727.073571,0.019531
avg_turnaround,maskable_dqn__mask_true,ppo__mask_false,4297.803966,0.019531
avg_turnaround,maskable_dqn__mask_true,ppo__mask_false,4868.534360,0.027344
avg_turnaround,maskable_dqn__mask_true,ppo__mask_false,5439.264755,0.027344
avg_turnaround,maskable_dqn__mask_true,ppo__mask_false,6009.995149,0.027344
avg_turnaround,maskable_dqn__mask_true,ppo__mask_false,6580.725544,0.027344
avg_turnaround,maskable_dqn__mask_true,ppo__mask_false,7151.455939,0.027344
avg_turnaround,maskable_dqn__mask_true,ppo__mask_false,7722.186333,0.027344
avg_turnaround,maskable_dqn__mask_true,ppo__mask_false,8292.916728,0.027344
avg_turnaround,maskable_dqn__mask_true,ppo__mask_false,8863.647122,0.037109
avg_turnaround,maskable_dqn__mask_true,ppo__mask_false,9434.377517,0.048828
avg_turnaround,maskable_dqn__mask_true,ppo__mask_false,10005.107911,0.048828
avg_turnaround,maskable_dqn__mask_true,ppo__mask_false,10575.838306,0.048828
avg_turnaround,maskable_dqn__mask_true,ppo__mask_false,11146.568700,0.064453
avg_turnaround,maskable_dqn__mask_true,ppo__mask_false,11717.299095,0.064453
avg_turnaround,maskable_dqn__mask_true,ppo__mask_false,12288.029490,0.064453
avg_turnaround,maskable_dqn__mask_true,ppo__mask_false,12858.759884,0.064453
avg_turnaround,maskable_dqn__mask_true,ppo__mask_false,13429.490279,0.064453
avg_turnaround,maskable_dqn__mask_true,ppo__mask_false,14000.220673,0.064453
avg_turnaround,maskable_dqn__mask_true,ppo__mask_false,14570.951068,0.064453
avg_turnaround,maskable_dqn__mask_true,ppo__mask_false,15141.681462,0.064453
avg_turnaround,maskable_dqn__mask_true,ppo__mask_false,15712.411857,0.064453
avg_turnaround,maskable_dqn__mask_true,ppo__mask_false,16283.142251,0.064453
avg_turnaround,maskable_dqn__mask_true,ppo__mask_false,16853.872646,0.064453
avg_turnaround,maskable_dqn__mask_true,ppo__mask_false,17424.603041,0.083984
avg_turnaround,maskable_dqn__mask_true,ppo__mask_false,17995.333435,0.083984
avg_turnaround,maskable_dqn__mask_true,ppo__mask_false,18566.063830,0.105469
avg_turnaround,maskable_dqn__mask_true,ppo__mask_false,19136.794224,0.130859
avg_turnaround,maskable_dqn__mask_true,ppo__mask_false,19707.524619,0.130859
avg_turnaround,maskable_dqn__mask_true,ppo__mask_false,20278.255013,0.130859
avg_turnaround,maskable_dqn__mask_true,ppo__mask_false,20848.985408,0.160156
avg_turnaround,maskable_dqn__mask_true,ppo__mask_false,21419.715802,0.160156
avg_turnaround,maskable_dqn__mask_true,ppo__mask_false,21990.446197,0.160156
avg_turnaround,maskable_dqn__mask_true,ppo__mask_false,22561.176592,0.160156
avg_turnaround,maskable_dqn__mask_true,ppo__mask_false,23131.906986,0.160156
avg_turnaround,maskable_dqn__mask_true,ppo__mask_false,23702.637381,0.160156
avg_turnaround,maskable_dqn__mask_true,ppo__mask_false,24273.367775,0.160156
avg_turnaround,maskable_dqn__mask_true,ppo__mask_false,24844.098170,0.160156
avg_turnaround,maskable_dqn__mask_true,ppo__mask_false,25414.828564,0.160156
avg_turnaround,maskable_dqn__mask_true,ppo__mask_false,25985.558959,0.160156
avg_turnaround,maskable_dqn__mask_true,ppo__mask_false,26556.289353,0.160156
avg_turnaround,maskable_dqn__mask_true,ppo__mask_false,27127.019748,0.232422
avg_turnaround,maskable_dqn__mask_true,ppo__mask_false,27697.750143,0.275391
avg_turnaround,maskable_dqn__mask_true,ppo__mask_false,28268.480537,0.275391
avg_turnaround,maskable_dqn__mask_true,ppo__mask_false,28839.210932,0.322266
avg_turnaround,maskable_dqn__mask_true,ppo__mask_false,29409.941326,0.431641
avg_turnaround,maskable_dqn__mask_true,ppo__mask_false,29980.671721,0.431641
avg_turnaround,maskable_dqn__mask_true,ppo__mask_false,30551.402115,0.431641
avg_turnaround,maskable_dqn__mask_true,ppo__mask_false,31122.132510,0.492188
avg_turnaround,maskable_dqn__mask_true,ppo__mask_false,31692.862904,0.492188
avg_turnaround,maskable_dqn__mask_true,ppo__mask_false,32263.593299,0.492188
avg_turnaround,maskable_dqn__mask_true,ppo__mask_false,32834.323694,0.492188
avg_turnaround,maskable_dqn__mask_true,ppo__mask_false,33405.054088,0.492188
avg_turnaround,maskable_dqn__mask_true,ppo__mask_false,33975.784483,0.492188
avg_turnaround,maskable_dqn__mask_true,ppo__mask_false,34546.514877,0.492188
avg_turnaround,maskable_dqn__mask_true,ppo__mask_false,35117.245272,0.492188
avg_turnaround,maskable_dqn__mask_true,ppo__mask_false,35687.975666,0.556641
avg_turnaround,maskable_dqn__mask_true,ppo__mask_false,36258.706061,0.556641
avg_turnaround,maskable_dqn__mask_true,ppo__mask_false,36829.436455,0.695312
avg_turnaround,maskable_dqn__mask_true,ppo__mask_false,37400.166850,0.845703
avg_turnaround,maskable_dqn__mask_true,ppo__mask_false,37970.897245,0.845703
avg_turnaround,maskable_dqn__mask_true,ppo__mask_false,38541.627639,0.845703
avg_turnaround,maskable_dqn__mask_true,ppo__mask_false,39112.358034,0.921875
avg_turnaround,maskable_dqn__mask_true,ppo__mask_false,39683.088428,0.921875
avg_turnaround,maskable_dqn__mask_true,ppo__mask_false,40253.818823,0.921875
avg_turnaround,maskable_dqn__mask_true,ppo__mask_false,40824.549217,0.921875
avg_turnaround,maskable_dqn__mask_true,ppo__mask_false,41395.279612,0.921875
avg_turnaround,maskable_dqn__mask_true,ppo__mask_false,41966.010006,0.921875
avg_turnaround,maskable_dqn__mask_true,ppo__mask_false,42536.740401,0.921875
avg_turnaround,maskable_dqn__mask_true,ppo__mask_false,43107.470796,0.921875
avg_turnaround,maskable_dqn__mask_true,ppo__mask_false,43678.201190,0.921875
avg_turnaround,maskable_dqn__mask_true,ppo__mask_false,44248.931585,0.921875
avg_turnaround,maskable_dqn__mask_true,ppo__mask_false,44819.661979,0.921875
avg_turnaround,maskable_dqn__mask_true,ppo__mask_false,45390.392374,1.000000
avg_turnaround,maskable_dqn__mask_true,ppo__mask_false,45961.122768,0.921875
avg_turnaround,maskable_dqn__mask_true,ppo__mask_false,46531.853163,0.845703
avg_turnaround,maskable_dqn__mask_true,ppo__mask_false,47102.583557,0.769531
avg_turnaround,maskable_dqn__mask_true,ppo__mask_false,47673.313952,0.769531
avg_turnaround,maskable_dqn__mask_true,ppo__mask_false,48244.044347,0.695312
avg_turnaround,maskable_dqn__mask_true,ppo__mask_false,48814.774741,0.695312
avg_turnaround,maskable_dqn__mask_true,ppo__mask_false,49385.505136,0.695312
avg_turnaround,maskable_dqn__mask_true,ppo__mask_false,49956.235530,0.695312
avg_turnaround,maskable_dqn__mask_true,ppo__mask_false,50526.965925,0.695312
avg_turnaround,maskable_dqn__mask_true,ppo__mask_false,51097.696319,0.695312
avg_turnaround,maskable_dqn__mask_true,ppo__mask_false,51668.426714,0.695312
avg_turnaround,maskable_dqn__mask_true,ppo__mask_false,52239.157108,0.695312
avg_turnaround,maskable_dqn__mask_true,ppo__mask_false,52809.887503,0.695312
avg_turnaround,maskable_dqn__mask_true,ppo__mask_false,53380.617898,0.625000
avg_turnaround,maskable_dqn__mask_true,ppo__mask_false,53951.348292,0.625000
avg_turnaround,maskable_dqn__mask_true,ppo__mask_false,54522.078687,0.556641
avg_turnaround,maskable_dqn__mask_true,ppo__mask_false,55092.809081,0.492188
avg_turnaround,maskable_dqn__mask_true,ppo__mask_false,55663.539476,0.431641
avg_turnaround,maskable_dqn__mask_true,ppo__mask_false,56234.269870,0.431641
avg_turnaround,maskable_dqn__mask_true,ppo__mask_false,56805.000265,0.431641
avg_turnaround,maskable_dqn__mask_true,ppo__mask_false,57375.730660,0.375000
avg_turnaround,maskable_dqn__mask_true,ppo__mask_false,57946.461054,0.375000
avg_turnaround,maskable_dqn__mask_true,ppo__mask_false,58517.191449,0.322266
avg_turnaround,maskable_dqn__mask_true,ppo__mask_false,59087.921843,0.275391
avg_turnaround,maskable_dqn__mask_true,ppo__mask_false,59658.652238,0.275391
avg_turnaround,maskable_dqn__mask_true,ppo__mask_false,60229.382632,0.275391
avg_turnaround,maskable_dqn__mask_true,ppo__mask_false,60800.113027,0.232422
avg_turnaround,maskable_dqn__mask_true,ppo__mask_false,61370.843421,0.232422
avg_turnaround,maskable_dqn__mask_true,ppo__mask_false,61941.573816,0.232422
avg_turnaround,maskable_dqn__mask_true,ppo__mask_false,62512.304211,0.232422
avg_turnaround,maskable_dqn__mask_true,ppo__mask_false,63083.034605,0.232422
avg_turnaround,maskable_dqn__mask_true,ppo__mask_false,63653.765000,0.193359
avg_turnaround,maskable_dqn__mask_true,ppo__mask_false,64224.495394,0.160156
avg_turnaround,maskable_dqn__mask_true,ppo__mask_false,64795.225789,0.160156
avg_turnaround,maskable_dqn__mask_true,ppo__mask_false,65365.956183,0.130859
avg_turnaround,maskable_dqn__mask_true,ppo__mask_false,65936.686578,0.130859
avg_turnaround,maskable_dqn__mask_true,ppo__mask_false,66507.416972,0.130859
avg_turnaround,maskable_dqn__mask_true,ppo__mask_false,67078.147367,0.105469
avg_turnaround,maskable_dqn__mask_true,ppo__mask_false,67648.877762,0.105469
avg_turnaround,maskable_dqn__mask_true,ppo__mask_false,68219.608156,0.105469
avg_turnaround,maskable_dqn__mask_true,ppo__mask_false,68790.338551,0.105469
avg_turnaround,maskable_dqn__mask_true,ppo__mask_false,69361.068945,0.105469
avg_turnaround,maskable_dqn__mask_true,ppo__mask_false,69931.799340,0.105469
avg_turnaround,maskable_dqn__mask_true,ppo__mask_false,70502.529734,0.105469
avg_turnaround,maskable_dqn__mask_true,ppo__mask_false,71073.260129,0.105469
avg_turnaround,maskable_dqn__mask_true,ppo__mask_false,71643.990523,0.105469
avg_turnaround,maskable_dqn__mask_true,ppo__mask_false,72214.720918,0.105469
avg_turnaround,maskable_dqn__mask_true,ppo__mask_false,72785.451313,0.083984
avg_turnaround,maskable_dqn__mask_true,ppo__mask_false,73356.181707,0.064453
avg_turnaround,maskable_dqn__mask_true,ppo__mask_false,73926.912102,0.064453
avg_turnaround,maskable_dqn__mask_true,ppo__mask_false,74497.642496,0.048828
avg_turnaround,maskable_dqn__mask_true,ppo__mask_false,75068.372891,0.048828
avg_turnaround,maskable_dqn__mask_true,ppo__mask_false,75639.103285,0.048828
avg_turnaround,maskable_dqn__mask_true,ppo__mask_false,76209.833680,0.048828
avg_turnaround,maskable_dqn__mask_true,ppo__mask_false,76780.564074,0.037109
avg_turnaround,maskable_dqn__mask_true,ppo__mask_false,77351.294469,0.037109
avg_turnaround,maskable_dqn__mask_true,ppo__mask_false,77922.024864,0.037109
avg_turnaround,maskable_dqn__mask_true,ppo__mask_false,78492.755258,0.037109
avg_turnaround,maskable_dqn__mask_true,ppo__mask_false,79063.485653,0.037109
avg_turnaround,maskable_dqn__mask_true,ppo__mask_false,79634.216047,0.037109
avg_turnaround,maskable_dqn__mask_true,ppo__mask_false,80204.946442,0.037109
avg_turnaround,maskable_dqn__mask_true,ppo__mask_false,80775.676836,0.037109
avg_turnaround,maskable_dqn__mask_true,ppo__mask_false,81346.407231,0.037109
avg_turnaround,maskable_dqn__mask_true,ppo__mask_false,81917.137625,0.037109
avg_turnaround,maskable_dqn__mask_true,ppo__mask_false,82487.868020,0.027344
avg_turnaround,maskable_dqn__mask_true,ppo__mask_false,83058.598415,0.027344
avg_turnaround,maskable_dqn__mask_true,ppo__mask_false,83629.328809,0.027344
avg_turnaround,maskable_dqn__mask_true,ppo__mask_false,84200.059204,0.027344
avg_turnaround,maskable_dqn__mask_true,ppo__mask_false,84770.789598,0.019531
avg_turnaround,maskable_dqn__mask_true,ppo__mask_false,85341.519993,0.019531
avg_turnaround,maskable_dqn__mask_true,ppo__mask_false,85912.250387,0.019531
avg_turnaround,maskable_dqn__mask_true,ppo__mask_false,86482.980782,0.019531
avg_turnaround,maskable_dqn__mask_true,ppo__mask_false,87053.711176,0.013672
avg_turnaround,maskable_dqn__mask_true,ppo__mask_false,87624.441571,0.013672
avg_turnaround,maskable_dqn__mask_true,ppo__mask_false,88195.171966,0.013672
avg_turnaround,maskable_dqn__mask_true,ppo__mask_false,88765.902360,0.013672
avg_turnaround,maskable_dqn__mask_true,ppo__mask_false,89336.632755,0.013672
avg_turnaround,maskable_dqn__mask_true,ppo__mask_false,89907.363149,0.013672
avg_turnaround,maskable_dqn__mask_true,ppo__mask_false,90478.093544,0.013672
avg_turnaround,maskable_dqn__mask_true,ppo__mask_false,91048.823938,0.013672
avg_turnaround,maskable_dqn__mask_true,ppo__mask_false,91619.554333,0.009766
avg_turnaround,maskable_dqn__mask_true,ppo__mask_false,92190.284727,0.009766
avg_turnaround,maskable_dqn__mask_true,ppo__mask_false,92761.015122,0.009766
avg_turnaround,maskable_dqn__mask_true,ppo__mask_false,93331.745517,0.009766
avg_turnaround,maskable_dqn__mask_true,ppo__mask_false,93902.475911,0.009766
avg_turnaround,maskable_dqn__mask_true,ppo__mask_false,94473.206306,0.009766
avg_turnaround,maskable_dqn__mask_true,ppo__mask_false,95043.936700,0.005859
avg_turnaround,maskable_dqn__mask_true,ppo__mask_false,95614.667095,0.005859
avg_turnaround,maskable_dqn__mask_true,ppo__mask_false,96185.397489,0.005859
avg_turnaround,maskable_dqn__mask_true,ppo__mask_false,96756.127884,0.005859
avg_turnaround,maskable_dqn__mask_true,ppo__mask_false,97326.858278,0.005859
avg_turnaround,maskable_dqn__mask_true,ppo__mask_false,97897.588673,0.005859
avg_turnaround,maskable_dqn__mask_true,ppo__mask_false,98468.319068,0.005859
avg_turnaround,maskable_dqn__mask_true,ppo__mask_false,99039.049462,0.005859
avg_turnaround,maskable_dqn__mask_true,ppo__mask_false,99609.779857,0.005859
avg_turnaround,maskable_dqn__mask_true,ppo__mask_false,100180.510251,0.005859
avg_turnaround,maskable_dqn__mask_true,ppo__mask_false,100751.240646,0.005859
avg_turnaround,maskable_dqn__mask_true,ppo__mask_false,101321.971040,0.005859
avg_turnaround,maskable_dqn__mask_true,ppo__mask_false,101892.701435,0.005859
avg_turnaround,maskable_dqn__mask_true,ppo__mask_false,102463.431829,0.005859
avg_turnaround,maskable_dqn__mask_true,ppo__mask_false,103034.162224,0.005859
avg_turnaround,maskable_dqn__mask_true,ppo__mask_false,103604.892619,0.005859
avg_turnaround,maskable_dqn__mask_true,ppo__mask_false,104175.623013,0.003906
avg_turnaround,maskable_dqn__mask_true,ppo__mask_false,104746.353408,0.003906
avg_turnaround,maskable_dqn__mask_true,ppo__mask_false,105317.083802,0.003906
avg_turnaround,maskable_dqn__mask_true,ppo__mask_false,105887.814197,0.003906
avg_turnaround,maskable_dqn__mask_true,ppo__mask_false,106458.544591,0.003906
avg_turnaround,maskable_dqn__mask_true,ppo__mask_false,107029.274986,0.003906
avg_turnaround,maskable_dqn__mask_true,ppo__mask_false,107600.005380,0.003906
avg_turnaround,maskable_dqn__mask_true,ppo__mask_false,108170.735775,0.003906
avg_turnaround,maskable_dqn__mask_true,ppo__mask_false,108741.466170,0.003906
avg_turnaround,maskable_dqn__mask_true,ppo__mask_false,109312.196564,0.003906
avg_turnaround,maskable_dqn__mask_true,ppo__mask_false,109882.926959,0.003906
avg_turnaround,maskable_dqn__mask_true,ppo__mask_false,110453.657353,0.003906
avg_turnaround,maskable_dqn__mask_true,ppo__mask_false,111024.387748,0.003906
avg_turnaround,maskable_dqn__mask_true,ppo__mask_false,111595.118142,0.003906
avg_turnaround,maskable_dqn__mask_true,ppo__mask_false,112165.848537,0.003906
avg_turnaround,maskable_dqn__mask_true,ppo__mask_false,112736.578931,0.003906
avg_turnaround,maskable_dqn__mask_true,ppo__mask_false,113307.309326,0.003906
avg_turnaround,maskable_dqn__mask_true,ppo__mask_false,113878.039721,0.003906
cpu_utilization,a2c__mask_false,maskable_ppo__mask_true,-0.004185,0.003906
cpu_utilization,a2c__mask_false,maskable_ppo__mask_true,-0.004170,0.003906
cpu_utilization,a2c__mask_false,maskable_ppo__mask_true,-0.004156,0.003906
cpu_utilization,a2c__mask_false,maskable_ppo__mask_true,-0.004141,0.003906
cpu_utilization,a2c__mask_false,maskable_ppo__mask_true,-0.004126,0.003906
cpu_utilization,a2c__mask_false,maskable_ppo__mask_true,-0.004111,0.003906
cpu_utilization,a2c__mask_false,maskable_ppo__mask_true,-0.004096,0.003906
cpu_utilization,a2c__mask_false,maskable_ppo__mask_true,-0.004082,0.003906
cpu_utilization,a2c__mask_false,maskable_ppo__mask_true,-0.004067,0.003906
cpu_utilization,a2c__mask_false,maskable_ppo__mask_true,-0.004052,0.003906
cpu_utilization,a2c__mask_false,maskable_ppo__mask_true,-0.004037,0.003906
cpu_utilization,a2c__mask_false,maskable_ppo__mask_true,-0.004022,0.003906
cpu_utilization,a2c__mask_false,maskable_ppo__mask_true,-0.004008,0.003906
cpu_utilization,a2c__mask_false,maskable_ppo__mask_true,-0.003993,0.003906
cpu_utilization,a2c__mask_false,maskable_ppo__mask_true,-0.003978,0.003906
cpu_utilization,a2c__mask_false,maskable_ppo__mask_true,-0.003963,0.003906
cpu_utilization,a2c__mask_false,maskable_ppo__mask_true,-0.003948,0.003906
cpu_utilization,a2c__mask_false,maskable_ppo__mask_true,-0.003934,0.003906
cpu_utilization,a2c__mask_false,maskable_ppo__mask_true,-0.003919,0.003906
cpu_utilization,a2c__mask_false,maskable_ppo__mask_true,-0.003904,0.003906
cpu_utilization,a2c__mask_false,maskable_ppo__mask_true,-0.003889,0.003906
cpu_utilization,a2c__mask_false,maskable_ppo__mask_true,-0.003874,0.003906
cpu_utilization,a2c__mask_false,maskable_ppo__mask_true,-0.003859,0.003906
cpu_utilization,a2c__mask_false,maskable_ppo__mask_true,-0.003845,0.003906
cpu_utilization,a2c__mask_false,maskable_ppo__mask_true,-0.003830,0.003906
cpu_utilization,a2c__mask_false,maskable_ppo__mask_true,-0.003815,0.003906
cpu_utilization,a2c__mask_false,maskable_ppo__mask_true,-0.003800,0.003906
cpu_utilization,a2c__mask_false,maskable_ppo__mask_true,-0.003785,0.003906
cpu_utilization,a2c__mask_false,maskable_ppo__mask_true,-0.003771,0.003906
cpu_utilization,a2c__mask_false,maskable_ppo__mask_true,-0.003756,0.003906
cpu_utilization,a2c__mask_false,maskable_ppo__mask_true,-0.003741,0.003906
cpu_utilization,a2c__mask_false,maskable_ppo__mask_true,-0.003726,0.003906
cpu_utilization,a2c__mask_false,maskable_ppo__mask_true,-0.003711,0.003906
cpu_utilization,a2c__mask_false,maskable_ppo__mask_true,-0.003697,0.003906
cpu_utilization,a2c__mask_false,maskable_ppo__mask_true,-0.003682,0.003906
cpu_utilization,a2c__mask_false,maskable_ppo__mask_true,-0.003667,0.003906
cpu_utilization,a2c__mask_false,maskable_ppo__mask_true,-0.003652,0.003906
cpu_utilization,a2c__mask_false,maskable_ppo__mask_true,-0.003637,0.003906
cpu_utilization,a2c__mask_false,maskable_ppo__mask_true,-0.003623,0.003906
cpu_utilization,a2c__mask_false,maskable_ppo__mask_true,-0.003608,0.003906
cpu_utilization,a2c__mask_false,maskable_ppo__mask_true,-0.003593,0.003906
cpu_utilization,a2c__mask_false,maskable_ppo__mask_true,-0.003578,0.003906
cpu_utilization,a2c__mask_false,maskable_ppo__mask_true,-0.003563,0.003906
cpu_utilization,a2c__mask_false,maskable_ppo__mask_true,-0.003548,0.003906
cpu_utilization,a2c__mask_false,maskable_ppo__mask_true,-0.003534,0.003906
cpu_utilization,a2c__mask_false,maskable_ppo__mask_true,-0.003519,0.003906
cpu_utilization,a2c__mask_false,maskable_ppo__mask_true,-0.003504,0.003906
cpu_utilization,a2c__mask_false,maskable_ppo__mask_true,-0.003489,0.003906
cpu_utilization,a2c__mask_false,maskable_ppo__mask_true,-0.003474,0.003906
cpu_utilization,a2c__mask_false,maskable_ppo__mask_true,-0.003460,0.003906
cpu_utilization,a2c__mask_false,maskable_ppo__mask_true,-0.003445,0.003906
cpu_utilization,a2c__mask_false,maskable_ppo__mask_true,-0.003430,0.003906
cpu_utilization,a2c__mask_false,maskable_ppo__mask_true,-0.003415,0.003906
cpu_utilization,a2c__mask_false,maskable_ppo__mask_true,-0.003400,0.003906
cpu_utilization,a2c__mask_false,maskable_ppo__mask_true,-0.003386,0.003906
cpu_utilization,a2c__mask_false,maskable_ppo__mask_true,-0.003371,0.003906
cpu_utilization,a2c__mask_false,maskable_ppo__mask_true,-0.003356,0.003906
cpu_utilization,a2c__mask_false,maskable_ppo__mask_true,-0.003341,0.003906
cpu_utilization,a2c__mask_false,maskable_ppo__mask_true,-0.003326,0.003906
cpu_utilization,a2c__mask_false,maskable_ppo__mask_true,-0.003312,0.003906
cpu_utilization,a2c__mask_false,maskable_ppo__mask_true,-0.003297,0.003906
cpu_utilization,a2c__mask_false,maskable_ppo__mask_true,-0.003282,0.003906
cpu_utilization,a2c__mask_false,maskable_ppo__mask_true,-0.003267,0.003906
cpu_utilization,a2c__mask_false,maskable_ppo__mask_true,-0.003252,0.003906
cpu_utilization,a2c__mask_false,maskable_ppo__mask_true,-0.003237,0.003906
cpu_utilization,a2c__mask_false,maskable_ppo__mask_true,-0.003223,0.003906
cpu_utilization,a2c__mask_false,maskable_ppo__mask_true,-0.003208,0.003906
cpu_utilization,a2c__mask_false,maskable_ppo__mask_true,-0.003193,0.003906
cpu_utilization,a2c__mask_false,maskable_ppo__mask_true,-0.003178,0.003906
cpu_utilization,a2c__mask_false,maskable_ppo__mask_true,-0.003163,0.003906
cpu_utilization,a2c__mask_false,maskable_ppo__mask_true,-0.003149,0.003906
cpu_utilization,a2c__mask_false,maskable_ppo__mask_true,-0.003134,0.003906
cpu_utilization,a2c__mask_false,maskable_ppo__mask_true,-0.003119,0.003906
cpu_utilization,a2c__mask_false,maskable_ppo__mask_true,-0.003104,0.003906
cpu_utilization,a2c__mask_false,maskable_ppo__mask_true,-0.003089,0.003906
cpu_utilization,a2c__mask_false,maskable_ppo__mask_true,-0.003075,0.003906
cpu_utilization,a2c__mask_false,maskable_ppo__mask_true,-0.003060,0.005859
cpu_utilization,a2c__mask_false,maskable_ppo__mask_true,-0.003045,0.005859
cpu_utilization,a2c__mask_false,maskable_ppo__mask_true,-0.003030,0.009766
cpu_utilization,a2c__mask_false,maskable_ppo__mask_true,-0.003015,0.013672
cpu_utilization,a2c__mask_false,maskable_ppo__mask_true,-0.003001,0.027344
cpu_utilization,a2c__mask_false,maskable_ppo__mask_true,-0.002986,0.037109
cpu_utilization,a2c__mask_false,maskable_ppo__mask_true,-0.002971,0.037109
cpu_utilization,a2c__mask_false,maskable_ppo__mask_true,-0.002956,0.037109
cpu_utilization,a2c__mask_false,maskable_ppo__mask_true,-0.002941,0.064453
cpu_utilization,a2c__mask_false,maskable_ppo__mask_true,-0.002926,0.064453
cpu_utilization,a2c__mask_false,maskable_ppo__mask_true,-0.002912,0.064453
cpu_utilization,a2c__mask_false,maskable_ppo__mask_true,-0.002897,0.064453
cpu_utilization,a2c__mask_false,maskable_ppo__mask_true,-0.002882,0.064453
cpu_utilization,a2c__mask_false,maskable_ppo__mask_true,-0.002867,0.064453
cpu_utilization,a2c__mask_false,maskable_ppo__mask_true,-0.002852,0.064453
cpu_utilization,a2c__mask_false,maskable_ppo__mask_true,-0.002838,0.064453
cpu_utilization,a2c__mask_false,maskable_ppo__mask_true,-0.002823,0.083984
cpu_utilization,a2c__mask_false,maskable_ppo__mask_true,-0.002808,0.083984
cpu_utilization,a2c__mask_false,maskable_ppo__mask_true,-0.002793,0.083984
cpu_utilization,a2c__mask_false,maskable_ppo__mask_true,-0.002778,0.083984
cpu_utilization,a2c__mask_false,maskable_ppo__mask_true,-0.002764,0.083984
cpu_utilization,a2c__mask_false,maskable_ppo__mask_true,-0.002749,0.083984
cpu_utilization,a2c__mask_false,maskable_ppo__mask_true,-0.002734,0.083984
cpu_utilization,a2c__mask_false,maskable_ppo__mask_true,-0.002719,0.083984
cpu_utilization,a2c__mask_false,maskable_ppo__mask_true,-0.002704,0.083984
cpu_utilization,a2c__mask_false,maskable_ppo__mask_true,-0.002690,0.083984
cpu_utilization,a2c__mask_false,maskable_ppo__mask_true,-0.002675,0.083984
cpu_utilization,a2c__mask_false,maskable_ppo__mask_true,-0.002660,0.083984
cpu_utilization,a2c__mask_false,maskable_ppo__mask_true,-0.002645,0.083984
cpu_utilization,a2c__mask_false,maskable_ppo__mask_true,-0.002630,0.083984
cpu_utilization,a2c__mask_false,maskable_ppo__mask_true,-0.002615,0.083984
cpu_utilization,a2c__mask_false,maskable_ppo__mask_true,-0.002601,0.083984
cpu_utilization,a2c__mask_false,maskable_ppo__mask_true,-0.002586,0.083984
cpu_utilization,a2c__mask_false,maskable_ppo__mask_true,-0.002571,0.083984
cpu_utilization,a2c__mask_false,maskable_ppo__mask_true,-0.002556,0.083984
cpu_utilization,a2c__mask_false,maskable_ppo__mask_true,-0.002541,0.083984
cpu_utilization,a2c__mask_false,maskable_ppo__mask_true,-0.002527,0.083984
cpu_utilization,a2c__mask_false,maskable_ppo__mask_true,-0.002512,0.083984
cpu_utilization,a2c__mask_false,maskable_ppo__mask_true,-0.002497,0.083984
cpu_utilization,a2c__mask_false,maskable_ppo__mask_true,-0.002482,0.083984
cpu_utilization,a2c__mask_false,maskable_ppo__mask_true,-0.002467,0.083984
cpu_utilization,a2c__mask_false,maskable_ppo__mask_true,-0.002453,0.083984
cpu_utilization,a2c__mask_false,maskable_ppo__mask_true,-0.002438,0.083984
cpu_utilization,a2c__mask_false,maskable_ppo__mask_true,-0.002423,0.083984
cpu_utilization,a2c__mask_false,maskable_ppo__mask_true,-0.002408,0.083984
cpu_utilization,a2c__mask_false,maskable_ppo__mask_true,-0.002393,0.083984
cpu_utilization,a2c__mask_false,maskable_ppo__mask_true,-0.002378,0.083984
cpu_utilization,a2c__mask_false,maskable_ppo__mask_true,-0.002364,0.083984
cpu_utilization,a2c__mask_false,maskable_ppo__mask_true,-0.002349,0.083984
cpu_utilization,a2c__mask_false,maskable_ppo__mask_true,-0.002334,0.083984
cpu_utilization,a2c__mask_false,maskable_ppo__mask_true,-0.002319,0.083984
cpu_utilization,a2c__mask_false,maskable_ppo__mask_true,-0.002304,0.083984
cpu_utilization,a2c__mask_false,maskable_ppo__mask_true,-0.002290,0.083984
cpu_utilization,a2c__mask_false,maskable_ppo__mask_true,-0.002275,0.083984
cpu_utilization,a2c__mask_false,maskable_ppo__mask_true,-0.002260,0.083984
cpu_utilization,a2c__mask_false,maskable_ppo__mask_true,-0.002245,0.083984
cpu_utilization,a2c__mask_false,maskable_ppo__mask_true,-0.002230,0.083984
cpu_utilization,a2c__mask_false,maskable_ppo__mask_true,-0.002216,0.083984
cpu_utilization,a2c__mask_false,maskable_ppo__mask_true,-0.002201,0.083984
cpu_utilization,a2c__mask_false,maskable_ppo__mask_true,-0.002186,0.083984
cpu_utilization,a2c__mask_false,maskable_ppo__mask_true,-0.002171,0.083984
cpu_utilization,a2c__mask_false,maskable_ppo__mask_true,-0.002156,0.083984
cpu_utilization,a2c__mask_false,maskable_ppo__mask_true,-0.002142,0.083984
cpu_utilization,a2c__mask_false,maskable_ppo__mask_true,-0.002127,0.083984
cpu_utilization,a2c__mask_false,maskable_ppo__mask_true,-0.002112,0.083984
cpu_utilization,a2c__mask_false,maskable_ppo__mask_true,-0.002097,0.083984
cpu_utilization,a2c__mask_false,maskable_ppo__mask_true,-0.002082,0.083984
cpu_utilization,a2c__mask_false,maskable_ppo__mask_true,-0.002067,0.083984
cpu_utilization,a2c__mask_false,maskable_ppo__mask_true,-0.002053,0.083984
cpu_utilization,a2c__mask_false,maskable_ppo__mask_true,-0.002038,0.083984
cpu_utilization,a2c__mask_false,maskable_ppo__mask_true,-0.002023,0.083984
cpu_utilization,a2c__mask_false,maskable_ppo__mask_true,-0.002008,0.083984
cpu_utilization,a2c__mask_false,maskable_ppo__mask_true,-0.001993,0.083984
cpu_utilization,a2c__mask_false,maskable_ppo__mask_true,-0.001979,0.083984
cpu_utilization,a2c__mask_false,maskable_ppo__mask_true,-0.001964,0.083984
cpu_utilization,a2c__mask_false,maskable_ppo__mask_true,-0.001949,0.083984
cpu_utilization,a2c__mask_false,maskable_ppo__mask_true,-0.001934,0.083984
cpu_utilization,a2c__mask_false,maskable_ppo__mask_true,-0.001919,0.083984
cpu_utilization,a2c__mask_false,maskable_ppo__mask_true,-0.001905,0.083984
cpu_utilization,a2c__mask_false,maskable_ppo__mask_true,-0.001890,0.083984
cpu_utilization,a2c__mask_false,maskable_ppo__mask_true,-0.001875,0.083984
cpu_utilization,a2c__mask_false,maskable_ppo__mask_true,-0.001860,0.083984
cpu_utilization,a2c__mask_false,maskable_ppo__mask_true,-0.001845,0.083984
cpu_utilization,a2c__mask_false,maskable_ppo__mask_true,-0.001831,0.083984
cpu_utilization,a2c__mask_false,maskable_ppo__mask_true,-0.001816,0.083984
cpu_utilization,a2c__mask_false,maskable_ppo__mask_true,-0.001801,0.083984
cpu_utilization,a2c__mask_false,maskable_ppo__mask_true,-0.001786,0.083984
cpu_utilization,a2c__mask_false,maskable_ppo__mask_true,-0.001771,0.083984
cpu_utilization,a2c__mask_false,maskable_ppo__mask_true,-0.001756,0.083984
cpu_utilization,a2c__mask_false,maskable_ppo__mask_true,-0.001742,0.083984
cpu_utilization,a2c__mask_false,maskable_ppo__mask_true,-0.001727,0.083984
cpu_utilization,a2c__mask_false,maskable_ppo__mask_true,-0.001712,0.083984
cpu_utilization,a2c__mask_false,maskable_ppo__mask_true,-0.001697,0.105469
cpu_utilization,a2c__mask_false,maskable_ppo__mask_true,-0.001682,0.105469
cpu_utilization,a2c__mask_false,maskable_ppo__mask_true,-0.001668,0.130859
cpu_utilization,a2c__mask_false,maskable_ppo__mask_true,-0.001653,0.160156
cpu_utilization,a2c__mask_false,maskable_ppo__mask_true,-0.001638,0.275391
cpu_utilization,a2c__mask_false,maskable_ppo__mask_true,-0.001623,0.375000
cpu_utilization,a2c__mask_false,maskable_ppo__mask_true,-0.001608,0.492188
cpu_utilization,a2c__mask_false,maskable_ppo__mask_true,-0.001594,0.769531
cpu_utilization,a2c__mask_false,maskable_ppo__mask_true,-0.001579,0.921875
cpu_utilization,a2c__mask_false,maskable_ppo__mask_true,-0.001564,0.695312
cpu_utilization,a2c__mask_false,maskable_ppo__mask_true,-0.001549,0.492188
cpu_utilization,a2c__mask_false,maskable_ppo__mask_true,-0.001534,0.322266
cpu_utilization,a2c__mask_false,maskable_ppo__mask_true,-0.001520,0.193359
cpu_utilization,a2c__mask_false,maskable_ppo__mask_true,-0.001505,0.130859
cpu_utilization,a2c__mask_false,maskable_ppo__mask_true,-0.001490,0.130859
cpu_utilization,a2c__mask_false,maskable_ppo__mask_true,-0.001475,0.105469
cpu_utilization,a2c__mask_false,maskable_ppo__mask_true,-0.001460,0.064453
cpu_utilization,a2c__mask_false,maskable_ppo__mask_true,-0.001445,0.048828
cpu_utilization,a2c__mask_false,maskable_ppo__mask_true,-0.001431,0.037109
cpu_utilization,a2c__mask_false,maskable_ppo__mask_true,-0.001416,0.037109
cpu_utilization,a2c__mask_false,maskable_ppo__mask_true,-0.001401,0.019531
cpu_utilization,a2c__mask_false,maskable_ppo__mask_true,-0.001386,0.013672
cpu_utilization,a2c__mask_false,maskable_ppo__mask_true,-0.001371,0.009766
cpu_utilization,a2c__mask_false,maskable_ppo__mask_true,-0.001357,0.009766
cpu_utilization,a2c__mask_false,maskable_ppo__mask_true,-0.001342,0.005859
cpu_utilization,a2c__mask_false,maskable_ppo__mask_true,-0.001327,0.003906
cpu_utilization,a2c__mask_false,maskable_ppo__mask_true,-0.001312,0.003906
cpu_utilization,a2c__mask_false,maskable_ppo__mask_true,-0.001297,0.003906
cpu_utilization,a2c__mask_false,maskable_ppo__mask_true,-0.001283,0.003906
cpu_utilization,a2c__mask_false,maskable_ppo__mask_true,-0.001268,0.003906
cpu_utilization,a2c__mask_false,maskable_ppo__mask_true,-0.001253,0.003906
cpu_utilization,a2c__mask_false,maskable_ppo__mask_true,-0.001238,0.003906
cpu_utilization,dqn__mask_false,maskable_ppo__mask_true,-0.006433,0.003906
cpu_utilization,dqn__mask_false,maskable_ppo__mask_true,-0.006406,0.003906
cpu_utilization,dqn__mask_false,maskable_ppo__mask_true,-0.006380,0.003906
cpu_utilization,dqn__mask_false,maskable_ppo__mask_true,-0.006354,0.003906
cpu_utilization,dqn__mask_false,maskable_ppo__mask_true,-0.006327,0.003906
cpu_utilization,dqn__mask_false,maskable_ppo__mask_true,-0.006301,0.003906
cpu_utilization,dqn__mask_false,maskable_ppo__mask_true,-0.006274,0.003906
cpu_utilization,dqn__mask_false,maskable_ppo__mask_true,-0.006248,0.003906
cpu_utilization,dqn__mask_false,maskable_ppo__mask_true,-0.006222,0.003906
cpu_utilization,dqn__mask_false,maskable_ppo__mask_true,-0.006195,0.003906
cpu_utilization,dqn__mask_false,maskable_ppo__mask_true,-0.006169,0.003906
cpu_utilization,dqn__mask_false,maskable_ppo__mask_true,-0.006142,0.003906
cpu_utilization,dqn__mask_false,maskable_ppo__mask_true,-0.006116,0.003906
cpu_utilization,dqn__mask_false,maskable_ppo__mask_true,-0.006090,0.003906
cpu_utilization,dqn__mask_false,maskable_ppo__mask_true,-0.006063,0.003906
cpu_utilization,dqn__mask_false,maskable_ppo__mask_true,-0.006037,0.003906
cpu_utilization,dqn__mask_false,maskable_ppo__mask_true,-0.006011,0.003906
cpu_utilization,dqn__mask_false,maskable_ppo__mask_true,-0.005984,0.003906
cpu_utilization,dqn__mask_false,maskable_ppo__mask_true,-0.005958,0.003906
cpu_utilization,dqn__mask_false,maskable_ppo__mask_true,-0.005931,0.003906
cpu_utilization,dqn__mask_false,maskable_ppo__mask_true,-0.005905,0.003906
cpu_utilization,dqn__mask_false,maskable_ppo__mask_true,-0.005879,0.003906
cpu_utilization,dqn__mask_false,maskable_ppo__mask_true,-0.005852,0.003906
cpu_utilization,dqn__mask_false,maskable_ppo__mask_true,-0.005826,0.003906
cpu_utilization,dqn__mask_false,maskable_ppo__mask_true,-0.005800,0.003906
cpu_utilization,dqn__mask_false,maskable_ppo__mask_true,-0.005773,0.003906
cpu_utilization,dqn__mask_false,maskable_ppo__mask_true,-0.005747,0.003906
cpu_utilization,dqn__mask_false,maskable_ppo__mask_true,-0.005720,0.003906
cpu_utilization,dqn__mask_false,maskable_ppo__mask_true,-0.005694,0.003906
cpu_utilization,dqn__mask_false,maskable_ppo__mask_true,-0.005668,0.003906
cpu_utilization,dqn__mask_false,maskable_ppo__mask_true,-0.005641,0.003906
cpu_utilization,dqn__mask_false,maskable_ppo__mask_true,-0.005615,0.003906
cpu_utilization,dqn__mask_false,maskable_ppo__mask_true,-0.005589,0.003906
cpu_utilization,dqn__mask_false,maskable_ppo__mask_true,-0.005562,0.003906
cpu_utilization,dqn__mask_false,maskable_ppo__mask_true,-0.005536,0.003906
cpu_utilization,dqn__mask_false,maskable_ppo__mask_true,-0.005509,0.003906
cpu_utilization,dqn__mask_false,maskable_ppo__mask_true,-0.005483,0.003906
cpu_utilization,dqn__mask_false,maskable_ppo__mask_true,-0.005457,0.003906
cpu_utilization,dqn__mask_false,maskable_ppo__mask_true,-0.005430,0.003906
cpu_utilization,dqn__mask_false,maskable_ppo__mask_true,-0.005404,0.003906
cpu_utilization,dqn__mask_false,maskable_ppo__mask_true,-0.005377,0.003906
cpu_utilization,dqn__mask_false,maskable_ppo__mask_true,-0.005351,0.003906
cpu_utilization,dqn__mask_false,maskable_ppo__mask_true,-0.005325,0.003906
cpu_utilization,dqn__mask_false,maskable_ppo__mask_true,-0.005298,0.003906
cpu_utilization,dqn__mask_false,maskable_ppo__mask_true,-0.005272,0.003906
cpu_utilization,dqn__mask_false,maskable_ppo__mask_true,-0.005246,0.003906
cpu_utilization,dqn__mask_false,maskable_ppo__mask_true,-0.005219,0.003906
cpu_utilization,dqn__mask_false,maskable_ppo__mask_true,-0.005193,0.003906
cpu_utilization,dqn__mask_false,maskable_ppo__mask_true,-0.005166,0.003906
cpu_utilization,dqn__mask_false,maskable_ppo__mask_true,-0.005140,0.003906
cpu_utilization,dqn__mask_false,maskable_ppo__mask_true,-0.005114,0.003906
cpu_utilization,dqn__mask_false,maskable_ppo__mask_true,-0.005087,0.003906
cpu_utilization,dqn__mask_false,maskable_ppo__mask_true,-0.005061,0.003906
cpu_utilization,dqn__mask_false,maskable_ppo__mask_true,-0.005035,0.003906
cpu_utilization,dqn__mask_false,maskable_ppo__mask_true,-0.005008,0.003906
cpu_utilization,dqn__mask_false,maskable_ppo__mask_true,-0.004982,0.003906
cpu_utilization,dqn__mask_false,maskable_ppo__mask_true,-0.004955,0.003906
cpu_utilization,dqn__mask_false,maskable_ppo__mask_true,-0.004929,0.003906
cpu_utilization,dqn__mask_false,maskable_ppo__mask_true,-0.004903,0.003906
cpu_utilization,dqn__mask_false,maskable_ppo__mask_true,-0.004876,0.003906
cpu_utilization,dqn__mask_false,maskable_ppo__mask_true,-0.004850,0.003906
cpu_utilization,dqn__mask_false,maskable_ppo__mask_true,-0.004824,0.003906
cpu_utilization,dqn__mask_false,maskable_ppo__mask_true,-0.004797,0.003906
cpu_utilization,dqn__mask_false,maskable_ppo__mask_true,-0.004771,0.003906
cpu_utilization,dqn__mask_false,maskable_ppo__mask_true,-0.004744,0.003906
cpu_utilization,dqn__mask_false,maskable_ppo__mask_true,-0.004718,0.003906
cpu_utilization,dqn__mask_false,maskable_ppo__mask_true,-0.004692,0.003906
cpu_utilization,dqn__mask_false,maskable_ppo__mask_true,-0.004665,0.003906
cpu_utilization,dqn__mask_false,maskable_ppo__mask_true,-0.004639,0.003906
cpu_utilization,dqn__mask_false,maskable_ppo__mask_true,-0.004613,0.003906
cpu_utilization,dqn__mask_false,maskable_ppo__mask_true,-0.004586,0.003906
cpu_utilization,dqn__mask_false,maskable_ppo__mask_true,-0.004560,0.003906
cpu_utilization,dqn__mask_false,maskable_ppo__mask_true,-0.004533,0.005859
cpu_utilization,dqn__mask_false,maskable_ppo__mask_true,-0.004507,0.005859
cpu_utilization,dqn__mask_false,maskable_ppo__mask_true,-0.004481,0.005859
cpu_utilization,dqn__mask_false,maskable_ppo__mask_true,-0.004454,0.005859
cpu_utilization,dqn__mask_false,maskable_ppo__mask_true,-0.004428,0.005859
cpu_utilization,dqn__mask_false,maskable_ppo__mask_true,-0.004401,0.005859
cpu_utilization,dqn__mask_false,maskable_ppo__mask_true,-0.004375,0.005859
cpu_utilization,dqn__mask_false,maskable_ppo__mask_true,-0.004349,0.005859
cpu_utilization,dqn__mask_false,maskable_ppo__mask_true,-0.004322,0.005859
cpu_utilization,dqn__mask_false,maskable_ppo__mask_true,-0.004296,0.005859
cpu_utilization,dqn__mask_false,maskable_ppo__mask_true,-0.004270,0.005859
cpu_utilization,dqn__mask_false,maskable_ppo__mask_true,-0.004243,0.009766
cpu_utilization,dqn__mask_false,maskable_ppo__mask_true,-0.004217,0.013672
cpu_utilization,dqn__mask_false,maskable_ppo__mask_true,-0.004190,0.019531
cpu_utilization,dqn__mask_false,maskable_ppo__mask_true,-0.004164,0.027344
cpu_utilization,dqn__mask_false,maskable_ppo__mask_true,-0.004138,0.048828
cpu_utilization,dqn__mask_false,maskable_ppo__mask_true,-0.004111,0.048828
cpu_utilization,dqn__mask_false,maskable_ppo__mask_true,-0.004085,0.048828
cpu_utilization,dqn__mask_false,maskable_ppo__mask_true,-0.004059,0.048828
cpu_utilization,dqn__mask_false,maskable_ppo__mask_true,-0.004032,0.064453
cpu_utilization,dqn__mask_false,maskable_ppo__mask_true,-0.004006,0.083984
cpu_utilization,dqn__mask_false,maskable_ppo__mask_true,-0.003979,0.083984
cpu_utilization,dqn__mask_false,maskable_ppo__mask_true,-0.003953,0.083984
cpu_utilization,dqn__mask_false,maskable_ppo__mask_true,-0.003927,0.083984
cpu_utilization,dqn__mask_false,maskable_ppo__mask_true,-0.003900,0.083984
cpu_utilization,dqn__mask_false,maskable_ppo__mask_true,-0.003874,0.083984
cpu_utilization,dqn__mask_false,maskable_ppo__mask_true,-0.003848,0.083984
cpu_utilization,dqn__mask_false,maskable_ppo__mask_true,-0.003821,0.083984
cpu_utilization,dqn__mask_false,maskable_ppo__mask_true,-0.003795,0.083984
cpu_utilization,dqn__mask_false,maskable_ppo__mask_true,-0.003768,0.083984
cpu_utilization,dqn__mask_false,maskable_ppo__mask_true,-0.003742,0.083984
cpu_utilization,dqn__mask_false,maskable_ppo__mask_true,-0.003716,0.083984
cpu_utilization,dqn__mask_false,maskable_ppo__mask_true,-0.003689,0.083984
cpu_utilization,dqn__mask_false,maskable_ppo__mask_true,-0.003663,0.083984
cpu_utilization,dqn__mask_false,maskable_ppo__mask_true,-0.003636,0.083984
cpu_utilization,dqn__mask_false,maskable_ppo__mask_true,-0.003610,0.083984
cpu_utilization,dqn__mask_false,maskable_ppo__mask_true,-0.003584,0.083984
cpu_utilization,dqn__mask_false,maskable_ppo__mask_true,-0.003557,0.083984
cpu_utilization,dqn__mask_false,maskable_ppo__mask_true,-0.003531,0.083984
cpu_utilization,dqn__mask_false,maskable_ppo__mask_true,-0.003505,0.083984
cpu_utilization,dqn__mask_false,maskable_ppo__mask_true,-0.003478,0.083984
cpu_utilization,dqn__mask_false,maskable_ppo__mask_true,-0.003452,0.083984
cpu_utilization,dqn__mask_false,maskable_ppo__mask_true,-0.003425,0.083984
cpu_utilization,dqn__mask_false,maskable_ppo__mask_true,-0.003399,0.083984
cpu_utilization,dqn__mask_false,maskable_ppo__mask_true,-0.003373,0.083984
cpu_utilization,dqn__mask_false,maskable_ppo__mask_true,-0.003346,0.083984
cpu_utilization,dqn__mask_false,maskable_ppo__mask_true,-0.003320,0.083984
cpu_utilization,dqn__mask_false,maskable_ppo__mask_true,-0.003294,0.083984
cpu_utilization,dqn__mask_false,maskable_ppo__mask_true,-0.003267,0.083984
cpu_utilization,dqn__mask_false,maskable_ppo__mask_true,-0.003241,0.083984
cpu_utilization,dqn__mask_false,maskable_ppo__mask_true,-0.003214,0.083984
cpu_utilization,dqn__mask_false,maskable_ppo__mask_true,-0.003188,0.083984
cpu_utilization,dqn__mask_false,maskable_ppo__mask_true,-0.003162,0.083984
cpu_utilization,dqn__mask_false,maskable_ppo__mask_true,-0.003135,0.083984
cpu_utilization,dqn__mask_false,maskable_ppo__mask_true,-0.003109,0.083984
cpu_utilization,dqn__mask_false,maskable_ppo__mask_true,-0.003083,0.083984
cpu_utilization,dqn__mask_false,maskable_ppo__mask_true,-0.003056,0.083984
cpu_utilization,dqn__mask_false,maskable_ppo__mask_true,-0.003030,0.083984
cpu_utilization,dqn__mask_false,maskable_ppo__mask_true,-0.003003,0.083984
cpu_utilization,dqn__mask_false,maskable_ppo__mask_true,-0.002977,0.083984
cpu_utilization,dqn__mask_false,maskable_ppo__mask_true,-0.002951,0.083984
cpu_utilization,dqn__mask_false,maskable_ppo__mask_true,-0.002924,0.083984
cpu_utilization,dqn__mask_false,maskable_ppo__mask_true,-0.002898,0.083984
cpu_utilization,dqn__mask_false,maskable_ppo__mask_true,-0.002872,0.083984
cpu_utilization,dqn__mask_false,maskable_ppo__mask_true,-0.002845,0.083984
cpu_utilization,dqn__mask_false,maskable_ppo__mask_true,-0.002819,0.083984
cpu_utilization,dqn__mask_false,maskable_ppo__mask_true,-0.002792,0.083984
cpu_utilization,dqn__mask_false,maskable_ppo__mask_true,-0.002766,0.083984
cpu_utilization,dqn__mask_false,maskable_ppo__mask_true,-0.002740,0.083984
cpu_utilization,dqn__mask_false,maskable_ppo__mask_true,-0.002713,0.083984
cpu_utilization,dqn__mask_false,maskable_ppo__mask_true,-0.002687,0.083984
cpu_utilization,dqn__mask_false,maskable_ppo__mask_true,-0.002660,0.083984
cpu_utilization,dqn__mask_false,maskable_ppo__mask_true,-0.002634,0.083984
cpu_utilization,dqn__mask_false,maskable_ppo__mask_true,-0.002608,0.083984
cpu_utilization,dqn__mask_false,maskable_ppo__mask_true,-0.002581,0.083984
cpu_utilization,dqn__mask_false,maskable_ppo__mask_true,-0.002555,0.083984
cpu_utilization,dqn__mask_false,maskable_ppo__mask_true,-0.002529,0.083984
cpu_utilization,dqn__mask_false,maskable_ppo__mask_true,-0.002502,0.083984
cpu_utilization,dqn__mask_false,maskable_ppo__mask_true,-0.002476,0.083984
cpu_utilization,dqn__mask_false,maskable_ppo__mask_true,-0.002449,0.083984
cpu_utilization,dqn__mask_false,maskable_ppo__mask_true,-0.002423,0.083984
cpu_utilization,dqn__mask_false,maskable_ppo__mask_true,-0.002397,0.083984
cpu_utilization,dqn__mask_false,maskable_ppo__mask_true,-0.002370,0.083984
cpu_utilization,dqn__mask_false,maskable_ppo__mask_true,-0.002344,0.083984
cpu_utilization,dqn__mask_false,maskable_ppo__mask_true,-0.002318,0.083984
cpu_utilization,dqn__mask_false,maskable_ppo__mask_true,-0.002291,0.083984
cpu_utilization,dqn__mask_false,maskable_ppo__mask_true,-0.002265,0.083984
cpu_utilization,dqn__mask_false,maskable_ppo__mask_true,-0.002238,0.105469
cpu_utilization,dqn__mask_false,maskable_ppo__mask_true,-0.002212,0.105469
cpu_utilization,dqn__mask_false,maskable_ppo__mask_true,-0.002186,0.105469
cpu_utilization,dqn__mask_false,maskable_ppo__mask_true,-0.002159,0.105469
cpu_utilization,dqn__mask_false,maskable_ppo__mask_true,-0.002133,0.105469
cpu_utilization,dqn__mask_false,maskable_ppo__mask_true,-0.002107,0.105469
cpu_utilization,dqn__mask_false,maskable_ppo__mask_true,-0.002080,0.105469
cpu_utilization,dqn__mask_false,maskable_ppo__mask_true,-0.002054,0.105469
cpu_utilization,dqn__mask_false,maskable_ppo__mask_true,-0.002027,0.105469
cpu_utilization,dqn__mask_false,maskable_ppo__mask_true,-0.002001,0.105469
cpu_utilization,dqn__mask_false,maskable_ppo__mask_true,-0.001975,0.105469
cpu_utilization,dqn__mask_false,maskable_ppo__mask_true,-0.001948,0.105469
cpu_utilization,dqn__mask_false,maskable_ppo__mask_true,-0.001922,0.130859
cpu_utilization,dqn__mask_false,maskable_ppo__mask_true,-0.001896,0.193359
cpu_utilization,dqn__mask_false,maskable_ppo__mask_true,-0.001869,0.232422
cpu_utilization,dqn__mask_false,maskable_ppo__mask_true,-0.001843,0.322266
cpu_utilization,dqn__mask_false,maskable_ppo__mask_true,-0.001816,0.322266
cpu_utilization,dqn__mask_false,maskable_ppo__mask_true,-0.001790,0.322266
cpu_utilization,dqn__mask_false,maskable_ppo__mask_true,-0.001764,0.322266
cpu_utilization,dqn__mask_false,maskable_ppo__mask_true,-0.001737,0.375000
cpu_utilization,dqn__mask_false,maskable_ppo__mask_true,-0.001711,0.375000
cpu_utilization,dqn__mask_false,maskable_ppo__mask_true,-0.001684,0.431641
cpu_utilization,dqn__mask_false,maskable_ppo__mask_true,-0.001658,0.431641
cpu_utilization,dqn__mask_false,maskable_ppo__mask_true,-0.001632,0.492188
cpu_utilization,dqn__mask_false,maskable_ppo__mask_true,-0.001605,0.625000
cpu_utilization,dqn__mask_false,maskable_ppo__mask_true,-0.001579,0.845703
cpu_utilization,dqn__mask_false,maskable_ppo__mask_true,-0.001553,1.000000
cpu_utilization,dqn__mask_false,maskable_ppo__mask_true,-0.001526,0.769531
cpu_utilization,dqn__mask_false,maskable_ppo__mask_true,-0.001500,0.556641
cpu_utilization,dqn__mask_false,maskable_ppo__mask_true,-0.001473,0.375000
cpu_utilization,dqn__mask_false,maskable_ppo__mask_true,-0.001447,0.193359
cpu_utilization,dqn__mask_false,maskable_ppo__mask_true,-0.001421,0.130859
cpu_utilization,dqn__mask_false,maskable_ppo__mask_true,-0.001394,0.105469
cpu_utilization,dqn__mask_false,maskable_ppo__mask_true,-0.001368,0.048828
cpu_utilization,dqn__mask_false,maskable_ppo__mask_true,-0.001342,0.027344
cpu_utilization,dqn__mask_false,maskable_ppo__mask_true,-0.001315,0.009766
cpu_utilization,dqn__mask_false,maskable_ppo__mask_true,-0.001289,0.009766
cpu_utilization,dqn__mask_false,maskable_ppo__mask_true,-0.001262,0.005859
cpu_utilization,dqn__mask_false,maskable_ppo__mask_true,-0.001236,0.005859
cpu_utilization,dqn__mask_false,maskable_ppo__mask_true,-0.001210,0.003906
cpu_utilization,dqn__mask_false,maskable_ppo__mask_true,-0.001183,0.003906
cpu_utilization,maskable_a2c__mask_true,maskable_dqn__mask_true,-0.087860,0.003906
cpu_utilization,maskable_a2c__mask_true,maskable_dqn__mask_true,-0.087354,0.003906
cpu_utilization,maskable_a2c__mask_true,maskable_dqn__mask_true,-0.086848,0.003906
cpu_utilization,maskable_a2c__mask_true,maskable_dqn__mask_true,-0.086342,0.003906
cpu_utilization,maskable_a2c__mask_true,maskable_dqn__mask_true,-0.085837,0.003906
cpu_utilization,maskable_a2c__mask_true,maskable_dqn__mask_true,-0.085331,0.003906
cpu_utilization,maskable_a2c__mask_true,maskable_dqn__mask_true,-0.084825,0.003906
cpu_utilization,maskable_a2c__mask_true,maskable_dqn__mask_true,-0.084320,0.003906
cpu_utilization,maskable_a2c__mask_true,maskable_dqn__mask_true,-0.083814,0.003906
cpu_utilization,maskable_a2c__mask_true,maskable_dqn__mask_true,-0.083308,0.003906
cpu_utilization,maskable_a2c__mask_true,maskable_dqn__mask_true,-0.082802,0.003906
cpu_utilization,maskable_a2c__mask_true,maskable_dqn__mask_true,-0.082297,0.003906
cpu_utilization,maskable_a2c__mask_true,maskable_dqn__mask_true,-0.081791,0.003906
cpu_utilization,maskable_a2c__mask_true,maskable_dqn__mask_true,-0.081285,0.003906
cpu_utilization,maskable_a2c__mask_true,maskable_dqn__mask_true,-0.080779,0.003906
cpu_utilization,maskable_a2c__mask_true,maskable_dqn__mask_true,-0.080274,0.003906
cpu_utilization,maskable_a2c__mask_true,maskable_dqn__mask_true,-0.079768,0.003906
cpu_utilization,maskable_a2c__mask_true,maskable_dqn__mask_true,-0.079262,0.003906
cpu_utilization,maskable_a2c__mask_true,maskable_dqn__mask_true,-0.078757,0.003906
cpu_utilization,maskable_a2c__mask_true,maskable_dqn__mask_true,-0.078251,0.003906
cpu_utilization,maskable_a2c__mask_true,maskable_dqn__mask_true,-0.077745,0.003906
cpu_utilization,maskable_a2c__mask_true,maskable_dqn__mask_true,-0.077239,0.003906
cpu_utilization,maskable_a2c__mask_true,maskable_dqn__mask_true,-0.076734,0.003906
cpu_utilization,maskable_a2c__mask_true,maskable_dqn__mask_true,-0.076228,0.003906
cpu_utilization,maskable_a2c__mask_true,maskable_dqn__mask_true,-0.075722,0.003906
cpu_utilization,maskable_a2c__mask_true,maskable_dqn__mask_true,-0.075216,0.003906
cpu_utilization,maskable_a2c__mask_true,maskable_dqn__mask_true,-0.074711,0.003906
cpu_utilization,maskable_a2c__mask_true,maskable_dqn__mask_true,-0.074205,0.003906
cpu_utilization,maskable_a2c__mask_true,maskable_dqn__mask_true,-0.073699,0.003906
cpu_utilization,maskable_a2c__mask_true,maskable_dqn__mask_true,-0.073194,0.003906
cpu_utilization,maskable_a2c__mask_true,maskable_dqn__mask_true,-0.072688,0.003906
cpu_utilization,maskable_a2c__mask_true,maskable_dqn__mask_true,-0.072182,0.003906
cpu_utilization,maskable_a2c__mask_true,maskable_dqn__mask_true,-0.071676,0.003906
cpu_utilization,maskable_a2c__mask_true,maskable_dqn__mask_true,-0.071171,0.003906
cpu_utilization,maskable_a2c__mask_true,maskable_dqn__mask_true,-0.070665,0.003906
cpu_utilization,maskable_a2c__mask_true,maskable_dqn__mask_true,-0.070159,0.003906
cpu_utilization,maskable_a2c__mask_true,maskable_dqn__mask_true,-0.069653,0.003906
cpu_utilization,maskable_a2c__mask_true,maskable_dqn__mask_true,-0.069148,0.003906
cpu_utilization,maskable_a2c__mask_true,maskable_dqn__mask_true,-0.068642,0.003906
cpu_utilization,maskable_a2c__mask_true,maskable_dqn__mask_true,-0.068136,0.003906
cpu_utilization,maskable_a2c__mask_true,maskable_dqn__mask_true,-0.067631,0.003906
cpu_utilization,maskable_a2c__mask_true,maskable_dqn__mask_true,-0.067125,0.003906
cpu_utilization,maskable_a2c__mask_true,maskable_dqn__mask_true,-0.066619,0.003906
cpu_utilization,maskable_a2c__mask_true,maskable_dqn__mask_true,-0.066113,0.003906
cpu_utilization,maskable_a2c__mask_true,maskable_dqn__mask_true,-0.065608,0.003906
cpu_utilization,maskable_a2c__mask_true,maskable_dqn__mask_true,-0.065102,0.003906
cpu_utilization,maskable_a2c__mask_true,maskable_dqn__mask_true,-0.064596,0.003906
cpu_utilization,maskable_a2c__mask_true,maskable_dqn__mask_true,-0.064090,0.003906
cpu_utilization,maskable_a2c__mask_true,maskable_dqn__mask_true,-0.063585,0.003906
cpu_utilization,maskable_a2c__mask_true,maskable_dqn__mask_true,-0.063079,0.003906
cpu_utilization,maskable_a2c__mask_true,maskable_dqn__mask_true,-0.062573,0.003906
cpu_utilization,maskable_a2c__mask_true,maskable_dqn__mask_true,-0.062068,0.003906
cpu_utilization,maskable_a2c__mask_true,maskable_dqn__mask_true,-0.061562,0.003906
cpu_utilization,maskable_a2c__mask_true,maskable_dqn__mask_true,-0.061056,0.003906
cpu_utilization,maskable_a2c__mask_true,maskable_dqn__mask_true,-0.060550,0.003906
cpu_utilization,maskable_a2c__mask_true,maskable_dqn__mask_true,-0.060045,0.003906
cpu_utilization,maskable_a2c__mask_true,maskable_dqn__mask_true,-0.059539,0.003906
cpu_utilization,maskable_a2c__mask_true,maskable_dqn__mask_true,-0.059033,0.003906
cpu_utilization,maskable_a2c__mask_true,maskable_dqn__mask_true,-0.058527,0.003906
cpu_utilization,maskable_a2c__mask_true,maskable_dqn__mask_true,-0.058022,0.003906
cpu_utilization,maskable_a2c__mask_true,maskable_dqn__mask_true,-0.057516,0.003906
cpu_utilization,maskable_a2c__mask_true,maskable_dqn__mask_true,-0.057010,0.003906
cpu_utilization,maskable_a2c__mask_true,maskable_dqn__mask_true,-0.056505,0.003906
cpu_utilization,maskable_a2c__mask_true,maskable_dqn__mask_true,-0.055999,0.003906
cpu_utilization,maskable_a2c__mask_true,maskable_dqn__mask_true,-0.055493,0.003906
cpu_utilization,maskable_a2c__mask_true,maskable_dqn__mask_true,-0.054987,0.003906
cpu_utilization,maskable_a2c__mask_true,maskable_dqn__mask_true,-0.054482,0.003906
cpu_utilization,maskable_a2c__mask_true,maskable_dqn__mask_true,-0.053976,0.003906
cpu_utilization,maskable_a2c__mask_true,maskable_dqn__mask_true,-0.053470,0.003906
cpu_utilization,maskable_a2c__mask_true,maskable_dqn__mask_true,-0.052965,0.003906
cpu_utilization,maskable_a2c__mask_true,maskable_dqn__mask_true,-0.052459,0.003906
cpu_utilization,maskable_a2c__mask_true,maskable_dqn__mask_true,-0.051953,0.003906
cpu_utilization,maskable_a2c__mask_true,maskable_dqn__mask_true,-0.051447,0.003906
cpu_utilization,maskable_a2c__mask_true,maskable_dqn__mask_true,-0.050942,0.003906
cpu_utilization,maskable_a2c__mask_true,maskable_dqn__mask_true,-0.050436,0.003906
cpu_utilization,maskable_a2c__mask_true,maskable_dqn__mask_true,-0.049930,0.003906
cpu_utilization,maskable_a2c__mask_true,maskable_dqn__mask_true,-0.049424,0.003906
cpu_utilization,maskable_a2c__mask_true,maskable_dqn__mask_true,-0.048919,0.003906
cpu_utilization,maskable_a2c__mask_true,maskable_dqn__mask_true,-0.048413,0.003906
cpu_utilization,maskable_a2c__mask_true,maskable_dqn__mask_true,-0.047907,0.013672
cpu_utilization,maskable_a2c__mask_true,maskable_dqn__mask_true,-0.047402,0.013672
cpu_utilization,maskable_a2c__mask_true,maskable_dqn__mask_true,-0.046896,0.013672
cpu_utilization,maskable_a2c__mask_true,maskable_dqn__mask_true,-0.046390,0.013672
cpu_utilization,maskable_a2c__mask_true,maskable_dqn__mask_true,-0.045884,0.013672
cpu_utilization,maskable_a2c__mask_true,maskable_dqn__mask_true,-0.045379,0.013672
cpu_utilization,maskable_a2c__mask_true,maskable_dqn__mask_true,-0.044873,0.013672
cpu_utilization,maskable_a2c__mask_true,maskable_dqn__mask_true,-0.044367,0.019531
cpu_utilization,maskable_a2c__mask_true,maskable_dqn__mask_true,-0.043861,0.037109
cpu_utilization,maskable_a2c__mask_true,maskable_dqn__mask_true,-0.043356,0.037109
cpu_utilization,maskable_a2c__mask_true,maskable_dqn__mask_true,-0.042850,0.048828
cpu_utilization,maskable_a2c__mask_true,maskable_dqn__mask_true,-0.042344,0.048828
cpu_utilization,maskable_a2c__mask_true,maskable_dqn__mask_true,-0.041839,0.083984
cpu_utilization,maskable_a2c__mask_true,maskable_dqn__mask_true,-0.041333,0.083984
cpu_utilization,maskable_a2c__mask_true,maskable_dqn__mask_true,-0.040827,0.083984
cpu_utilization,maskable_a2c__mask_true,maskable_dqn__mask_true,-0.040321,0.083984
cpu_utilization,maskable_a2c__mask_true,maskable_dqn__mask_true,-0.039816,0.083984
cpu_utilization,maskable_a2c__mask_true,maskable_dqn__mask_true,-0.039310,0.083984
cpu_utilization,maskable_a2c__mask_true,maskable_dqn__mask_true,-0.038804,0.083984
cpu_utilization,maskable_a2c__mask_true,maskable_dqn__mask_true,-0.038298,0.083984
cpu_utilization,maskable_a2c__mask_true,maskable_dqn__mask_true,-0.037793,0.083984
cpu_utilization,maskable_a2c__mask_true,maskable_dqn__mask_true,-0.037287,0.083984
cpu_utilization,maskable_a2c__mask_true,maskable_dqn__mask_true,-0.036781,0.083984
cpu_utilization,maskable_a2c__mask_true,maskable_dqn__mask_true,-0.036276,0.083984
cpu_utilization,maskable_a2c__mask_true,maskable_dqn__mask_true,-0.035770,0.083984
cpu_utilization,maskable_a2c__mask_true,maskable_dqn__mask_true,-0.035264,0.083984
cpu_utilization,maskable_a2c__mask_true,maskable_dqn__mask_true,-0.034758,0.083984
cpu_utilization,maskable_a2c__mask_true,maskable_dqn__mask_true,-0.034253,0.083984
cpu_utilization,maskable_a2c__mask_true,maskable_dqn__mask_true,-0.033747,0.083984
cpu_utilization,maskable_a2c__mask_true,maskable_dqn__mask_true,-0.033241,0.083984
cpu_utilization,maskable_a2c__mask_true,maskable_dqn__mask_true,-0.032735,0.083984
cpu_utilization,maskable_a2c__mask_true,maskable_dqn__mask_true,-0.032230,0.083984
cpu_utilization,maskable_a2c__mask_true,maskable_dqn__mask_true,-0.031724,0.083984
cpu_utilization,maskable_a2c__mask_true,maskable_dqn__mask_true,-0.031218,0.083984
cpu_utilization,maskable_a2c__mask_true,maskable_dqn__mask_true,-0.030713,0.083984
cpu_utilization,maskable_a2c__mask_true,maskable_dqn__mask_true,-0.030207,0.083984
cpu_utilization,maskable_a2c__mask_true,maskable_dqn__mask_true,-0.029701,0.083984
cpu_utilization,maskable_a2c__mask_true,maskable_dqn__mask_true,-0.029195,0.083984
cpu_utilization,maskable_a2c__mask_true,maskable_dqn__mask_true,-0.028690,0.083984
cpu_utilization,maskable_a2c__mask_true,maskable_dqn__mask_true,-0.028184,0.083984
cpu_utilization,maskable_a2c__mask_true,maskable_dqn__mask_true,-0.027678,0.083984
cpu_utilization,maskable_a2c__mask_true,maskable_dqn__mask_true,-0.027172,0.083984
cpu_utilization,maskable_a2c__mask_true,maskable_dqn__mask_true,-0.026667,0.083984
cpu_utilization,maskable_a2c__mask_true,maskable_dqn__mask_true,-0.026161,0.083984
cpu_utilization,maskable_a2c__mask_true,maskable_dqn__mask_true,-0.025655,0.083984
cpu_utilization,maskable_a2c__mask_true,maskable_dqn__mask_true,-0.025150,0.083984
cpu_utilization,maskable_a2c__mask_true,maskable_dqn__mask_true,-0.024644,0.083984
cpu_utilization,maskable_a2c__mask_true,maskable_dqn__mask_true,-0.024138,0.083984
cpu_utilization,maskable_a2c__mask_true,maskable_dqn__mask_true,-0.023632,0.083984
cpu_utilization,maskable_a2c__mask_true,maskable_dqn__mask_true,-0.023127,0.083984
cpu_utilization,maskable_a2c__mask_true,maskable_dqn__mask_true,-0.022621,0.083984
cpu_utilization,maskable_a2c__mask_true,maskable_dqn__mask_true,-0.022115,0.083984
cpu_utilization,maskable_a2c__mask_true,maskable_dqn__mask_true,-0.021610,0.083984
cpu_utilization,maskable_a2c__mask_true,maskable_dqn__mask_true,-0.021104,0.083984
cpu_utilization,maskable_a2c__mask_true,maskable_dqn__mask_true,-0.020598,0.083984
cpu_utilization,maskable_a2c__mask_true,maskable_dqn__mask_true,-0.020092,0.083984
cpu_utilization,maskable_a2c__mask_true,maskable_dqn__mask_true,-0.019587,0.083984
cpu_utilization,maskable_a2c__mask_true,maskable_dqn__mask_true,-0.019081,0.083984
cpu_utilization,maskable_a2c__mask_true,maskable_dqn__mask_true,-0.018575,0.083984
cpu_utilization,maskable_a2c__mask_true,maskable_dqn__mask_true,-0.018069,0.083984
cpu_utilization,maskable_a2c__mask_true,maskable_dqn__mask_true,-0.017564,0.083984
cpu_utilization,maskable_a2c__mask_true,maskable_dqn__mask_true,-0.017058,0.083984
cpu_utilization,maskable_a2c__mask_true,maskable_dqn__mask_true,-0.016552,0.083984
cpu_utilization,maskable_a2c__mask_true,maskable_dqn__mask_true,-0.016047,0.083984
cpu_utilization,maskable_a2c__mask_true,maskable_dqn__mask_true,-0.015541,0.083984
cpu_utilization,maskable_a2c__mask_true,maskable_dqn__mask_true,-0.015035,0.083984
cpu_utilization,maskable_a2c__mask_true,maskable_dqn__mask_true,-0.014529,0.083984
cpu_utilization,maskable_a2c__mask_true,maskable_dqn__mask_true,-0.014024,0.083984
cpu_utilization,maskable_a2c__mask_true,maskable_dqn__mask_true,-0.013518,0.083984
cpu_utilization,maskable_a2c__mask_true,maskable_dqn__mask_true,-0.013012,0.083984
cpu_utilization,maskable_a2c__mask_true,maskable_dqn__mask_true,-0.012506,0.083984
cpu_utilization,maskable_a2c__mask_true,maskable_dqn__mask_true,-0.012001,0.083984
cpu_utilization,maskable_a2c__mask_true,maskable_dqn__mask_true,-0.011495,0.083984
cpu_utilization,maskable_a2c__mask_true,maskable_dqn__mask_true,-0.010989,0.083984
cpu_utilization,maskable_a2c__mask_true,maskable_dqn__mask_true,-0.010484,0.083984
cpu_utilization,maskable_a2c__mask_true,maskable_dqn__mask_true,-0.009978,0.083984
cpu_utilization,maskable_a2c__mask_true,maskable_dqn__mask_true,-0.009472,0.083984
cpu_utilization,maskable_a2c__mask_true,maskable_dqn__mask_true,-0.008966,0.083984
cpu_utilization,maskable_a2c__mask_true,maskable_dqn__mask_true,-0.008461,0.083984
cpu_utilization,maskable_a2c__mask_true,maskable_dqn__mask_true,-0.007955,0.083984
cpu_utilization,maskable_a2c__mask_true,maskable_dqn__mask_true,-0.007449,0.083984
cpu_utilization,maskable_a2c__mask_true,maskable_dqn__mask_true,-0.006943,0.083984
cpu_utilization,maskable_a2c__mask_true,maskable_dqn__mask_true,-0.006438,0.083984
cpu_utilization,maskable_a2c__mask_true,maskable_dqn__mask_true,-0.005932,0.083984
cpu_utilization,maskable_a2c__mask_true,maskable_dqn__mask_true,-0.005426,0.083984
cpu_utilization,maskable_a2c__mask_true,maskable_dqn__mask_true,-0.004921,0.083984
cpu_utilization,maskable_a2c__mask_true,maskable_dqn__mask_true,-0.004415,0.083984
cpu_utilization,maskable_a2c__mask_true,maskable_dqn__mask_true,-0.003909,0.083984
cpu_utilization,maskable_a2c__mask_true,maskable_dqn__mask_true,-0.003403,0.083984
cpu_utilization,maskable_a2c__mask_true,maskable_dqn__mask_true,-0.002898,0.083984
cpu_utilization,maskable_a2c__mask_true,maskable_dqn__mask_true,-0.002392,0.083984
cpu_utilization,maskable_a2c__mask_true,maskable_dqn__mask_true,-0.001886,0.083984
cpu_utilization,maskable_a2c__mask_true,maskable_dqn__mask_true,-0.001380,0.083984
cpu_utilization,maskable_a2c__mask_true,maskable_dqn__mask_true,-0.000875,0.083984
cpu_utilization,maskable_a2c__mask_true,maskable_dqn__mask_true,-0.000369,0.083984
cpu_utilization,maskable_a2c__mask_true,maskable_dqn__mask_true,0.000137,0.160156
cpu_utilization,maskable_a2c__mask_true,maskable_dqn__mask_true,0.000642,0.275391
cpu_utilization,maskable_a2c__mask_true,maskable_dqn__mask_true,0.001148,0.275391
cpu_utilization,maskable_a2c__mask_true,maskable_dqn__mask_true,0.001654,0.275391
cpu_utilization,maskable_a2c__mask_true,maskable_dqn__mask_true,0.002160,0.275391
cpu_utilization,maskable_a2c__mask_true,maskable_dqn__mask_true,0.002665,0.275391
cpu_utilization,maskable_a2c__mask_true,maskable_dqn__mask_true,0.003171,0.275391
cpu_utilization,maskable_a2c__mask_true,maskable_dqn__mask_true,0.003677,0.275391
cpu_utilization,maskable_a2c__mask_true,maskable_dqn__mask_true,0.004183,0.431641
cpu_utilization,maskable_a2c__mask_true,maskable_dqn__mask_true,0.004688,0.845703
cpu_utilization,maskable_a2c__mask_true,maskable_dqn__mask_true,0.005194,0.845703
cpu_utilization,maskable_a2c__mask_true,maskable_dqn__mask_true,0.005700,1.000000
cpu_utilization,maskable_a2c__mask_true,maskable_dqn__mask_true,0.006205,0.845703
cpu_utilization,maskable_a2c__mask_true,maskable_dqn__mask_true,0.006711,0.556641
cpu_utilization,maskable_a2c__mask_true,maskable_dqn__mask_true,0.007217,0.556641
cpu_utilization,maskable_a2c__mask_true,maskable_dqn__mask_true,0.007723,0.492188
cpu_utilization,maskable_a2c__mask_true,maskable_dqn__mask_true,0.008228,0.375000
cpu_utilization,maskable_a2c__mask_true,maskable_dqn__mask_true,0.008734,0.275391
cpu_utilization,maskable_a2c__mask_true,maskable_dqn__mask_true,0.009240,0.193359
cpu_utilization,maskable_a2c__mask_true,maskable_dqn__mask_true,0.009745,0.130859
cpu_utilization,maskable_a2c__mask_true,maskable_dqn__mask_true,0.010251,0.083984
cpu_utilization,maskable_a2c__mask_true,maskable_dqn__mask_true,0.010757,0.027344
cpu_utilization,maskable_a2c__mask_true,maskable_dqn__mask_true,0.011263,0.019531
cpu_utilization,maskable_a2c__mask_true,maskable_dqn__mask_true,0.011768,0.009766
cpu_utilization,maskable_a2c__mask_true,maskable_dqn__mask_true,0.012274,0.009766
cpu_utilization,maskable_a2c__mask_true,maskable_dqn__mask_true,0.012780,0.003906
cpu_utilization,maskable_dqn__mask_true,maskable_ppo__mask_true,-0.013968,0.003906
cpu_utilization,maskable_dqn__mask_true,maskable_ppo__mask_true,-0.013898,0.003906
cpu_utilization,maskable_dqn__mask_true,maskable_ppo__mask_true,-0.013828,0.003906
cpu_utilization,maskable_dqn__mask_true,maskable_ppo__mask_true,-0.013758,0.003906
cpu_utilization,maskable_dqn__mask_true,maskable_ppo__mask_true,-0.013687,0.003906
cpu_utilization,maskable_dqn__mask_true,maskable_ppo__mask_true,-0.013617,0.003906
cpu_utilization,maskable_dqn__mask_true,maskable_ppo__mask_true,-0.013547,0.003906
cpu_utilization,maskable_dqn__mask_true,maskable_ppo__mask_true,-0.013477,0.003906
cpu_utilization,maskable_dqn__mask_true,maskable_ppo__mask_true,-0.013407,0.005859
cpu_utilization,maskable_dqn__mask_true,maskable_ppo__mask_true,-0.013336,0.005859
cpu_utilization,maskable_dqn__mask_true,maskable_ppo__mask_true,-0.013266,0.005859
cpu_utilization,maskable_dqn__mask_true,maskable_ppo__mask_true,-0.013196,0.005859
cpu_utilization,maskable_dqn__mask_true,maskable_ppo__mask_true,-0.013126,0.009766
cpu_utilization,maskable_dqn__mask_true,maskable_ppo__mask_true,-0.013056,0.009766
cpu_utilization,maskable_dqn__mask_true,maskable_ppo__mask_true,-0.012985,0.009766
cpu_utilization,maskable_dqn__mask_true,maskable_ppo__mask_true,-0.012915,0.009766
cpu_utilization,maskable_dqn__mask_true,maskable_ppo__mask_true,-0.012845,0.009766
cpu_utilization,maskable_dqn__mask_true,maskable_ppo__mask_true,-0.012775,0.013672
cpu_utilization,maskable_dqn__mask_true,maskable_ppo__mask_true,-0.012705,0.013672
cpu_utilization,maskable_dqn__mask_true,maskable_ppo__mask_true,-0.012634,0.013672
cpu_utilization,maskable_dqn__mask_true,maskable_ppo__mask_true,-0.012564,0.019531
cpu_utilization,maskable_dqn__mask_true,maskable_ppo__mask_true,-0.012494,0.019531
cpu_utilization,maskable_dqn__mask_true,maskable_ppo__mask_true,-0.012424,0.019531
cpu_utilization,maskable_dqn__mask_true,maskable_ppo__mask_true,-0.012354,0.027344
cpu_utilization,maskable_dqn__mask_true,maskable_ppo__mask_true,-0.012284,0.037109
cpu_utilization,maskable_dqn__mask_true,maskable_ppo__mask_true,-0.012213,0.037109
cpu_utilization,maskable_dqn__mask_true,maskable_ppo__mask_true,-0.012143,0.037109
cpu_utilization,maskable_dqn__mask_true,maskable_ppo__mask_true,-0.012073,0.037109
cpu_utilization,maskable_dqn__mask_true,maskable_ppo__mask_true,-0.012003,0.037109
cpu_utilization,maskable_dqn__mask_true,maskable_ppo__mask_true,-0.011933,0.037109
cpu_utilization,maskable_dqn__mask_true,maskable_ppo__mask_true,-0.011862,0.037109
cpu_utilization,maskable_dqn__mask_true,maskable_ppo__mask_true,-0.011792,0.048828
cpu_utilization,maskable_dqn__mask_true,maskable_ppo__mask_true,-0.011722,0.064453
cpu_utilization,maskable_dqn__mask_true,maskable_ppo__mask_true,-0.011652,0.064453
cpu_utilization,maskable_dqn__mask_true,maskable_ppo__mask_true,-0.011582,0.064453
cpu_utilization,maskable_dqn__mask_true,maskable_ppo__mask_true,-0.011511,0.064453
cpu_utilization,maskable_dqn__mask_true,maskable_ppo__mask_true,-0.011441,0.083984
cpu_utilization,maskable_dqn__mask_true,maskable_ppo__mask_true,-0.011371,0.105469
cpu_utilization,maskable_dqn__mask_true,maskable_ppo__mask_true,-0.011301,0.105469
cpu_utilization,maskable_dqn__mask_true,maskable_ppo__mask_true,-0.011231,0.130859
cpu_utilization,maskable_dqn__mask_true,maskable_ppo__mask_true,-0.011160,0.160156
cpu_utilization,maskable_dqn__mask_true,maskable_ppo__mask_true,-0.011090,0.160156
cpu_utilization,maskable_dqn__mask_true,maskable_ppo__mask_true,-0.011020,0.160156
cpu_utilization,maskable_dqn__mask_true,maskable_ppo__mask_true,-0.010950,0.193359
cpu_utilization,maskable_dqn__mask_true,maskable_ppo__mask_true,-0.010880,0.193359
cpu_utilization,maskable_dqn__mask_true,maskable_ppo__mask_true,-0.010810,0.193359
cpu_utilization,maskable_dqn__mask_true,maskable_ppo__mask_true,-0.010739,0.232422
cpu_utilization,maskable_dqn__mask_true,maskable_ppo__mask_true,-0.010669,0.275391
cpu_utilization,maskable_dqn__mask_true,maskable_ppo__mask_true,-0.010599,0.322266
cpu_utilization,maskable_dqn__mask_true,maskable_ppo__mask_true,-0.010529,0.322266
cpu_utilization,maskable_dqn__mask_true,maskable_ppo__mask_true,-0.010459,0.375000
cpu_utilization,maskable_dqn__mask_true,maskable_ppo__mask_true,-0.010388,0.375000
cpu_utilization,maskable_dqn__mask_true,maskable_ppo__mask_true,-0.010318,0.431641
cpu_utilization,maskable_dqn__mask_true,maskable_ppo__mask_true,-0.010248,0.431641
cpu_utilization,maskable_dqn__mask_true,maskable_ppo__mask_true,-0.010178,0.431641
cpu_utilization,maskable_dqn__mask_true,maskable_ppo__mask_true,-0.010108,0.492188
cpu_utilization,maskable_dqn__mask_true,maskable_ppo__mask_true,-0.010037,0.492188
cpu_utilization,maskable_dqn__mask_true,maskable_ppo__mask_true,-0.009967,0.492188
cpu_utilization,maskable_dqn__mask_true,maskable_ppo__mask_true,-0.009897,0.492188
cpu_utilization,maskable_dqn__mask_true,maskable_ppo__mask_true,-0.009827,0.492188
cpu_utilization,maskable_dqn__mask_true,maskable_ppo__mask_true,-0.009757,0.492188
cpu_utilization,maskable_dqn__mask_true,maskable_ppo__mask_true,-0.009686,0.556641
cpu_utilization,maskable_dqn__mask_true,maskable_ppo__mask_true,-0.009616,0.625000
cpu_utilization,maskable_dqn__mask_true,maskable_ppo__mask_true,-0.009546,0.695312
cpu_utilization,maskable_dqn__mask_true,maskable_ppo__mask_true,-0.009476,0.695312
cpu_utilization,maskable_dqn__mask_true,maskable_ppo__mask_true,-0.009406,0.695312
cpu_utilization,maskable_dqn__mask_true,maskable_ppo__mask_true,-0.009335,0.695312
cpu_utilization,maskable_dqn__mask_true,maskable_ppo__mask_true,-0.009265,0.695312
cpu_utilization,maskable_dqn__mask_true,maskable_ppo__mask_true,-0.009195,0.695312
cpu_utilization,maskable_dqn__mask_true,maskable_ppo__mask_true,-0.009125,0.769531
cpu_utilization,maskable_dqn__mask_true,maskable_ppo__mask_true,-0.009055,0.769531
cpu_utilization,maskable_dqn__mask_true,maskable_ppo__mask_true,-0.008985,0.845703
cpu_utilization,maskable_dqn__mask_true,maskable_ppo__mask_true,-0.008914,0.845703
cpu_utilization,maskable_dqn__mask_true,maskable_ppo__mask_true,-0.008844,0.845703
cpu_utilization,maskable_dqn__mask_true,maskable_ppo__mask_true,-0.008774,0.845703
cpu_utilization,maskable_dqn__mask_true,maskable_ppo__mask_true,-0.008704,0.921875
cpu_utilization,maskable_dqn__mask_true,maskable_ppo__mask_true,-0.008634,0.921875
cpu_utilization,maskable_dqn__mask_true,maskable_ppo__mask_true,-0.008563,1.000000
cpu_utilization,maskable_dqn__mask_true,maskable_ppo__mask_true,-0.008493,1.000000
cpu_utilization,maskable_dqn__mask_true,maskable_ppo__mask_true,-0.008423,1.000000
cpu_utilization,maskable_dqn__mask_true,maskable_ppo__mask_true,-0.008353,1.000000
cpu_utilization,maskable_dqn__mask_true,maskable_ppo__mask_true,-0.008283,1.000000
cpu_utilization,maskable_dqn__mask_true,maskable_ppo__mask_true,-0.008212,1.000000
cpu_utilization,maskable_dqn__mask_true,maskable_ppo__mask_true,-0.008142,1.000000
cpu_utilization,maskable_dqn__mask_true,maskable_ppo__mask_true,-0.008072,1.000000
cpu_utilization,maskable_dqn__mask_true,maskable_ppo__mask_true,-0.008002,1.000000
cpu_utilization,maskable_dqn__mask_true,maskable_ppo__mask_true,-0.007932,1.000000
cpu_utilization,maskable_dqn__mask_true,maskable_ppo__mask_true,-0.007861,1.000000
cpu_utilization,maskable_dqn__mask_true,maskable_ppo__mask_true,-0.007791,1.000000
cpu_utilization,maskable_dqn__mask_true,maskable_ppo__mask_true,-0.007721,1.000000
cpu_utilization,maskable_dqn__mask_true,maskable_ppo__mask_true,-0.007651,1.000000
cpu_utilization,maskable_dqn__mask_true,maskable_ppo__mask_true,-0.007581,1.000000
cpu_utilization,maskable_dqn__mask_true,maskable_ppo__mask_true,-0.007511,1.000000
cpu_utilization,maskable_dqn__mask_true,maskable_ppo__mask_true,-0.007440,1.000000
cpu_utilization,maskable_dqn__mask_true,maskable_ppo__mask_true,-0.007370,1.000000
cpu_utilization,maskable_dqn__mask_true,maskable_ppo__mask_true,-0.007300,1.000000
cpu_utilization,maskable_dqn__mask_true,maskable_ppo__mask_true,-0.007230,0.921875
cpu_utilization,maskable_dqn__mask_true,maskable_ppo__mask_true,-0.007160,0.921875
cpu_utilization,maskable_dqn__mask_true,maskable_ppo__mask_true,-0.007089,0.921875
cpu_utilization,maskable_dqn__mask_true,maskable_ppo__mask_true,-0.007019,0.769531
cpu_utilization,maskable_dqn__mask_true,maskable_ppo__mask_true,-0.006949,0.769531
cpu_utilization,maskable_dqn__mask_true,maskable_ppo__mask_true,-0.006879,0.769531
cpu_utilization,maskable_dqn__mask_true,maskable_ppo__mask_true,-0.006809,0.769531
cpu_utilization,maskable_dqn__mask_true,maskable_ppo__mask_true,-0.006738,0.769531
cpu_utilization,maskable_dqn__mask_true,maskable_ppo__mask_true,-0.006668,0.769531
cpu_utilization,maskable_dqn__mask_true,maskable_ppo__mask_true,-0.006598,0.695312
cpu_utilization,maskable_dqn__mask_true,maskable_ppo__mask_true,-0.006528,0.695312
cpu_utilization,maskable_dqn__mask_true,maskable_ppo__mask_true,-0.006458,0.695312
cpu_utilization,maskable_dqn__mask_true,maskable_ppo__mask_true,-0.006387,0.556641
cpu_utilization,maskable_dqn__mask_true,maskable_ppo__mask_true,-0.006317,0.492188
cpu_utilization,maskable_dqn__mask_true,maskable_ppo__mask_true,-0.006247,0.492188
cpu_utilization,maskable_dqn__mask_true,maskable_ppo__mask_true,-0.006177,0.492188
cpu_utilization,maskable_dqn__mask_true,maskable_ppo__mask_true,-0.006107,0.375000
cpu_utilization,maskable_dqn__mask_true,maskable_ppo__mask_true,-0.006036,0.375000
cpu_utilization,maskable_dqn__mask_true,maskable_ppo__mask_true,-0.005966,0.375000
cpu_utilization,maskable_dqn__mask_true,maskable_ppo__mask_true,-0.005896,0.375000
cpu_utilization,maskable_dqn__mask_true,maskable_ppo__mask_true,-0.005826,0.375000
cpu_utilization,maskable_dqn__mask_true,maskable_ppo__mask_true,-0.005756,0.375000
cpu_utilization,maskable_dqn__mask_true,maskable_ppo__mask_true,-0.005686,0.375000
cpu_utilization,maskable_dqn__mask_true,maskable_ppo__mask_true,-0.005615,0.375000
cpu_utilization,maskable_dqn__mask_true,maskable_ppo__mask_true,-0.005545,0.322266
cpu_utilization,maskable_dqn__mask_true,maskable_ppo__mask_true,-0.005475,0.322266
cpu_utilization,maskable_dqn__mask_true,maskable_ppo__mask_true,-0.005405,0.322266
cpu_utilization,maskable_dqn__mask_true,maskable_ppo__mask_true,-0.005335,0.232422
cpu_utilization,maskable_dqn__mask_true,maskable_ppo__mask_true,-0.005264,0.232422
cpu_utilization,maskable_dqn__mask_true,maskable_ppo__mask_true,-0.005194,0.232422
cpu_utilization,maskable_dqn__mask_true,maskable_ppo__mask_true,-0.005124,0.232422
cpu_utilization,maskable_dqn__mask_true,maskable_ppo__mask_true,-0.005054,0.232422
cpu_utilization,maskable_dqn__mask_true,maskable_ppo__mask_true,-0.004984,0.193359
cpu_utilization,maskable_dqn__mask_true,maskable_ppo__mask_true,-0.004913,0.193359
cpu_utilization,maskable_dqn__mask_true,maskable_ppo__mask_true,-0.004843,0.193359
cpu_utilization,maskable_dqn__mask_true,maskable_ppo__mask_true,-0.004773,0.130859
cpu_utilization,maskable_dqn__mask_true,maskable_ppo__mask_true,-0.004703,0.130859
cpu_utilization,maskable_dqn__mask_true,maskable_ppo__mask_true,-0.004633,0.130859
cpu_utilization,maskable_dqn__mask_true,maskable_ppo__mask_true,-0.004562,0.105469
cpu_utilization,maskable_dqn__mask_true,maskable_ppo__mask_true,-0.004492,0.105469
cpu_utilization,maskable_dqn__mask_true,maskable_ppo__mask_true,-0.004422,0.083984
cpu_utilization,maskable_dqn__mask_true,maskable_ppo__mask_true,-0.004352,0.048828
cpu_utilization,maskable_dqn__mask_true,maskable_ppo__mask_true,-0.004282,0.048828
cpu_utilization,maskable_dqn__mask_true,maskable_ppo__mask_true,-0.004211,0.027344
cpu_utilization,maskable_dqn__mask_true,maskable_ppo__mask_true,-0.004141,0.027344
cpu_utilization,maskable_dqn__mask_true,maskable_ppo__mask_true,-0.004071,0.027344
cpu_utilization,maskable_dqn__mask_true,maskable_ppo__mask_true,-0.004001,0.027344
cpu_utilization,maskable_dqn__mask_true,maskable_ppo__mask_true,-0.003931,0.027344
cpu_utilization,maskable_dqn__mask_true,maskable_ppo__mask_true,-0.003861,0.027344
cpu_utilization,maskable_dqn__mask_true,maskable_ppo__mask_true,-0.003790,0.027344
cpu_utilization,maskable_dqn__mask_true,maskable_ppo__mask_true,-0.003720,0.027344
cpu_utilization,maskable_dqn__mask_true,maskable_ppo__mask_true,-0.003650,0.027344
cpu_utilization,maskable_dqn__mask_true,maskable_ppo__mask_true,-0.003580,0.027344
cpu_utilization,maskable_dqn__mask_true,maskable_ppo__mask_true,-0.003510,0.027344
cpu_utilization,maskable_dqn__mask_true,maskable_ppo__mask_true,-0.003439,0.027344
cpu_utilization,maskable_dqn__mask_true,maskable_ppo__mask_true,-0.003369,0.027344
cpu_utilization,maskable_dqn__mask_true,maskable_ppo__mask_true,-0.003299,0.027344
cpu_utilization,maskable_dqn__mask_true,maskable_ppo__mask_true,-0.003229,0.027344
cpu_utilization,maskable_dqn__mask_true,maskable_ppo__mask_true,-0.003159,0.027344
cpu_utilization,maskable_dqn__mask_true,maskable_ppo__mask_true,-0.003088,0.027344
cpu_utilization,maskable_dqn__mask_true,maskable_ppo__mask_true,-0.003018,0.027344
cpu_utilization,maskable_dqn__mask_true,maskable_ppo__mask_true,-0.002948,0.027344
cpu_utilization,maskable_dqn__mask_true,maskable_ppo__mask_true,-0.002878,0.027344
cpu_utilization,maskable_dqn__mask_true,maskable_ppo__mask_true,-0.002808,0.027344
cpu_utilization,maskable_dqn__mask_true,maskable_ppo__mask_true,-0.002737,0.027344
cpu_utilization,maskable_dqn__mask_true,maskable_ppo__mask_true,-0.002667,0.027344
cpu_utilization,maskable_dqn__mask_true,maskable_ppo__mask_true,-0.002597,0.027344
cpu_utilization,maskable_dqn__mask_true,maskable_ppo__mask_true,-0.002527,0.027344
cpu_utilization,maskable_dqn__mask_true,maskable_ppo__mask_true,-0.002457,0.027344
cpu_utilization,maskable_dqn__mask_true,maskable_ppo__mask_true,-0.002387,0.027344
cpu_utilization,maskable_dqn__mask_true,maskable_ppo__mask_true,-0.002316,0.027344
cpu_utilization,maskable_dqn__mask_true,maskable_ppo__mask_true,-0.002246,0.027344
cpu_utilization,maskable_dqn__mask_true,maskable_ppo__mask_true,-0.002176,0.027344
cpu_utilization,maskable_dqn__mask_true,maskable_ppo__mask_true,-0.002106,0.027344
cpu_utilization,maskable_dqn__mask_true,maskable_ppo__mask_true,-0.002036,0.027344
cpu_utilization,maskable_dqn__mask_true,maskable_ppo__mask_true,-0.001965,0.027344
cpu_utilization,maskable_dqn__mask_true,maskable_ppo__mask_true,-0.001895,0.027344
cpu_utilization,maskable_dqn__mask_true,maskable_ppo__mask_true,-0.001825,0.027344
cpu_utilization,maskable_dqn__mask_true,maskable_ppo__mask_true,-0.001755,0.027344
cpu_utilization,maskable_dqn__mask_true,maskable_ppo__mask_true,-0.001685,0.027344
cpu_utilization,maskable_dqn__mask_true,maskable_ppo__mask_true,-0.001614,0.027344
cpu_utilization,maskable_dqn__mask_true,maskable_ppo__mask_true,-0.001544,0.027344
cpu_utilization,maskable_dqn__mask_true,maskable_ppo__mask_true,-0.001474,0.027344
cpu_utilization,maskable_dqn__mask_true,maskable_ppo__mask_true,-0.001404,0.027344
cpu_utilization,maskable_dqn__mask_true,maskable_ppo__mask_true,-0.001334,0.027344
cpu_utilization,maskable_dqn__mask_true,maskable_ppo__mask_true,-0.001263,0.027344
cpu_utilization,maskable_dqn__mask_true,maskable_ppo__mask_true,-0.001193,0.027344
cpu_utilization,maskable_dqn__mask_true,maskable_ppo__mask_true,-0.001123,0.027344
cpu_utilization,maskable_dqn__mask_true,maskable_ppo__mask_true,-0.001053,0.027344
cpu_utilization,maskable_dqn__mask_true,maskable_ppo__mask_true,-0.000983,0.027344
cpu_utilization,maskable_dqn__mask_true,maskable_ppo__mask_true,-0.000912,0.027344
cpu_utilization,maskable_dqn__mask_true,maskable_ppo__mask_true,-0.000842,0.027344
cpu_utilization,maskable_dqn__mask_true,maskable_ppo__mask_true,-0.000772,0.027344
cpu_utilization,maskable_dqn__mask_true,maskable_ppo__mask_true,-0.000702,0.027344
cpu_utilization,maskable_dqn__mask_true,maskable_ppo__mask_true,-0.000632,0.027344
cpu_utilization,maskable_dqn__mask_true,maskable_ppo__mask_true,-0.000562,0.027344
cpu_utilization,maskable_dqn__mask_true,maskable_ppo__mask_true,-0.000491,0.027344
cpu_utilization,maskable_dqn__mask_true,maskable_ppo__mask_true,-0.000421,0.019531
cpu_utilization,maskable_dqn__mask_true,maskable_ppo__mask_true,-0.000351,0.019531
cpu_utilization,maskable_dqn__mask_true,maskable_ppo__mask_true,-0.000281,0.019531
cpu_utilization,maskable_dqn__mask_true,maskable_ppo__mask_true,-0.000211,0.009766
cpu_utilization,maskable_dqn__mask_true,maskable_ppo__mask_true,-0.000140,0.009766
cpu_utilization,maskable_dqn__mask_true,maskable_ppo__mask_true,-0.000070,0.009766
cpu_utilization,maskable_dqn__mask_true,maskable_ppo__mask_true,0.000000,0.007812
gpu_utilization,a2c__mask_false,maskable_a2c__mask_true,-0.009532,0.003906
gpu_utilization,a2c__mask_false,maskable_a2c__mask_true,-0.008386,0.003906
gpu_utilization,a2c__mask_false,maskable_a2c__mask_true,-0.007239,0.048828
gpu_utilization,a2c__mask_false,maskable_a2c__mask_true,-0.006092,0.048828
gpu_utilization,a2c__mask_false,maskable_a2c__mask_true,-0.004945,0.431641
gpu_utilization,a2c__mask_false,maskable_a2c__mask_true,-0.003798,0.375000
gpu_utilization,a2c__mask_false,maskable_a2c__mask_true,-0.002651,0.105469
gpu_utilization,a2c__mask_false,maskable_a2c__mask_true,-0.001504,0.105469
gpu_utilization,a2c__mask_false,maskable_a2c__mask_true,-0.000358,0.083984
gpu_utilization,a2c__mask_false,maskable_a2c__mask_true,0.000789,0.083984
gpu_utilization,a2c__mask_false,maskable_a2c__mask_true,0.001936,0.083984
gpu_utilization,a2c__mask_false,maskable_a2c__mask_true,0.003083,0.083984
gpu_utilization,a2c__mask_false,maskable_a2c__mask_true,0.004230,0.083984
gpu_utilization,a2c__mask_false,maskable_a2c__mask_true,0.005377,0.083984
gpu_utilization,a2c__mask_false,maskable_a2c__mask_true,0.006523,0.083984
gpu_utilization,a2c__mask_false,maskable_a2c__mask_true,0.007670,0.083984
gpu_utilization,a2c__mask_false,maskable_a2c__mask_true,0.008817,0.083984
gpu_utilization,a2c__mask_false,maskable_a2c__mask_true,0.009964,0.083984
gpu_utilization,a2c__mask_false,maskable_a2c__mask_true,0.011111,0.083984
gpu_utilization,a2c__mask_false,maskable_a2c__mask_true,0.012258,0.083984
gpu_utilization,a2c__mask_false,maskable_a2c__mask_true,0.013405,0.083984
gpu_utilization,a2c__mask_false,maskable_a2c__mask_true,0.014551,0.083984
gpu_utilization,a2c__mask_false,maskable_a2c__mask_true,0.015698,0.083984
gpu_utilization,a2c__mask_false,maskable_a2c__mask_true,0.016845,0.083984
gpu_utilization,a2c__mask_false,maskable_a2c__mask_true,0.017992,0.083984
gpu_utilization,a2c__mask_false,maskable_a2c__mask_true,0.019139,0.083984
gpu_utilization,a2c__mask_false,maskable_a2c__mask_true,0.020286,0.083984
gpu_utilization,a2c__mask_false,maskable_a2c__mask_true,0.021433,0.083984
gpu_utilization,a2c__mask_false,maskable_a2c__mask_true,0.022579,0.083984
gpu_utilization,a2c__mask_false,maskable_a2c__mask_true,0.023726,0.083984
gpu_utilization,a2c__mask_false,maskable_a2c__mask_true,0.024873,0.083984
gpu_utilization,a2c__mask_false,maskable_a2c__mask_true,0.026020,0.083984
gpu_utilization,a2c__mask_false,maskable_a2c__mask_true,0.027167,0.083984
gpu_utilization,a2c__mask_false,maskable_a2c__mask_true,0.028314,0.083984
gpu_utilization,a2c__mask_false,maskable_a2c__mask_true,0.029461,0.083984
gpu_utilization,a2c__mask_false,maskable_a2c__mask_true,0.030607,0.083984
gpu_utilization,a2c__mask_false,maskable_a2c__mask_true,0.031754,0.083984
gpu_utilization,a2c__mask_false,maskable_a2c__mask_true,0.032901,0.083984
gpu_utilization,a2c__mask_false,maskable_a2c__mask_true,0.034048,0.083984
gpu_utilization,a2c__mask_false,maskable_a2c__mask_true,0.035195,0.083984
gpu_utilization,a2c__mask_false,maskable_a2c__mask_true,0.036342,0.083984
gpu_utilization,a2c__mask_false,maskable_a2c__mask_true,0.037489,0.083984
gpu_utilization,a2c__mask_false,maskable_a2c__mask_true,0.038635,0.083984
gpu_utilization,a2c__mask_false,maskable_a2c__mask_true,0.039782,0.083984
gpu_utilization,a2c__mask_false,maskable_a2c__mask_true,0.040929,0.083984
gpu_utilization,a2c__mask_false,maskable_a2c__mask_true,0.042076,0.083984
gpu_utilization,a2c__mask_false,maskable_a2c__mask_true,0.043223,0.083984
gpu_utilization,a2c__mask_false,maskable_a2c__mask_true,0.044370,0.083984
gpu_utilization,a2c__mask_false,maskable_a2c__mask_true,0.045516,0.083984
gpu_utilization,a2c__mask_false,maskable_a2c__mask_true,0.046663,0.083984
gpu_utilization,a2c__mask_false,maskable_a2c__mask_true,0.047810,0.083984
gpu_utilization,a2c__mask_false,maskable_a2c__mask_true,0.048957,0.083984
gpu_utilization,a2c__mask_false,maskable_a2c__mask_true,0.050104,0.083984
gpu_utilization,a2c__mask_false,maskable_a2c__mask_true,0.051251,0.083984
gpu_utilization,a2c__mask_false,maskable_a2c__mask_true,0.052398,0.083984
gpu_utilization,a2c__mask_false,maskable_a2c__mask_true,0.053544,0.083984
gpu_utilization,a2c__mask_false,maskable_a2c__mask_true,0.054691,0.083984
gpu_utilization,a2c__mask_false,maskable_a2c__mask_true,0.055838,0.083984
gpu_utilization,a2c__mask_false,maskable_a2c__mask_true,0.056985,0.083984
gpu_utilization,a2c__mask_false,maskable_a2c__mask_true,0.058132,0.083984
gpu_utilization,a2c__mask_false,maskable_a2c__mask_true,0.059279,0.083984
gpu_utilization,a2c__mask_false,maskable_a2c__mask_true,0.060426,0.083984
gpu_utilization,a2c__mask_false,maskable_a2c__mask_true,0.061572,0.083984
gpu_utilization,a2c__mask_false,maskable_a2c__mask_true,0.062719,0.083984
gpu_utilization,a2c__mask_false,maskable_a2c__mask_true,0.063866,0.083984
gpu_utilization,a2c__mask_false,maskable_a2c__mask_true,0.065013,0.083984
gpu_utilization,a2c__mask_false,maskable_a2c__mask_true,0.066160,0.083984
gpu_utilization,a2c__mask_false,maskable_a2c__mask_true,0.067307,0.083984
gpu_utilization,a2c__mask_false,maskable_a2c__mask_true,0.068454,0.083984
gpu_utilization,a2c__mask_false,maskable_a2c__mask_true,0.069600,0.083984
gpu_utilization,a2c__mask_false,maskable_a2c__mask_true,0.070747,0.083984
gpu_utilization,a2c__mask_false,maskable_a2c__mask_true,0.071894,0.083984
gpu_utilization,a2c__mask_false,maskable_a2c__mask_true,0.073041,0.083984
gpu_utilization,a2c__mask_false,maskable_a2c__mask_true,0.074188,0.083984
gpu_utilization,a2c__mask_false,maskable_a2c__mask_true,0.075335,0.083984
gpu_utilization,a2c__mask_false,maskable_a2c__mask_true,0.076482,0.083984
gpu_utilization,a2c__mask_false,maskable_a2c__mask_true,0.077628,0.083984
gpu_utilization,a2c__mask_false,maskable_a2c__mask_true,0.078775,0.083984
gpu_utilization,a2c__mask_false,maskable_a2c__mask_true,0.079922,0.083984
gpu_utilization,a2c__mask_false,maskable_a2c__mask_true,0.081069,0.083984
gpu_utilization,a2c__mask_false,maskable_a2c__mask_true,0.082216,0.083984
gpu_utilization,a2c__mask_false,maskable_a2c__mask_true,0.083363,0.083984
gpu_utilization,a2c__mask_false,maskable_a2c__mask_true,0.084510,0.083984
gpu_utilization,a2c__mask_false,maskable_a2c__mask_true,0.085656,0.083984
gpu_utilization,a2c__mask_false,maskable_a2c__mask_true,0.086803,0.083984
gpu_utilization,a2c__mask_false,maskable_a2c__mask_true,0.087950,0.083984
gpu_utilization,a2c__mask_false,maskable_a2c__mask_true,0.089097,0.083984
gpu_utilization,a2c__mask_false,maskable_a2c__mask_true,0.090244,0.083984
gpu_utilization,a2c__mask_false,maskable_a2c__mask_true,0.091391,0.083984
gpu_utilization,a2c__mask_false,maskable_a2c__mask_true,0.092537,0.083984
gpu_utilization,a2c__mask_false,maskable_a2c__mask_true,0.093684,0.083984
gpu_utilization,a2c__mask_false,maskable_a2c__mask_true,0.094831,0.083984
gpu_utilization,a2c__mask_false,maskable_a2c__mask_true,0.095978,0.083984
gpu_utilization,a2c__mask_false,maskable_a2c__mask_true,0.097125,0.083984
gpu_utilization,a2c__mask_false,maskable_a2c__mask_true,0.098272,0.083984
gpu_utilization,a2c__mask_false,maskable_a2c__mask_true,0.099419,0.083984
gpu_utilization,a2c__mask_false,maskable_a2c__mask_true,0.100565,0.083984
gpu_utilization,a2c__mask_false,maskable_a2c__mask_true,0.101712,0.083984
gpu_utilization,a2c__mask_false,maskable_a2c__mask_true,0.102859,0.083984
gpu_utilization,a2c__mask_false,maskable_a2c__mask_true,0.104006,0.083984
gpu_utilization,a2c__mask_false,maskable_a2c__mask_true,0.105153,0.083984
gpu_utilization,a2c__mask_false,maskable_a2c__mask_true,0.106300,0.083984
gpu_utilization,a2c__mask_false,maskable_a2c__mask_true,0.107447,0.083984
gpu_utilization,a2c__mask_false,maskable_a2c__mask_true,0.108593,0.083984
gpu_utilization,a2c__mask_false,maskable_a2c__mask_true,0.109740,0.083984
gpu_utilization,a2c__mask_false,maskable_a2c__mask_true,0.110887,0.083984
gpu_utilization,a2c__mask_false,maskable_a2c__mask_true,0.112034,0.083984
gpu_utilization,a2c__mask_false,maskable_a2c__mask_true,0.113181,0.083984
gpu_utilization,a2c__mask_false,maskable_a2c__mask_true,0.114328,0.083984
gpu_utilization,a2c__mask_false,maskable_a2c__mask_true,0.115475,0.064453
gpu_utilization,a2c__mask_false,maskable_a2c__mask_true,0.116621,0.064453
gpu_utilization,a2c__mask_false,maskable_a2c__mask_true,0.117768,0.009766
gpu_utilization,a2c__mask_false,maskable_a2c__mask_true,0.118915,0.005859
gpu_utilization,a2c__mask_false,maskable_a2c__mask_true,0.120062,0.003906
gpu_utilization,a2c__mask_false,maskable_a2c__mask_true,0.121209,0.003906
gpu_utilization,a2c__mask_false,maskable_a2c__mask_true,0.122356,0.003906
gpu_utilization,a2c__mask_false,maskable_a2c__mask_true,0.123503,0.003906
gpu_utilization,a2c__mask_false,maskable_a2c__mask_true,0.124649,0.003906
gpu_utilization,a2c__mask_false,maskable_a2c__mask_true,0.125796,0.003906
gpu_utilization,a2c__mask_false,maskable_a2c__mask_true,0.126943,0.003906
gpu_utilization,a2c__mask_false,maskable_a2c__mask_true,0.128090,0.003906
gpu_utilization,a2c__mask_false,maskable_a2c__mask_true,0.129237,0.003906
gpu_utilization,a2c__mask_false,maskable_a2c__mask_true,0.130384,0.003906
gpu_utilization,a2c__mask_false,maskable_a2c__mask_true,0.131530,0.003906
gpu_utilization,a2c__mask_false,maskable_a2c__mask_true,0.132677,0.003906
gpu_utilization,a2c__mask_false,maskable_a2c__mask_true,0.133824,0.003906
gpu_utilization,a2c__mask_false,maskable_a2c__mask_true,0.134971,0.003906
gpu_utilization,a2c__mask_false,maskable_a2c__mask_true,0.136118,0.003906
gpu_utilization,a2c__mask_false,maskable_a2c__mask_true,0.137265,0.003906
gpu_utilization,a2c__mask_false,maskable_a2c__mask_true,0.138412,0.003906
gpu_utilization,a2c__mask_false,maskable_a2c__mask_true,0.139558,0.003906
gpu_utilization,a2c__mask_false,maskable_a2c__mask_true,0.140705,0.003906
gpu_utilization,a2c__mask_false,maskable_a2c__mask_true,0.141852,0.003906
gpu_utilization,a2c__mask_false,maskable_a2c__mask_true,0.142999,0.003906
gpu_utilization,a2c__mask_false,maskable_a2c__mask_true,0.144146,0.003906
gpu_utilization,a2c__mask_false,maskable_a2c__mask_true,0.145293,0.003906
gpu_utilization,a2c__mask_false,maskable_a2c__mask_true,0.146440,0.003906
gpu_utilization,a2c__mask_false,maskable_a2c__mask_true,0.147586,0.003906
gpu_utilization,a2c__mask_false,maskable_a2c__mask_true,0.148733,0.003906
gpu_utilization,a2c__mask_false,maskable_a2c__mask_true,0.149880,0.003906
gpu_utilization,a2c__mask_false,maskable_a2c__mask_true,0.151027,0.003906
gpu_utilization,a2c__mask_false,maskable_a2c__mask_true,0.152174,0.003906
gpu_utilization,a2c__mask_false,maskable_a2c__mask_true,0.153321,0.003906
gpu_utilization,a2c__mask_false,maskable_a2c__mask_true,0.154468,0.003906
gpu_utilization,a2c__mask_false,maskable_a2c__mask_true,0.155614,0.003906
gpu_utilization,a2c__mask_false,maskable_a2c__mask_true,0.156761,0.003906
gpu_utilization,a2c__mask_false,maskable_a2c__mask_true,0.157908,0.003906
gpu_utilization,a2c__mask_false,maskable_a2c__mask_true,0.159055,0.003906
gpu_utilization,a2c__mask_false,maskable_a2c__mask_true,0.160202,0.003906
gpu_utilization,a2c__mask_false,maskable_a2c__mask_true,0.161349,0.003906
gpu_utilization,a2c__mask_false,maskable_a2c__mask_true,0.162496,0.003906
gpu_utilization,a2c__mask_false,maskable_a2c__mask_true,0.163642,0.003906
gpu_utilization,a2c__mask_false,maskable_a2c__mask_true,0.164789,0.003906
gpu_utilization,a2c__mask_false,maskable_a2c__mask_true,0.165936,0.003906
gpu_utilization,a2c__mask_false,maskable_a2c__mask_true,0.167083,0.003906
gpu_utilization,a2c__mask_false,maskable_a2c__mask_true,0.168230,0.003906
gpu_utilization,a2c__mask_false,maskable_a2c__mask_true,0.169377,0.003906
gpu_utilization,a2c__mask_false,maskable_a2c__mask_true,0.170523,0.003906
gpu_utilization,a2c__mask_false,maskable_a2c__mask_true,0.171670,0.003906
gpu_utilization,a2c__mask_false,maskable_a2c__mask_true,0.172817,0.003906
gpu_utilization,a2c__mask_false,maskable_a2c__mask_true,0.173964,0.003906
gpu_utilization,a2c__mask_false,maskable_a2c__mask_true,0.175111,0.003906
gpu_utilization,a2c__mask_false,maskable_a2c__mask_true,0.176258,0.003906
gpu_utilization,a2c__mask_false,maskable_a2c__mask_true,0.177405,0.003906
gpu_utilization,a2c__mask_false,maskable_a2c__mask_true,0.178551,0.003906
gpu_utilization,a2c__mask_false,maskable_a2c__mask_true,0.179698,0.003906
gpu_utilization,a2c__mask_false,maskable_a2c__mask_true,0.180845,0.003906
gpu_utilization,a2c__mask_false,maskable_a2c__mask_true,0.181992,0.003906
gpu_utilization,a2c__mask_false,maskable_a2c__mask_true,0.183139,0.003906
gpu_utilization,a2c__mask_false,maskable_a2c__mask_true,0.184286,0.003906
gpu_utilization,a2c__mask_false,maskable_a2c__mask_true,0.185433,0.003906
gpu_utilization,a2c__mask_false,maskable_a2c__mask_true,0.186579,0.003906
gpu_utilization,a2c__mask_false,maskable_a2c__mask_true,0.187726,0.003906
gpu_utilization,a2c__mask_false,maskable_a2c__mask_true,0.188873,0.003906
gpu_utilization,a2c__mask_false,maskable_a2c__mask_true,0.190020,0.003906
gpu_utilization,a2c__mask_false,maskable_a2c__mask_true,0.191167,0.003906
gpu_utilization,a2c__mask_false,maskable_a2c__mask_true,0.192314,0.003906
gpu_utilization,a2c__mask_false,maskable_a2c__mask_true,0.193461,0.003906
gpu_utilization,a2c__mask_false,maskable_a2c__mask_true,0.194607,0.003906
gpu_utilization,a2c__mask_false,maskable_a2c__mask_true,0.195754,0.003906
gpu_utilization,a2c__mask_false,maskable_a2c__mask_true,0.196901,0.003906
gpu_utilization,a2c__mask_false,maskable_a2c__mask_true,0.198048,0.003906
gpu_utilization,a2c__mask_false,maskable_a2c__mask_true,0.199195,0.003906
gpu_utilization,a2c__mask_false,maskable_a2c__mask_true,0.200342,0.003906
gpu_utilization,a2c__mask_false,maskable_a2c__mask_true,0.201489,0.003906
gpu_utilization,a2c__mask_false,maskable_a2c__mask_true,0.202635,0.003906
gpu_utilization,a2c__mask_false,maskable_a2c__mask_true,0.203782,0.003906
gpu_utilization,a2c__mask_false,maskable_a2c__mask_true,0.204929,0.003906
gpu_utilization,a2c__mask_false,maskable_a2c__mask_true,0.206076,0.003906
gpu_utilization,a2c__mask_false,maskable_a2c__mask_true,0.207223,0.003906
gpu_utilization,a2c__mask_false,maskable_a2c__mask_true,0.208370,0.003906
gpu_utilization,a2c__mask_false,maskable_a2c__mask_true,0.209516,0.003906
gpu_utilization,a2c__mask_false,maskable_a2c__mask_true,0.210663,0.003906
gpu_utilization,a2c__mask_false,maskable_a2c__mask_true,0.211810,0.003906
gpu_utilization,a2c__mask_false,maskable_a2c__mask_true,0.212957,0.003906
gpu_utilization,a2c__mask_false,maskable_a2c__mask_true,0.214104,0.003906
gpu_utilization,a2c__mask_false,maskable_a2c__mask_true,0.215251,0.003906
gpu_utilization,a2c__mask_false,maskable_a2c__mask_true,0.216398,0.003906
gpu_utilization,a2c__mask_false,maskable_a2c__mask_true,0.217544,0.003906
gpu_utilization,a2c__mask_false,maskable_a2c__mask_true,0.218691,0.003906
gpu_utilization,a2c__mask_false,maskable_ppo__mask_true,-0.009532,0.003906
gpu_utilization,a2c__mask_false,maskable_ppo__mask_true,-0.009509,0.003906
gpu_utilization,a2c__mask_false,maskable_ppo__mask_true,-0.009485,0.003906
gpu_utilization,a2c__mask_false,maskable_ppo__mask_true,-0.009462,0.003906
gpu_utilization,a2c__mask_false,maskable_ppo__mask_true,-0.009438,0.003906
gpu_utilization,a2c__mask_false,maskable_ppo__mask_true,-0.009415,0.003906
gpu_utilization,a2c__mask_false,maskable_ppo__mask_true,-0.009392,0.003906
gpu_utilization,a2c__mask_false,maskable_ppo__mask_true,-0.009368,0.003906
gpu_utilization,a2c__mask_false,maskable_ppo__mask_true,-0.009345,0.003906
gpu_utilization,a2c__mask_false,maskable_ppo__mask_true,-0.009321,0.003906
gpu_utilization,a2c__mask_false,maskable_ppo__mask_true,-0.009298,0.003906
gpu_utilization,a2c__mask_false,maskable_ppo__mask_true,-0.009274,0.003906
gpu_utilization,a2c__mask_false,maskable_ppo__mask_true,-0.009251,0.003906
gpu_utilization,a2c__mask_false,maskable_ppo__mask_true,-0.009227,0.003906
gpu_utilization,a2c__mask_false,maskable_ppo__mask_true,-0.009204,0.003906
gpu_utilization,a2c__mask_false,maskable_ppo__mask_true,-0.009180,0.003906
gpu_utilization,a2c__mask_false,maskable_ppo__mask_true,-0.009157,0.003906
gpu_utilization,a2c__mask_false,maskable_ppo__mask_true,-0.009133,0.003906
gpu_utilization,a2c__mask_false,maskable_ppo__mask_true,-0.009110,0.003906
gpu_utilization,a2c__mask_false,maskable_ppo__mask_true,-0.009086,0.003906
gpu_utilization,a2c__mask_false,maskable_ppo__mask_true,-0.009063,0.003906
gpu_utilization,a2c__mask_false,maskable_ppo__mask_true,-0.009039,0.003906
gpu_utilization,a2c__mask_false,maskable_ppo__mask_true,-0.009016,0.003906
gpu_utilization,a2c__mask_false,maskable_ppo__mask_true,-0.008992,0.003906
gpu_utilization,a2c__mask_false,maskable_ppo__mask_true,-0.008969,0.003906
gpu_utilization,a2c__mask_false,maskable_ppo__mask_true,-0.008945,0.003906
gpu_utilization,a2c__mask_false,maskable_ppo__mask_true,-0.008922,0.003906
gpu_utilization,a2c__mask_false,maskable_ppo__mask_true,-0.008898,0.003906
gpu_utilization,a2c__mask_false,maskable_ppo__mask_true,-0.008875,0.003906
gpu_utilization,a2c__mask_false,maskable_ppo__mask_true,-0.008851,0.003906
gpu_utilization,a2c__mask_false,maskable_ppo__mask_true,-0.008828,0.003906
gpu_utilization,a2c__mask_false,maskable_ppo__mask_true,-0.008804,0.003906
gpu_utilization,a2c__mask_false,maskable_ppo__mask_true,-0.008781,0.003906
gpu_utilization,a2c__mask_false,maskable_ppo__mask_true,-0.008757,0.003906
gpu_utilization,a2c__mask_false,maskable_ppo__mask_true,-0.008734,0.003906
gpu_utilization,a2c__mask_false,maskable_ppo__mask_true,-0.008710,0.003906
gpu_utilization,a2c__mask_false,maskable_ppo__mask_true,-0.008687,0.003906
gpu_utilization,a2c__mask_false,maskable_ppo__mask_true,-0.008663,0.003906
gpu_utilization,a2c__mask_false,maskable_ppo__mask_true,-0.008640,0.003906
gpu_utilization,a2c__mask_false,maskable_ppo__mask_true,-0.008616,0.003906
gpu_utilization,a2c__mask_false,maskable_ppo__mask_true,-0.008593,0.003906
gpu_utilization,a2c__mask_false,maskable_ppo__mask_true,-0.008569,0.003906
gpu_utilization,a2c__mask_false,maskable_ppo__mask_true,-0.008546,0.003906
gpu_utilization,a2c__mask_false,maskable_ppo__mask_true,-0.008522,0.003906
gpu_utilization,a2c__mask_false,maskable_ppo__mask_true,-0.008499,0.003906
gpu_utilization,a2c__mask_false,maskable_ppo__mask_true,-0.008475,0.003906
gpu_utilization,a2c__mask_false,maskable_ppo__mask_true,-0.008452,0.003906
gpu_utilization,a2c__mask_false,maskable_ppo__mask_true,-0.008428,0.003906
gpu_utilization,a2c__mask_false,maskable_ppo__mask_true,-0.008405,0.003906
gpu_utilization,a2c__mask_false,maskable_ppo__mask_true,-0.008381,0.003906
gpu_utilization,a2c__mask_false,maskable_ppo__mask_true,-0.008358,0.003906
gpu_utilization,a2c__mask_false,maskable_ppo__mask_true,-0.008334,0.003906
gpu_utilization,a2c__mask_false,maskable_ppo__mask_true,-0.008311,0.003906
gpu_utilization,a2c__mask_false,maskable_ppo__mask_true,-0.008287,0.003906
gpu_utilization,a2c__mask_false,maskable_ppo__mask_true,-0.008264,0.003906
gpu_utilization,a2c__mask_false,maskable_ppo__mask_true,-0.008240,0.003906
gpu_utilization,a2c__mask_false,maskable_ppo__mask_true,-0.008217,0.003906
gpu_utilization,a2c__mask_false,maskable_ppo__mask_true,-0.008193,0.003906
gpu_utilization,a2c__mask_false,maskable_ppo__mask_true,-0.008170,0.003906
gpu_utilization,a2c__mask_false,maskable_ppo__mask_true,-0.008146,0.003906
gpu_utilization,a2c__mask_false,maskable_ppo__mask_true,-0.008123,0.003906
gpu_utilization,a2c__mask_false,maskable_ppo__mask_true,-0.008100,0.003906
gpu_utilization,a2c__mask_false,maskable_ppo__mask_true,-0.008076,0.003906
gpu_utilization,a2c__mask_false,maskable_ppo__mask_true,-0.008053,0.003906
gpu_utilization,a2c__mask_false,maskable_ppo__mask_true,-0.008029,0.003906
gpu_utilization,a2c__mask_false,maskable_ppo__mask_true,-0.008006,0.003906
gpu_utilization,a2c__mask_false,maskable_ppo__mask_true,-0.007982,0.003906
gpu_utilization,a2c__mask_false,maskable_ppo__mask_true,-0.007959,0.005859
gpu_utilization,a2c__mask_false,maskable_ppo__mask_true,-0.007935,0.009766
gpu_utilization,a2c__mask_false,maskable_ppo__mask_true,-0.007912,0.009766
gpu_utilization,a2c__mask_false,maskable_ppo__mask_true,-0.007888,0.027344
gpu_utilization,a2c__mask_false,maskable_ppo__mask_true,-0.007865,0.027344
gpu_utilization,a2c__mask_false,maskable_ppo__mask_true,-0.007841,0.037109
gpu_utilization,a2c__mask_false,maskable_ppo__mask_true,-0.007818,0.037109
gpu_utilization,a2c__mask_false,maskable_ppo__mask_true,-0.007794,0.037109
gpu_utilization,a2c__mask_false,maskable_ppo__mask_true,-0.007771,0.037109
gpu_utilization,a2c__mask_false,maskable_ppo__mask_true,-0.007747,0.064453
gpu_utilization,a2c__mask_false,maskable_ppo__mask_true,-0.007724,0.064453
gpu_utilization,a2c__mask_false,maskable_ppo__mask_true,-0.007700,0.064453
gpu_utilization,a2c__mask_false,maskable_ppo__mask_true,-0.007677,0.064453
gpu_utilization,a2c__mask_false,maskable_ppo__mask_true,-0.007653,0.064453
gpu_utilization,a2c__mask_false,maskable_ppo__mask_true,-0.007630,0.064453
gpu_utilization,a2c__mask_false,maskable_ppo__mask_true,-0.007606,0.064453
gpu_utilization,a2c__mask_false,maskable_ppo__mask_true,-0.007583,0.064453
gpu_utilization,a2c__mask_false,maskable_ppo__mask_true,-0.007559,0.064453
gpu_utilization,a2c__mask_false,maskable_ppo__mask_true,-0.007536,0.064453
gpu_utilization,a2c__mask_false,maskable_ppo__mask_true,-0.007512,0.064453
gpu_utilization,a2c__mask_false,maskable_ppo__mask_true,-0.007489,0.064453
gpu_utilization,a2c__mask_false,maskable_ppo__mask_true,-0.007465,0.064453
gpu_utilization,a2c__mask_false,maskable_ppo__mask_true,-0.007442,0.064453
gpu_utilization,a2c__mask_false,maskable_ppo__mask_true,-0.007418,0.064453
gpu_utilization,a2c__mask_false,maskable_ppo__mask_true,-0.007395,0.064453
gpu_utilization,a2c__mask_false,maskable_ppo__mask_true,-0.007371,0.064453
gpu_utilization,a2c__mask_false,maskable_ppo__mask_true,-0.007348,0.064453
gpu_utilization,a2c__mask_false,maskable_ppo__mask_true,-0.007324,0.083984
gpu_utilization,a2c__mask_false,maskable_ppo__mask_true,-0.007301,0.083984
gpu_utilization,a2c__mask_false,maskable_ppo__mask_true,-0.007277,0.083984
gpu_utilization,a2c__mask_false,maskable_ppo__mask_true,-0.007254,0.083984
gpu_utilization,a2c__mask_false,maskable_ppo__mask_true,-0.007230,0.083984
gpu_utilization,a2c__mask_false,maskable_ppo__mask_true,-0.007207,0.083984
gpu_utilization,a2c__mask_false,maskable_ppo__mask_true,-0.007183,0.083984
gpu_utilization,a2c__mask_false,maskable_ppo__mask_true,-0.007160,0.083984
gpu_utilization,a2c__mask_false,maskable_ppo__mask_true,-0.007136,0.083984
gpu_utilization,a2c__mask_false,maskable_ppo__mask_true,-0.007113,0.083984
gpu_utilization,a2c__mask_false,maskable_ppo__mask_true,-0.007089,0.083984
gpu_utilization,a2c__mask_false,maskable_ppo__mask_true,-0.007066,0.083984
gpu_utilization,a2c__mask_false,maskable_ppo__mask_true,-0.007042,0.083984
gpu_utilization,a2c__mask_false,maskable_ppo__mask_true,-0.007019,0.083984
gpu_utilization,a2c__mask_false,maskable_ppo__mask_true,-0.006995,0.083984
gpu_utilization,a2c__mask_false,maskable_ppo__mask_true,-0.006972,0.083984
gpu_utilization,a2c__mask_false,maskable_ppo__mask_true,-0.006948,0.083984
gpu_utilization,a2c__mask_false,maskable_ppo__mask_true,-0.006925,0.083984
gpu_utilization,a2c__mask_false,maskable_ppo__mask_true,-0.006901,0.083984
gpu_utilization,a2c__mask_false,maskable_ppo__mask_true,-0.006878,0.083984
gpu_utilization,a2c__mask_false,maskable_ppo__mask_true,-0.006854,0.083984
gpu_utilization,a2c__mask_false,maskable_ppo__mask_true,-0.006831,0.083984
gpu_utilization,a2c__mask_false,maskable_ppo__mask_true,-0.006808,0.083984
gpu_utilization,a2c__mask_false,maskable_ppo__mask_true,-0.006784,0.083984
gpu_utilization,a2c__mask_false,maskable_ppo__mask_true,-0.006761,0.083984
gpu_utilization,a2c__mask_false,maskable_ppo__mask_true,-0.006737,0.083984
gpu_utilization,a2c__mask_false,maskable_ppo__mask_true,-0.006714,0.083984
gpu_utilization,a2c__mask_false,maskable_ppo__mask_true,-0.006690,0.083984
gpu_utilization,a2c__mask_false,maskable_ppo__mask_true,-0.006667,0.083984
gpu_utilization,a2c__mask_false,maskable_ppo__mask_true,-0.006643,0.083984
gpu_utilization,a2c__mask_false,maskable_ppo__mask_true,-0.006620,0.083984
gpu_utilization,a2c__mask_false,maskable_ppo__mask_true,-0.006596,0.083984
gpu_utilization,a2c__mask_false,maskable_ppo__mask_true,-0.006573,0.083984
gpu_utilization,a2c__mask_false,maskable_ppo__mask_true,-0.006549,0.083984
gpu_utilization,a2c__mask_false,maskable_ppo__mask_true,-0.006526,0.083984
gpu_utilization,a2c__mask_false,maskable_ppo__mask_true,-0.006502,0.083984
gpu_utilization,a2c__mask_false,maskable_ppo__mask_true,-0.006479,0.083984
gpu_utilization,a2c__mask_false,maskable_ppo__mask_true,-0.006455,0.083984
gpu_utilization,a2c__mask_false,maskable_ppo__mask_true,-0.006432,0.083984
gpu_utilization,a2c__mask_false,maskable_ppo__mask_true,-0.006408,0.083984
gpu_utilization,a2c__mask_false,maskable_ppo__mask_true,-0.006385,0.083984
gpu_utilization,a2c__mask_false,maskable_ppo__mask_true,-0.006361,0.083984
gpu_utilization,a2c__mask_false,maskable_ppo__mask_true,-0.006338,0.083984
gpu_utilization,a2c__mask_false,maskable_ppo__mask_true,-0.006314,0.083984
gpu_utilization,a2c__mask_false,maskable_ppo__mask_true,-0.006291,0.083984
gpu_utilization,a2c__mask_false,maskable_ppo__mask_true,-0.006267,0.083984
gpu_utilization,a2c__mask_false,maskable_ppo__mask_true,-0.006244,0.083984
gpu_utilization,a2c__mask_false,maskable_ppo__mask_true,-0.006220,0.083984
gpu_utilization,a2c__mask_false,maskable_ppo__mask_true,-0.006197,0.083984
gpu_utilization,a2c__mask_false,maskable_ppo__mask_true,-0.006173,0.083984
gpu_utilization,a2c__mask_false,maskable_ppo__mask_true,-0.006150,0.083984
gpu_utilization,a2c__mask_false,maskable_ppo__mask_true,-0.006126,0.083984
gpu_utilization,a2c__mask_false,maskable_ppo__mask_true,-0.006103,0.083984
gpu_utilization,a2c__mask_false,maskable_ppo__mask_true,-0.006079,0.083984
gpu_utilization,a2c__mask_false,maskable_ppo__mask_true,-0.006056,0.105469
gpu_utilization,a2c__mask_false,maskable_ppo__mask_true,-0.006032,0.130859
gpu_utilization,a2c__mask_false,maskable_ppo__mask_true,-0.006009,0.130859
gpu_utilization,a2c__mask_false,maskable_ppo__mask_true,-0.005985,0.275391
gpu_utilization,a2c__mask_false,maskable_ppo__mask_true,-0.005962,0.375000
gpu_utilization,a2c__mask_false,maskable_ppo__mask_true,-0.005938,0.492188
gpu_utilization,a2c__mask_false,maskable_ppo__mask_true,-0.005915,0.769531
gpu_utilization,a2c__mask_false,maskable_ppo__mask_true,-0.005891,1.000000
gpu_utilization,a2c__mask_false,maskable_ppo__mask_true,-0.005868,0.769531
gpu_utilization,a2c__mask_false,maskable_ppo__mask_true,-0.005844,0.625000
gpu_utilization,a2c__mask_false,maskable_ppo__mask_true,-0.005821,0.556641
gpu_utilization,a2c__mask_false,maskable_ppo__mask_true,-0.005797,0.431641
gpu_utilization,a2c__mask_false,maskable_ppo__mask_true,-0.005774,0.275391
gpu_utilization,a2c__mask_false,maskable_ppo__mask_true,-0.005750,0.160156
gpu_utilization,a2c__mask_false,maskable_ppo__mask_true,-0.005727,0.130859
gpu_utilization,a2c__mask_false,maskable_ppo__mask_true,-0.005703,0.130859
gpu_utilization,a2c__mask_false,maskable_ppo__mask_true,-0.005680,0.130859
gpu_utilization,a2c__mask_false,maskable_ppo__mask_true,-0.005656,0.105469
gpu_utilization,a2c__mask_false,maskable_ppo__mask_true,-0.005633,0.083984
gpu_utilization,a2c__mask_false,maskable_ppo__mask_true,-0.005609,0.064453
gpu_utilization,a2c__mask_false,maskable_ppo__mask_true,-0.005586,0.064453
gpu_utilization,a2c__mask_false,maskable_ppo__mask_true,-0.005563,0.064453
gpu_utilization,a2c__mask_false,maskable_ppo__mask_true,-0.005539,0.064453
gpu_utilization,a2c__mask_false,maskable_ppo__mask_true,-0.005516,0.064453
gpu_utilization,a2c__mask_false,maskable_ppo__mask_true,-0.005492,0.064453
gpu_utilization,a2c__mask_false,maskable_ppo__mask_true,-0.005469,0.064453
gpu_utilization,a2c__mask_false,maskable_ppo__mask_true,-0.005445,0.064453
gpu_utilization,a2c__mask_false,maskable_ppo__mask_true,-0.005422,0.048828
gpu_utilization,a2c__mask_false,maskable_ppo__mask_true,-0.005398,0.048828
gpu_utilization,a2c__mask_false,maskable_ppo__mask_true,-0.005375,0.037109
gpu_utilization,a2c__mask_false,maskable_ppo__mask_true,-0.005351,0.027344
gpu_utilization,a2c__mask_false,maskable_ppo__mask_true,-0.005328,0.013672
gpu_utilization,a2c__mask_false,maskable_ppo__mask_true,-0.005304,0.009766
gpu_utilization,a2c__mask_false,maskable_ppo__mask_true,-0.005281,0.009766
gpu_utilization,a2c__mask_false,maskable_ppo__mask_true,-0.005257,0.009766
gpu_utilization,a2c__mask_false,maskable_ppo__mask_true,-0.005234,0.009766
gpu_utilization,a2c__mask_false,maskable_ppo__mask_true,-0.005210,0.005859
gpu_utilization,a2c__mask_false,maskable_ppo__mask_true,-0.005187,0.003906
gpu_utilization,a2c__mask_false,maskable_ppo__mask_true,-0.005163,0.003906
gpu_utilization,a2c__mask_false,maskable_ppo__mask_true,-0.005140,0.003906
gpu_utilization,a2c__mask_false,maskable_ppo__mask_true,-0.005116,0.003906
gpu_utilization,a2c__mask_false,maskable_ppo__mask_true,-0.005093,0.003906
gpu_utilization,a2c__mask_false,maskable_ppo__mask_true,-0.005069,0.003906
gpu_utilization,a2c__mask_false,maskable_ppo__mask_true,-0.005046,0.003906
gpu_utilization,a2c__mask_false,maskable_ppo__mask_true,-0.005022,0.003906
gpu_utilization,a2c__mask_false,maskable_ppo__mask_true,-0.004999,0.003906
gpu_utilization,a2c__mask_false,maskable_ppo__mask_true,-0.004975,0.003906
gpu_utilization,a2c__mask_false,maskable_ppo__mask_true,-0.004952,0.003906
gpu_utilization,a2c__mask_false,maskable_ppo__mask_true,-0.004928,0.003906
gpu_utilization,a2c__mask_false,maskable_ppo__mask_true,-0.004905,0.003906
gpu_utilization,a2c__mask_false,maskable_ppo__mask_true,-0.004881,0.003906
gpu_utilization,a2c__mask_false,maskable_ppo__mask_true,-0.004858,0.003906
gpu_utilization,dqn__mask_false,maskable_ppo__mask_true,-0.016186,0.003906
gpu_utilization,dqn__mask_false,maskable_ppo__mask_true,-0.016128,0.003906
gpu_utilization,dqn__mask_false,maskable_ppo__mask_true,-0.016070,0.003906
gpu_utilization,dqn__mask_false,maskable_ppo__mask_true,-0.016012,0.003906
gpu_utilization,dqn__mask_false,maskable_ppo__mask_true,-0.015954,0.003906
gpu_utilization,dqn__mask_false,maskable_ppo__mask_true,-0.015896,0.003906
gpu_utilization,dqn__mask_false,maskable_ppo__mask_true,-0.015838,0.003906
gpu_utilization,dqn__mask_false,maskable_ppo__mask_true,-0.015780,0.003906
gpu_utilization,dqn__mask_false,maskable_ppo__mask_true,-0.015722,0.003906
gpu_utilization,dqn__mask_false,maskable_ppo__mask_true,-0.015664,0.003906
gpu_utilization,dqn__mask_false,maskable_ppo__mask_true,-0.015606,0.003906
gpu_utilization,dqn__mask_false,maskable_ppo__mask_true,-0.015548,0.003906
gpu_utilization,dqn__mask_false,maskable_ppo__mask_true,-0.015490,0.003906
gpu_utilization,dqn__mask_false,maskable_ppo__mask_true,-0.015432,0.003906
gpu_utilization,dqn__mask_false,maskable_ppo__mask_true,-0.015374,0.003906
gpu_utilization,dqn__mask_false,maskable_ppo__mask_true,-0.015316,0.003906
gpu_utilization,dqn__mask_false,maskable_ppo__mask_true,-0.015258,0.003906
gpu_utilization,dqn__mask_false,maskable_ppo__mask_true,-0.015200,0.003906
gpu_utilization,dqn__mask_false,maskable_ppo__mask_true,-0.015142,0.003906
gpu_utilization,dqn__mask_false,maskable_ppo__mask_true,-0.015083,0.003906
gpu_utilization,dqn__mask_false,maskable_ppo__mask_true,-0.015025,0.003906
gpu_utilization,dqn__mask_false,maskable_ppo__mask_true,-0.014967,0.003906
gpu_utilization,dqn__mask_false,maskable_ppo__mask_true,-0.014909,0.003906
gpu_utilization,dqn__mask_false,maskable_ppo__mask_true,-0.014851,0.003906
gpu_utilization,dqn__mask_false,maskable_ppo__mask_true,-0.014793,0.003906
gpu_utilization,dqn__mask_false,maskable_ppo__mask_true,-0.014735,0.003906
gpu_utilization,dqn__mask_false,maskable_ppo__mask_true,-0.014677,0.003906
gpu_utilization,dqn__mask_false,maskable_ppo__mask_true,-0.014619,0.003906
gpu_utilization,dqn__mask_false,maskable_ppo__mask_true,-0.014561,0.003906
gpu_utilization,dqn__mask_false,maskable_ppo__mask_true,-0.014503,0.003906
gpu_utilization,dqn__mask_false,maskable_ppo__mask_true,-0.014445,0.003906
gpu_utilization,dqn__mask_false,maskable_ppo__mask_true,-0.014387,0.003906
gpu_utilization,dqn__mask_false,maskable_ppo__mask_true,-0.014329,0.003906
gpu_utilization,dqn__mask_false,maskable_ppo__mask_true,-0.014271,0.003906
gpu_utilization,dqn__mask_false,maskable_ppo__mask_true,-0.014213,0.003906
gpu_utilization,dqn__mask_false,maskable_ppo__mask_true,-0.014155,0.003906
gpu_utilization,dqn__mask_false,maskable_ppo__mask_true,-0.014097,0.003906
gpu_utilization,dqn__mask_false,maskable_ppo__mask_true,-0.014039,0.003906
gpu_utilization,dqn__mask_false,maskable_ppo__mask_true,-0.013981,0.003906
gpu_utilization,dqn__mask_false,maskable_ppo__mask_true,-0.013923,0.003906
gpu_utilization,dqn__mask_false,maskable_ppo__mask_true,-0.013865,0.003906
gpu_utilization,dqn__mask_false,maskable_ppo__mask_true,-0.013806,0.003906
gpu_utilization,dqn__mask_false,maskable_ppo__mask_true,-0.013748,0.003906
gpu_utilization,dqn__mask_false,maskable_ppo__mask_true,-0.013690,0.003906
gpu_utilization,dqn__mask_false,maskable_ppo__mask_true,-0.013632,0.003906
gpu_utilization,dqn__mask_false,maskable_ppo__mask_true,-0.013574,0.003906
gpu_utilization,dqn__mask_false,maskable_ppo__mask_true,-0.013516,0.003906
gpu_utilization,dqn__mask_false,maskable_ppo__mask_true,-0.013458,0.003906
gpu_utilization,dqn__mask_false,maskable_ppo__mask_true,-0.013400,0.003906
gpu_utilization,dqn__mask_false,maskable_ppo__mask_true,-0.013342,0.003906
gpu_utilization,dqn__mask_false,maskable_ppo__mask_true,-0.013284,0.003906
gpu_utilization,dqn__mask_false,maskable_ppo__mask_true,-0.013226,0.003906
gpu_utilization,dqn__mask_false,maskable_ppo__mask_true,-0.013168,0.003906
gpu_utilization,dqn__mask_false,maskable_ppo__mask_true,-0.013110,0.003906
gpu_utilization,dqn__mask_false,maskable_ppo__mask_true,-0.013052,0.003906
gpu_utilization,dqn__mask_false,maskable_ppo__mask_true,-0.012994,0.003906
gpu_utilization,dqn__mask_false,maskable_ppo__mask_true,-0.012936,0.003906
gpu_utilization,dqn__mask_false,maskable_ppo__mask_true,-0.012878,0.003906
gpu_utilization,dqn__mask_false,maskable_ppo__mask_true,-0.012820,0.003906
gpu_utilization,dqn__mask_false,maskable_ppo__mask_true,-0.012762,0.003906
gpu_utilization,dqn__mask_false,maskable_ppo__mask_true,-0.012704,0.003906
gpu_utilization,dqn__mask_false,maskable_ppo__mask_true,-0.012646,0.005859
gpu_utilization,dqn__mask_false,maskable_ppo__mask_true,-0.012588,0.005859
gpu_utilization,dqn__mask_false,maskable_ppo__mask_true,-0.012530,0.005859
gpu_utilization,dqn__mask_false,maskable_ppo__mask_true,-0.012471,0.005859
gpu_utilization,dqn__mask_false,maskable_ppo__mask_true,-0.012413,0.005859
gpu_utilization,dqn__mask_false,maskable_ppo__mask_true,-0.012355,0.005859
gpu_utilization,dqn__mask_false,maskable_ppo__mask_true,-0.012297,0.005859
gpu_utilization,dqn__mask_false,maskable_ppo__mask_true,-0.012239,0.005859
gpu_utilization,dqn__mask_false,maskable_ppo__mask_true,-0.012181,0.005859
gpu_utilization,dqn__mask_false,maskable_ppo__mask_true,-0.012123,0.005859
gpu_utilization,dqn__mask_false,maskable_ppo__mask_true,-0.012065,0.005859
gpu_utilization,dqn__mask_false,maskable_ppo__mask_true,-0.012007,0.005859
gpu_utilization,dqn__mask_false,maskable_ppo__mask_true,-0.011949,0.005859
gpu_utilization,dqn__mask_false,maskable_ppo__mask_true,-0.011891,0.005859
gpu_utilization,dqn__mask_false,maskable_ppo__mask_true,-0.011833,0.005859
gpu_utilization,dqn__mask_false,maskable_ppo__mask_true,-0.011775,0.005859
gpu_utilization,dqn__mask_false,maskable_ppo__mask_true,-0.011717,0.005859
gpu_utilization,dqn__mask_false,maskable_ppo__mask_true,-0.011659,0.005859
gpu_utilization,dqn__mask_false,maskable_ppo__mask_true,-0.011601,0.005859
gpu_utilization,dqn__mask_false,maskable_ppo__mask_true,-0.011543,0.005859
gpu_utilization,dqn__mask_false,maskable_ppo__mask_true,-0.011485,0.005859
gpu_utilization,dqn__mask_false,maskable_ppo__mask_true,-0.011427,0.019531
gpu_utilization,dqn__mask_false,maskable_ppo__mask_true,-0.011369,0.019531
gpu_utilization,dqn__mask_false,maskable_ppo__mask_true,-0.011311,0.027344
gpu_utilization,dqn__mask_false,maskable_ppo__mask_true,-0.011253,0.048828
gpu_utilization,dqn__mask_false,maskable_ppo__mask_true,-0.011195,0.048828
gpu_utilization,dqn__mask_false,maskable_ppo__mask_true,-0.011136,0.048828
gpu_utilization,dqn__mask_false,maskable_ppo__mask_true,-0.011078,0.048828
gpu_utilization,dqn__mask_false,maskable_ppo__mask_true,-0.011020,0.048828
gpu_utilization,dqn__mask_false,maskable_ppo__mask_true,-0.010962,0.064453
gpu_utilization,dqn__mask_false,maskable_ppo__mask_true,-0.010904,0.064453
gpu_utilization,dqn__mask_false,maskable_ppo__mask_true,-0.010846,0.064453
gpu_utilization,dqn__mask_false,maskable_ppo__mask_true,-0.010788,0.064453
gpu_utilization,dqn__mask_false,maskable_ppo__mask_true,-0.010730,0.083984
gpu_utilization,dqn__mask_false,maskable_ppo__mask_true,-0.010672,0.083984
gpu_utilization,dqn__mask_false,maskable_ppo__mask_true,-0.010614,0.083984
gpu_utilization,dqn__mask_false,maskable_ppo__mask_true,-0.010556,0.083984
gpu_utilization,dqn__mask_false,maskable_ppo__mask_true,-0.010498,0.083984
gpu_utilization,dqn__mask_false,maskable_ppo__mask_true,-0.010440,0.083984
gpu_utilization,dqn__mask_false,maskable_ppo__mask_true,-0.010382,0.083984
gpu_utilization,dqn__mask_false,maskable_ppo__mask_true,-0.010324,0.083984
gpu_utilization,dqn__mask_false,maskable_ppo__mask_true,-0.010266,0.083984
gpu_utilization,dqn__mask_false,maskable_ppo__mask_true,-0.010208,0.083984
gpu_utilization,dqn__mask_false,maskable_ppo__mask_true,-0.010150,0.083984
gpu_utilization,dqn__mask_false,maskable_ppo__mask_true,-0.010092,0.083984
gpu_utilization,dqn__mask_false,maskable_ppo__mask_true,-0.010034,0.083984
gpu_utilization,dqn__mask_false,maskable_ppo__mask_true,-0.009976,0.083984
gpu_utilization,dqn__mask_false,maskable_ppo__mask_true,-0.009918,0.083984
gpu_utilization,dqn__mask_false,maskable_ppo__mask_true,-0.009859,0.083984
gpu_utilization,dqn__mask_false,maskable_ppo__mask_true,-0.009801,0.083984
gpu_utilization,dqn__mask_false,maskable_ppo__mask_true,-0.009743,0.083984
gpu_utilization,dqn__mask_false,maskable_ppo__mask_true,-0.009685,0.083984
gpu_utilization,dqn__mask_false,maskable_ppo__mask_true,-0.009627,0.083984
gpu_utilization,dqn__mask_false,maskable_ppo__mask_true,-0.009569,0.083984
gpu_utilization,dqn__mask_false,maskable_ppo__mask_true,-0.009511,0.083984
gpu_utilization,dqn__mask_false,maskable_ppo__mask_true,-0.009453,0.083984
gpu_utilization,dqn__mask_false,maskable_ppo__mask_true,-0.009395,0.083984
gpu_utilization,dqn__mask_false,maskable_ppo__mask_true,-0.009337,0.083984
gpu_utilization,dqn__mask_false,maskable_ppo__mask_true,-0.009279,0.083984
gpu_utilization,dqn__mask_false,maskable_ppo__mask_true,-0.009221,0.083984
gpu_utilization,dqn__mask_false,maskable_ppo__mask_true,-0.009163,0.083984
gpu_utilization,dqn__mask_false,maskable_ppo__mask_true,-0.009105,0.083984
gpu_utilization,dqn__mask_false,maskable_ppo__mask_true,-0.009047,0.083984
gpu_utilization,dqn__mask_false,maskable_ppo__mask_true,-0.008989,0.083984
gpu_utilization,dqn__mask_false,maskable_ppo__mask_true,-0.008931,0.083984
gpu_utilization,dqn__mask_false,maskable_ppo__mask_true,-0.008873,0.083984
gpu_utilization,dqn__mask_false,maskable_ppo__mask_true,-0.008815,0.083984
gpu_utilization,dqn__mask_false,maskable_ppo__mask_true,-0.008757,0.083984
gpu_utilization,dqn__mask_false,maskable_ppo__mask_true,-0.008699,0.083984
gpu_utilization,dqn__mask_false,maskable_ppo__mask_true,-0.008641,0.083984
gpu_utilization,dqn__mask_false,maskable_ppo__mask_true,-0.008583,0.083984
gpu_utilization,dqn__mask_false,maskable_ppo__mask_true,-0.008524,0.083984
gpu_utilization,dqn__mask_false,maskable_ppo__mask_true,-0.008466,0.083984
gpu_utilization,dqn__mask_false,maskable_ppo__mask_true,-0.008408,0.083984
gpu_utilization,dqn__mask_false,maskable_ppo__mask_true,-0.008350,0.083984
gpu_utilization,dqn__mask_false,maskable_ppo__mask_true,-0.008292,0.105469
gpu_utilization,dqn__mask_false,maskable_ppo__mask_true,-0.008234,0.105469
gpu_utilization,dqn__mask_false,maskable_ppo__mask_true,-0.008176,0.105469
gpu_utilization,dqn__mask_false,maskable_ppo__mask_true,-0.008118,0.105469
gpu_utilization,dqn__mask_false,maskable_ppo__mask_true,-0.008060,0.105469
gpu_utilization,dqn__mask_false,maskable_ppo__mask_true,-0.008002,0.105469
gpu_utilization,dqn__mask_false,maskable_ppo__mask_true,-0.007944,0.105469
gpu_utilization,dqn__mask_false,maskable_ppo__mask_true,-0.007886,0.105469
gpu_utilization,dqn__mask_false,maskable_ppo__mask_true,-0.007828,0.105469
gpu_utilization,dqn__mask_false,maskable_ppo__mask_true,-0.007770,0.105469
gpu_utilization,dqn__mask_false,maskable_ppo__mask_true,-0.007712,0.105469
gpu_utilization,dqn__mask_false,maskable_ppo__mask_true,-0.007654,0.105469
gpu_utilization,dqn__mask_false,maskable_ppo__mask_true,-0.007596,0.105469
gpu_utilization,dqn__mask_false,maskable_ppo__mask_true,-0.007538,0.105469
gpu_utilization,dqn__mask_false,maskable_ppo__mask_true,-0.007480,0.105469
gpu_utilization,dqn__mask_false,maskable_ppo__mask_true,-0.007422,0.105469
gpu_utilization,dqn__mask_false,maskable_ppo__mask_true,-0.007364,0.105469
gpu_utilization,dqn__mask_false,maskable_ppo__mask_true,-0.007306,0.105469
gpu_utilization,dqn__mask_false,maskable_ppo__mask_true,-0.007248,0.105469
gpu_utilization,dqn__mask_false,maskable_ppo__mask_true,-0.007189,0.105469
gpu_utilization,dqn__mask_false,maskable_ppo__mask_true,-0.007131,0.130859
gpu_utilization,dqn__mask_false,maskable_ppo__mask_true,-0.007073,0.193359
gpu_utilization,dqn__mask_false,maskable_ppo__mask_true,-0.007015,0.232422
gpu_utilization,dqn__mask_false,maskable_ppo__mask_true,-0.006957,0.322266
gpu_utilization,dqn__mask_false,maskable_ppo__mask_true,-0.006899,0.322266
gpu_utilization,dqn__mask_false,maskable_ppo__mask_true,-0.006841,0.322266
gpu_utilization,dqn__mask_false,maskable_ppo__mask_true,-0.006783,0.322266
gpu_utilization,dqn__mask_false,maskable_ppo__mask_true,-0.006725,0.322266
gpu_utilization,dqn__mask_false,maskable_ppo__mask_true,-0.006667,0.375000
gpu_utilization,dqn__mask_false,maskable_ppo__mask_true,-0.006609,0.375000
gpu_utilization,dqn__mask_false,maskable_ppo__mask_true,-0.006551,0.375000
gpu_utilization,dqn__mask_false,maskable_ppo__mask_true,-0.006493,0.375000
gpu_utilization,dqn__mask_false,maskable_ppo__mask_true,-0.006435,0.431641
gpu_utilization,dqn__mask_false,maskable_ppo__mask_true,-0.006377,0.431641
gpu_utilization,dqn__mask_false,maskable_ppo__mask_true,-0.006319,0.431641
gpu_utilization,dqn__mask_false,maskable_ppo__mask_true,-0.006261,0.431641
gpu_utilization,dqn__mask_false,maskable_ppo__mask_true,-0.006203,0.431641
gpu_utilization,dqn__mask_false,maskable_ppo__mask_true,-0.006145,0.431641
gpu_utilization,dqn__mask_false,maskable_ppo__mask_true,-0.006087,0.431641
gpu_utilization,dqn__mask_false,maskable_ppo__mask_true,-0.006029,0.431641
gpu_utilization,dqn__mask_false,maskable_ppo__mask_true,-0.005971,0.492188
gpu_utilization,dqn__mask_false,maskable_ppo__mask_true,-0.005912,0.695312
gpu_utilization,dqn__mask_false,maskable_ppo__mask_true,-0.005854,0.921875
gpu_utilization,dqn__mask_false,maskable_ppo__mask_true,-0.005796,0.845703
gpu_utilization,dqn__mask_false,maskable_ppo__mask_true,-0.005738,0.492188
gpu_utilization,dqn__mask_false,maskable_ppo__mask_true,-0.005680,0.375000
gpu_utilization,dqn__mask_false,maskable_ppo__mask_true,-0.005622,0.232422
gpu_utilization,dqn__mask_false,maskable_ppo__mask_true,-0.005564,0.232422
gpu_utilization,dqn__mask_false,maskable_ppo__mask_true,-0.005506,0.193359
gpu_utilization,dqn__mask_false,maskable_ppo__mask_true,-0.005448,0.130859
gpu_utilization,dqn__mask_false,maskable_ppo__mask_true,-0.005390,0.130859
gpu_utilization,dqn__mask_false,maskable_ppo__mask_true,-0.005332,0.105469
gpu_utilization,dqn__mask_false,maskable_ppo__mask_true,-0.005274,0.048828
gpu_utilization,dqn__mask_false,maskable_ppo__mask_true,-0.005216,0.027344
gpu_utilization,dqn__mask_false,maskable_ppo__mask_true,-0.005158,0.019531
gpu_utilization,dqn__mask_false,maskable_ppo__mask_true,-0.005100,0.009766
gpu_utilization,dqn__mask_false,maskable_ppo__mask_true,-0.005042,0.009766
gpu_utilization,dqn__mask_false,maskable_ppo__mask_true,-0.004984,0.005859
gpu_utilization,dqn__mask_false,maskable_ppo__mask_true,-0.004926,0.005859
gpu_utilization,dqn__mask_false,maskable_ppo__mask_true,-0.004868,0.005859
gpu_utilization,dqn__mask_false,maskable_ppo__mask_true,-0.004810,0.003906
gpu_utilization,dqn__mask_false,maskable_ppo__mask_true,-0.004752,0.003906
gpu_utilization,dqn__mask_false,maskable_ppo__mask_true,-0.004694,0.003906
gpu_utilization,dqn__mask_false,maskable_ppo__mask_true,-0.004636,0.003906
gpu_utilization,maskable_a2c__mask_true,maskable_dqn__mask_true,-0.195728,0.003906
gpu_utilization,maskable_a2c__mask_true,maskable_dqn__mask_true,-0.194602,0.003906
gpu_utilization,maskable_a2c__mask_true,maskable_dqn__mask_true,-0.193475,0.003906
gpu_utilization,maskable_a2c__mask_true,maskable_dqn__mask_true,-0.192348,0.003906
gpu_utilization,maskable_a2c__mask_true,maskable_dqn__mask_true,-0.191222,0.003906
gpu_utilization,maskable_a2c__mask_true,maskable_dqn__mask_true,-0.190095,0.003906
gpu_utilization,maskable_a2c__mask_true,maskable_dqn__mask_true,-0.188968,0.003906
gpu_utilization,maskable_a2c__mask_true,maskable_dqn__mask_true,-0.187842,0.003906
gpu_utilization,maskable_a2c__mask_true,maskable_dqn__mask_true,-0.186715,0.003906
gpu_utilization,maskable_a2c__mask_true,maskable_dqn__mask_true,-0.185589,0.003906
gpu_utilization,maskable_a2c__mask_true,maskable_dqn__mask_true,-0.184462,0.003906
gpu_utilization,maskable_a2c__mask_true,maskable_dqn__mask_true,-0.183335,0.003906
gpu_utilization,maskable_a2c__mask_true,maskable_dqn__mask_true,-0.182209,0.003906
gpu_utilization,maskable_a2c__mask_true,maskable_dqn__mask_true,-0.181082,0.003906
gpu_utilization,maskable_a2c__mask_true,maskable_dqn__mask_true,-0.179955,0.003906
gpu_utilization,maskable_a2c__mask_true,maskable_dqn__mask_true,-0.178829,0.003906
gpu_utilization,maskable_a2c__mask_true,maskable_dqn__mask_true,-0.177702,0.003906
gpu_utilization,maskable_a2c__mask_true,maskable_dqn__mask_true,-0.176576,0.003906
gpu_utilization,maskable_a2c__mask_true,maskable_dqn__mask_true,-0.175449,0.003906
gpu_utilization,maskable_a2c__mask_true,maskable_dqn__mask_true,-0.174322,0.003906
gpu_utilization,maskable_a2c__mask_true,maskable_dqn__mask_true,-0.173196,0.003906
gpu_utilization,maskable_a2c__mask_true,maskable_dqn__mask_true,-0.172069,0.003906
gpu_utilization,maskable_a2c__mask_true,maskable_dqn__mask_true,-0.170942,0.003906
gpu_utilization,maskable_a2c__mask_true,maskable_dqn__mask_true,-0.169816,0.003906
gpu_utilization,maskable_a2c__mask_true,maskable_dqn__mask_true,-0.168689,0.003906
gpu_utilization,maskable_a2c__mask_true,maskable_dqn__mask_true,-0.167563,0.003906
gpu_utilization,maskable_a2c__mask_true,maskable_dqn__mask_true,-0.166436,0.003906
gpu_utilization,maskable_a2c__mask_true,maskable_dqn__mask_true,-0.165309,0.003906
gpu_utilization,maskable_a2c__mask_true,maskable_dqn__mask_true,-0.164183,0.003906
gpu_utilization,maskable_a2c__mask_true,maskable_dqn__mask_true,-0.163056,0.003906
gpu_utilization,maskable_a2c__mask_true,maskable_dqn__mask_true,-0.161929,0.003906
gpu_utilization,maskable_a2c__mask_true,maskable_dqn__mask_true,-0.160803,0.003906
gpu_utilization,maskable_a2c__mask_true,maskable_dqn__mask_true,-0.159676,0.003906
gpu_utilization,maskable_a2c__mask_true,maskable_dqn__mask_true,-0.158549,0.003906
gpu_utilization,maskable_a2c__mask_true,maskable_dqn__mask_true,-0.157423,0.003906
gpu_utilization,maskable_a2c__mask_true,maskable_dqn__mask_true,-0.156296,0.003906
gpu_utilization,maskable_a2c__mask_true,maskable_dqn__mask_true,-0.155170,0.003906
gpu_utilization,maskable_a2c__mask_true,maskable_dqn__mask_true,-0.154043,0.003906
gpu_utilization,maskable_a2c__mask_true,maskable_dqn__mask_true,-0.152916,0.003906
gpu_utilization,maskable_a2c__mask_true,maskable_dqn__mask_true,-0.151790,0.003906
gpu_utilization,maskable_a2c__mask_true,maskable_dqn__mask_true,-0.150663,0.003906
gpu_utilization,maskable_a2c__mask_true,maskable_dqn__mask_true,-0.149536,0.003906
gpu_utilization,maskable_a2c__mask_true,maskable_dqn__mask_true,-0.148410,0.003906
gpu_utilization,maskable_a2c__mask_true,maskable_dqn__mask_true,-0.147283,0.003906
gpu_utilization,maskable_a2c__mask_true,maskable_dqn__mask_true,-0.146157,0.003906
gpu_utilization,maskable_a2c__mask_true,maskable_dqn__mask_true,-0.145030,0.003906
gpu_utilization,maskable_a2c__mask_true,maskable_dqn__mask_true,-0.143903,0.003906
gpu_utilization,maskable_a2c__mask_true,maskable_dqn__mask_true,-0.142777,0.003906
gpu_utilization,maskable_a2c__mask_true,maskable_dqn__mask_true,-0.141650,0.003906
gpu_utilization,maskable_a2c__mask_true,maskable_dqn__mask_true,-0.140523,0.003906
gpu_utilization,maskable_a2c__mask_true,maskable_dqn__mask_true,-0.139397,0.003906
gpu_utilization,maskable_a2c__mask_true,maskable_dqn__mask_true,-0.138270,0.003906
gpu_utilization,maskable_a2c__mask_true,maskable_dqn__mask_true,-0.137144,0.003906
gpu_utilization,maskable_a2c__mask_true,maskable_dqn__mask_true,-0.136017,0.003906
gpu_utilization,maskable_a2c__mask_true,maskable_dqn__mask_true,-0.134890,0.003906
gpu_utilization,maskable_a2c__mask_true,maskable_dqn__mask_true,-0.133764,0.003906
gpu_utilization,maskable_a2c__mask_true,maskable_dqn__mask_true,-0.132637,0.003906
gpu_utilization,maskable_a2c__mask_true,maskable_dqn__mask_true,-0.131510,0.003906
gpu_utilization,maskable_a2c__mask_true,maskable_dqn__mask_true,-0.130384,0.003906
gpu_utilization,maskable_a2c__mask_true,maskable_dqn__mask_true,-0.129257,0.003906
gpu_utilization,maskable_a2c__mask_true,maskable_dqn__mask_true,-0.128131,0.003906
gpu_utilization,maskable_a2c__mask_true,maskable_dqn__mask_true,-0.127004,0.003906
gpu_utilization,maskable_a2c__mask_true,maskable_dqn__mask_true,-0.125877,0.003906
gpu_utilization,maskable_a2c__mask_true,maskable_dqn__mask_true,-0.124751,0.003906
gpu_utilization,maskable_a2c__mask_true,maskable_dqn__mask_true,-0.123624,0.003906
gpu_utilization,maskable_a2c__mask_true,maskable_dqn__mask_true,-0.122497,0.003906
gpu_utilization,maskable_a2c__mask_true,maskable_dqn__mask_true,-0.121371,0.003906
gpu_utilization,maskable_a2c__mask_true,maskable_dqn__mask_true,-0.120244,0.003906
gpu_utilization,maskable_a2c__mask_true,maskable_dqn__mask_true,-0.119117,0.003906
gpu_utilization,maskable_a2c__mask_true,maskable_dqn__mask_true,-0.117991,0.003906
gpu_utilization,maskable_a2c__mask_true,maskable_dqn__mask_true,-0.116864,0.003906
gpu_utilization,maskable_a2c__mask_true,maskable_dqn__mask_true,-0.115738,0.003906
gpu_utilization,maskable_a2c__mask_true,maskable_dqn__mask_true,-0.114611,0.003906
gpu_utilization,maskable_a2c__mask_true,maskable_dqn__mask_true,-0.113484,0.003906
gpu_utilization,maskable_a2c__mask_true,maskable_dqn__mask_true,-0.112358,0.003906
gpu_utilization,maskable_a2c__mask_true,maskable_dqn__mask_true,-0.111231,0.003906
gpu_utilization,maskable_a2c__mask_true,maskable_dqn__mask_true,-0.110104,0.003906
gpu_utilization,maskable_a2c__mask_true,maskable_dqn__mask_true,-0.108978,0.003906
gpu_utilization,maskable_a2c__mask_true,maskable_dqn__mask_true,-0.107851,0.003906
gpu_utilization,maskable_a2c__mask_true,maskable_dqn__mask_true,-0.106725,0.013672
gpu_utilization,maskable_a2c__mask_true,maskable_dqn__mask_true,-0.105598,0.013672
gpu_utilization,maskable_a2c__mask_true,maskable_dqn__mask_true,-0.104471,0.013672
gpu_utilization,maskable_a2c__mask_true,maskable_dqn__mask_true,-0.103345,0.013672
gpu_utilization,maskable_a2c__mask_true,maskable_dqn__mask_true,-0.102218,0.013672
gpu_utilization,maskable_a2c__mask_true,maskable_dqn__mask_true,-0.101091,0.013672
gpu_utilization,maskable_a2c__mask_true,maskable_dqn__mask_true,-0.099965,0.013672
gpu_utilization,maskable_a2c__mask_true,maskable_dqn__mask_true,-0.098838,0.019531
gpu_utilization,maskable_a2c__mask_true,maskable_dqn__mask_true,-0.097712,0.037109
gpu_utilization,maskable_a2c__mask_true,maskable_dqn__mask_true,-0.096585,0.037109
gpu_utilization,maskable_a2c__mask_true,maskable_dqn__mask_true,-0.095458,0.048828
gpu_utilization,maskable_a2c__mask_true,maskable_dqn__mask_true,-0.094332,0.048828
gpu_utilization,maskable_a2c__mask_true,maskable_dqn__mask_true,-0.093205,0.083984
gpu_utilization,maskable_a2c__mask_true,maskable_dqn__mask_true,-0.092078,0.083984
gpu_utilization,maskable_a2c__mask_true,maskable_dqn__mask_true,-0.090952,0.083984
gpu_utilization,maskable_a2c__mask_true,maskable_dqn__mask_true,-0.089825,0.083984
gpu_utilization,maskable_a2c__mask_true,maskable_dqn__mask_true,-0.088698,0.083984
gpu_utilization,maskable_a2c__mask_true,maskable_dqn__mask_true,-0.087572,0.083984
gpu_utilization,maskable_a2c__mask_true,maskable_dqn__mask_true,-0.086445,0.083984
gpu_utilization,maskable_a2c__mask_true,maskable_dqn__mask_true,-0.085319,0.083984
gpu_utilization,maskable_a2c__mask_true,maskable_dqn__mask_true,-0.084192,0.083984
gpu_utilization,maskable_a2c__mask_true,maskable_dqn__mask_true,-0.083065,0.083984
gpu_utilization,maskable_a2c__mask_true,maskable_dqn__mask_true,-0.081939,0.083984
gpu_utilization,maskable_a2c__mask_true,maskable_dqn__mask_true,-0.080812,0.083984
gpu_utilization,maskable_a2c__mask_true,maskable_dqn__mask_true,-0.079685,0.083984
gpu_utilization,maskable_a2c__mask_true,maskable_dqn__mask_true,-0.078559,0.083984
gpu_utilization,maskable_a2c__mask_true,maskable_dqn__mask_true,-0.077432,0.083984
gpu_utilization,maskable_a2c__mask_true,maskable_dqn__mask_true,-0.076306,0.083984
gpu_utilization,maskable_a2c__mask_true,maskable_dqn__mask_true,-0.075179,0.083984
gpu_utilization,maskable_a2c__mask_true,maskable_dqn__mask_true,-0.074052,0.083984
gpu_utilization,maskable_a2c__mask_true,maskable_dqn__mask_true,-0.072926,0.083984
gpu_utilization,maskable_a2c__mask_true,maskable_dqn__mask_true,-0.071799,0.083984
gpu_utilization,maskable_a2c__mask_true,maskable_dqn__mask_true,-0.070672,0.083984
gpu_utilization,maskable_a2c__mask_true,maskable_dqn__mask_true,-0.069546,0.083984
gpu_utilization,maskable_a2c__mask_true,maskable_dqn__mask_true,-0.068419,0.083984
gpu_utilization,maskable_a2c__mask_true,maskable_dqn__mask_true,-0.067293,0.083984
gpu_utilization,maskable_a2c__mask_true,maskable_dqn__mask_true,-0.066166,0.083984
gpu_utilization,maskable_a2c__mask_true,maskable_dqn__mask_true,-0.065039,0.083984
gpu_utilization,maskable_a2c__mask_true,maskable_dqn__mask_true,-0.063913,0.083984
gpu_utilization,maskable_a2c__mask_true,maskable_dqn__mask_true,-0.062786,0.083984
gpu_utilization,maskable_a2c__mask_true,maskable_dqn__mask_true,-0.061659,0.083984
gpu_utilization,maskable_a2c__mask_true,maskable_dqn__mask_true,-0.060533,0.083984
gpu_utilization,maskable_a2c__mask_true,maskable_dqn__mask_true,-0.059406,0.083984
gpu_utilization,maskable_a2c__mask_true,maskable_dqn__mask_true,-0.058279,0.083984
gpu_utilization,maskable_a2c__mask_true,maskable_dqn__mask_true,-0.057153,0.083984
gpu_utilization,maskable_a2c__mask_true,maskable_dqn__mask_true,-0.056026,0.083984
gpu_utilization,maskable_a2c__mask_true,maskable_dqn__mask_true,-0.054900,0.083984
gpu_utilization,maskable_a2c__mask_true,maskable_dqn__mask_true,-0.053773,0.083984
gpu_utilization,maskable_a2c__mask_true,maskable_dqn__mask_true,-0.052646,0.083984
gpu_utilization,maskable_a2c__mask_true,maskable_dqn__mask_true,-0.051520,0.083984
gpu_utilization,maskable_a2c__mask_true,maskable_dqn__mask_true,-0.050393,0.083984
gpu_utilization,maskable_a2c__mask_true,maskable_dqn__mask_true,-0.049266,0.083984
gpu_utilization,maskable_a2c__mask_true,maskable_dqn__mask_true,-0.048140,0.083984
gpu_utilization,maskable_a2c__mask_true,maskable_dqn__mask_true,-0.047013,0.083984
gpu_utilization,maskable_a2c__mask_true,maskable_dqn__mask_true,-0.045887,0.083984
gpu_utilization,maskable_a2c__mask_true,maskable_dqn__mask_true,-0.044760,0.083984
gpu_utilization,maskable_a2c__mask_true,maskable_dqn__mask_true,-0.043633,0.083984
gpu_utilization,maskable_a2c__mask_true,maskable_dqn__mask_true,-0.042507,0.083984
gpu_utilization,maskable_a2c__mask_true,maskable_dqn__mask_true,-0.041380,0.083984
gpu_utilization,maskable_a2c__mask_true,maskable_dqn__mask_true,-0.040253,0.083984
gpu_utilization,maskable_a2c__mask_true,maskable_dqn__mask_true,-0.039127,0.083984
gpu_utilization,maskable_a2c__mask_true,maskable_dqn__mask_true,-0.038000,0.083984
gpu_utilization,maskable_a2c__mask_true,maskable_dqn__mask_true,-0.036874,0.083984
gpu_utilization,maskable_a2c__mask_true,maskable_dqn__mask_true,-0.035747,0.083984
gpu_utilization,maskable_a2c__mask_true,maskable_dqn__mask_true,-0.034620,0.083984
gpu_utilization,maskable_a2c__mask_true,maskable_dqn__mask_true,-0.033494,0.083984
gpu_utilization,maskable_a2c__mask_true,maskable_dqn__mask_true,-0.032367,0.083984
gpu_utilization,maskable_a2c__mask_true,maskable_dqn__mask_true,-0.031240,0.083984
gpu_utilization,maskable_a2c__mask_true,maskable_dqn__mask_true,-0.030114,0.083984
gpu_utilization,maskable_a2c__mask_true,maskable_dqn__mask_true,-0.028987,0.083984
gpu_utilization,maskable_a2c__mask_true,maskable_dqn__mask_true,-0.027860,0.083984
gpu_utilization,maskable_a2c__mask_true,maskable_dqn__mask_true,-0.026734,0.083984
gpu_utilization,maskable_a2c__mask_true,maskable_dqn__mask_true,-0.025607,0.083984
gpu_utilization,maskable_a2c__mask_true,maskable_dqn__mask_true,-0.024481,0.083984
gpu_utilization,maskable_a2c__mask_true,maskable_dqn__mask_true,-0.023354,0.083984
gpu_utilization,maskable_a2c__mask_true,maskable_dqn__mask_true,-0.022227,0.083984
gpu_utilization,maskable_a2c__mask_true,maskable_dqn__mask_true,-0.021101,0.083984
gpu_utilization,maskable_a2c__mask_true,maskable_dqn__mask_true,-0.019974,0.083984
gpu_utilization,maskable_a2c__mask_true,maskable_dqn__mask_true,-0.018847,0.083984
gpu_utilization,maskable_a2c__mask_true,maskable_dqn__mask_true,-0.017721,0.083984
gpu_utilization,maskable_a2c__mask_true,maskable_dqn__mask_true,-0.016594,0.083984
gpu_utilization,maskable_a2c__mask_true,maskable_dqn__mask_true,-0.015468,0.083984
gpu_utilization,maskable_a2c__mask_true,maskable_dqn__mask_true,-0.014341,0.083984
gpu_utilization,maskable_a2c__mask_true,maskable_dqn__mask_true,-0.013214,0.083984
gpu_utilization,maskable_a2c__mask_true,maskable_dqn__mask_true,-0.012088,0.083984
gpu_utilization,maskable_a2c__mask_true,maskable_dqn__mask_true,-0.010961,0.083984
gpu_utilization,maskable_a2c__mask_true,maskable_dqn__mask_true,-0.009834,0.083984
gpu_utilization,maskable_a2c__mask_true,maskable_dqn__mask_true,-0.008708,0.083984
gpu_utilization,maskable_a2c__mask_true,maskable_dqn__mask_true,-0.007581,0.083984
gpu_utilization,maskable_a2c__mask_true,maskable_dqn__mask_true,-0.006455,0.083984
gpu_utilization,maskable_a2c__mask_true,maskable_dqn__mask_true,-0.005328,0.083984
gpu_utilization,maskable_a2c__mask_true,maskable_dqn__mask_true,-0.004201,0.083984
gpu_utilization,maskable_a2c__mask_true,maskable_dqn__mask_true,-0.003075,0.083984
gpu_utilization,maskable_a2c__mask_true,maskable_dqn__mask_true,-0.001948,0.083984
gpu_utilization,maskable_a2c__mask_true,maskable_dqn__mask_true,-0.000821,0.083984
gpu_utilization,maskable_a2c__mask_true,maskable_dqn__mask_true,0.000305,0.160156
gpu_utilization,maskable_a2c__mask_true,maskable_dqn__mask_true,0.001432,0.275391
gpu_utilization,maskable_a2c__mask_true,maskable_dqn__mask_true,0.002558,0.275391
gpu_utilization,maskable_a2c__mask_true,maskable_dqn__mask_true,0.003685,0.275391
gpu_utilization,maskable_a2c__mask_true,maskable_dqn__mask_true,0.004812,0.275391
gpu_utilization,maskable_a2c__mask_true,maskable_dqn__mask_true,0.005938,0.275391
gpu_utilization,maskable_a2c__mask_true,maskable_dqn__mask_true,0.007065,0.275391
gpu_utilization,maskable_a2c__mask_true,maskable_dqn__mask_true,0.008192,0.275391
gpu_utilization,maskable_a2c__mask_true,maskable_dqn__mask_true,0.009318,0.431641
gpu_utilization,maskable_a2c__mask_true,maskable_dqn__mask_true,0.010445,0.845703
gpu_utilization,maskable_a2c__mask_true,maskable_dqn__mask_true,0.011572,0.845703
gpu_utilization,maskable_a2c__mask_true,maskable_dqn__mask_true,0.012698,1.000000
gpu_utilization,maskable_a2c__mask_true,maskable_dqn__mask_true,0.013825,0.845703
gpu_utilization,maskable_a2c__mask_true,maskable_dqn__mask_true,0.014951,0.556641
gpu_utilization,maskable_a2c__mask_true,maskable_dqn__mask_true,0.016078,0.556641
gpu_utilization,maskable_a2c__mask_true,maskable_dqn__mask_true,0.017205,0.492188
gpu_utilization,maskable_a2c__mask_true,maskable_dqn__mask_true,0.018331,0.375000
gpu_utilization,maskable_a2c__mask_true,maskable_dqn__mask_true,0.019458,0.275391
gpu_utilization,maskable_a2c__mask_true,maskable_dqn__mask_true,0.020585,0.193359
gpu_utilization,maskable_a2c__mask_true,maskable_dqn__mask_true,0.021711,0.130859
gpu_utilization,maskable_a2c__mask_true,maskable_dqn__mask_true,0.022838,0.083984
gpu_utilization,maskable_a2c__mask_true,maskable_dqn__mask_true,0.023964,0.027344
gpu_utilization,maskable_a2c__mask_true,maskable_dqn__mask_true,0.025091,0.019531
gpu_utilization,maskable_a2c__mask_true,maskable_dqn__mask_true,0.026218,0.009766
gpu_utilization,maskable_a2c__mask_true,maskable_dqn__mask_true,0.027344,0.009766
gpu_utilization,maskable_a2c__mask_true,maskable_dqn__mask_true,0.028471,0.003906
gpu_utilization,maskable_dqn__mask_true,maskable_ppo__mask_true,-0.031119,0.003906
gpu_utilization,maskable_dqn__mask_true,maskable_ppo__mask_true,-0.030962,0.003906
gpu_utilization,maskable_dqn__mask_true,maskable_ppo__mask_true,-0.030806,0.003906
gpu_utilization,maskable_dqn__mask_true,maskable_ppo__mask_true,-0.030649,0.003906
gpu_utilization,maskable_dqn__mask_true,maskable_ppo__mask_true,-0.030493,0.003906
gpu_utilization,maskable_dqn__mask_true,maskable_ppo__mask_true,-0.030337,0.003906
gpu_utilization,maskable_dqn__mask_true,maskable_ppo__mask_true,-0.030180,0.003906
gpu_utilization,maskable_dqn__mask_true,maskable_ppo__mask_true,-0.030024,0.003906
gpu_utilization,maskable_dqn__mask_true,maskable_ppo__mask_true,-0.029868,0.005859
gpu_utilization,maskable_dqn__mask_true,maskable_ppo__mask_true,-0.029711,0.005859
gpu_utilization,maskable_dqn__mask_true,maskable_ppo__mask_true,-0.029555,0.005859
gpu_utilization,maskable_dqn__mask_true,maskable_ppo__mask_true,-0.029398,0.005859
gpu_utilization,maskable_dqn__mask_true,maskable_ppo__mask_true,-0.029242,0.009766
gpu_utilization,maskable_dqn__mask_true,maskable_ppo__mask_true,-0.029086,0.009766
gpu_utilization,maskable_dqn__mask_true,maskable_ppo__mask_true,-0.028929,0.009766
gpu_utilization,maskable_dqn__mask_true,maskable_ppo__mask_true,-0.028773,0.009766
gpu_utilization,maskable_dqn__mask_true,maskable_ppo__mask_true,-0.028617,0.009766
gpu_utilization,maskable_dqn__mask_true,maskable_ppo__mask_true,-0.028460,0.013672
gpu_utilization,maskable_dqn__mask_true,maskable_ppo__mask_true,-0.028304,0.013672
gpu_utilization,maskable_dqn__mask_true,maskable_ppo__mask_true,-0.028147,0.013672
gpu_utilization,maskable_dqn__mask_true,maskable_ppo__mask_true,-0.027991,0.019531
gpu_utilization,maskable_dqn__mask_true,maskable_ppo__mask_true,-0.027835,0.019531
gpu_utilization,maskable_dqn__mask_true,maskable_ppo__mask_true,-0.027678,0.019531
gpu_utilization,maskable_dqn__mask_true,maskable_ppo__mask_true,-0.027522,0.027344
gpu_utilization,maskable_dqn__mask_true,maskable_ppo__mask_true,-0.027366,0.037109
gpu_utilization,maskable_dqn__mask_true,maskable_ppo__mask_true,-0.027209,0.037109
gpu_utilization,maskable_dqn__mask_true,maskable_ppo__mask_true,-0.027053,0.037109
gpu_utilization,maskable_dqn__mask_true,maskable_ppo__mask_true,-0.026896,0.037109
gpu_utilization,maskable_dqn__mask_true,maskable_ppo__mask_true,-0.026740,0.037109
gpu_utilization,maskable_dqn__mask_true,maskable_ppo__mask_true,-0.026584,0.037109
gpu_utilization,maskable_dqn__mask_true,maskable_ppo__mask_true,-0.026427,0.037109
gpu_utilization,maskable_dqn__mask_true,maskable_ppo__mask_true,-0.026271,0.048828
gpu_utilization,maskable_dqn__mask_true,maskable_ppo__mask_true,-0.026115,0.064453
gpu_utilization,maskable_dqn__mask_true,maskable_ppo__mask_true,-0.025958,0.064453
gpu_utilization,maskable_dqn__mask_true,maskable_ppo__mask_true,-0.025802,0.064453
gpu_utilization,maskable_dqn__mask_true,maskable_ppo__mask_true,-0.025645,0.064453
gpu_utilization,maskable_dqn__mask_true,maskable_ppo__mask_true,-0.025489,0.083984
gpu_utilization,maskable_dqn__mask_true,maskable_ppo__mask_true,-0.025333,0.105469
gpu_utilization,maskable_dqn__mask_true,maskable_ppo__mask_true,-0.025176,0.105469
gpu_utilization,maskable_dqn__mask_true,maskable_ppo__mask_true,-0.025020,0.130859
gpu_utilization,maskable_dqn__mask_true,maskable_ppo__mask_true,-0.024864,0.160156
gpu_utilization,maskable_dqn__mask_true,maskable_ppo__mask_true,-0.024707,0.160156
gpu_utilization,maskable_dqn__mask_true,maskable_ppo__mask_true,-0.024551,0.160156
gpu_utilization,maskable_dqn__mask_true,maskable_ppo__mask_true,-0.024394,0.193359
gpu_utilization,maskable_dqn__mask_true,maskable_ppo__mask_true,-0.024238,0.193359
gpu_utilization,maskable_dqn__mask_true,maskable_ppo__mask_true,-0.024082,0.193359
gpu_utilization,maskable_dqn__mask_true,maskable_ppo__mask_true,-0.023925,0.232422
gpu_utilization,maskable_dqn__mask_true,maskable_ppo__mask_true,-0.023769,0.275391
gpu_utilization,maskable_dqn__mask_true,maskable_ppo__mask_true,-0.023613,0.322266
gpu_utilization,maskable_dqn__mask_true,maskable_ppo__mask_true,-0.023456,0.322266
gpu_utilization,maskable_dqn__mask_true,maskable_ppo__mask_true,-0.023300,0.375000
gpu_utilization,maskable_dqn__mask_true,maskable_ppo__mask_true,-0.023143,0.375000
gpu_utilization,maskable_dqn__mask_true,maskable_ppo__mask_true,-0.022987,0.431641
gpu_utilization,maskable_dqn__mask_true,maskable_ppo__mask_true,-0.022831,0.431641
gpu_utilization,maskable_dqn__mask_true,maskable_ppo__mask_true,-0.022674,0.431641
gpu_utilization,maskable_dqn__mask_true,maskable_ppo__mask_true,-0.022518,0.492188
gpu_utilization,maskable_dqn__mask_true,maskable_ppo__mask_true,-0.022362,0.492188
gpu_utilization,maskable_dqn__mask_true,maskable_ppo__mask_true,-0.022205,0.492188
gpu_utilization,maskable_dqn__mask_true,maskable_ppo__mask_true,-0.022049,0.492188
gpu_utilization,maskable_dqn__mask_true,maskable_ppo__mask_true,-0.021892,0.492188
gpu_utilization,maskable_dqn__mask_true,maskable_ppo__mask_true,-0.021736,0.492188
gpu_utilization,maskable_dqn__mask_true,maskable_ppo__mask_true,-0.021580,0.556641
gpu_utilization,maskable_dqn__mask_true,maskable_ppo__mask_true,-0.021423,0.625000
gpu_utilization,maskable_dqn__mask_true,maskable_ppo__mask_true,-0.021267,0.695312
gpu_utilization,maskable_dqn__mask_true,maskable_ppo__mask_true,-0.021111,0.695312
gpu_utilization,maskable_dqn__mask_true,maskable_ppo__mask_true,-0.020954,0.695312
gpu_utilization,maskable_dqn__mask_true,maskable_ppo__mask_true,-0.020798,0.695312
gpu_utilization,maskable_dqn__mask_true,maskable_ppo__mask_true,-0.020641,0.695312
gpu_utilization,maskable_dqn__mask_true,maskable_ppo__mask_true,-0.020485,0.695312
gpu_utilization,maskable_dqn__mask_true,maskable_ppo__mask_true,-0.020329,0.769531
gpu_utilization,maskable_dqn__mask_true,maskable_ppo__mask_true,-0.020172,0.769531
gpu_utilization,maskable_dqn__mask_true,maskable_ppo__mask_true,-0.020016,0.845703
gpu_utilization,maskable_dqn__mask_true,maskable_ppo__mask_true,-0.019860,0.845703
gpu_utilization,maskable_dqn__mask_true,maskable_ppo__mask_true,-0.019703,0.845703
gpu_utilization,maskable_dqn__mask_true,maskable_ppo__mask_true,-0.019547,0.845703
gpu_utilization,maskable_dqn__mask_true,maskable_ppo__mask_true,-0.019390,0.921875
gpu_utilization,maskable_dqn__mask_true,maskable_ppo__mask_true,-0.019234,0.921875
gpu_utilization,maskable_dqn__mask_true,maskable_ppo__mask_true,-0.019078,1.000000
gpu_utilization,maskable_dqn__mask_true,maskable_ppo__mask_true,-0.018921,1.000000
gpu_utilization,maskable_dqn__mask_true,maskable_ppo__mask_true,-0.018765,1.000000
gpu_utilization,maskable_dqn__mask_true,maskable_ppo__mask_true,-0.018609,1.000000
gpu_utilization,maskable_dqn__mask_true,maskable_ppo__mask_true,-0.018452,1.000000
gpu_utilization,maskable_dqn__mask_true,maskable_ppo__mask_true,-0.018296,1.000000
gpu_utilization,maskable_dqn__mask_true,maskable_ppo__mask_true,-0.018139,1.000000
gpu_utilization,maskable_dqn__mask_true,maskable_ppo__mask_true,-0.017983,1.000000
gpu_utilization,maskable_dqn__mask_true,maskable_ppo__mask_true,-0.017827,1.000000
gpu_utilization,maskable_dqn__mask_true,maskable_ppo__mask_true,-0.017670,1.000000
gpu_utilization,maskable_dqn__mask_true,maskable_ppo__mask_true,-0.017514,1.000000
gpu_utilization,maskable_dqn__mask_true,maskable_ppo__mask_true,-0.017358,1.000000
gpu_utilization,maskable_dqn__mask_true,maskable_ppo__mask_true,-0.017201,1.000000
gpu_utilization,maskable_dqn__mask_true,maskable_ppo__mask_true,-0.017045,1.000000
gpu_utilization,maskable_dqn__mask_true,maskable_ppo__mask_true,-0.016888,1.000000
gpu_utilization,maskable_dqn__mask_true,maskable_ppo__mask_true,-0.016732,1.000000
gpu_utilization,maskable_dqn__mask_true,maskable_ppo__mask_true,-0.016576,1.000000
gpu_utilization,maskable_dqn__mask_true,maskable_ppo__mask_true,-0.016419,1.000000
gpu_utilization,maskable_dqn__mask_true,maskable_ppo__mask_true,-0.016263,1.000000
gpu_utilization,maskable_dqn__mask_true,maskable_ppo__mask_true,-0.016107,0.921875
gpu_utilization,maskable_dqn__mask_true,maskable_ppo__mask_true,-0.015950,0.921875
gpu_utilization,maskable_dqn__mask_true,maskable_ppo__mask_true,-0.015794,0.921875
gpu_utilization,maskable_dqn__mask_true,maskable_ppo__mask_true,-0.015637,0.769531
gpu_utilization,maskable_dqn__mask_true,maskable_ppo__mask_true,-0.015481,0.769531
gpu_utilization,maskable_dqn__mask_true,maskable_ppo__mask_true,-0.015325,0.769531
gpu_utilization,maskable_dqn__mask_true,maskable_ppo__mask_true,-0.015168,0.769531
gpu_utilization,maskable_dqn__mask_true,maskable_ppo__mask_true,-0.015012,0.769531
gpu_utilization,maskable_dqn__mask_true,maskable_ppo__mask_true,-0.014856,0.769531
gpu_utilization,maskable_dqn__mask_true,maskable_ppo__mask_true,-0.014699,0.695312
gpu_utilization,maskable_dqn__mask_true,maskable_ppo__mask_true,-0.014543,0.695312
gpu_utilization,maskable_dqn__mask_true,maskable_ppo__mask_true,-0.014386,0.695312
gpu_utilization,maskable_dqn__mask_true,maskable_ppo__mask_true,-0.014230,0.556641
gpu_utilization,maskable_dqn__mask_true,maskable_ppo__mask_true,-0.014074,0.492188
gpu_utilization,maskable_dqn__mask_true,maskable_ppo__mask_true,-0.013917,0.492188
gpu_utilization,maskable_dqn__mask_true,maskable_ppo__mask_true,-0.013761,0.492188
gpu_utilization,maskable_dqn__mask_true,maskable_ppo__mask_true,-0.013605,0.375000
gpu_utilization,maskable_dqn__mask_true,maskable_ppo__mask_true,-0.013448,0.375000
gpu_utilization,maskable_dqn__mask_true,maskable_ppo__mask_true,-0.013292,0.375000
gpu_utilization,maskable_dqn__mask_true,maskable_ppo__mask_true,-0.013135,0.375000
gpu_utilization,maskable_dqn__mask_true,maskable_ppo__mask_true,-0.012979,0.375000
gpu_utilization,maskable_dqn__mask_true,maskable_ppo__mask_true,-0.012823,0.375000
gpu_utilization,maskable_dqn__mask_true,maskable_ppo__mask_true,-0.012666,0.375000
gpu_utilization,maskable_dqn__mask_true,maskable_ppo__mask_true,-0.012510,0.375000
gpu_utilization,maskable_dqn__mask_true,maskable_ppo__mask_true,-0.012354,0.322266
gpu_utilization,maskable_dqn__mask_true,maskable_ppo__mask_true,-0.012197,0.322266
gpu_utilization,maskable_dqn__mask_true,maskable_ppo__mask_true,-0.012041,0.322266
gpu_utilization,maskable_dqn__mask_true,maskable_ppo__mask_true,-0.011884,0.232422
gpu_utilization,maskable_dqn__mask_true,maskable_ppo__mask_true,-0.011728,0.232422
gpu_utilization,maskable_dqn__mask_true,maskable_ppo__mask_true,-0.011572,0.232422
gpu_utilization,maskable_dqn__mask_true,maskable_ppo__mask_true,-0.011415,0.232422
gpu_utilization,maskable_dqn__mask_true,maskable_ppo__mask_true,-0.011259,0.232422
gpu_utilization,maskable_dqn__mask_true,maskable_ppo__mask_true,-0.011103,0.193359
gpu_utilization,maskable_dqn__mask_true,maskable_ppo__mask_true,-0.010946,0.193359
gpu_utilization,maskable_dqn__mask_true,maskable_ppo__mask_true,-0.010790,0.193359
gpu_utilization,maskable_dqn__mask_true,maskable_ppo__mask_true,-0.010633,0.130859
gpu_utilization,maskable_dqn__mask_true,maskable_ppo__mask_true,-0.010477,0.130859
gpu_utilization,maskable_dqn__mask_true,maskable_ppo__mask_true,-0.010321,0.130859
gpu_utilization,maskable_dqn__mask_true,maskable_ppo__mask_true,-0.010164,0.105469
gpu_utilization,maskable_dqn__mask_true,maskable_ppo__mask_true,-0.010008,0.105469
gpu_utilization,maskable_dqn__mask_true,maskable_ppo__mask_true,-0.009852,0.083984
gpu_utilization,maskable_dqn__mask_true,maskable_ppo__mask_true,-0.009695,0.048828
gpu_utilization,maskable_dqn__mask_true,maskable_ppo__mask_true,-0.009539,0.048828
gpu_utilization,maskable_dqn__mask_true,maskable_ppo__mask_true,-0.009382,0.027344
gpu_utilization,maskable_dqn__mask_true,maskable_ppo__mask_true,-0.009226,0.027344
gpu_utilization,maskable_dqn__mask_true,maskable_ppo__mask_true,-0.009070,0.027344
gpu_utilization,maskable_dqn__mask_true,maskable_ppo__mask_true,-0.008913,0.027344
gpu_utilization,maskable_dqn__mask_true,maskable_ppo__mask_true,-0.008757,0.027344
gpu_utilization,maskable_dqn__mask_true,maskable_ppo__mask_true,-0.008601,0.027344
gpu_utilization,maskable_dqn__mask_true,maskable_ppo__mask_true,-0.008444,0.027344
gpu_utilization,maskable_dqn__mask_true,maskable_ppo__mask_true,-0.008288,0.027344
gpu_utilization,maskable_dqn__mask_true,maskable_ppo__mask_true,-0.008131,0.027344
gpu_utilization,maskable_dqn__mask_true,maskable_ppo__mask_true,-0.007975,0.027344
gpu_utilization,maskable_dqn__mask_true,maskable_ppo__mask_true,-0.007819,0.027344
gpu_utilization,maskable_dqn__mask_true,maskable_ppo__mask_true,-0.007662,0.027344
gpu_utilization,maskable_dqn__mask_true,maskable_ppo__mask_true,-0.007506,0.027344
gpu_utilization,maskable_dqn__mask_true,maskable_ppo__mask_true,-0.007350,0.027344
gpu_utilization,maskable_dqn__mask_true,maskable_ppo__mask_true,-0.007193,0.027344
gpu_utilization,maskable_dqn__mask_true,maskable_ppo__mask_true,-0.007037,0.027344
gpu_utilization,maskable_dqn__mask_true,maskable_ppo__mask_true,-0.006880,0.027344
gpu_utilization,maskable_dqn__mask_true,maskable_ppo__mask_true,-0.006724,0.027344
gpu_utilization,maskable_dqn__mask_true,maskable_ppo__mask_true,-0.006568,0.027344
gpu_utilization,maskable_dqn__mask_true,maskable_ppo__mask_true,-0.006411,0.027344
gpu_utilization,maskable_dqn__mask_true,maskable_ppo__mask_true,-0.006255,0.027344
gpu_utilization,maskable_dqn__mask_true,maskable_ppo__mask_true,-0.006099,0.027344
gpu_utilization,maskable_dqn__mask_true,maskable_ppo__mask_true,-0.005942,0.027344
gpu_utilization,maskable_dqn__mask_true,maskable_ppo__mask_true,-0.005786,0.027344
gpu_utilization,maskable_dqn__mask_true,maskable_ppo__mask_true,-0.005629,0.027344
gpu_utilization,maskable_dqn__mask_true,maskable_ppo__mask_true,-0.005473,0.027344
gpu_utilization,maskable_dqn__mask_true,maskable_ppo__mask_true,-0.005317,0.027344
gpu_utilization,maskable_dqn__mask_true,maskable_ppo__mask_true,-0.005160,0.027344
gpu_utilization,maskable_dqn__mask_true,maskable_ppo__mask_true,-0.005004,0.027344
gpu_utilization,maskable_dqn__mask_true,maskable_ppo__mask_true,-0.004848,0.027344
gpu_utilization,maskable_dqn__mask_true,maskable_ppo__mask_true,-0.004691,0.027344
gpu_utilization,maskable_dqn__mask_true,maskable_ppo__mask_true,-0.004535,0.027344
gpu_utilization,maskable_dqn__mask_true,maskable_ppo__mask_true,-0.004378,0.027344
gpu_utilization,maskable_dqn__mask_true,maskable_ppo__mask_true,-0.004222,0.027344
gpu_utilization,maskable_dqn__mask_true,maskable_ppo__mask_true,-0.004066,0.027344
gpu_utilization,maskable_dqn__mask_true,maskable_ppo__mask_true,-0.003909,0.027344
gpu_utilization,maskable_dqn__mask_true,maskable_ppo__mask_true,-0.003753,0.027344
gpu_utilization,maskable_dqn__mask_true,maskable_ppo__mask_true,-0.003597,0.027344
gpu_utilization,maskable_dqn__mask_true,maskable_ppo__mask_true,-0.003440,0.027344
gpu_utilization,maskable_dqn__mask_true,maskable_ppo__mask_true,-0.003284,0.027344
gpu_utilization,maskable_dqn__mask_true,maskable_ppo__mask_true,-0.003127,0.027344
gpu_utilization,maskable_dqn__mask_true,maskable_ppo__mask_true,-0.002971,0.027344
gpu_utilization,maskable_dqn__mask_true,maskable_ppo__mask_true,-0.002815,0.027344
gpu_utilization,maskable_dqn__mask_true,maskable_ppo__mask_true,-0.002658,0.027344
gpu_utilization,maskable_dqn__mask_true,maskable_ppo__mask_true,-0.002502,0.027344
gpu_utilization,maskable_dqn__mask_true,maskable_ppo__mask_true,-0.002346,0.027344
gpu_utilization,maskable_dqn__mask_true,maskable_ppo__mask_true,-0.002189,0.027344
gpu_utilization,maskable_dqn__mask_true,maskable_ppo__mask_true,-0.002033,0.027344
gpu_utilization,maskable_dqn__mask_true,maskable_ppo__mask_true,-0.001876,0.027344
gpu_utilization,maskable_dqn__mask_true,maskable_ppo__mask_true,-0.001720,0.027344
gpu_utilization,maskable_dqn__mask_true,maskable_ppo__mask_true,-0.001564,0.027344
gpu_utilization,maskable_dqn__mask_true,maskable_ppo__mask_true,-0.001407,0.027344
gpu_utilization,maskable_dqn__mask_true,maskable_ppo__mask_true,-0.001251,0.027344
gpu_utilization,maskable_dqn__mask_true,maskable_ppo__mask_true,-0.001095,0.027344
gpu_utilization,maskable_dqn__mask_true,maskable_ppo__mask_true,-0.000938,0.019531
gpu_utilization,maskable_dqn__mask_true,maskable_ppo__mask_true,-0.000782,0.019531
gpu_utilization,maskable_dqn__mask_true,maskable_ppo__mask_true,-0.000625,0.019531
gpu_utilization,maskable_dqn__mask_true,maskable_ppo__mask_true,-0.000469,0.009766
gpu_utilization,maskable_dqn__mask_true,maskable_ppo__mask_true,-0.000313,0.009766
gpu_utilization,maskable_dqn__mask_true,maskable_ppo__mask_true,-0.000156,0.009766
gpu_utilization,maskable_dqn__mask_true,maskable_ppo__mask_true,0.000000,0.007812
episode_reward,a2c__mask_false,maskable_a2c__mask_true,-8541426.361657,0.003906
episode_reward,a2c__mask_false,maskable_a2c__mask_true,-8223338.009608,0.431641
episode_reward,a2c__mask_false,maskable_a2c__mask_true,-7905249.657559,0.431641
episode_reward,a2c__mask_false,maskable_a2c__mask_true,-7587161.305510,0.431641
episode_reward,a2c__mask_false,maskable_a2c__mask_true,-7269072.953461,0.431641
episode_reward,a2c__mask_false,maskable_a2c__mask_true,-6950984.601412,0.431641
episode_reward,a2c__mask_false,maskable_a2c__mask_true,-6632896.249363,0.431641
episode_reward,a2c__mask_false,maskable_a2c__mask_true,-6314807.897314,0.431641
episode_reward,a2c__mask_false,maskable_a2c__mask_true,-5996719.545265,0.431641
episode_reward,a2c__mask_false,maskable_a2c__mask_true,-5678631.193216,0.431641
episode_reward,a2c__mask_false,maskable_a2c__mask_true,-5360542.841167,0.431641
episode_reward,a2c__mask_false,maskable_a2c__mask_true,-5042454.489118,0.431641
episode_reward,a2c__mask_false,maskable_a2c__mask_true,-4724366.137069,0.431641
episode_reward,a2c__mask_false,maskable_a2c__mask_true,-4406277.785020,0.105469
episode_reward,a2c__mask_false,maskable_a2c__mask_true,-4088189.432971,0.105469
episode_reward,a2c__mask_false,maskable_a2c__mask_true,-3770101.080922,0.105469
episode_reward,a2c__mask_false,maskable_a2c__mask_true,-3452012.728873,0.105469
episode_reward,a2c__mask_false,maskable_a2c__mask_true,-3133924.376824,0.105469
episode_reward,a2c__mask_false,maskable_a2c__mask_true,-2815836.024775,0.105469
episode_reward,a2c__mask_false,maskable_a2c__mask_true,-2497747.672726,0.105469
episode_reward,a2c__mask_false,maskable_a2c__mask_true,-2179659.320677,0.105469
episode_reward,a2c__mask_false,maskable_a2c__mask_true,-1861570.968628,0.105469
episode_reward,a2c__mask_false,maskable_a2c__mask_true,-1543482.616579,0.105469
episode_reward,a2c__mask_false,maskable_a2c__mask_true,-1225394.264531,0.105469
episode_reward,a2c__mask_false,maskable_a2c__mask_true,-907305.912482,0.105469
episode_reward,a2c__mask_false,maskable_a2c__mask_true,-589217.560433,0.105469
episode_reward,a2c__mask_false,maskable_a2c__mask_true,-271129.208384,0.083984
episode_reward,a2c__mask_false,maskable_a2c__mask_true,46959.143665,0.083984
episode_reward,a2c__mask_false,maskable_a2c__mask_true,365047.495714,0.083984
episode_reward,a2c__mask_false,maskable_a2c__mask_true,683135.847763,0.083984
episode_reward,a2c__mask_false,maskable_a2c__mask_true,1001224.199812,0.083984
episode_reward,a2c__mask_false,maskable_a2c__mask_true,1319312.551861,0.083984
episode_reward,a2c__mask_false,maskable_a2c__mask_true,1637400.903910,0.083984
episode_reward,a2c__mask_false,maskable_a2c__mask_true,1955489.255959,0.083984
episode_reward,a2c__mask_false,maskable_a2c__mask_true,2273577.608008,0.083984
episode_reward,a2c__mask_false,maskable_a2c__mask_true,2591665.960057,0.083984
episode_reward,a2c__mask_false,maskable_a2c__mask_true,2909754.312106,0.083984
episode_reward,a2c__mask_false,maskable_a2c__mask_true,3227842.664155,0.083984
episode_reward,a2c__mask_false,maskable_a2c__mask_true,3545931.016204,0.083984
episode_reward,a2c__mask_false,maskable_a2c__mask_true,3864019.368253,0.083984
episode_reward,a2c__mask_false,maskable_a2c__mask_true,4182107.720302,0.083984
episode_reward,a2c__mask_false,maskable_a2c__mask_true,4500196.072351,0.083984
episode_reward,a2c__mask_false,maskable_a2c__mask_true,4818284.424400,0.083984
episode_reward,a2c__mask_false,maskable_a2c__mask_true,5136372.776449,0.083984
episode_reward,a2c__mask_false,maskable_a2c__mask_true,5454461.128498,0.083984
episode_reward,a2c__mask_false,maskable_a2c__mask_true,5772549.480547,0.083984
episode_reward,a2c__mask_false,maskable_a2c__mask_true,6090637.832596,0.083984
episode_reward,a2c__mask_false,maskable_a2c__mask_true,6408726.184645,0.083984
episode_reward,a2c__mask_false,maskable_a2c__mask_true,6726814.536694,0.083984
episode_reward,a2c__mask_false,maskable_a2c__mask_true,7044902.888743,0.083984
episode_reward,a2c__mask_false,maskable_a2c__mask_true,7362991.240791,0.083984
episode_reward,a2c__mask_false,maskable_a2c__mask_true,7681079.592840,0.083984
episode_reward,a2c__mask_false,maskable_a2c__mask_true,7999167.944889,0.083984
episode_reward,a2c__mask_false,maskable_a2c__mask_true,8317256.296938,0.083984
episode_reward,a2c__mask_false,maskable_a2c__mask_true,8635344.648987,0.083984
episode_reward,a2c__mask_false,maskable_a2c__mask_true,8953433.001036,0.083984
episode_reward,a2c__mask_false,maskable_a2c__mask_true,9271521.353085,0.083984
episode_reward,a2c__mask_false,maskable_a2c__mask_true,9589609.705134,0.083984
episode_reward,a2c__mask_false,maskable_a2c__mask_true,9907698.057183,0.083984
episode_reward,a2c__mask_false,maskable_a2c__mask_true,10225786.409232,0.083984
episode_reward,a2c__mask_false,maskable_a2c__mask_true,10543874.761281,0.083984
episode_reward,a2c__mask_false,maskable_a2c__mask_true,10861963.113330,0.083984
episode_reward,a2c__mask_false,maskable_a2c__mask_true,11180051.465379,0.083984
episode_reward,a2c__mask_false,maskable_a2c__mask_true,11498139.817428,0.083984
episode_reward,a2c__mask_false,maskable_a2c__mask_true,11816228.169477,0.083984
episode_reward,a2c__mask_false,maskable_a2c__mask_true,12134316.521526,0.083984
episode_reward,a2c__mask_false,maskable_a2c__mask_true,12452404.873575,0.083984
episode_reward,a2c__mask_false,maskable_a2c__mask_true,12770493.225624,0.083984
episode_reward,a2c__mask_false,maskable_a2c__mask_true,13088581.577673,0.083984
episode_reward,a2c__mask_false,maskable_a2c__mask_true,13406669.929722,0.083984
episode_reward,a2c__mask_false,maskable_a2c__mask_true,13724758.281771,0.083984
episode_reward,a2c__mask_false,maskable_a2c__mask_true,14042846.633820,0.083984
episode_reward,a2c__mask_false,maskable_a2c__mask_true,14360934.985869,0.083984
episode_reward,a2c__mask_false,maskable_a2c__mask_true,14679023.337918,0.083984
episode_reward,a2c__mask_false,maskable_a2c__mask_true,14997111.689967,0.083984
episode_reward,a2c__mask_false,maskable_a2c__mask_true,15315200.042016,0.083984
episode_reward,a2c__mask_false,maskable_a2c__mask_true,15633288.394065,0.083984
episode_reward,a2c__mask_false,maskable_a2c__mask_true,15951376.746114,0.083984
episode_reward,a2c__mask_false,maskable_a2c__mask_true,16269465.098162,0.083984
episode_reward,a2c__mask_false,maskable_a2c__mask_true,16587553.450211,0.083984
episode_reward,a2c__mask_false,maskable_a2c__mask_true,16905641.802260,0.083984
episode_reward,a2c__mask_false,maskable_a2c__mask_true,17223730.154309,0.083984
episode_reward,a2c__mask_false,maskable_a2c__mask_true,17541818.506358,0.083984
episode_reward,a2c__mask_false,maskable_a2c__mask_true,17859906.858407,0.083984
episode_reward,a2c__mask_false,maskable_a2c__mask_true,18177995.210456,0.083984
episode_reward,a2c__mask_false,maskable_a2c__mask_true,18496083.562505,0.083984
episode_reward,a2c__mask_false,maskable_a2c__mask_true,18814171.914554,0.083984
episode_reward,a2c__mask_false,maskable_a2c__mask_true,19132260.266603,0.083984
episode_reward,a2c__mask_false,maskable_a2c__mask_true,19450348.618652,0.083984
episode_reward,a2c__mask_false,maskable_a2c__mask_true,19768436.970701,0.083984
episode_reward,a2c__mask_false,maskable_a2c__mask_true,20086525.322750,0.083984
episode_reward,a2c__mask_false,maskable_a2c__mask_true,20404613.674799,0.083984
episode_reward,a2c__mask_false,maskable_a2c__mask_true,20722702.026848,0.083984
episode_reward,a2c__mask_false,maskable_a2c__mask_true,21040790.378897,0.083984
episode_reward,a2c__mask_false,maskable_a2c__mask_true,21358878.730946,0.083984
episode_reward,a2c__mask_false,maskable_a2c__mask_true,21676967.082995,0.083984
episode_reward,a2c__mask_false,maskable_a2c__mask_true,21995055.435044,0.083984
episode_reward,a2c__mask_false,maskable_a2c__mask_true,22313143.787093,0.083984
episode_reward,a2c__mask_false,maskable_a2c__mask_true,22631232.139142,0.083984
episode_reward,a2c__mask_false,maskable_a2c__mask_true,22949320.491191,0.083984
episode_reward,a2c__mask_false,maskable_a2c__mask_true,23267408.843240,0.083984
episode_reward,a2c__mask_false,maskable_a2c__mask_true,23585497.195289,0.083984
episode_reward,a2c__mask_false,maskable_a2c__mask_true,23903585.547338,0.083984
episode_reward,a2c__mask_false,maskable_a2c__mask_true,24221673.899387,0.083984
episode_reward,a2c__mask_false,maskable_a2c__mask_true,24539762.251436,0.083984
episode_reward,a2c__mask_false,maskable_a2c__mask_true,24857850.603484,0.083984
episode_reward,a2c__mask_false,maskable_a2c__mask_true,25175938.955533,0.083984
episode_reward,a2c__mask_false,maskable_a2c__mask_true,25494027.307582,0.083984
episode_reward,a2c__mask_false,maskable_a2c__mask_true,25812115.659631,0.083984
episode_reward,a2c__mask_false,maskable_a2c__mask_true,26130204.011680,0.005859
episode_reward,a2c__mask_false,maskable_a2c__mask_true,26448292.363729,0.005859
episode_reward,a2c__mask_false,maskable_a2c__mask_true,26766380.715778,0.005859
episode_reward,a2c__mask_false,maskable_a2c__mask_true,27084469.067827,0.005859
episode_reward,a2c__mask_false,maskable_a2c__mask_true,27402557.419876,0.005859
episode_reward,a2c__mask_false,maskable_a2c__mask_true,27720645.771925,0.005859
episode_reward,a2c__mask_false,maskable_a2c__mask_true,28038734.123974,0.005859
episode_reward,a2c__mask_false,maskable_a2c__mask_true,28356822.476023,0.005859
episode_reward,a2c__mask_false,maskable_a2c__mask_true,28674910.828072,0.005859
episode_reward,a2c__mask_false,maskable_a2c__mask_true,28992999.180121,0.005859
episode_reward,a2c__mask_false,maskable_a2c__mask_true,29311087.532170,0.005859
episode_reward,a2c__mask_false,maskable_a2c__mask_true,29629175.884219,0.005859
episode_reward,a2c__mask_false,maskable_a2c__mask_true,29947264.236268,0.003906
episode_reward,a2c__mask_false,maskable_a2c__mask_true,30265352.588317,0.003906
episode_reward,a2c__mask_false,maskable_a2c__mask_true,30583440.940366,0.003906
episode_reward,a2c__mask_false,maskable_a2c__mask_true,30901529.292415,0.003906
episode_reward,a2c__mask_false,maskable_a2c__mask_true,31219617.644464,0.003906
episode_reward,a2c__mask_false,maskable_a2c__mask_true,31537705.996513,0.003906
episode_reward,a2c__mask_false,maskable_a2c__mask_true,31855794.348562,0.003906
episode_reward,a2c__mask_false,maskable_a2c__mask_true,32173882.700611,0.003906
episode_reward,a2c__mask_false,maskable_a2c__mask_true,32491971.052660,0.003906
episode_reward,a2c__mask_false,maskable_a2c__mask_true,32810059.404709,0.003906
episode_reward,a2c__mask_false,maskable_a2c__mask_true,33128147.756758,0.003906
episode_reward,a2c__mask_false,maskable_a2c__mask_true,33446236.108806,0.003906
episode_reward,a2c__mask_false,maskable_a2c__mask_true,33764324.460855,0.003906
episode_reward,a2c__mask_false,maskable_a2c__mask_true,34082412.812904,0.003906
episode_reward,a2c__mask_false,maskable_a2c__mask_true,34400501.164953,0.003906
episode_reward,a2c__mask_false,maskable_a2c__mask_true,34718589.517002,0.003906
episode_reward,a2c__mask_false,maskable_a2c__mask_true,35036677.869051,0.003906
episode_reward,a2c__mask_false,maskable_a2c__mask_true,35354766.221100,0.003906
episode_reward,a2c__mask_false,maskable_a2c__mask_true,35672854.573149,0.003906
episode_reward,a2c__mask_false,maskable_a2c__mask_true,35990942.925198,0.003906
episode_reward,a2c__mask_false,maskable_a2c__mask_true,36309031.277247,0.003906
episode_reward,a2c__mask_false,maskable_a2c__mask_true,36627119.629296,0.003906
episode_reward,a2c__mask_false,maskable_a2c__mask_true,36945207.981345,0.003906
episode_reward,a2c__mask_false,maskable_a2c__mask_true,37263296.333394,0.003906
episode_reward,a2c__mask_false,maskable_a2c__mask_true,37581384.685443,0.003906
episode_reward,a2c__mask_false,maskable_a2c__mask_true,37899473.037492,0.003906
episode_reward,a2c__mask_false,maskable_a2c__mask_true,38217561.389541,0.003906
episode_reward,a2c__mask_false,maskable_a2c__mask_true,38535649.741590,0.003906
episode_reward,a2c__mask_false,maskable_a2c__mask_true,38853738.093639,0.003906
episode_reward,a2c__mask_false,maskable_a2c__mask_true,39171826.445688,0.003906
episode_reward,a2c__mask_false,maskable_a2c__mask_true,39489914.797737,0.003906
episode_reward,a2c__mask_false,maskable_a2c__mask_true,39808003.149786,0.003906
episode_reward,a2c__mask_false,maskable_a2c__mask_true,40126091.501835,0.003906
episode_reward,a2c__mask_false,maskable_a2c__mask_true,40444179.853884,0.003906
episode_reward,a2c__mask_false,maskable_a2c__mask_true,40762268.205933,0.003906
episode_reward,a2c__mask_false,maskable_a2c__mask_true,41080356.557982,0.003906
episode_reward,a2c__mask_false,maskable_a2c__mask_true,41398444.910031,0.003906
episode_reward,a2c__mask_false,maskable_a2c__mask_true,41716533.262080,0.003906
episode_reward,a2c__mask_false,maskable_a2c__mask_true,42034621.614129,0.003906
episode_reward,a2c__mask_false,maskable_a2c__mask_true,42352709.966177,0.003906
episode_reward,a2c__mask_false,maskable_a2c__mask_true,42670798.318226,0.003906
episode_reward,a2c__mask_false,maskable_a2c__mask_true,42988886.670275,0.003906
episode_reward,a2c__mask_false,maskable_a2c__mask_true,43306975.022324,0.003906
episode_reward,a2c__mask_false,maskable_a2c__mask_true,43625063.374373,0.003906
episode_reward,a2c__mask_false,maskable_a2c__mask_true,43943151.726422,0.003906
episode_reward,a2c__mask_false,maskable_a2c__mask_true,44261240.078471,0.003906
episode_reward,a2c__mask_false,maskable_a2c__mask_true,44579328.430520,0.003906
episode_reward,a2c__mask_false,maskable_a2c__mask_true,44897416.782569,0.003906
episode_reward,a2c__mask_false,maskable_a2c__mask_true,45215505.134618,0.003906
episode_reward,a2c__mask_false,maskable_a2c__mask_true,45533593.486667,0.003906
episode_reward,a2c__mask_false,maskable_a2c__mask_true,45851681.838716,0.003906
episode_reward,a2c__mask_false,maskable_a2c__mask_true,46169770.190765,0.003906
episode_reward,a2c__mask_false,maskable_a2c__mask_true,46487858.542814,0.003906
episode_reward,a2c__mask_false,maskable_a2c__mask_true,46805946.894863,0.003906
episode_reward,a2c__mask_false,maskable_a2c__mask_true,47124035.246912,0.003906
episode_reward,a2c__mask_false,maskable_a2c__mask_true,47442123.598961,0.003906
episode_reward,a2c__mask_false,maskable_a2c__mask_true,47760211.951010,0.003906
episode_reward,a2c__mask_false,maskable_a2c__mask_true,48078300.303059,0.003906
episode_reward,a2c__mask_false,maskable_a2c__mask_true,48396388.655108,0.003906
episode_reward,a2c__mask_false,maskable_a2c__mask_true,48714477.007157,0.003906
episode_reward,a2c__mask_false,maskable_a2c__mask_true,49032565.359206,0.003906
episode_reward,a2c__mask_false,maskable_a2c__mask_true,49350653.711255,0.003906
episode_reward,a2c__mask_false,maskable_a2c__mask_true,49668742.063304,0.003906
episode_reward,a2c__mask_false,maskable_a2c__mask_true,49986830.415353,0.003906
episode_reward,a2c__mask_false,maskable_a2c__mask_true,50304918.767402,0.003906
episode_reward,a2c__mask_false,maskable_a2c__mask_true,50623007.119451,0.003906
episode_reward,a2c__mask_false,maskable_a2c__mask_true,50941095.471499,0.003906
episode_reward,a2c__mask_false,maskable_a2c__mask_true,51259183.823548,0.003906
episode_reward,a2c__mask_false,maskable_a2c__mask_true,51577272.175597,0.003906
episode_reward,a2c__mask_false,maskable_a2c__mask_true,51895360.527646,0.003906
episode_reward,a2c__mask_false,maskable_a2c__mask_true,52213448.879695,0.003906
episode_reward,a2c__mask_false,maskable_a2c__mask_true,52531537.231744,0.003906
episode_reward,a2c__mask_false,maskable_a2c__mask_true,52849625.583793,0.003906
episode_reward,a2c__mask_false,maskable_a2c__mask_true,53167713.935842,0.003906
episode_reward,a2c__mask_false,maskable_a2c__mask_true,53485802.287891,0.003906
episode_reward,a2c__mask_false,maskable_a2c__mask_true,53803890.639940,0.003906
episode_reward,a2c__mask_false,maskable_a2c__mask_true,54121978.991989,0.003906
episode_reward,a2c__mask_false,maskable_a2c__mask_true,54440067.344038,0.003906
episode_reward,a2c__mask_false,maskable_a2c__mask_true,54758155.696087,0.003906
episode_reward,a2c__mask_false,maskable_ppo__mask_true,-8541425.064660,0.003906
episode_reward,a2c__mask_false,maskable_ppo__mask_true,-8504922.865633,0.845703
episode_reward,a2c__mask_false,maskable_ppo__mask_true,-8468420.666607,0.083984
episode_reward,a2c__mask_false,maskable_ppo__mask_true,-8431918.467580,0.083984
episode_reward,a2c__mask_false,maskable_ppo__mask_true,-8395416.268554,0.083984
episode_reward,a2c__mask_false,maskable_ppo__mask_true,-8358914.069527,0.083984
episode_reward,a2c__mask_false,maskable_ppo__mask_true,-8322411.870501,0.083984
episode_reward,a2c__mask_false,maskable_ppo__mask_true,-8285909.671474,0.083984
episode_reward,a2c__mask_false,maskable_ppo__mask_true,-8249407.472448,0.083984
episode_reward,a2c__mask_false,maskable_ppo__mask_true,-8212905.273421,0.083984
episode_reward,a2c__mask_false,maskable_ppo__mask_true,-8176403.074395,0.083984
episode_reward,a2c__mask_false,maskable_ppo__mask_true,-8139900.875368,0.083984
episode_reward,a2c__mask_false,maskable_ppo__mask_true,-8103398.676342,0.083984
episode_reward,a2c__mask_false,maskable_ppo__mask_true,-8066896.477315,0.083984
episode_reward,a2c__mask_false,maskable_ppo__mask_true,-8030394.278289,0.083984
episode_reward,a2c__mask_false,maskable_ppo__mask_true,-7993892.079262,0.083984
episode_reward,a2c__mask_false,maskable_ppo__mask_true,-7957389.880235,0.083984
episode_reward,a2c__mask_false,maskable_ppo__mask_true,-7920887.681209,0.083984
episode_reward,a2c__mask_false,maskable_ppo__mask_true,-7884385.482182,0.083984
episode_reward,a2c__mask_false,maskable_ppo__mask_true,-7847883.283156,0.083984
episode_reward,a2c__mask_false,maskable_ppo__mask_true,-7811381.084129,0.083984
episode_reward,a2c__mask_false,maskable_ppo__mask_true,-7774878.885103,0.083984
episode_reward,a2c__mask_false,maskable_ppo__mask_true,-7738376.686076,0.083984
episode_reward,a2c__mask_false,maskable_ppo__mask_true,-7701874.487050,0.083984
episode_reward,a2c__mask_false,maskable_ppo__mask_true,-7665372.288023,0.083984
episode_reward,a2c__mask_false,maskable_ppo__mask_true,-7628870.088997,0.083984
episode_reward,a2c__mask_false,maskable_ppo__mask_true,-7592367.889970,0.083984
episode_reward,a2c__mask_false,maskable_ppo__mask_true,-7555865.690944,0.083984
episode_reward,a2c__mask_false,maskable_ppo__mask_true,-7519363.491917,0.083984
episode_reward,a2c__mask_false,maskable_ppo__mask_true,-7482861.292891,0.083984
episode_reward,a2c__mask_false,maskable_ppo__mask_true,-7446359.093864,0.083984
episode_reward,a2c__mask_false,maskable_ppo__mask_true,-7409856.894838,0.083984
episode_reward,a2c__mask_false,maskable_ppo__mask_true,-7373354.695811,0.083984
episode_reward,a2c__mask_false,maskable_ppo__mask_true,-7336852.496785,0.083984
episode_reward,a2c__mask_false,maskable_ppo__mask_true,-7300350.297758,0.083984
episode_reward,a2c__mask_false,maskable_ppo__mask_true,-7263848.098731,0.083984
episode_reward,a2c__mask_false,maskable_ppo__mask_true,-7227345.899705,0.083984
episode_reward,a2c__mask_false,maskable_ppo__mask_true,-7190843.700678,0.083984
episode_reward,a2c__mask_false,maskable_ppo__mask_true,-7154341.501652,0.083984
episode_reward,a2c__mask_false,maskable_ppo__mask_true,-7117839.302625,0.083984
episode_reward,a2c__mask_false,maskable_ppo__mask_true,-7081337.103599,0.083984
episode_reward,a2c__mask_false,maskable_ppo__mask_true,-7044834.904572,0.083984
episode_reward,a2c__mask_false,maskable_ppo__mask_true,-7008332.705546,0.083984
episode_reward,a2c__mask_false,maskable_ppo__mask_true,-6971830.506519,0.083984
episode_reward,a2c__mask_false,maskable_ppo__mask_true,-6935328.307493,0.083984
episode_reward,a2c__mask_false,maskable_ppo__mask_true,-6898826.108466,0.083984
episode_reward,a2c__mask_false,maskable_ppo__mask_true,-6862323.909440,0.083984
episode_reward,a2c__mask_false,maskable_ppo__mask_true,-6825821.710413,0.083984
episode_reward,a2c__mask_false,maskable_ppo__mask_true,-6789319.511387,0.083984
episode_reward,a2c__mask_false,maskable_ppo__mask_true,-6752817.312360,0.083984
episode_reward,a2c__mask_false,maskable_ppo__mask_true,-6716315.113334,0.083984
episode_reward,a2c__mask_false,maskable_ppo__mask_true,-6679812.914307,0.083984
episode_reward,a2c__mask_false,maskable_ppo__mask_true,-6643310.715281,0.083984
episode_reward,a2c__mask_false,maskable_ppo__mask_true,-6606808.516254,0.083984
episode_reward,a2c__mask_false,maskable_ppo__mask_true,-6570306.317227,0.083984
episode_reward,a2c__mask_false,maskable_ppo__mask_true,-6533804.118201,0.083984
episode_reward,a2c__mask_false,maskable_ppo__mask_true,-6497301.919174,0.083984
episode_reward,a2c__mask_false,maskable_ppo__mask_true,-6460799.720148,0.083984
episode_reward,a2c__mask_false,maskable_ppo__mask_true,-6424297.521121,0.083984
episode_reward,a2c__mask_false,maskable_ppo__mask_true,-6387795.322095,0.083984
episode_reward,a2c__mask_false,maskable_ppo__mask_true,-6351293.123068,0.083984
episode_reward,a2c__mask_false,maskable_ppo__mask_true,-6314790.924042,0.083984
episode_reward,a2c__mask_false,maskable_ppo__mask_true,-6278288.725015,0.083984
episode_reward,a2c__mask_false,maskable_ppo__mask_true,-6241786.525989,0.083984
episode_reward,a2c__mask_false,maskable_ppo__mask_true,-6205284.326962,0.083984
episode_reward,a2c__mask_false,maskable_ppo__mask_true,-6168782.127936,0.083984
episode_reward,a2c__mask_false,maskable_ppo__mask_true,-6132279.928909,0.083984
episode_reward,a2c__mask_false,maskable_ppo__mask_true,-6095777.729883,0.083984
episode_reward,a2c__mask_false,maskable_ppo__mask_true,-6059275.530856,0.083984
episode_reward,a2c__mask_false,maskable_ppo__mask_true,-6022773.331830,0.083984
episode_reward,a2c__mask_false,maskable_ppo__mask_true,-5986271.132803,0.083984
episode_reward,a2c__mask_false,maskable_ppo__mask_true,-5949768.933777,0.083984
episode_reward,a2c__mask_false,maskable_ppo__mask_true,-5913266.734750,0.083984
episode_reward,a2c__mask_false,maskable_ppo__mask_true,-5876764.535723,0.083984
episode_reward,a2c__mask_false,maskable_ppo__mask_true,-5840262.336697,0.083984
episode_reward,a2c__mask_false,maskable_ppo__mask_true,-5803760.137670,0.083984
episode_reward,a2c__mask_false,maskable_ppo__mask_true,-5767257.938644,0.083984
episode_reward,a2c__mask_false,maskable_ppo__mask_true,-5730755.739617,0.083984
episode_reward,a2c__mask_false,maskable_ppo__mask_true,-5694253.540591,0.083984
episode_reward,a2c__mask_false,maskable_ppo__mask_true,-5657751.341564,0.083984
episode_reward,a2c__mask_false,maskable_ppo__mask_true,-5621249.142538,0.083984
episode_reward,a2c__mask_false,maskable_ppo__mask_true,-5584746.943511,0.083984
episode_reward,a2c__mask_false,maskable_ppo__mask_true,-5548244.744485,0.083984
episode_reward,a2c__mask_false,maskable_ppo__mask_true,-5511742.545458,0.083984
episode_reward,a2c__mask_false,maskable_ppo__mask_true,-5475240.346432,0.083984
episode_reward,a2c__mask_false,maskable_ppo__mask_true,-5438738.147405,0.083984
episode_reward,a2c__mask_false,maskable_ppo__mask_true,-5402235.948379,0.083984
episode_reward,a2c__mask_false,maskable_ppo__mask_true,-5365733.749352,0.083984
episode_reward,a2c__mask_false,maskable_ppo__mask_true,-5329231.550326,0.083984
episode_reward,a2c__mask_false,maskable_ppo__mask_true,-5292729.351299,0.083984
episode_reward,a2c__mask_false,maskable_ppo__mask_true,-5256227.152272,0.083984
episode_reward,a2c__mask_false,maskable_ppo__mask_true,-5219724.953246,0.083984
episode_reward,a2c__mask_false,maskable_ppo__mask_true,-5183222.754219,0.083984
episode_reward,a2c__mask_false,maskable_ppo__mask_true,-5146720.555193,0.083984
episode_reward,a2c__mask_false,maskable_ppo__mask_true,-5110218.356166,0.083984
episode_reward,a2c__mask_false,maskable_ppo__mask_true,-5073716.157140,0.083984
episode_reward,a2c__mask_false,maskable_ppo__mask_true,-5037213.958113,0.083984
episode_reward,a2c__mask_false,maskable_ppo__mask_true,-5000711.759087,0.083984
episode_reward,a2c__mask_false,maskable_ppo__mask_true,-4964209.560060,0.083984
episode_reward,a2c__mask_false,maskable_ppo__mask_true,-4927707.361034,0.083984
episode_reward,a2c__mask_false,maskable_ppo__mask_true,-4891205.162007,0.083984
episode_reward,a2c__mask_false,maskable_ppo__mask_true,-4854702.962981,0.083984
episode_reward,a2c__mask_false,maskable_ppo__mask_true,-4818200.763954,0.083984
episode_reward,a2c__mask_false,maskable_ppo__mask_true,-4781698.564928,0.083984
episode_reward,a2c__mask_false,maskable_ppo__mask_true,-4745196.365901,0.083984
episode_reward,a2c__mask_false,maskable_ppo__mask_true,-4708694.166875,0.083984
episode_reward,a2c__mask_false,maskable_ppo__mask_true,-4672191.967848,0.083984
episode_reward,a2c__mask_false,maskable_ppo__mask_true,-4635689.768822,0.083984
episode_reward,a2c__mask_false,maskable_ppo__mask_true,-4599187.569795,0.083984
episode_reward,a2c__mask_false,maskable_ppo__mask_true,-4562685.370768,0.083984
episode_reward,a2c__mask_false,maskable_ppo__mask_true,-4526183.171742,0.009766
episode_reward,a2c__mask_false,maskable_ppo__mask_true,-4489680.972715,0.003906
episode_reward,a2c__mask_false,maskable_ppo__mask_true,-4453178.773689,0.003906
episode_reward,a2c__mask_false,maskable_ppo__mask_true,-4416676.574662,0.003906
episode_reward,a2c__mask_false,maskable_ppo__mask_true,-4380174.375636,0.003906
episode_reward,a2c__mask_false,maskable_ppo__mask_true,-4343672.176609,0.003906
episode_reward,a2c__mask_false,maskable_ppo__mask_true,-4307169.977583,0.003906
episode_reward,a2c__mask_false,maskable_ppo__mask_true,-4270667.778556,0.003906
episode_reward,a2c__mask_false,maskable_ppo__mask_true,-4234165.579530,0.003906
episode_reward,a2c__mask_false,maskable_ppo__mask_true,-4197663.380503,0.003906
episode_reward,a2c__mask_false,maskable_ppo__mask_true,-4161161.181477,0.003906
episode_reward,a2c__mask_false,maskable_ppo__mask_true,-4124658.982450,0.003906
episode_reward,a2c__mask_false,maskable_ppo__mask_true,-4088156.783424,0.003906
episode_reward,a2c__mask_false,maskable_ppo__mask_true,-4051654.584397,0.003906
episode_reward,a2c__mask_false,maskable_ppo__mask_true,-4015152.385371,0.003906
episode_reward,a2c__mask_false,maskable_ppo__mask_true,-3978650.186344,0.003906
episode_reward,a2c__mask_false,maskable_ppo__mask_true,-3942147.987318,0.003906
episode_reward,a2c__mask_false,maskable_ppo__mask_true,-3905645.788291,0.003906
episode_reward,a2c__mask_false,maskable_ppo__mask_true,-3869143.589264,0.003906
episode_reward,a2c__mask_false,maskable_ppo__mask_true,-3832641.390238,0.003906
episode_reward,a2c__mask_false,maskable_ppo__mask_true,-3796139.191211,0.003906
episode_reward,a2c__mask_false,maskable_ppo__mask_true,-3759636.992185,0.003906
episode_reward,a2c__mask_false,maskable_ppo__mask_true,-3723134.793158,0.003906
episode_reward,a2c__mask_false,maskable_ppo__mask_true,-3686632.594132,0.003906
episode_reward,a2c__mask_false,maskable_ppo__mask_true,-3650130.395105,0.003906
episode_reward,a2c__mask_false,maskable_ppo__mask_true,-3613628.196079,0.003906
episode_reward,a2c__mask_false,maskable_ppo__mask_true,-3577125.997052,0.003906
episode_reward,a2c__mask_false,maskable_ppo__mask_true,-3540623.798026,0.003906
episode_reward,a2c__mask_false,maskable_ppo__mask_true,-3504121.598999,0.003906
episode_reward,a2c__mask_false,maskable_ppo__mask_true,-3467619.399973,0.003906
episode_reward,a2c__mask_false,maskable_ppo__mask_true,-3431117.200946,0.003906
episode_reward,a2c__mask_false,maskable_ppo__mask_true,-3394615.001920,0.003906
episode_reward,a2c__mask_false,maskable_ppo__mask_true,-3358112.802893,0.003906
episode_reward,a2c__mask_false,maskable_ppo__mask_true,-3321610.603867,0.003906
episode_reward,a2c__mask_false,maskable_ppo__mask_true,-3285108.404840,0.003906
episode_reward,a2c__mask_false,maskable_ppo__mask_true,-3248606.205814,0.003906
episode_reward,a2c__mask_false,maskable_ppo__mask_true,-3212104.006787,0.003906
episode_reward,a2c__mask_false,maskable_ppo__mask_true,-3175601.807760,0.003906
episode_reward,a2c__mask_false,maskable_ppo__mask_true,-3139099.608734,0.003906
episode_reward,a2c__mask_false,maskable_ppo__mask_true,-3102597.409707,0.003906
episode_reward,a2c__mask_false,maskable_ppo__mask_true,-3066095.210681,0.003906
episode_reward,a2c__mask_false,maskable_ppo__mask_true,-3029593.011654,0.003906
episode_reward,a2c__mask_false,maskable_ppo__mask_true,-2993090.812628,0.003906
episode_reward,a2c__mask_false,maskable_ppo__mask_true,-2956588.613601,0.003906
episode_reward,a2c__mask_false,maskable_ppo__mask_true,-2920086.414575,0.003906
episode_reward,a2c__mask_false,maskable_ppo__mask_true,-2883584.215548,0.003906
episode_reward,a2c__mask_false,maskable_ppo__mask_true,-2847082.016522,0.003906
episode_reward,a2c__mask_false,maskable_ppo__mask_true,-2810579.817495,0.003906
episode_reward,a2c__mask_false,maskable_ppo__mask_true,-2774077.618469,0.003906
episode_reward,a2c__mask_false,maskable_ppo__mask_true,-2737575.419442,0.003906
episode_reward,a2c__mask_false,maskable_ppo__mask_true,-2701073.220416,0.003906
episode_reward,a2c__mask_false,maskable_ppo__mask_true,-2664571.021389,0.003906
episode_reward,a2c__mask_false,maskable_ppo__mask_true,-2628068.822363,0.003906
episode_reward,a2c__mask_false,maskable_ppo__mask_true,-2591566.623336,0.003906
episode_reward,a2c__mask_false,maskable_ppo__mask_true,-2555064.424310,0.003906
episode_reward,a2c__mask_false,maskable_ppo__mask_true,-2518562.225283,0.003906
episode_reward,a2c__mask_false,maskable_ppo__mask_true,-2482060.026256,0.003906
episode_reward,a2c__mask_false,maskable_ppo__mask_true,-2445557.827230,0.003906
episode_reward,a2c__mask_false,maskable_ppo__mask_true,-2409055.628203,0.003906
episode_reward,a2c__mask_false,maskable_ppo__mask_true,-2372553.429177,0.003906
episode_reward,a2c__mask_false,maskable_ppo__mask_true,-2336051.230150,0.003906
episode_reward,a2c__mask_false,maskable_ppo__mask_true,-2299549.031124,0.003906
episode_reward,a2c__mask_false,maskable_ppo__mask_true,-2263046.832097,0.003906
episode_reward,a2c__mask_false,maskable_ppo__mask_true,-2226544.633071,0.003906
episode_reward,a2c__mask_false,maskable_ppo__mask_true,-2190042.434044,0.003906
episode_reward,a2c__mask_false,maskable_ppo__mask_true,-2153540.235018,0.003906
episode_reward,a2c__mask_false,maskable_ppo__mask_true,-2117038.035991,0.003906
episode_reward,a2c__mask_false,maskable_ppo__mask_true,-2080535.836965,0.003906
episode_reward,a2c__mask_false,maskable_ppo__mask_true,-2044033.637938,0.003906
episode_reward,a2c__mask_false,maskable_ppo__mask_true,-2007531.438912,0.003906
episode_reward,a2c__mask_false,maskable_ppo__mask_true,-1971029.239885,0.003906
episode_reward,a2c__mask_false,maskable_ppo__mask_true,-1934527.040859,0.003906
episode_reward,a2c__mask_false,maskable_ppo__mask_true,-1898024.841832,0.003906
episode_reward,a2c__mask_false,maskable_ppo__mask_true,-1861522.642806,0.003906
episode_reward,a2c__mask_false,maskable_ppo__mask_true,-1825020.443779,0.003906
episode_reward,a2c__mask_false,maskable_ppo__mask_true,-1788518.244752,0.003906
episode_reward,a2c__mask_false,maskable_ppo__mask_true,-1752016.045726,0.003906
episode_reward,a2c__mask_false,maskable_ppo__mask_true,-1715513.846699,0.003906
episode_reward,a2c__mask_false,maskable_ppo__mask_true,-1679011.647673,0.003906
episode_reward,a2c__mask_false,maskable_ppo__mask_true,-1642509.448646,0.003906
episode_reward,a2c__mask_false,maskable_ppo__mask_true,-1606007.249620,0.003906
episode_reward,a2c__mask_false,maskable_ppo__mask_true,-1569505.050593,0.003906
episode_reward,a2c__mask_false,maskable_ppo__mask_true,-1533002.851567,0.003906
episode_reward,a2c__mask_false,maskable_ppo__mask_true,-1496500.652540,0.003906
episode_reward,a2c__mask_false,maskable_ppo__mask_true,-1459998.453514,0.003906
episode_reward,a2c__mask_false,maskable_ppo__mask_true,-1423496.254487,0.003906
episode_reward,a2c__mask_false,maskable_ppo__mask_true,-1386994.055461,0.003906
episode_reward,a2c__mask_false,maskable_ppo__mask_true,-1350491.856434,0.003906
episode_reward,a2c__mask_false,maskable_ppo__mask_true,-1313989.657408,0.003906
episode_reward,a2c__mask_false,maskable_ppo__mask_true,-1277487.458381,0.003906
episode_reward,dqn__mask_false,maskable_a2c__mask_true,-8543935.248234,0.003906
episode_reward,dqn__mask_false,maskable_a2c__mask_true,-8223600.086636,0.431641
episode_reward,dqn__mask_false,maskable_a2c__mask_true,-7903264.925038,0.431641
episode_reward,dqn__mask_false,maskable_a2c__mask_true,-7582929.763440,0.431641
episode_reward,dqn__mask_false,maskable_a2c__mask_true,-7262594.601842,0.431641
episode_reward,dqn__mask_false,maskable_a2c__mask_true,-6942259.440244,0.431641
episode_reward,dqn__mask_false,maskable_a2c__mask_true,-6621924.278646,0.431641
episode_reward,dqn__mask_false,maskable_a2c__mask_true,-6301589.117048,0.431641
episode_reward,dqn__mask_false,maskable_a2c__mask_true,-5981253.955450,0.431641
episode_reward,dqn__mask_false,maskable_a2c__mask_true,-5660918.793852,0.431641
episode_reward,dqn__mask_false,maskable_a2c__mask_true,-5340583.632254,0.431641
episode_reward,dqn__mask_false,maskable_a2c__mask_true,-5020248.470656,0.105469
episode_reward,dqn__mask_false,maskable_a2c__mask_true,-4699913.309058,0.105469
episode_reward,dqn__mask_false,maskable_a2c__mask_true,-4379578.147460,0.105469
episode_reward,dqn__mask_false,maskable_a2c__mask_true,-4059242.985862,0.105469
episode_reward,dqn__mask_false,maskable_a2c__mask_true,-3738907.824264,0.105469
episode_reward,dqn__mask_false,maskable_a2c__mask_true,-3418572.662665,0.105469
episode_reward,dqn__mask_false,maskable_a2c__mask_true,-3098237.501067,0.105469
episode_reward,dqn__mask_false,maskable_a2c__mask_true,-2777902.339469,0.105469
episode_reward,dqn__mask_false,maskable_a2c__mask_true,-2457567.177871,0.105469
episode_reward,dqn__mask_false,maskable_a2c__mask_true,-2137232.016273,0.105469
episode_reward,dqn__mask_false,maskable_a2c__mask_true,-1816896.854675,0.105469
episode_reward,dqn__mask_false,maskable_a2c__mask_true,-1496561.693077,0.083984
episode_reward,dqn__mask_false,maskable_a2c__mask_true,-1176226.531479,0.083984
episode_reward,dqn__mask_false,maskable_a2c__mask_true,-855891.369881,0.083984
episode_reward,dqn__mask_false,maskable_a2c__mask_true,-535556.208283,0.083984
episode_reward,dqn__mask_false,maskable_a2c__mask_true,-215221.046685,0.083984
episode_reward,dqn__mask_false,maskable_a2c__mask_true,105114.114913,0.083984
episode_reward,dqn__mask_false,maskable_a2c__mask_true,425449.276511,0.083984
episode_reward,dqn__mask_false,maskable_a2c__mask_true,745784.438109,0.083984
episode_reward,dqn__mask_false,maskable_a2c__mask_true,1066119.599707,0.083984
episode_reward,dqn__mask_false,maskable_a2c__mask_true,1386454.761305,0.083984
episode_reward,dqn__mask_false,maskable_a2c__mask_true,1706789.922903,0.083984
episode_reward,dqn__mask_false,maskable_a2c__mask_true,2027125.084501,0.083984
episode_reward,dqn__mask_false,maskable_a2c__mask_true,2347460.246099,0.083984
episode_reward,dqn__mask_false,maskable_a2c__mask_true,2667795.407698,0.083984
episode_reward,dqn__mask_false,maskable_a2c__mask_true,2988130.569296,0.083984
episode_reward,dqn__mask_false,maskable_a2c__mask_true,3308465.730894,0.083984
episode_reward,dqn__mask_false,maskable_a2c__mask_true,3628800.892492,0.083984
episode_reward,dqn__mask_false,maskable_a2c__mask_true,3949136.054090,0.083984
episode_reward,dqn__mask_false,maskable_a2c__mask_true,4269471.215688,0.083984
episode_reward,dqn__mask_false,maskable_a2c__mask_true,4589806.377286,0.083984
episode_reward,dqn__mask_false,maskable_a2c__mask_true,4910141.538884,0.083984
episode_reward,dqn__mask_false,maskable_a2c__mask_true,5230476.700482,0.083984
episode_reward,dqn__mask_false,maskable_a2c__mask_true,5550811.862080,0.083984
episode_reward,dqn__mask_false,maskable_a2c__mask_true,5871147.023678,0.083984
episode_reward,dqn__mask_false,maskable_a2c__mask_true,6191482.185276,0.083984
episode_reward,dqn__mask_false,maskable_a2c__mask_true,6511817.346874,0.083984
episode_reward,dqn__mask_false,maskable_a2c__mask_true,6832152.508472,0.083984
episode_reward,dqn__mask_false,maskable_a2c__mask_true,7152487.670070,0.083984
episode_reward,dqn__mask_false,maskable_a2c__mask_true,7472822.831668,0.083984
episode_reward,dqn__mask_false,maskable_a2c__mask_true,7793157.993266,0.083984
episode_reward,dqn__mask_false,maskable_a2c__mask_true,8113493.154864,0.083984
episode_reward,dqn__mask_false,maskable_a2c__mask_true,8433828.316462,0.083984
episode_reward,dqn__mask_false,maskable_a2c__mask_true,8754163.478060,0.083984
episode_reward,dqn__mask_false,maskable_a2c__mask_true,9074498.639659,0.083984
episode_reward,dqn__mask_false,maskable_a2c__mask_true,9394833.801257,0.083984
episode_reward,dqn__mask_false,maskable_a2c__mask_true,9715168.962855,0.083984
episode_reward,dqn__mask_false,maskable_a2c__mask_true,10035504.124453,0.083984
episode_reward,dqn__mask_false,maskable_a2c__mask_true,10355839.286051,0.083984
episode_reward,dqn__mask_false,maskable_a2c__mask_true,10676174.447649,0.083984
episode_reward,dqn__mask_false,maskable_a2c__mask_true,10996509.609247,0.083984
episode_reward,dqn__mask_false,maskable_a2c__mask_true,11316844.770845,0.083984
episode_reward,dqn__mask_false,maskable_a2c__mask_true,11637179.932443,0.083984
episode_reward,dqn__mask_false,maskable_a2c__mask_true,11957515.094041,0.083984
episode_reward,dqn__mask_false,maskable_a2c__mask_true,12277850.255639,0.083984
episode_reward,dqn__mask_false,maskable_a2c__mask_true,12598185.417237,0.083984
episode_reward,dqn__mask_false,maskable_a2c__mask_true,12918520.578835,0.083984
episode_reward,dqn__mask_false,maskable_a2c__mask_true,13238855.740433,0.083984
episode_reward,dqn__mask_false,maskable_a2c__mask_true,13559190.902031,0.083984
episode_reward,dqn__mask_false,maskable_a2c__mask_true,13879526.063629,0.083984
episode_reward,dqn__mask_false,maskable_a2c__mask_true,14199861.225227,0.083984
episode_reward,dqn__mask_false,maskable_a2c__mask_true,14520196.386825,0.083984
episode_reward,dqn__mask_false,maskable_a2c__mask_true,14840531.548423,0.083984
episode_reward,dqn__mask_false,maskable_a2c__mask_true,15160866.710021,0.083984
episode_reward,dqn__mask_false,maskable_a2c__mask_true,15481201.871620,0.083984
episode_reward,dqn__mask_false,maskable_a2c__mask_true,15801537.033218,0.083984
episode_reward,dqn__mask_false,maskable_a2c__mask_true,16121872.194816,0.083984
episode_reward,dqn__mask_false,maskable_a2c__mask_true,16442207.356414,0.083984
episode_reward,dqn__mask_false,maskable_a2c__mask_true,16762542.518012,0.083984
episode_reward,dqn__mask_false,maskable_a2c__mask_true,17082877.679610,0.083984
episode_reward,dqn__mask_false,maskable_a2c__mask_true,17403212.841208,0.083984
episode_reward,dqn__mask_false,maskable_a2c__mask_true,17723548.002806,0.083984
episode_reward,dqn__mask_false,maskable_a2c__mask_true,18043883.164404,0.083984
episode_reward,dqn__mask_false,maskable_a2c__mask_true,18364218.326002,0.083984
episode_reward,dqn__mask_false,maskable_a2c__mask_true,18684553.487600,0.083984
episode_reward,dqn__mask_false,maskable_a2c__mask_true,19004888.649198,0.083984
episode_reward,dqn__mask_false,maskable_a2c__mask_true,19325223.810796,0.083984
episode_reward,dqn__mask_false,maskable_a2c__mask_true,19645558.972394,0.083984
episode_reward,dqn__mask_false,maskable_a2c__mask_true,19965894.133992,0.083984
episode_reward,dqn__mask_false,maskable_a2c__mask_true,20286229.295590,0.083984
episode_reward,dqn__mask_false,maskable_a2c__mask_true,20606564.457188,0.083984
episode_reward,dqn__mask_false,maskable_a2c__mask_true,20926899.618786,0.083984
episode_reward,dqn__mask_false,maskable_a2c__mask_true,21247234.780384,0.083984
episode_reward,dqn__mask_false,maskable_a2c__mask_true,21567569.941982,0.083984
episode_reward,dqn__mask_false,maskable_a2c__mask_true,21887905.103581,0.083984
episode_reward,dqn__mask_false,maskable_a2c__mask_true,22208240.265179,0.083984
episode_reward,dqn__mask_false,maskable_a2c__mask_true,22528575.426777,0.083984
episode_reward,dqn__mask_false,maskable_a2c__mask_true,22848910.588375,0.083984
episode_reward,dqn__mask_false,maskable_a2c__mask_true,23169245.749973,0.083984
episode_reward,dqn__mask_false,maskable_a2c__mask_true,23489580.911571,0.083984
episode_reward,dqn__mask_false,maskable_a2c__mask_true,23809916.073169,0.083984
episode_reward,dqn__mask_false,maskable_a2c__mask_true,24130251.234767,0.083984
episode_reward,dqn__mask_false,maskable_a2c__mask_true,24450586.396365,0.083984
episode_reward,dqn__mask_false,maskable_a2c__mask_true,24770921.557963,0.083984
episode_reward,dqn__mask_false,maskable_a2c__mask_true,25091256.719561,0.083984
episode_reward,dqn__mask_false,maskable_a2c__mask_true,25411591.881159,0.083984
episode_reward,dqn__mask_false,maskable_a2c__mask_true,25731927.042757,0.083984
episode_reward,dqn__mask_false,maskable_a2c__mask_true,26052262.204355,0.083984
episode_reward,dqn__mask_false,maskable_a2c__mask_true,26372597.365953,0.005859
episode_reward,dqn__mask_false,maskable_a2c__mask_true,26692932.527551,0.005859
episode_reward,dqn__mask_false,maskable_a2c__mask_true,27013267.689149,0.005859
episode_reward,dqn__mask_false,maskable_a2c__mask_true,27333602.850747,0.005859
episode_reward,dqn__mask_false,maskable_a2c__mask_true,27653938.012345,0.005859
episode_reward,dqn__mask_false,maskable_a2c__mask_true,27974273.173943,0.005859
episode_reward,dqn__mask_false,maskable_a2c__mask_true,28294608.335542,0.005859
episode_reward,dqn__mask_false,maskable_a2c__mask_true,28614943.497140,0.005859
episode_reward,dqn__mask_false,maskable_a2c__mask_true,28935278.658738,0.005859
episode_reward,dqn__mask_false,maskable_a2c__mask_true,29255613.820336,0.005859
episode_reward,dqn__mask_false,maskable_a2c__mask_true,29575948.981934,0.003906
episode_reward,dqn__mask_false,maskable_a2c__mask_true,29896284.143532,0.003906
episode_reward,dqn__mask_false,maskable_a2c__mask_true,30216619.305130,0.003906
episode_reward,dqn__mask_false,maskable_a2c__mask_true,30536954.466728,0.003906
episode_reward,dqn__mask_false,maskable_a2c__mask_true,30857289.628326,0.003906
episode_reward,dqn__mask_false,maskable_a2c__mask_true,31177624.789924,0.003906
episode_reward,dqn__mask_false,maskable_a2c__mask_true,31497959.951522,0.003906
episode_reward,dqn__mask_false,maskable_a2c__mask_true,31818295.113120,0.003906
episode_reward,dqn__mask_false,maskable_a2c__mask_true,32138630.274718,0.003906
episode_reward,dqn__mask_false,maskable_a2c__mask_true,32458965.436316,0.003906
episode_reward,dqn__mask_false,maskable_a2c__mask_true,32779300.597914,0.003906
episode_reward,dqn__mask_false,maskable_a2c__mask_true,33099635.759512,0.003906
episode_reward,dqn__mask_false,maskable_a2c__mask_true,33419970.921110,0.003906
episode_reward,dqn__mask_false,maskable_a2c__mask_true,33740306.082708,0.003906
episode_reward,dqn__mask_false,maskable_a2c__mask_true,34060641.244306,0.003906
episode_reward,dqn__mask_false,maskable_a2c__mask_true,34380976.405904,0.003906
episode_reward,dqn__mask_false,maskable_a2c__mask_true,34701311.567503,0.003906
episode_reward,dqn__mask_false,maskable_a2c__mask_true,35021646.729101,0.003906
episode_reward,dqn__mask_false,maskable_a2c__mask_true,35341981.890699,0.003906
episode_reward,dqn__mask_false,maskable_a2c__mask_true,35662317.052297,0.003906
episode_reward,dqn__mask_false,maskable_a2c__mask_true,35982652.213895,0.003906
episode_reward,dqn__mask_false,maskable_a2c__mask_true,36302987.375493,0.003906
episode_reward,dqn__mask_false,maskable_a2c__mask_true,36623322.537091,0.003906
episode_reward,dqn__mask_false,maskable_a2c__mask_true,36943657.698689,0.003906
episode_reward,dqn__mask_false,maskable_a2c__mask_true,37263992.860287,0.003906
episode_reward,dqn__mask_false,maskable_a2c__mask_true,37584328.021885,0.003906
episode_reward,dqn__mask_false,maskable_a2c__mask_true,37904663.183483,0.003906
episode_reward,dqn__mask_false,maskable_a2c__mask_true,38224998.345081,0.003906
episode_reward,dqn__mask_false,maskable_a2c__mask_true,38545333.506679,0.003906
episode_reward,dqn__mask_false,maskable_a2c__mask_true,38865668.668277,0.003906
episode_reward,dqn__mask_false,maskable_a2c__mask_true,39186003.829875,0.003906
episode_reward,dqn__mask_false,maskable_a2c__mask_true,39506338.991473,0.003906
episode_reward,dqn__mask_false,maskable_a2c__mask_true,39826674.153071,0.003906
episode_reward,dqn__mask_false,maskable_a2c__mask_true,40147009.314669,0.003906
episode_reward,dqn__mask_false,maskable_a2c__mask_true,40467344.476267,0.003906
episode_reward,dqn__mask_false,maskable_a2c__mask_true,40787679.637865,0.003906
episode_reward,dqn__mask_false,maskable_a2c__mask_true,41108014.799464,0.003906
episode_reward,dqn__mask_false,maskable_a2c__mask_true,41428349.961062,0.003906
episode_reward,dqn__mask_false,maskable_a2c__mask_true,41748685.122660,0.003906
episode_reward,dqn__mask_false,maskable_a2c__mask_true,42069020.284258,0.003906
episode_reward,dqn__mask_false,maskable_a2c__mask_true,42389355.445856,0.003906
episode_reward,dqn__mask_false,maskable_a2c__mask_true,42709690.607454,0.003906
episode_reward,dqn__mask_false,maskable_a2c__mask_true,43030025.769052,0.003906
episode_reward,dqn__mask_false,maskable_a2c__mask_true,43350360.930650,0.003906
episode_reward,dqn__mask_false,maskable_a2c__mask_true,43670696.092248,0.003906
episode_reward,dqn__mask_false,maskable_a2c__mask_true,43991031.253846,0.003906
episode_reward,dqn__mask_false,maskable_a2c__mask_true,44311366.415444,0.003906
episode_reward,dqn__mask_false,maskable_a2c__mask_true,44631701.577042,0.003906
episode_reward,dqn__mask_false,maskable_a2c__mask_true,44952036.738640,0.003906
episode_reward,dqn__mask_false,maskable_a2c__mask_true,45272371.900238,0.003906
episode_reward,dqn__mask_false,maskable_a2c__mask_true,45592707.061836,0.003906
episode_reward,dqn__mask_false,maskable_a2c__mask_true,45913042.223434,0.003906
episode_reward,dqn__mask_false,maskable_a2c__mask_true,46233377.385032,0.003906
episode_reward,dqn__mask_false,maskable_a2c__mask_true,46553712.546630,0.003906
episode_reward,dqn__mask_false,maskable_a2c__mask_true,46874047.708228,0.003906
episode_reward,dqn__mask_false,maskable_a2c__mask_true,47194382.869826,0.003906
episode_reward,dqn__mask_false,maskable_a2c__mask_true,47514718.031425,0.003906
episode_reward,dqn__mask_false,maskable_a2c__mask_true,47835053.193023,0.003906
episode_reward,dqn__mask_false,maskable_a2c__mask_true,48155388.354621,0.003906
episode_reward,dqn__mask_false,maskable_a2c__mask_true,48475723.516219,0.003906
episode_reward,dqn__mask_false,maskable_a2c__mask_true,48796058.677817,0.003906
episode_reward,dqn__mask_false,maskable_a2c__mask_true,49116393.839415,0.003906
episode_reward,dqn__mask_false,maskable_a2c__mask_true,49436729.001013,0.003906
episode_reward,dqn__mask_false,maskable_a2c__mask_true,49757064.162611,0.003906
episode_reward,dqn__mask_false,maskable_a2c__mask_true,50077399.324209,0.003906
episode_reward,dqn__mask_false,maskable_a2c__mask_true,50397734.485807,0.003906
episode_reward,dqn__mask_false,maskable_a2c__mask_true,50718069.647405,0.003906
episode_reward,dqn__mask_false,maskable_a2c__mask_true,51038404.809003,0.003906
episode_reward,dqn__mask_false,maskable_a2c__mask_true,51358739.970601,0.003906
episode_reward,dqn__mask_false,maskable_a2c__mask_true,51679075.132199,0.003906
episode_reward,dqn__mask_false,maskable_a2c__mask_true,51999410.293797,0.003906
episode_reward,dqn__mask_false,maskable_a2c__mask_true,52319745.455395,0.003906
episode_reward,dqn__mask_false,maskable_a2c__mask_true,52640080.616993,0.003906
episode_reward,dqn__mask_false,maskable_a2c__mask_true,52960415.778591,0.003906
episode_reward,dqn__mask_false,maskable_a2c__mask_true,53280750.940189,0.003906
episode_reward,dqn__mask_false,maskable_a2c__mask_true,53601086.101788,0.003906
episode_reward,dqn__mask_false,maskable_a2c__mask_true,53921421.263386,0.003906
episode_reward,dqn__mask_false,maskable_a2c__mask_true,54241756.424984,0.003906
episode_reward,dqn__mask_false,maskable_a2c__mask_true,54562091.586582,0.003906
episode_reward,dqn__mask_false,maskable_a2c__mask_true,54882426.748180,0.003906
episode_reward,dqn__mask_false,maskable_a2c__mask_true,55202761.909778,0.003906
episode_reward,dqn__mask_false,maskable_ppo__mask_true,-8543933.997496,0.003906
episode_reward,dqn__mask_false,maskable_ppo__mask_true,-8512765.423072,0.492188
episode_reward,dqn__mask_false,maskable_ppo__mask_true,-8481596.848649,0.431641
episode_reward,dqn__mask_false,maskable_ppo__mask_true,-8450428.274226,0.431641
episode_reward,dqn__mask_false,maskable_ppo__mask_true,-8419259.699802,0.431641
episode_reward,dqn__mask_false,maskable_ppo__mask_true,-8388091.125379,0.431641
episode_reward,dqn__mask_false,maskable_ppo__mask_true,-8356922.550956,0.431641
episode_reward,dqn__mask_false,maskable_ppo__mask_true,-8325753.976532,0.431641
episode_reward,dqn__mask_false,maskable_ppo__mask_true,-8294585.402109,0.431641
episode_reward,dqn__mask_false,maskable_ppo__mask_true,-8263416.827686,0.431641
episode_reward,dqn__mask_false,maskable_ppo__mask_true,-8232248.253263,0.431641
episode_reward,dqn__mask_false,maskable_ppo__mask_true,-8201079.678839,0.322266
episode_reward,dqn__mask_false,maskable_ppo__mask_true,-8169911.104416,0.105469
episode_reward,dqn__mask_false,maskable_ppo__mask_true,-8138742.529993,0.105469
episode_reward,dqn__mask_false,maskable_ppo__mask_true,-8107573.955569,0.105469
episode_reward,dqn__mask_false,maskable_ppo__mask_true,-8076405.381146,0.105469
episode_reward,dqn__mask_false,maskable_ppo__mask_true,-8045236.806723,0.105469
episode_reward,dqn__mask_false,maskable_ppo__mask_true,-8014068.232299,0.105469
episode_reward,dqn__mask_false,maskable_ppo__mask_true,-7982899.657876,0.105469
episode_reward,dqn__mask_false,maskable_ppo__mask_true,-7951731.083453,0.105469
episode_reward,dqn__mask_false,maskable_ppo__mask_true,-7920562.509030,0.105469
episode_reward,dqn__mask_false,maskable_ppo__mask_true,-7889393.934606,0.105469
episode_reward,dqn__mask_false,maskable_ppo__mask_true,-7858225.360183,0.083984
episode_reward,dqn__mask_false,maskable_ppo__mask_true,-7827056.785760,0.083984
episode_reward,dqn__mask_false,maskable_ppo__mask_true,-7795888.211336,0.083984
episode_reward,dqn__mask_false,maskable_ppo__mask_true,-7764719.636913,0.083984
episode_reward,dqn__mask_false,maskable_ppo__mask_true,-7733551.062490,0.083984
episode_reward,dqn__mask_false,maskable_ppo__mask_true,-7702382.488067,0.083984
episode_reward,dqn__mask_false,maskable_ppo__mask_true,-7671213.913643,0.083984
episode_reward,dqn__mask_false,maskable_ppo__mask_true,-7640045.339220,0.083984
episode_reward,dqn__mask_false,maskable_ppo__mask_true,-7608876.764797,0.083984
episode_reward,dqn__mask_false,maskable_ppo__mask_true,-7577708.190373,0.083984
episode_reward,dqn__mask_false,maskable_ppo__mask_true,-7546539.615950,0.083984
episode_reward,dqn__mask_false,maskable_ppo__mask_true,-7515371.041527,0.083984
episode_reward,dqn__mask_false,maskable_ppo__mask_true,-7484202.467103,0.083984
episode_reward,dqn__mask_false,maskable_ppo__mask_true,-7453033.892680,0.083984
episode_reward,dqn__mask_false,maskable_ppo__mask_true,-7421865.318257,0.083984
episode_reward,dqn__mask_false,maskable_ppo__mask_true,-7390696.743834,0.083984
episode_reward,dqn__mask_false,maskable_ppo__mask_true,-7359528.169410,0.083984
episode_reward,dqn__mask_false,maskable_ppo__mask_true,-7328359.594987,0.083984
episode_reward,dqn__mask_false,maskable_ppo__mask_true,-7297191.020564,0.083984
episode_reward,dqn__mask_false,maskable_ppo__mask_true,-7266022.446140,0.083984
episode_reward,dqn__mask_false,maskable_ppo__mask_true,-7234853.871717,0.083984
episode_reward,dqn__mask_false,maskable_ppo__mask_true,-7203685.297294,0.083984
episode_reward,dqn__mask_false,maskable_ppo__mask_true,-7172516.722870,0.083984
episode_reward,dqn__mask_false,maskable_ppo__mask_true,-7141348.148447,0.083984
episode_reward,dqn__mask_false,maskable_ppo__mask_true,-7110179.574024,0.083984
episode_reward,dqn__mask_false,maskable_ppo__mask_true,-7079010.999601,0.083984
episode_reward,dqn__mask_false,maskable_ppo__mask_true,-7047842.425177,0.083984
episode_reward,dqn__mask_false,maskable_ppo__mask_true,-7016673.850754,0.083984
episode_reward,dqn__mask_false,maskable_ppo__mask_true,-6985505.276331,0.083984
episode_reward,dqn__mask_false,maskable_ppo__mask_true,-6954336.701907,0.083984
episode_reward,dqn__mask_false,maskable_ppo__mask_true,-6923168.127484,0.083984
episode_reward,dqn__mask_false,maskable_ppo__mask_true,-6891999.553061,0.083984
episode_reward,dqn__mask_false,maskable_ppo__mask_true,-6860830.978638,0.083984
episode_reward,dqn__mask_false,maskable_ppo__mask_true,-6829662.404214,0.083984
episode_reward,dqn__mask_false,maskable_ppo__mask_true,-6798493.829791,0.083984
episode_reward,dqn__mask_false,maskable_ppo__mask_true,-6767325.255368,0.083984
episode_reward,dqn__mask_false,maskable_ppo__mask_true,-6736156.680944,0.083984
episode_reward,dqn__mask_false,maskable_ppo__mask_true,-6704988.106521,0.083984
episode_reward,dqn__mask_false,maskable_ppo__mask_true,-6673819.532098,0.083984
episode_reward,dqn__mask_false,maskable_ppo__mask_true,-6642650.957674,0.083984
episode_reward,dqn__mask_false,maskable_ppo__mask_true,-6611482.383251,0.083984
episode_reward,dqn__mask_false,maskable_ppo__mask_true,-6580313.808828,0.083984
episode_reward,dqn__mask_false,maskable_ppo__mask_true,-6549145.234405,0.083984
episode_reward,dqn__mask_false,maskable_ppo__mask_true,-6517976.659981,0.083984
episode_reward,dqn__mask_false,maskable_ppo__mask_true,-6486808.085558,0.083984
episode_reward,dqn__mask_false,maskable_ppo__mask_true,-6455639.511135,0.083984
episode_reward,dqn__mask_false,maskable_ppo__mask_true,-6424470.936711,0.083984
episode_reward,dqn__mask_false,maskable_ppo__mask_true,-6393302.362288,0.083984
episode_reward,dqn__mask_false,maskable_ppo__mask_true,-6362133.787865,0.083984
episode_reward,dqn__mask_false,maskable_ppo__mask_true,-6330965.213441,0.083984
episode_reward,dqn__mask_false,maskable_ppo__mask_true,-6299796.639018,0.083984
episode_reward,dqn__mask_false,maskable_ppo__mask_true,-6268628.064595,0.083984
episode_reward,dqn__mask_false,maskable_ppo__mask_true,-6237459.490172,0.083984
episode_reward,dqn__mask_false,maskable_ppo__mask_true,-6206290.915748,0.083984
episode_reward,dqn__mask_false,maskable_ppo__mask_true,-6175122.341325,0.083984
episode_reward,dqn__mask_false,maskable_ppo__mask_true,-6143953.766902,0.083984
episode_reward,dqn__mask_false,maskable_ppo__mask_true,-6112785.192478,0.083984
episode_reward,dqn__mask_false,maskable_ppo__mask_true,-6081616.618055,0.083984
episode_reward,dqn__mask_false,maskable_ppo__mask_true,-6050448.043632,0.083984
episode_reward,dqn__mask_false,maskable_ppo__mask_true,-6019279.469209,0.083984
episode_reward,dqn__mask_false,maskable_ppo__mask_true,-5988110.894785,0.083984
episode_reward,dqn__mask_false,maskable_ppo__mask_true,-5956942.320362,0.083984
episode_reward,dqn__mask_false,maskable_ppo__mask_true,-5925773.745939,0.083984
episode_reward,dqn__mask_false,maskable_ppo__mask_true,-5894605.171515,0.083984
episode_reward,dqn__mask_false,maskable_ppo__mask_true,-5863436.597092,0.083984
episode_reward,dqn__mask_false,maskable_ppo__mask_true,-5832268.022669,0.083984
episode_reward,dqn__mask_false,maskable_ppo__mask_true,-5801099.448245,0.083984
episode_reward,dqn__mask_false,maskable_ppo__mask_true,-5769930.873822,0.083984
episode_reward,dqn__mask_false,maskable_ppo__mask_true,-5738762.299399,0.083984
episode_reward,dqn__mask_false,maskable_ppo__mask_true,-5707593.724976,0.083984
episode_reward,dqn__mask_false,maskable_ppo__mask_true,-5676425.150552,0.083984
episode_reward,dqn__mask_false,maskable_ppo__mask_true,-5645256.576129,0.083984
episode_reward,dqn__mask_false,maskable_ppo__mask_true,-5614088.001706,0.083984
episode_reward,dqn__mask_false,maskable_ppo__mask_true,-5582919.427282,0.083984
episode_reward,dqn__mask_false,maskable_ppo__mask_true,-5551750.852859,0.083984
episode_reward,dqn__mask_false,maskable_ppo__mask_true,-5520582.278436,0.083984
episode_reward,dqn__mask_false,maskable_ppo__mask_true,-5489413.704012,0.083984
episode_reward,dqn__mask_false,maskable_ppo__mask_true,-5458245.129589,0.083984
episode_reward,dqn__mask_false,maskable_ppo__mask_true,-5427076.555166,0.083984
episode_reward,dqn__mask_false,maskable_ppo__mask_true,-5395907.980743,0.083984
episode_reward,dqn__mask_false,maskable_ppo__mask_true,-5364739.406319,0.083984
episode_reward,dqn__mask_false,maskable_ppo__mask_true,-5333570.831896,0.083984
episode_reward,dqn__mask_false,maskable_ppo__mask_true,-5302402.257473,0.083984
episode_reward,dqn__mask_false,maskable_ppo__mask_true,-5271233.683049,0.083984
episode_reward,dqn__mask_false,maskable_ppo__mask_true,-5240065.108626,0.083984
episode_reward,dqn__mask_false,maskable_ppo__mask_true,-5208896.534203,0.083984
episode_reward,dqn__mask_false,maskable_ppo__mask_true,-5177727.959780,0.083984
episode_reward,dqn__mask_false,maskable_ppo__mask_true,-5146559.385356,0.013672
episode_reward,dqn__mask_false,maskable_ppo__mask_true,-5115390.810933,0.005859
episode_reward,dqn__mask_false,maskable_ppo__mask_true,-5084222.236510,0.005859
episode_reward,dqn__mask_false,maskable_ppo__mask_true,-5053053.662086,0.005859
episode_reward,dqn__mask_false,maskable_ppo__mask_true,-5021885.087663,0.005859
episode_reward,dqn__mask_false,maskable_ppo__mask_true,-4990716.513240,0.005859
episode_reward,dqn__mask_false,maskable_ppo__mask_true,-4959547.938816,0.005859
episode_reward,dqn__mask_false,maskable_ppo__mask_true,-4928379.364393,0.005859
episode_reward,dqn__mask_false,maskable_ppo__mask_true,-4897210.789970,0.005859
episode_reward,dqn__mask_false,maskable_ppo__mask_true,-4866042.215547,0.005859
episode_reward,dqn__mask_false,maskable_ppo__mask_true,-4834873.641123,0.005859
episode_reward,dqn__mask_false,maskable_ppo__mask_true,-4803705.066700,0.003906
episode_reward,dqn__mask_false,maskable_ppo__mask_true,-4772536.492277,0.003906
episode_reward,dqn__mask_false,maskable_ppo__mask_true,-4741367.917853,0.003906
episode_reward,dqn__mask_false,maskable_ppo__mask_true,-4710199.343430,0.003906
episode_reward,dqn__mask_false,maskable_ppo__mask_true,-4679030.769007,0.003906
episode_reward,dqn__mask_false,maskable_ppo__mask_true,-4647862.194583,0.003906
episode_reward,dqn__mask_false,maskable_ppo__mask_true,-4616693.620160,0.003906
episode_reward,dqn__mask_false,maskable_ppo__mask_true,-4585525.045737,0.003906
episode_reward,dqn__mask_false,maskable_ppo__mask_true,-4554356.471314,0.003906
episode_reward,dqn__mask_false,maskable_ppo__mask_true,-4523187.896890,0.003906
episode_reward,dqn__mask_false,maskable_ppo__mask_true,-4492019.322467,0.003906
episode_reward,dqn__mask_false,maskable_ppo__mask_true,-4460850.748044,0.003906
episode_reward,dqn__mask_false,maskable_ppo__mask_true,-4429682.173620,0.003906
episode_reward,dqn__mask_false,maskable_ppo__mask_true,-4398513.599197,0.003906
episode_reward,dqn__mask_false,maskable_ppo__mask_true,-4367345.024774,0.003906
episode_reward,dqn__mask_false,maskable_ppo__mask_true,-4336176.450351,0.003906
episode_reward,dqn__mask_false,maskable_ppo__mask_true,-4305007.875927,0.003906
episode_reward,dqn__mask_false,maskable_ppo__mask_true,-4273839.301504,0.003906
episode_reward,dqn__mask_false,maskable_ppo__mask_true,-4242670.727081,0.003906
episode_reward,dqn__mask_false,maskable_ppo__mask_true,-4211502.152657,0.003906
episode_reward,dqn__mask_false,maskable_ppo__mask_true,-4180333.578234,0.003906
episode_reward,dqn__mask_false,maskable_ppo__mask_true,-4149165.003811,0.003906
episode_reward,dqn__mask_false,maskable_ppo__mask_true,-4117996.429387,0.003906
episode_reward,dqn__mask_false,maskable_ppo__mask_true,-4086827.854964,0.003906
episode_reward,dqn__mask_false,maskable_ppo__mask_true,-4055659.280541,0.003906
episode_reward,dqn__mask_false,maskable_ppo__mask_true,-4024490.706118,0.003906
episode_reward,dqn__mask_false,maskable_ppo__mask_true,-3993322.131694,0.003906
episode_reward,dqn__mask_false,maskable_ppo__mask_true,-3962153.557271,0.003906
episode_reward,dqn__mask_false,maskable_ppo__mask_true,-3930984.982848,0.003906
episode_reward,dqn__mask_false,maskable_ppo__mask_true,-3899816.408424,0.003906
episode_reward,dqn__mask_false,maskable_ppo__mask_true,-3868647.834001,0.003906
episode_reward,dqn__mask_false,maskable_ppo__mask_true,-3837479.259578,0.003906
episode_reward,dqn__mask_false,maskable_ppo__mask_true,-3806310.685154,0.003906
episode_reward,dqn__mask_false,maskable_ppo__mask_true,-3775142.110731,0.003906
episode_reward,dqn__mask_false,maskable_ppo__mask_true,-3743973.536308,0.003906
episode_reward,dqn__mask_false,maskable_ppo__mask_true,-3712804.961885,0.003906
episode_reward,dqn__mask_false,maskable_ppo__mask_true,-3681636.387461,0.003906
episode_reward,dqn__mask_false,maskable_ppo__mask_true,-3650467.813038,0.003906
episode_reward,dqn__mask_false,maskable_ppo__mask_true,-3619299.238615,0.003906
episode_reward,dqn__mask_false,maskable_ppo__mask_true,-3588130.664191,0.003906
episode_reward,dqn__mask_false,maskable_ppo__mask_true,-3556962.089768,0.003906
episode_reward,dqn__mask_false,maskable_ppo__mask_true,-3525793.515345,0.003906
episode_reward,dqn__mask_false,maskable_ppo__mask_true,-3494624.940922,0.003906
episode_reward,dqn__mask_false,maskable_ppo__mask_true,-3463456.366498,0.003906
episode_reward,dqn__mask_false,maskable_ppo__mask_true,-3432287.792075,0.003906
episode_reward,dqn__mask_false,maskable_ppo__mask_true,-3401119.217652,0.003906
episode_reward,dqn__mask_false,maskable_ppo__mask_true,-3369950.643228,0.003906
episode_reward,dqn__mask_false,maskable_ppo__mask_true,-3338782.068805,0.003906
episode_reward,dqn__mask_false,maskable_ppo__mask_true,-3307613.494382,0.003906
episode_reward,dqn__mask_false,maskable_ppo__mask_true,-3276444.919958,0.003906
episode_reward,dqn__mask_false,maskable_ppo__mask_true,-3245276.345535,0.003906
episode_reward,dqn__mask_false,maskable_ppo__mask_true,-3214107.771112,0.003906
episode_reward,dqn__mask_false,maskable_ppo__mask_true,-3182939.196689,0.003906
episode_reward,dqn__mask_false,maskable_ppo__mask_true,-3151770.622265,0.003906
episode_reward,dqn__mask_false,maskable_ppo__mask_true,-3120602.047842,0.003906
episode_reward,dqn__mask_false,maskable_ppo__mask_true,-3089433.473419,0.003906
episode_reward,dqn__mask_false,maskable_ppo__mask_true,-3058264.898995,0.003906
episode_reward,dqn__mask_false,maskable_ppo__mask_true,-3027096.324572,0.003906
episode_reward,dqn__mask_false,maskable_ppo__mask_true,-2995927.750149,0.003906
episode_reward,dqn__mask_false,maskable_ppo__mask_true,-2964759.175725,0.003906
episode_reward,dqn__mask_false,maskable_ppo__mask_true,-2933590.601302,0.003906
episode_reward,dqn__mask_false,maskable_ppo__mask_true,-2902422.026879,0.003906
episode_reward,dqn__mask_false,maskable_ppo__mask_true,-2871253.452456,0.003906
episode_reward,dqn__mask_false,maskable_ppo__mask_true,-2840084.878032,0.003906
episode_reward,dqn__mask_false,maskable_ppo__mask_true,-2808916.303609,0.003906
episode_reward,dqn__mask_false,maskable_ppo__mask_true,-2777747.729186,0.003906
episode_reward,dqn__mask_false,maskable_ppo__mask_true,-2746579.154762,0.003906
episode_reward,dqn__mask_false,maskable_ppo__mask_true,-2715410.580339,0.003906
episode_reward,dqn__mask_false,maskable_ppo__mask_true,-2684242.005916,0.003906
episode_reward,dqn__mask_false,maskable_ppo__mask_true,-2653073.431493,0.003906
episode_reward,dqn__mask_false,maskable_ppo__mask_true,-2621904.857069,0.003906
episode_reward,dqn__mask_false,maskable_ppo__mask_true,-2590736.282646,0.003906
episode_reward,dqn__mask_false,maskable_ppo__mask_true,-2559567.708223,0.003906
episode_reward,dqn__mask_false,maskable_ppo__mask_true,-2528399.133799,0.003906
episode_reward,dqn__mask_false,maskable_ppo__mask_true,-2497230.559376,0.003906
episode_reward,dqn__mask_false,maskable_ppo__mask_true,-2466061.984953,0.003906
episode_reward,dqn__mask_false,maskable_ppo__mask_true,-2434893.410529,0.003906
episode_reward,dqn__mask_false,maskable_ppo__mask_true,-2403724.836106,0.003906
episode_reward,dqn__mask_false,maskable_ppo__mask_true,-2372556.261683,0.003906
episode_reward,dqn__mask_false,maskable_ppo__mask_true,-2341387.687260,0.003906
episode_reward,maskable_a2c__mask_true,ppo__mask_false,-54026412.194545,0.003906
episode_reward,maskable_a2c__mask_true,ppo__mask_false,-53711953.734216,0.003906
episode_reward,maskable_a2c__mask_true,ppo__mask_false,-53397495.273888,0.003906
episode_reward,maskable_a2c__mask_true,ppo__mask_false,-53083036.813559,0.003906
episode_reward,maskable_a2c__mask_true,ppo__mask_false,-52768578.353231,0.003906
episode_reward,maskable_a2c__mask_true,ppo__mask_false,-52454119.892902,0.003906
episode_reward,maskable_a2c__mask_true,ppo__mask_false,-52139661.432574,0.003906
episode_reward,maskable_a2c__mask_true,ppo__mask_false,-51825202.972245,0.003906
episode_reward,maskable_a2c__mask_true,ppo__mask_false,-51510744.511917,0.003906
episode_reward,maskable_a2c__mask_true,ppo__mask_false,-51196286.051588,0.003906
episode_reward,maskable_a2c__mask_true,ppo__mask_false,-50881827.591260,0.003906
episode_reward,maskable_a2c__mask_true,ppo__mask_false,-50567369.130931,0.003906
episode_reward,maskable_a2c__mask_true,ppo__mask_false,-50252910.670603,0.003906
episode_reward,maskable_a2c__mask_true,ppo__mask_false,-49938452.210274,0.003906
episode_reward,maskable_a2c__mask_true,ppo__mask_false,-49623993.749946,0.003906
episode_reward,maskable_a2c__mask_true,ppo__mask_false,-49309535.289617,0.003906
episode_reward,maskable_a2c__mask_true,ppo__mask_false,-48995076.829289,0.003906
episode_reward,maskable_a2c__mask_true,ppo__mask_false,-48680618.368960,0.003906
episode_reward,maskable_a2c__mask_true,ppo__mask_false,-48366159.908632,0.003906
episode_reward,maskable_a2c__mask_true,ppo__mask_false,-48051701.448303,0.003906
episode_reward,maskable_a2c__mask_true,ppo__mask_false,-47737242.987975,0.003906
episode_reward,maskable_a2c__mask_true,ppo__mask_false,-47422784.527646,0.003906
episode_reward,maskable_a2c__mask_true,ppo__mask_false,-47108326.067318,0.003906
episode_reward,maskable_a2c__mask_true,ppo__mask_false,-46793867.606989,0.003906
episode_reward,maskable_a2c__mask_true,ppo__mask_false,-46479409.146661,0.003906
episode_reward,maskable_a2c__mask_true,ppo__mask_false,-46164950.686332,0.003906
episode_reward,maskable_a2c__mask_true,ppo__mask_false,-45850492.226004,0.003906
episode_reward,maskable_a2c__mask_true,ppo__mask_false,-45536033.765675,0.003906
episode_reward,maskable_a2c__mask_true,ppo__mask_false,-45221575.305347,0.003906
episode_reward,maskable_a2c__mask_true,ppo__mask_false,-44907116.845018,0.003906
episode_reward,maskable_a2c__mask_true,ppo__mask_false,-44592658.384690,0.003906
episode_reward,maskable_a2c__mask_true,ppo__mask_false,-44278199.924361,0.003906
episode_reward,maskable_a2c__mask_true,ppo__mask_false,-43963741.464033,0.003906
episode_reward,maskable_a2c__mask_true,ppo__mask_false,-43649283.003704,0.003906
episode_reward,maskable_a2c__mask_true,ppo__mask_false,-43334824.543376,0.003906
episode_reward,maskable_a2c__mask_true,ppo__mask_false,-43020366.083047,0.003906
episode_reward,maskable_a2c__mask_true,ppo__mask_false,-42705907.622719,0.003906
episode_reward,maskable_a2c__mask_true,ppo__mask_false,-42391449.162390,0.003906
episode_reward,maskable_a2c__mask_true,ppo__mask_false,-42076990.702062,0.003906
episode_reward,maskable_a2c__mask_true,ppo__mask_false,-41762532.241733,0.003906
episode_reward,maskable_a2c__mask_true,ppo__mask_false,-41448073.781404,0.003906
episode_reward,maskable_a2c__mask_true,ppo__mask_false,-41133615.321076,0.003906
episode_reward,maskable_a2c__mask_true,ppo__mask_false,-40819156.860747,0.003906
episode_reward,maskable_a2c__mask_true,ppo__mask_false,-40504698.400419,0.003906
episode_reward,maskable_a2c__mask_true,ppo__mask_false,-40190239.940090,0.003906
episode_reward,maskable_a2c__mask_true,ppo__mask_false,-39875781.479762,0.003906
episode_reward,maskable_a2c__mask_true,ppo__mask_false,-39561323.019433,0.003906
episode_reward,maskable_a2c__mask_true,ppo__mask_false,-39246864.559105,0.003906
episode_reward,maskable_a2c__mask_true,ppo__mask_false,-38932406.098776,0.003906
episode_reward,maskable_a2c__mask_true,ppo__mask_false,-38617947.638448,0.003906
episode_reward,maskable_a2c__mask_true,ppo__mask_false,-38303489.178119,0.003906
episode_reward,maskable_a2c__mask_true,ppo__mask_false,-37989030.717791,0.003906
episode_reward,maskable_a2c__mask_true,ppo__mask_false,-37674572.257462,0.003906
episode_reward,maskable_a2c__mask_true,ppo__mask_false,-37360113.797134,0.003906
episode_reward,maskable_a2c__mask_true,ppo__mask_false,-37045655.336805,0.003906
episode_reward,maskable_a2c__mask_true,ppo__mask_false,-36731196.876477,0.003906
episode_reward,maskable_a2c__mask_true,ppo__mask_false,-36416738.416148,0.003906
episode_reward,maskable_a2c__mask_true,ppo__mask_false,-36102279.955820,0.003906
episode_reward,maskable_a2c__mask_true,ppo__mask_false,-35787821.495491,0.003906
episode_reward,maskable_a2c__mask_true,ppo__mask_false,-35473363.035163,0.003906
episode_reward,maskable_a2c__mask_true,ppo__mask_false,-35158904.574834,0.003906
episode_reward,maskable_a2c__mask_true,ppo__mask_false,-34844446.114506,0.003906
episode_reward,maskable_a2c__mask_true,ppo__mask_false,-34529987.654177,0.003906
episode_reward,maskable_a2c__mask_true,ppo__mask_false,-34215529.193849,0.003906
episode_reward,maskable_a2c__mask_true,ppo__mask_false,-33901070.733520,0.003906
episode_reward,maskable_a2c__mask_true,ppo__mask_false,-33586612.273192,0.003906
episode_reward,maskable_a2c__mask_true,ppo__mask_false,-33272153.812863,0.003906
episode_reward,maskable_a2c__mask_true,ppo__mask_false,-32957695.352535,0.003906
episode_reward,maskable_a2c__mask_true,ppo__mask_false,-32643236.892206,0.003906
episode_reward,maskable_a2c__mask_true,ppo__mask_false,-32328778.431878,0.003906
episode_reward,maskable_a2c__mask_true,ppo__mask_false,-32014319.971549,0.003906
episode_reward,maskable_a2c__mask_true,ppo__mask_false,-31699861.511221,0.003906
episode_reward,maskable_a2c__mask_true,ppo__mask_false,-31385403.050892,0.003906
episode_reward,maskable_a2c__mask_true,ppo__mask_false,-31070944.590564,0.003906
episode_reward,maskable_a2c__mask_true,ppo__mask_false,-30756486.130235,0.003906
episode_reward,maskable_a2c__mask_true,ppo__mask_false,-30442027.669907,0.003906
episode_reward,maskable_a2c__mask_true,ppo__mask_false,-30127569.209578,0.003906
episode_reward,maskable_a2c__mask_true,ppo__mask_false,-29813110.749250,0.003906
episode_reward,maskable_a2c__mask_true,ppo__mask_false,-29498652.288921,0.003906
episode_reward,maskable_a2c__mask_true,ppo__mask_false,-29184193.828593,0.003906
episode_reward,maskable_a2c__mask_true,ppo__mask_false,-28869735.368264,0.003906
episode_reward,maskable_a2c__mask_true,ppo__mask_false,-28555276.907936,0.003906
episode_reward,maskable_a2c__mask_true,ppo__mask_false,-28240818.447607,0.003906
episode_reward,maskable_a2c__mask_true,ppo__mask_false,-27926359.987279,0.003906
episode_reward,maskable_a2c__mask_true,ppo__mask_false,-27611901.526950,0.003906
episode_reward,maskable_a2c__mask_true,ppo__mask_false,-27297443.066622,0.003906
episode_reward,maskable_a2c__mask_true,ppo__mask_false,-26982984.606293,0.003906
episode_reward,maskable_a2c__mask_true,ppo__mask_false,-26668526.145965,0.003906
episode_reward,maskable_a2c__mask_true,ppo__mask_false,-26354067.685636,0.003906
episode_reward,maskable_a2c__mask_true,ppo__mask_false,-26039609.225308,0.003906
episode_reward,maskable_a2c__mask_true,ppo__mask_false,-25725150.764979,0.083984
episode_reward,maskable_a2c__mask_true,ppo__mask_false,-25410692.304651,0.083984
episode_reward,maskable_a2c__mask_true,ppo__mask_false,-25096233.844322,0.083984
episode_reward,maskable_a2c__mask_true,ppo__mask_false,-24781775.383994,0.083984
episode_reward,maskable_a2c__mask_true,ppo__mask_false,-24467316.923665,0.083984
episode_reward,maskable_a2c__mask_true,ppo__mask_false,-24152858.463337,0.083984
episode_reward,maskable_a2c__mask_true,ppo__mask_false,-23838400.003008,0.083984
episode_reward,maskable_a2c__mask_true,ppo__mask_false,-23523941.542680,0.083984
episode_reward,maskable_a2c__mask_true,ppo__mask_false,-23209483.082351,0.083984
episode_reward,maskable_a2c__mask_true,ppo__mask_false,-22895024.622022,0.083984
episode_reward,maskable_a2c__mask_true,ppo__mask_false,-22580566.161694,0.083984
episode_reward,maskable_a2c__mask_true,ppo__mask_false,-22266107.701365,0.083984
episode_reward,maskable_a2c__mask_true,ppo__mask_false,-21951649.241037,0.083984
episode_reward,maskable_a2c__mask_true,ppo__mask_false,-21637190.780708,0.083984
episode_reward,maskable_a2c__mask_true,ppo__mask_false,-21322732.320380,0.083984
episode_reward,maskable_a2c__mask_true,ppo__mask_false,-21008273.860051,0.083984
episode_reward,maskable_a2c__mask_true,ppo__mask_false,-20693815.399723,0.083984
episode_reward,maskable_a2c__mask_true,ppo__mask_false,-20379356.939394,0.083984
episode_reward,maskable_a2c__mask_true,ppo__mask_false,-20064898.479066,0.083984
episode_reward,maskable_a2c__mask_true,ppo__mask_false,-19750440.018737,0.083984
episode_reward,maskable_a2c__mask_true,ppo__mask_false,-19435981.558409,0.083984
episode_reward,maskable_a2c__mask_true,ppo__mask_false,-19121523.098080,0.083984
episode_reward,maskable_a2c__mask_true,ppo__mask_false,-18807064.637752,0.083984
episode_reward,maskable_a2c__mask_true,ppo__mask_false,-18492606.177423,0.083984
episode_reward,maskable_a2c__mask_true,ppo__mask_false,-18178147.717095,0.083984
episode_reward,maskable_a2c__mask_true,ppo__mask_false,-17863689.256766,0.083984
episode_reward,maskable_a2c__mask_true,ppo__mask_false,-17549230.796438,0.083984
episode_reward,maskable_a2c__mask_true,ppo__mask_false,-17234772.336109,0.083984
episode_reward,maskable_a2c__mask_true,ppo__mask_false,-16920313.875781,0.083984
episode_reward,maskable_a2c__mask_true,ppo__mask_false,-16605855.415452,0.083984
episode_reward,maskable_a2c__mask_true,ppo__mask_false,-16291396.955124,0.083984
episode_reward,maskable_a2c__mask_true,ppo__mask_false,-15976938.494795,0.083984
episode_reward,maskable_a2c__mask_true,ppo__mask_false,-15662480.034467,0.083984
episode_reward,maskable_a2c__mask_true,ppo__mask_false,-15348021.574138,0.083984
episode_reward,maskable_a2c__mask_true,ppo__mask_false,-15033563.113810,0.083984
episode_reward,maskable_a2c__mask_true,ppo__mask_false,-14719104.653481,0.083984
episode_reward,maskable_a2c__mask_true,ppo__mask_false,-14404646.193153,0.083984
episode_reward,maskable_a2c__mask_true,ppo__mask_false,-14090187.732824,0.083984
episode_reward,maskable_a2c__mask_true,ppo__mask_false,-13775729.272496,0.083984
episode_reward,maskable_a2c__mask_true,ppo__mask_false,-13461270.812167,0.083984
episode_reward,maskable_a2c__mask_true,ppo__mask_false,-13146812.351839,0.083984
episode_reward,maskable_a2c__mask_true,ppo__mask_false,-12832353.891510,0.083984
episode_reward,maskable_a2c__mask_true,ppo__mask_false,-12517895.431182,0.083984
episode_reward,maskable_a2c__mask_true,ppo__mask_false,-12203436.970853,0.083984
episode_reward,maskable_a2c__mask_true,ppo__mask_false,-11888978.510525,0.083984
episode_reward,maskable_a2c__mask_true,ppo__mask_false,-11574520.050196,0.083984
episode_reward,maskable_a2c__mask_true,ppo__mask_false,-11260061.589868,0.083984
episode_reward,maskable_a2c__mask_true,ppo__mask_false,-10945603.129539,0.083984
episode_reward,maskable_a2c__mask_true,ppo__mask_false,-10631144.669211,0.083984
episode_reward,maskable_a2c__mask_true,ppo__mask_false,-10316686.208882,0.083984
episode_reward,maskable_a2c__mask_true,ppo__mask_false,-10002227.748554,0.083984
episode_reward,maskable_a2c__mask_true,ppo__mask_false,-9687769.288225,0.083984
episode_reward,maskable_a2c__mask_true,ppo__mask_false,-9373310.827897,0.083984
episode_reward,maskable_a2c__mask_true,ppo__mask_false,-9058852.367568,0.083984
episode_reward,maskable_a2c__mask_true,ppo__mask_false,-8744393.907240,0.083984
episode_reward,maskable_a2c__mask_true,ppo__mask_false,-8429935.446911,0.083984
episode_reward,maskable_a2c__mask_true,ppo__mask_false,-8115476.986583,0.083984
episode_reward,maskable_a2c__mask_true,ppo__mask_false,-7801018.526254,0.083984
episode_reward,maskable_a2c__mask_true,ppo__mask_false,-7486560.065926,0.083984
episode_reward,maskable_a2c__mask_true,ppo__mask_false,-7172101.605597,0.083984
episode_reward,maskable_a2c__mask_true,ppo__mask_false,-6857643.145269,0.083984
episode_reward,maskable_a2c__mask_true,ppo__mask_false,-6543184.684940,0.083984
episode_reward,maskable_a2c__mask_true,ppo__mask_false,-6228726.224612,0.083984
episode_reward,maskable_a2c__mask_true,ppo__mask_false,-5914267.764283,0.083984
episode_reward,maskable_a2c__mask_true,ppo__mask_false,-5599809.303955,0.083984
episode_reward,maskable_a2c__mask_true,ppo__mask_false,-5285350.843626,0.083984
episode_reward,maskable_a2c__mask_true,ppo__mask_false,-4970892.383298,0.083984
episode_reward,maskable_a2c__mask_true,ppo__mask_false,-4656433.922969,0.083984
episode_reward,maskable_a2c__mask_true,ppo__mask_false,-4341975.462640,0.083984
episode_reward,maskable_a2c__mask_true,ppo__mask_false,-4027517.002312,0.083984
episode_reward,maskable_a2c__mask_true,ppo__mask_false,-3713058.541983,0.083984
episode_reward,maskable_a2c__mask_true,ppo__mask_false,-3398600.081655,0.083984
episode_reward,maskable_a2c__mask_true,ppo__mask_false,-3084141.621326,0.083984
episode_reward,maskable_a2c__mask_true,ppo__mask_false,-2769683.160998,0.083984
episode_reward,maskable_a2c__mask_true,ppo__mask_false,-2455224.700669,0.083984
episode_reward,maskable_a2c__mask_true,ppo__mask_false,-2140766.240341,0.083984
episode_reward,maskable_a2c__mask_true,ppo__mask_false,-1826307.780012,0.083984
episode_reward,maskable_a2c__mask_true,ppo__mask_false,-1511849.319684,0.083984
episode_reward,maskable_a2c__mask_true,ppo__mask_false,-1197390.859355,0.083984
episode_reward,maskable_a2c__mask_true,ppo__mask_false,-882932.399027,0.083984
episode_reward,maskable_a2c__mask_true,ppo__mask_false,-568473.938698,0.083984
episode_reward,maskable_a2c__mask_true,ppo__mask_false,-254015.478370,0.083984
episode_reward,maskable_a2c__mask_true,ppo__mask_false,60442.981959,0.083984
episode_reward,maskable_a2c__mask_true,ppo__mask_false,374901.442287,0.083984
episode_reward,maskable_a2c__mask_true,ppo__mask_false,689359.902616,0.083984
episode_reward,maskable_a2c__mask_true,ppo__mask_false,1003818.362944,0.083984
episode_reward,maskable_a2c__mask_true,ppo__mask_false,1318276.823273,0.083984
episode_reward,maskable_a2c__mask_true,ppo__mask_false,1632735.283601,0.083984
episode_reward,maskable_a2c__mask_true,ppo__mask_false,1947193.743930,0.083984
episode_reward,maskable_a2c__mask_true,ppo__mask_false,2261652.204258,0.083984
episode_reward,maskable_a2c__mask_true,ppo__mask_false,2576110.664587,0.083984
episode_reward,maskable_a2c__mask_true,ppo__mask_false,2890569.124915,0.083984
episode_reward,maskable_a2c__mask_true,ppo__mask_false,3205027.585244,0.083984
episode_reward,maskable_a2c__mask_true,ppo__mask_false,3519486.045572,0.083984
episode_reward,maskable_a2c__mask_true,ppo__mask_false,3833944.505901,0.083984
episode_reward,maskable_a2c__mask_true,ppo__mask_false,4148402.966229,0.083984
episode_reward,maskable_a2c__mask_true,ppo__mask_false,4462861.426558,0.083984
episode_reward,maskable_a2c__mask_true,ppo__mask_false,4777319.886886,0.083984
episode_reward,maskable_a2c__mask_true,ppo__mask_false,5091778.347215,0.083984
episode_reward,maskable_a2c__mask_true,ppo__mask_false,5406236.807543,0.083984
episode_reward,maskable_a2c__mask_true,ppo__mask_false,5720695.267872,0.083984
episode_reward,maskable_a2c__mask_true,ppo__mask_false,6035153.728200,0.083984
episode_reward,maskable_a2c__mask_true,ppo__mask_false,6349612.188529,0.083984
episode_reward,maskable_a2c__mask_true,ppo__mask_false,6664070.648857,0.083984
episode_reward,maskable_a2c__mask_true,ppo__mask_false,6978529.109186,0.083984
episode_reward,maskable_a2c__mask_true,ppo__mask_false,7292987.569514,0.083984
episode_reward,maskable_a2c__mask_true,ppo__mask_false,7607446.029843,0.083984
episode_reward,maskable_a2c__mask_true,ppo__mask_false,7921904.490171,0.083984
episode_reward,maskable_a2c__mask_true,ppo__mask_false,8236362.950500,0.083984
episode_reward,maskable_a2c__mask_true,ppo__mask_false,8550821.410828,0.003906
episode_reward,maskable_dqn__mask_true,ppo__mask_false,8192251.174711,0.003906
episode_reward,maskable_dqn__mask_true,ppo__mask_false,8193965.283289,0.003906
episode_reward,maskable_dqn__mask_true,ppo__mask_false,8195679.391867,0.003906
episode_reward,maskable_dqn__mask_true,ppo__mask_false,8197393.500444,0.003906
episode_reward,maskable_dqn__mask_true,ppo__mask_false,8199107.609022,0.003906
episode_reward,maskable_dqn__mask_true,ppo__mask_false,8200821.717600,0.003906
episode_reward,maskable_dqn__mask_true,ppo__mask_false,8202535.826177,0.003906
episode_reward,maskable_dqn__mask_true,ppo__mask_false,8204249.934755,0.003906
episode_reward,maskable_dqn__mask_true,ppo__mask_false,8205964.043333,0.003906
episode_reward,maskable_dqn__mask_true,ppo__mask_false,8207678.151910,0.003906
episode_reward,maskable_dqn__mask_true,ppo__mask_false,8209392.260488,0.003906
episode_reward,maskable_dqn__mask_true,ppo__mask_false,8211106.369066,0.003906
episode_reward,maskable_dqn__mask_true,ppo__mask_false,8212820.477643,0.003906
episode_reward,maskable_dqn__mask_true,ppo__mask_false,8214534.586221,0.003906
episode_reward,maskable_dqn__mask_true,ppo__mask_false,8216248.694799,0.003906
episode_reward,maskable_dqn__mask_true,ppo__mask_false,8217962.803376,0.003906
episode_reward,maskable_dqn__mask_true,ppo__mask_false,8219676.911954,0.003906
episode_reward,maskable_dqn__mask_true,ppo__mask_false,8221391.020532,0.003906
episode_reward,maskable_dqn__mask_true,ppo__mask_false,8223105.129109,0.003906
episode_reward,maskable_dqn__mask_true,ppo__mask_false,8224819.237687,0.003906
episode_reward,maskable_dqn__mask_true,ppo__mask_false,8226533.346265,0.003906
episode_reward,maskable_dqn__mask_true,ppo__mask_false,8228247.454842,0.003906
episode_reward,maskable_dqn__mask_true,ppo__mask_false,8229961.563420,0.003906
episode_reward,maskable_dqn__mask_true,ppo__mask_false,8231675.671998,0.003906
episode_reward,maskable_dqn__mask_true,ppo__mask_false,8233389.780575,0.003906
episode_reward,maskable_dqn__mask_true,ppo__mask_false,8235103.889153,0.003906
episode_reward,maskable_dqn__mask_true,ppo__mask_false,8236817.997731,0.005859
episode_reward,maskable_dqn__mask_true,ppo__mask_false,8238532.106308,0.009766
episode_reward,maskable_dqn__mask_true,ppo__mask_false,8240246.214886,0.009766
episode_reward,maskable_dqn__mask_true,ppo__mask_false,8241960.323464,0.009766
episode_reward,maskable_dqn__mask_true,ppo__mask_false,8243674.432041,0.009766
episode_reward,maskable_dqn__mask_true,ppo__mask_false,8245388.540619,0.009766
episode_reward,maskable_dqn__mask_true,ppo__mask_false,8247102.649197,0.009766
episode_reward,maskable_dqn__mask_true,ppo__mask_false,8248816.757774,0.009766
episode_reward,maskable_dqn__mask_true,ppo__mask_false,8250530.866352,0.009766
episode_reward,maskable_dqn__mask_true,ppo__mask_false,8252244.974930,0.009766
episode_reward,maskable_dqn__mask_true,ppo__mask_false,8253959.083507,0.009766
episode_reward,maskable_dqn__mask_true,ppo__mask_false,8255673.192085,0.009766
episode_reward,maskable_dqn__mask_true,ppo__mask_false,8257387.300663,0.009766
episode_reward,maskable_dqn__mask_true,ppo__mask_false,8259101.409240,0.009766
episode_reward,maskable_dqn__mask_true,ppo__mask_false,8260815.517818,0.009766
episode_reward,maskable_dqn__mask_true,ppo__mask_false,8262529.626396,0.009766
episode_reward,maskable_dqn__mask_true,ppo__mask_false,8264243.734973,0.009766
episode_reward,maskable_dqn__mask_true,ppo__mask_false,8265957.843551,0.009766
episode_reward,maskable_dqn__mask_true,ppo__mask_false,8267671.952129,0.009766
episode_reward,maskable_dqn__mask_true,ppo__mask_false,8269386.060706,0.009766
episode_reward,maskable_dqn__mask_true,ppo__mask_false,8271100.169284,0.009766
episode_reward,maskable_dqn__mask_true,ppo__mask_false,8272814.277862,0.009766
episode_reward,maskable_dqn__mask_true,ppo__mask_false,8274528.386439,0.009766
episode_reward,maskable_dqn__mask_true,ppo__mask_false,8276242.495017,0.009766
episode_reward,maskable_dqn__mask_true,ppo__mask_false,8277956.603595,0.009766
episode_reward,maskable_dqn__mask_true,ppo__mask_false,8279670.712172,0.009766
episode_reward,maskable_dqn__mask_true,ppo__mask_false,8281384.820750,0.009766
episode_reward,maskable_dqn__mask_true,ppo__mask_false,8283098.929328,0.009766
episode_reward,maskable_dqn__mask_true,ppo__mask_false,8284813.037905,0.009766
episode_reward,maskable_dqn__mask_true,ppo__mask_false,8286527.146483,0.013672
episode_reward,maskable_dqn__mask_true,ppo__mask_false,8288241.255061,0.019531
episode_reward,maskable_dqn__mask_true,ppo__mask_false,8289955.363638,0.019531
episode_reward,maskable_dqn__mask_true,ppo__mask_false,8291669.472216,0.037109
episode_reward,maskable_dqn__mask_true,ppo__mask_false,8293383.580794,0.048828
episode_reward,maskable_dqn__mask_true,ppo__mask_false,8295097.689371,0.048828
episode_reward,maskable_dqn__mask_true,ppo__mask_false,8296811.797949,0.048828
episode_reward,maskable_dqn__mask_true,ppo__mask_false,8298525.906527,0.048828
episode_reward,maskable_dqn__mask_true,ppo__mask_false,8300240.015104,0.064453
episode_reward,maskable_dqn__mask_true,ppo__mask_false,8301954.123682,0.064453
episode_reward,maskable_dqn__mask_true,ppo__mask_false,8303668.232260,0.064453
episode_reward,maskable_dqn__mask_true,ppo__mask_false,8305382.340837,0.064453
episode_reward,maskable_dqn__mask_true,ppo__mask_false,8307096.449415,0.064453
episode_reward,maskable_dqn__mask_true,ppo__mask_false,8308810.557993,0.064453
episode_reward,maskable_dqn__mask_true,ppo__mask_false,8310524.666570,0.064453
episode_reward,maskable_dqn__mask_true,ppo__mask_false,8312238.775148,0.064453
episode_reward,maskable_dqn__mask_true,ppo__mask_false,8313952.883726,0.064453
episode_reward,maskable_dqn__mask_true,ppo__mask_false,8315666.992303,0.064453
episode_reward,maskable_dqn__mask_true,ppo__mask_false,8317381.100881,0.083984
episode_reward,maskable_dqn__mask_true,ppo__mask_false,8319095.209459,0.083984
episode_reward,maskable_dqn__mask_true,ppo__mask_false,8320809.318036,0.083984
episode_reward,maskable_dqn__mask_true,ppo__mask_false,8322523.426614,0.083984
episode_reward,maskable_dqn__mask_true,ppo__mask_false,8324237.535192,0.105469
episode_reward,maskable_dqn__mask_true,ppo__mask_false,8325951.643769,0.105469
episode_reward,maskable_dqn__mask_true,ppo__mask_false,8327665.752347,0.105469
episode_reward,maskable_dqn__mask_true,ppo__mask_false,8329379.860925,0.105469
episode_reward,maskable_dqn__mask_true,ppo__mask_false,8331093.969502,0.105469
episode_reward,maskable_dqn__mask_true,ppo__mask_false,8332808.078080,0.105469
episode_reward,maskable_dqn__mask_true,ppo__mask_false,8334522.186658,0.105469
episode_reward,maskable_dqn__mask_true,ppo__mask_false,8336236.295235,0.105469
episode_reward,maskable_dqn__mask_true,ppo__mask_false,8337950.403813,0.105469
episode_reward,maskable_dqn__mask_true,ppo__mask_false,8339664.512391,0.130859
episode_reward,maskable_dqn__mask_true,ppo__mask_false,8341378.620968,0.160156
episode_reward,maskable_dqn__mask_true,ppo__mask_false,8343092.729546,0.160156
episode_reward,maskable_dqn__mask_true,ppo__mask_false,8344806.838124,0.232422
episode_reward,maskable_dqn__mask_true,ppo__mask_false,8346520.946701,0.275391
episode_reward,maskable_dqn__mask_true,ppo__mask_false,8348235.055279,0.275391
episode_reward,maskable_dqn__mask_true,ppo__mask_false,8349949.163857,0.275391
episode_reward,maskable_dqn__mask_true,ppo__mask_false,8351663.272434,0.275391
episode_reward,maskable_dqn__mask_true,ppo__mask_false,8353377.381012,0.322266
episode_reward,maskable_dqn__mask_true,ppo__mask_false,8355091.489590,0.375000
episode_reward,maskable_dqn__mask_true,ppo__mask_false,8356805.598167,0.375000
episode_reward,maskable_dqn__mask_true,ppo__mask_false,8358519.706745,0.375000
episode_reward,maskable_dqn__mask_true,ppo__mask_false,8360233.815323,0.431641
episode_reward,maskable_dqn__mask_true,ppo__mask_false,8361947.923900,0.431641
episode_reward,maskable_dqn__mask_true,ppo__mask_false,8363662.032478,0.431641
episode_reward,maskable_dqn__mask_true,ppo__mask_false,8365376.141056,0.431641
episode_reward,maskable_dqn__mask_true,ppo__mask_false,8367090.249633,0.431641
episode_reward,maskable_dqn__mask_true,ppo__mask_false,8368804.358211,0.431641
episode_reward,maskable_dqn__mask_true,ppo__mask_false,8370518.466789,0.492188
episode_reward,maskable_dqn__mask_true,ppo__mask_false,8372232.575366,0.492188
episode_reward,maskable_dqn__mask_true,ppo__mask_false,8373946.683944,0.556641
episode_reward,maskable_dqn__mask_true,ppo__mask_false,8375660.792522,0.625000
episode_reward,maskable_dqn__mask_true,ppo__mask_false,8377374.901099,0.625000
episode_reward,maskable_dqn__mask_true,ppo__mask_false,8379089.009677,0.695312
episode_reward,maskable_dqn__mask_true,ppo__mask_false,8380803.118255,0.695312
episode_reward,maskable_dqn__mask_true,ppo__mask_false,8382517.226832,0.695312
episode_reward,maskable_dqn__mask_true,ppo__mask_false,8384231.335410,0.695312
episode_reward,maskable_dqn__mask_true,ppo__mask_false,8385945.443988,0.695312
episode_reward,maskable_dqn__mask_true,ppo__mask_false,8387659.552565,0.695312
episode_reward,maskable_dqn__mask_true,ppo__mask_false,8389373.661143,0.769531
episode_reward,maskable_dqn__mask_true,ppo__mask_false,8391087.769721,0.769531
episode_reward,maskable_dqn__mask_true,ppo__mask_false,8392801.878298,0.769531
episode_reward,maskable_dqn__mask_true,ppo__mask_false,8394515.986876,0.845703
episode_reward,maskable_dqn__mask_true,ppo__mask_false,8396230.095454,0.921875
episode_reward,maskable_dqn__mask_true,ppo__mask_false,8397944.204031,0.921875
episode_reward,maskable_dqn__mask_true,ppo__mask_false,8399658.312609,1.000000
episode_reward,maskable_dqn__mask_true,ppo__mask_false,8401372.421187,1.000000
episode_reward,maskable_dqn__mask_true,ppo__mask_false,8403086.529764,0.921875
episode_reward,maskable_dqn__mask_true,ppo__mask_false,8404800.638342,0.921875
episode_reward,maskable_dqn__mask_true,ppo__mask_false,8406514.746920,0.921875
episode_reward,maskable_dqn__mask_true,ppo__mask_false,8408228.855497,0.845703
episode_reward,maskable_dqn__mask_true,ppo__mask_false,8409942.964075,0.845703
episode_reward,maskable_dqn__mask_true,ppo__mask_false,8411657.072653,0.845703
episode_reward,maskable_dqn__mask_true,ppo__mask_false,8413371.181230,0.769531
episode_reward,maskable_dqn__mask_true,ppo__mask_false,8415085.289808,0.695312
episode_reward,maskable_dqn__mask_true,ppo__mask_false,8416799.398386,0.625000
episode_reward,maskable_dqn__mask_true,ppo__mask_false,8418513.506963,0.625000
episode_reward,maskable_dqn__mask_true,ppo__mask_false,8420227.615541,0.556641
episode_reward,maskable_dqn__mask_true,ppo__mask_false,8421941.724119,0.556641
episode_reward,maskable_dqn__mask_true,ppo__mask_false,8423655.832696,0.556641
episode_reward,maskable_dqn__mask_true,ppo__mask_false,8425369.941274,0.492188
episode_reward,maskable_dqn__mask_true,ppo__mask_false,8427084.049852,0.431641
episode_reward,maskable_dqn__mask_true,ppo__mask_false,8428798.158429,0.431641
episode_reward,maskable_dqn__mask_true,ppo__mask_false,8430512.267007,0.431641
episode_reward,maskable_dqn__mask_true,ppo__mask_false,8432226.375585,0.375000
episode_reward,maskable_dqn__mask_true,ppo__mask_false,8433940.484162,0.322266
episode_reward,maskable_dqn__mask_true,ppo__mask_false,8435654.592740,0.322266
episode_reward,maskable_dqn__mask_true,ppo__mask_false,8437368.701318,0.322266
episode_reward,maskable_dqn__mask_true,ppo__mask_false,8439082.809895,0.322266
episode_reward,maskable_dqn__mask_true,ppo__mask_false,8440796.918473,0.275391
episode_reward,maskable_dqn__mask_true,ppo__mask_false,8442511.027051,0.275391
episode_reward,maskable_dqn__mask_true,ppo__mask_false,8444225.135628,0.275391
episode_reward,maskable_dqn__mask_true,ppo__mask_false,8445939.244206,0.275391
episode_reward,maskable_dqn__mask_true,ppo__mask_false,8447653.352784,0.232422
episode_reward,maskable_dqn__mask_true,ppo__mask_false,8449367.461361,0.232422
episode_reward,maskable_dqn__mask_true,ppo__mask_false,8451081.569939,0.232422
episode_reward,maskable_dqn__mask_true,ppo__mask_false,8452795.678517,0.160156
episode_reward,maskable_dqn__mask_true,ppo__mask_false,8454509.787094,0.160156
episode_reward,maskable_dqn__mask_true,ppo__mask_false,8456223.895672,0.160156
episode_reward,maskable_dqn__mask_true,ppo__mask_false,8457938.004250,0.130859
episode_reward,maskable_dqn__mask_true,ppo__mask_false,8459652.112827,0.130859
episode_reward,maskable_dqn__mask_true,ppo__mask_false,8461366.221405,0.105469
episode_reward,maskable_dqn__mask_true,ppo__mask_false,8463080.329983,0.083984
episode_reward,maskable_dqn__mask_true,ppo__mask_false,8464794.438560,0.064453
episode_reward,maskable_dqn__mask_true,ppo__mask_false,8466508.547138,0.064453
episode_reward,maskable_dqn__mask_true,ppo__mask_false,8468222.655716,0.048828
episode_reward,maskable_dqn__mask_true,ppo__mask_false,8469936.764293,0.048828
episode_reward,maskable_dqn__mask_true,ppo__mask_false,8471650.872871,0.048828
episode_reward,maskable_dqn__mask_true,ppo__mask_false,8473364.981449,0.048828
episode_reward,maskable_dqn__mask_true,ppo__mask_false,8475079.090026,0.048828
episode_reward,maskable_dqn__mask_true,ppo__mask_false,8476793.198604,0.037109
episode_reward,maskable_dqn__mask_true,ppo__mask_false,8478507.307181,0.027344
episode_reward,maskable_dqn__mask_true,ppo__mask_false,8480221.415759,0.027344
episode_reward,maskable_dqn__mask_true,ppo__mask_false,8481935.524337,0.027344
episode_reward,maskable_dqn__mask_true,ppo__mask_false,8483649.632914,0.019531
episode_reward,maskable_dqn__mask_true,ppo__mask_false,8485363.741492,0.019531
episode_reward,maskable_dqn__mask_true,ppo__mask_false,8487077.850070,0.019531
episode_reward,maskable_dqn__mask_true,ppo__mask_false,8488791.958647,0.019531
episode_reward,maskable_dqn__mask_true,ppo__mask_false,8490506.067225,0.019531
episode_reward,maskable_dqn__mask_true,ppo__mask_false,8492220.175803,0.019531
episode_reward,maskable_dqn__mask_true,ppo__mask_false,8493934.284380,0.019531
episode_reward,maskable_dqn__mask_true,ppo__mask_false,8495648.392958,0.013672
episode_reward,maskable_dqn__mask_true,ppo__mask_false,8497362.501536,0.013672
episode_reward,maskable_dqn__mask_true,ppo__mask_false,8499076.610113,0.013672
episode_reward,maskable_dqn__mask_true,ppo__mask_false,8500790.718691,0.009766
episode_reward,maskable_dqn__mask_true,ppo__mask_false,8502504.827269,0.009766
episode_reward,maskable_dqn__mask_true,ppo__mask_false,8504218.935846,0.005859
episode_reward,maskable_dqn__mask_true,ppo__mask_false,8505933.044424,0.005859
episode_reward,maskable_dqn__mask_true,ppo__mask_false,8507647.153002,0.005859
episode_reward,maskable_dqn__mask_true,ppo__mask_false,8509361.261579,0.005859
episode_reward,maskable_dqn__mask_true,ppo__mask_false,8511075.370157,0.005859
episode_reward,maskable_dqn__mask_true,ppo__mask_false,8512789.478735,0.005859
episode_reward,maskable_dqn__mask_true,ppo__mask_false,8514503.587312,0.005859
episode_reward,maskable_dqn__mask_true,ppo__mask_false,8516217.695890,0.005859
episode_reward,maskable_dqn__mask_true,ppo__mask_false,8517931.804468,0.005859
episode_reward,maskable_dqn__mask_true,ppo__mask_false,8519645.913045,0.005859
episode_reward,maskable_dqn__mask_true,ppo__mask_false,8521360.021623,0.003906
episode_reward,maskable_dqn__mask_true,ppo__mask_false,8523074.130201,0.003906
episode_reward,maskable_dqn__mask_true,ppo__mask_false,8524788.238778,0.003906
episode_reward,maskable_dqn__mask_true,ppo__mask_false,8526502.347356,0.003906
episode_reward,maskable_dqn__mask_true,ppo__mask_false,8528216.455934,0.003906
episode_reward,maskable_dqn__mask_true,ppo__mask_false,8529930.564511,0.003906
episode_reward,maskable_dqn__mask_true,ppo__mask_false,8531644.673089,0.003906
episode_reward,maskable_dqn__mask_true,ppo__mask_false,8533358.781667,0.003906
episode_reward,maskable_ppo__mask_true,ppo__mask_false,8487907.360078,0.003906
episode_reward,maskable_ppo__mask_true,ppo__mask_false,8488223.513427,0.003906
episode_reward,maskable_ppo__mask_true,ppo__mask_false,8488539.666775,0.003906
episode_reward,maskable_ppo__mask_true,ppo__mask_false,8488855.820124,0.003906
episode_reward,maskable_ppo__mask_true,ppo__mask_false,8489171.973472,0.003906
episode_reward,maskable_ppo__mask_true,ppo__mask_false,8489488.126821,0.003906
episode_reward,maskable_ppo__mask_true,ppo__mask_false,8489804.280169,0.003906
episode_reward,maskable_ppo__mask_true,ppo__mask_false,8490120.433518,0.003906
episode_reward,maskable_ppo__mask_true,ppo__mask_false,8490436.586866,0.003906
episode_reward,maskable_ppo__mask_true,ppo__mask_false,8490752.740215,0.005859
episode_reward,maskable_ppo__mask_true,ppo__mask_false,8491068.893563,0.005859
episode_reward,maskable_ppo__mask_true,ppo__mask_false,8491385.046912,0.005859
episode_reward,maskable_ppo__mask_true,ppo__mask_false,8491701.200261,0.005859
episode_reward,maskable_ppo__mask_true,ppo__mask_false,8492017.353609,0.005859
episode_reward,maskable_ppo__mask_true,ppo__mask_false,8492333.506958,0.005859
episode_reward,maskable_ppo__mask_true,ppo__mask_false,8492649.660306,0.005859
episode_reward,maskable_ppo__mask_true,ppo__mask_false,8492965.813655,0.005859
episode_reward,maskable_ppo__mask_true,ppo__mask_false,8493281.967003,0.005859
episode_reward,maskable_ppo__mask_true,ppo__mask_false,8493598.120352,0.009766
episode_reward,maskable_ppo__mask_true,ppo__mask_false,8493914.273700,0.009766
episode_reward,maskable_ppo__mask_true,ppo__mask_false,8494230.427049,0.009766
episode_reward,maskable_ppo__mask_true,ppo__mask_false,8494546.580397,0.009766
episode_reward,maskable_ppo__mask_true,ppo__mask_false,8494862.733746,0.009766
episode_reward,maskable_ppo__mask_true,ppo__mask_false,8495178.887094,0.009766
episode_reward,maskable_ppo__mask_true,ppo__mask_false,8495495.040443,0.009766
episode_reward,maskable_ppo__mask_true,ppo__mask_false,8495811.193791,0.013672
episode_reward,maskable_ppo__mask_true,ppo__mask_false,8496127.347140,0.013672
episode_reward,maskable_ppo__mask_true,ppo__mask_false,8496443.500488,0.013672
episode_reward,maskable_ppo__mask_true,ppo__mask_false,8496759.653837,0.027344
episode_reward,maskable_ppo__mask_true,ppo__mask_false,8497075.807186,0.027344
episode_reward,maskable_ppo__mask_true,ppo__mask_false,8497391.960534,0.027344
episode_reward,maskable_ppo__mask_true,ppo__mask_false,8497708.113883,0.027344
episode_reward,maskable_ppo__mask_true,ppo__mask_false,8498024.267231,0.027344
episode_reward,maskable_ppo__mask_true,ppo__mask_false,8498340.420580,0.027344
episode_reward,maskable_ppo__mask_true,ppo__mask_false,8498656.573928,0.027344
episode_reward,maskable_ppo__mask_true,ppo__mask_false,8498972.727277,0.037109
episode_reward,maskable_ppo__mask_true,ppo__mask_false,8499288.880625,0.037109
episode_reward,maskable_ppo__mask_true,ppo__mask_false,8499605.033974,0.037109
episode_reward,maskable_ppo__mask_true,ppo__mask_false,8499921.187322,0.064453
episode_reward,maskable_ppo__mask_true,ppo__mask_false,8500237.340671,0.064453
episode_reward,maskable_ppo__mask_true,ppo__mask_false,8500553.494019,0.064453
episode_reward,maskable_ppo__mask_true,ppo__mask_false,8500869.647368,0.064453
episode_reward,maskable_ppo__mask_true,ppo__mask_false,8501185.800716,0.083984
episode_reward,maskable_ppo__mask_true,ppo__mask_false,8501501.954065,0.083984
episode_reward,maskable_ppo__mask_true,ppo__mask_false,8501818.107413,0.083984
episode_reward,maskable_ppo__mask_true,ppo__mask_false,8502134.260762,0.083984
episode_reward,maskable_ppo__mask_true,ppo__mask_false,8502450.414110,0.083984
episode_reward,maskable_ppo__mask_true,ppo__mask_false,8502766.567459,0.083984
episode_reward,maskable_ppo__mask_true,ppo__mask_false,8503082.720808,0.083984
episode_reward,maskable_ppo__mask_true,ppo__mask_false,8503398.874156,0.083984
episode_reward,maskable_ppo__mask_true,ppo__mask_false,8503715.027505,0.083984
episode_reward,maskable_ppo__mask_true,ppo__mask_false,8504031.180853,0.083984
episode_reward,maskable_ppo__mask_true,ppo__mask_false,8504347.334202,0.160156
episode_reward,maskable_ppo__mask_true,ppo__mask_false,8504663.487550,0.160156
episode_reward,maskable_ppo__mask_true,ppo__mask_false,8504979.640899,0.193359
episode_reward,maskable_ppo__mask_true,ppo__mask_false,8505295.794247,0.232422
episode_reward,maskable_ppo__mask_true,ppo__mask_false,8505611.947596,0.232422
episode_reward,maskable_ppo__mask_true,ppo__mask_false,8505928.100944,0.322266
episode_reward,maskable_ppo__mask_true,ppo__mask_false,8506244.254293,0.375000
episode_reward,maskable_ppo__mask_true,ppo__mask_false,8506560.407641,0.375000
episode_reward,maskable_ppo__mask_true,ppo__mask_false,8506876.560990,0.375000
episode_reward,maskable_ppo__mask_true,ppo__mask_false,8507192.714338,0.375000
episode_reward,maskable_ppo__mask_true,ppo__mask_false,8507508.867687,0.431641
episode_reward,maskable_ppo__mask_true,ppo__mask_false,8507825.021035,0.431641
episode_reward,maskable_ppo__mask_true,ppo__mask_false,8508141.174384,0.431641
episode_reward,maskable_ppo__mask_true,ppo__mask_false,8508457.327732,0.431641
episode_reward,maskable_ppo__mask_true,ppo__mask_false,8508773.481081,0.431641
episode_reward,maskable_ppo__mask_true,ppo__mask_false,8509089.634430,0.431641
episode_reward,maskable_ppo__mask_true,ppo__mask_false,8509405.787778,0.431641
episode_reward,maskable_ppo__mask_true,ppo__mask_false,8509721.941127,0.556641
episode_reward,maskable_ppo__mask_true,ppo__mask_false,8510038.094475,0.556641
episode_reward,maskable_ppo__mask_true,ppo__mask_false,8510354.247824,0.625000
episode_reward,maskable_ppo__mask_true,ppo__mask_false,8510670.401172,0.695312
episode_reward,maskable_ppo__mask_true,ppo__mask_false,8510986.554521,0.695312
episode_reward,maskable_ppo__mask_true,ppo__mask_false,8511302.707869,0.695312
episode_reward,maskable_ppo__mask_true,ppo__mask_false,8511618.861218,0.695312
episode_reward,maskable_ppo__mask_true,ppo__mask_false,8511935.014566,0.695312
episode_reward,maskable_ppo__mask_true,ppo__mask_false,8512251.167915,0.695312
episode_reward,maskable_ppo__mask_true,ppo__mask_false,8512567.321263,0.695312
episode_reward,maskable_ppo__mask_true,ppo__mask_false,8512883.474612,0.845703
episode_reward,maskable_ppo__mask_true,ppo__mask_false,8513199.627960,0.845703
episode_reward,maskable_ppo__mask_true,ppo__mask_false,8513515.781309,1.000000
episode_reward,maskable_ppo__mask_true,ppo__mask_false,8513831.934657,1.000000
episode_reward,maskable_ppo__mask_true,ppo__mask_false,8514148.088006,1.000000
episode_reward,maskable_ppo__mask_true,ppo__mask_false,8514464.241354,1.000000
episode_reward,maskable_ppo__mask_true,ppo__mask_false,8514780.394703,0.921875
episode_reward,maskable_ppo__mask_true,ppo__mask_false,8515096.548052,0.921875
episode_reward,maskable_ppo__mask_true,ppo__mask_false,8515412.701400,0.921875
episode_reward,maskable_ppo__mask_true,ppo__mask_false,8515728.854749,0.921875
episode_reward,maskable_ppo__mask_true,ppo__mask_false,8516045.008097,0.921875
episode_reward,maskable_ppo__mask_true,ppo__mask_false,8516361.161446,0.845703
episode_reward,maskable_ppo__mask_true,ppo__mask_false,8516677.314794,0.845703
episode_reward,maskable_ppo__mask_true,ppo__mask_false,8516993.468143,0.845703
episode_reward,maskable_ppo__mask_true,ppo__mask_false,8517309.621491,0.845703
episode_reward,maskable_ppo__mask_true,ppo__mask_false,8517625.774840,0.845703
episode_reward,maskable_ppo__mask_true,ppo__mask_false,8517941.928188,0.769531
episode_reward,maskable_ppo__mask_true,ppo__mask_false,8518258.081537,0.695312
episode_reward,maskable_ppo__mask_true,ppo__mask_false,8518574.234885,0.695312
episode_reward,maskable_ppo__mask_true,ppo__mask_false,8518890.388234,0.625000
episode_reward,maskable_ppo__mask_true,ppo__mask_false,8519206.541582,0.556641
episode_reward,maskable_ppo__mask_true,ppo__mask_false,8519522.694931,0.556641
episode_reward,maskable_ppo__mask_true,ppo__mask_false,8519838.848279,0.492188
episode_reward,maskable_ppo__mask_true,ppo__mask_false,8520155.001628,0.492188
episode_reward,maskable_ppo__mask_true,ppo__mask_false,8520471.154976,0.492188
episode_reward,maskable_ppo__mask_true,ppo__mask_false,8520787.308325,0.492188
episode_reward,maskable_ppo__mask_true,ppo__mask_false,8521103.461674,0.431641
episode_reward,maskable_ppo__mask_true,ppo__mask_false,8521419.615022,0.431641
episode_reward,maskable_ppo__mask_true,ppo__mask_false,8521735.768371,0.375000
episode_reward,maskable_ppo__mask_true,ppo__mask_false,8522051.921719,0.375000
episode_reward,maskable_ppo__mask_true,ppo__mask_false,8522368.075068,0.375000
episode_reward,maskable_ppo__mask_true,ppo__mask_false,8522684.228416,0.275391
episode_reward,maskable_ppo__mask_true,ppo__mask_false,8523000.381765,0.232422
episode_reward,maskable_ppo__mask_true,ppo__mask_false,8523316.535113,0.193359
episode_reward,maskable_ppo__mask_true,ppo__mask_false,8523632.688462,0.193359
episode_reward,maskable_ppo__mask_true,ppo__mask_false,8523948.841810,0.193359
episode_reward,maskable_ppo__mask_true,ppo__mask_false,8524264.995159,0.193359
episode_reward,maskable_ppo__mask_true,ppo__mask_false,8524581.148507,0.193359
episode_reward,maskable_ppo__mask_true,ppo__mask_false,8524897.301856,0.193359
episode_reward,maskable_ppo__mask_true,ppo__mask_false,8525213.455204,0.193359
episode_reward,maskable_ppo__mask_true,ppo__mask_false,8525529.608553,0.193359
episode_reward,maskable_ppo__mask_true,ppo__mask_false,8525845.761901,0.193359
episode_reward,maskable_ppo__mask_true,ppo__mask_false,8526161.915250,0.193359
episode_reward,maskable_ppo__mask_true,ppo__mask_false,8526478.068598,0.160156
episode_reward,maskable_ppo__mask_true,ppo__mask_false,8526794.221947,0.160156
episode_reward,maskable_ppo__mask_true,ppo__mask_false,8527110.375296,0.130859
episode_reward,maskable_ppo__mask_true,ppo__mask_false,8527426.528644,0.130859
episode_reward,maskable_ppo__mask_true,ppo__mask_false,8527742.681993,0.130859
episode_reward,maskable_ppo__mask_true,ppo__mask_false,8528058.835341,0.105469
episode_reward,maskable_ppo__mask_true,ppo__mask_false,8528374.988690,0.105469
episode_reward,maskable_ppo__mask_true,ppo__mask_false,8528691.142038,0.105469
episode_reward,maskable_ppo__mask_true,ppo__mask_false,8529007.295387,0.083984
episode_reward,maskable_ppo__mask_true,ppo__mask_false,8529323.448735,0.064453
episode_reward,maskable_ppo__mask_true,ppo__mask_false,8529639.602084,0.064453
episode_reward,maskable_ppo__mask_true,ppo__mask_false,8529955.755432,0.064453
episode_reward,maskable_ppo__mask_true,ppo__mask_false,8530271.908781,0.048828
episode_reward,maskable_ppo__mask_true,ppo__mask_false,8530588.062129,0.048828
episode_reward,maskable_ppo__mask_true,ppo__mask_false,8530904.215478,0.048828
episode_reward,maskable_ppo__mask_true,ppo__mask_false,8531220.368826,0.048828
episode_reward,maskable_ppo__mask_true,ppo__mask_false,8531536.522175,0.048828
episode_reward,maskable_ppo__mask_true,ppo__mask_false,8531852.675523,0.037109
episode_reward,maskable_ppo__mask_true,ppo__mask_false,8532168.828872,0.037109
episode_reward,maskable_ppo__mask_true,ppo__mask_false,8532484.982221,0.037109
episode_reward,maskable_ppo__mask_true,ppo__mask_false,8532801.135569,0.037109
episode_reward,maskable_ppo__mask_true,ppo__mask_false,8533117.288918,0.037109
episode_reward,maskable_ppo__mask_true,ppo__mask_false,8533433.442266,0.027344
episode_reward,maskable_ppo__mask_true,ppo__mask_false,8533749.595615,0.027344
episode_reward,maskable_ppo__mask_true,ppo__mask_false,8534065.748963,0.027344
episode_reward,maskable_ppo__mask_true,ppo__mask_false,8534381.902312,0.027344
episode_reward,maskable_ppo__mask_true,ppo__mask_false,8534698.055660,0.027344
episode_reward,maskable_ppo__mask_true,ppo__mask_false,8535014.209009,0.027344
episode_reward,maskable_ppo__mask_true,ppo__mask_false,8535330.362357,0.027344
episode_reward,maskable_ppo__mask_true,ppo__mask_false,8535646.515706,0.019531
episode_reward,maskable_ppo__mask_true,ppo__mask_false,8535962.669054,0.019531
episode_reward,maskable_ppo__mask_true,ppo__mask_false,8536278.822403,0.019531
episode_reward,maskable_ppo__mask_true,ppo__mask_false,8536594.975751,0.013672
episode_reward,maskable_ppo__mask_true,ppo__mask_false,8536911.129100,0.013672
episode_reward,maskable_ppo__mask_true,ppo__mask_false,8537227.282448,0.013672
episode_reward,maskable_ppo__mask_true,ppo__mask_false,8537543.435797,0.013672
episode_reward,maskable_ppo__mask_true,ppo__mask_false,8537859.589145,0.013672
episode_reward,maskable_ppo__mask_true,ppo__mask_false,8538175.742494,0.013672
episode_reward,maskable_ppo__mask_true,ppo__mask_false,8538491.895843,0.013672
episode_reward,maskable_ppo__mask_true,ppo__mask_false,8538808.049191,0.013672
episode_reward,maskable_ppo__mask_true,ppo__mask_false,8539124.202540,0.009766
episode_reward,maskable_ppo__mask_true,ppo__mask_false,8539440.355888,0.009766
episode_reward,maskable_ppo__mask_true,ppo__mask_false,8539756.509237,0.009766
episode_reward,maskable_ppo__mask_true,ppo__mask_false,8540072.662585,0.009766
episode_reward,maskable_ppo__mask_true,ppo__mask_false,8540388.815934,0.009766
episode_reward,maskable_ppo__mask_true,ppo__mask_false,8540704.969282,0.009766
episode_reward,maskable_ppo__mask_true,ppo__mask_false,8541021.122631,0.009766
episode_reward,maskable_ppo__mask_true,ppo__mask_false,8541337.275979,0.009766
episode_reward,maskable_ppo__mask_true,ppo__mask_false,8541653.429328,0.009766
episode_reward,maskable_ppo__mask_true,ppo__mask_false,8541969.582676,0.005859
episode_reward,maskable_ppo__mask_true,ppo__mask_false,8542285.736025,0.005859
episode_reward,maskable_ppo__mask_true,ppo__mask_false,8542601.889373,0.005859
episode_reward,maskable_ppo__mask_true,ppo__mask_false,8542918.042722,0.005859
episode_reward,maskable_ppo__mask_true,ppo__mask_false,8543234.196070,0.005859
episode_reward,maskable_ppo__mask_true,ppo__mask_false,8543550.349419,0.005859
episode_reward,maskable_ppo__mask_true,ppo__mask_false,8543866.502767,0.005859
episode_reward,maskable_ppo__mask_true,ppo__mask_false,8544182.656116,0.005859
episode_reward,maskable_ppo__mask_true,ppo__mask_false,8544498.809465,0.005859
episode_reward,maskable_ppo__mask_true,ppo__mask_false,8544814.962813,0.005859
episode_reward,maskable_ppo__mask_true,ppo__mask_false,8545131.116162,0.005859
episode_reward,maskable_ppo__mask_true,ppo__mask_false,8545447.269510,0.005859
episode_reward,maskable_ppo__mask_true,ppo__mask_false,8545763.422859,0.003906
episode_reward,maskable_ppo__mask_true,ppo__mask_false,8546079.576207,0.003906
episode_reward,maskable_ppo__mask_true,ppo__mask_false,8546395.729556,0.003906
episode_reward,maskable_ppo__mask_true,ppo__mask_false,8546711.882904,0.003906
episode_reward,maskable_ppo__mask_true,ppo__mask_false,8547028.036253,0.003906
episode_reward,maskable_ppo__mask_true,ppo__mask_false,8547344.189601,0.003906
episode_reward,maskable_ppo__mask_true,ppo__mask_false,8547660.342950,0.003906
episode_reward,maskable_ppo__mask_true,ppo__mask_false,8547976.496298,0.003906
episode_reward,maskable_ppo__mask_true,ppo__mask_false,8548292.649647,0.003906
episode_reward,maskable_ppo__mask_true,ppo__mask_false,8548608.802995,0.003906
episode_reward,maskable_ppo__mask_true,ppo__mask_false,8548924.956344,0.003906
episode_reward,maskable_ppo__mask_true,ppo__mask_false,8549241.109692,0.003906
episode_reward,maskable_ppo__mask_true,ppo__mask_false,8549557.263041,0.003906
episode_reward,maskable_ppo__mask_true,ppo__mask_false,8549873.416389,0.003906
episode_reward,maskable_ppo__mask_true,ppo__mask_false,8550189.569738,0.003906
episode_reward,maskable_ppo__mask_true,ppo__mask_false,8550505.723087,0.003906
episode_reward,maskable_ppo__mask_true,ppo__mask_false,8550821.876435,0.003906
decision_latency_mean_ms,a2c__mask_false,dqn__mask_false,1.365558,0.003906
decision_latency_mean_ms,a2c__mask_false,dqn__mask_false,1.380594,0.003906
decision_latency_mean_ms,a2c__mask_false,dqn__mask_false,1.395631,0.003906
decision_latency_mean_ms,a2c__mask_false,dqn__mask_false,1.410667,0.003906
decision_latency_mean_ms,a2c__mask_false,dqn__mask_false,1.425704,0.003906
decision_latency_mean_ms,a2c__mask_false,dqn__mask_false,1.440740,0.003906
decision_latency_mean_ms,a2c__mask_false,dqn__mask_false,1.455777,0.003906
decision_latency_mean_ms,a2c__mask_false,dqn__mask_false,1.470813,0.003906
decision_latency_mean_ms,a2c__mask_false,dqn__mask_false,1.485850,0.003906
decision_latency_mean_ms,a2c__mask_false,dqn__mask_false,1.500886,0.003906
decision_latency_mean_ms,a2c__mask_false,dqn__mask_false,1.515923,0.003906
decision_latency_mean_ms,a2c__mask_false,dqn__mask_false,1.530960,0.003906
decision_latency_mean_ms,a2c__mask_false,dqn__mask_false,1.545996,0.003906
decision_latency_mean_ms,a2c__mask_false,dqn__mask_false,1.561033,0.003906
decision_latency_mean_ms,a2c__mask_false,dqn__mask_false,1.576069,0.003906
decision_latency_mean_ms,a2c__mask_false,dqn__mask_false,1.591106,0.003906
decision_latency_mean_ms,a2c__mask_false,dqn__mask_false,1.606142,0.003906
decision_latency_mean_ms,a2c__mask_false,dqn__mask_false,1.621179,0.003906
decision_latency_mean_ms,a2c__mask_false,dqn__mask_false,1.636215,0.003906
decision_latency_mean_ms,a2c__mask_false,dqn__mask_false,1.651252,0.003906
decision_latency_mean_ms,a2c__mask_false,dqn__mask_false,1.666288,0.003906
decision_latency_mean_ms,a2c__mask_false,dqn__mask_false,1.681325,0.003906
decision_latency_mean_ms,a2c__mask_false,dqn__mask_false,1.696361,0.003906
decision_latency_mean_ms,a2c__mask_false,dqn__mask_false,1.711398,0.003906
decision_latency_mean_ms,a2c__mask_false,dqn__mask_false,1.726434,0.003906
decision_latency_mean_ms,a2c__mask_false,dqn__mask_false,1.741471,0.003906
decision_latency_mean_ms,a2c__mask_false,dqn__mask_false,1.756507,0.003906
decision_latency_mean_ms,a2c__mask_false,dqn__mask_false,1.771544,0.003906
decision_latency_mean_ms,a2c__mask_false,dqn__mask_false,1.786581,0.003906
decision_latency_mean_ms,a2c__mask_false,dqn__mask_false,1.801617,0.003906
decision_latency_mean_ms,a2c__mask_false,dqn__mask_false,1.816654,0.003906
decision_latency_mean_ms,a2c__mask_false,dqn__mask_false,1.831690,0.003906
decision_latency_mean_ms,a2c__mask_false,dqn__mask_false,1.846727,0.003906
decision_latency_mean_ms,a2c__mask_false,dqn__mask_false,1.861763,0.003906
decision_latency_mean_ms,a2c__mask_false,dqn__mask_false,1.876800,0.003906
decision_latency_mean_ms,a2c__mask_false,dqn__mask_false,1.891836,0.003906
decision_latency_mean_ms,a2c__mask_false,dqn__mask_false,1.906873,0.003906
decision_latency_mean_ms,a2c__mask_false,dqn__mask_false,1.921909,0.003906
decision_latency_mean_ms,a2c__mask_false,dqn__mask_false,1.936946,0.003906
decision_latency_mean_ms,a2c__mask_false,dqn__mask_false,1.951982,0.003906
decision_latency_mean_ms,a2c__mask_false,dqn__mask_false,1.967019,0.003906
decision_latency_mean_ms,a2c__mask_false,dqn__mask_false,1.982055,0.003906
decision_latency_mean_ms,a2c__mask_false,dqn__mask_false,1.997092,0.003906
decision_latency_mean_ms,a2c__mask_false,dqn__mask_false,2.012128,0.003906
decision_latency_mean_ms,a2c__mask_false,dqn__mask_false,2.027165,0.003906
decision_latency_mean_ms,a2c__mask_false,dqn__mask_false,2.042202,0.003906
decision_latency_mean_ms,a2c__mask_false,dqn__mask_false,2.057238,0.003906
decision_latency_mean_ms,a2c__mask_false,dqn__mask_false,2.072275,0.003906
decision_latency_mean_ms,a2c__mask_false,dqn__mask_false,2.087311,0.003906
decision_latency_mean_ms,a2c__mask_false,dqn__mask_false,2.102348,0.003906
decision_latency_mean_ms,a2c__mask_false,dqn__mask_false,2.117384,0.003906
decision_latency_mean_ms,a2c__mask_false,dqn__mask_false,2.132421,0.003906
decision_latency_mean_ms,a2c__mask_false,dqn__mask_false,2.147457,0.003906
decision_latency_mean_ms,a2c__mask_false,dqn__mask_false,2.162494,0.003906
decision_latency_mean_ms,a2c__mask_false,dqn__mask_false,2.177530,0.003906
decision_latency_mean_ms,a2c__mask_false,dqn__mask_false,2.192567,0.003906
decision_latency_mean_ms,a2c__mask_false,dqn__mask_false,2.207603,0.003906
decision_latency_mean_ms,a2c__mask_false,dqn__mask_false,2.222640,0.003906
decision_latency_mean_ms,a2c__mask_false,dqn__mask_false,2.237676,0.003906
decision_latency_mean_ms,a2c__mask_false,dqn__mask_false,2.252713,0.003906
decision_latency_mean_ms,a2c__mask_false,dqn__mask_false,2.267750,0.003906
decision_latency_mean_ms,a2c__mask_false,dqn__mask_false,2.282786,0.003906
decision_latency_mean_ms,a2c__mask_false,dqn__mask_false,2.297823,0.003906
decision_latency_mean_ms,a2c__mask_false,dqn__mask_false,2.312859,0.003906
decision_latency_mean_ms,a2c__mask_false,dqn__mask_false,2.327896,0.003906
decision_latency_mean_ms,a2c__mask_false,dqn__mask_false,2.342932,0.003906
decision_latency_mean_ms,a2c__mask_false,dqn__mask_false,2.357969,0.003906
decision_latency_mean_ms,a2c__mask_false,dqn__mask_false,2.373005,0.003906
decision_latency_mean_ms,a2c__mask_false,dqn__mask_false,2.388042,0.003906
decision_latency_mean_ms,a2c__mask_false,dqn__mask_false,2.403078,0.003906
decision_latency_mean_ms,a2c__mask_false,dqn__mask_false,2.418115,0.003906
decision_latency_mean_ms,a2c__mask_false,dqn__mask_false,2.433151,0.003906
decision_latency_mean_ms,a2c__mask_false,dqn__mask_false,2.448188,0.003906
decision_latency_mean_ms,a2c__mask_false,dqn__mask_false,2.463224,0.003906
decision_latency_mean_ms,a2c__mask_false,dqn__mask_false,2.478261,0.003906
decision_latency_mean_ms,a2c__mask_false,dqn__mask_false,2.493297,0.003906
decision_latency_mean_ms,a2c__mask_false,dqn__mask_false,2.508334,0.003906
decision_latency_mean_ms,a2c__mask_false,dqn__mask_false,2.523371,0.003906
decision_latency_mean_ms,a2c__mask_false,dqn__mask_false,2.538407,0.003906
decision_latency_mean_ms,a2c__mask_false,dqn__mask_false,2.553444,0.003906
decision_latency_mean_ms,a2c__mask_false,dqn__mask_false,2.568480,0.013672
decision_latency_mean_ms,a2c__mask_false,dqn__mask_false,2.583517,0.019531
decision_latency_mean_ms,a2c__mask_false,dqn__mask_false,2.598553,0.027344
decision_latency_mean_ms,a2c__mask_false,dqn__mask_false,2.613590,0.027344
decision_latency_mean_ms,a2c__mask_false,dqn__mask_false,2.628626,0.048828
decision_latency_mean_ms,a2c__mask_false,dqn__mask_false,2.643663,0.048828
decision_latency_mean_ms,a2c__mask_false,dqn__mask_false,2.658699,0.048828
decision_latency_mean_ms,a2c__mask_false,dqn__mask_false,2.673736,0.048828
decision_latency_mean_ms,a2c__mask_false,dqn__mask_false,2.688772,0.048828
decision_latency_mean_ms,a2c__mask_false,dqn__mask_false,2.703809,0.064453
decision_latency_mean_ms,a2c__mask_false,dqn__mask_false,2.718845,0.064453
decision_latency_mean_ms,a2c__mask_false,dqn__mask_false,2.733882,0.064453
decision_latency_mean_ms,a2c__mask_false,dqn__mask_false,2.748918,0.083984
decision_latency_mean_ms,a2c__mask_false,dqn__mask_false,2.763955,0.083984
decision_latency_mean_ms,a2c__mask_false,dqn__mask_false,2.778992,0.083984
decision_latency_mean_ms,a2c__mask_false,dqn__mask_false,2.794028,0.083984
decision_latency_mean_ms,a2c__mask_false,dqn__mask_false,2.809065,0.083984
decision_latency_mean_ms,a2c__mask_false,dqn__mask_false,2.824101,0.083984
decision_latency_mean_ms,a2c__mask_false,dqn__mask_false,2.839138,0.083984
decision_latency_mean_ms,a2c__mask_false,dqn__mask_false,2.854174,0.083984
decision_latency_mean_ms,a2c__mask_false,dqn__mask_false,2.869211,0.083984
decision_latency_mean_ms,a2c__mask_false,dqn__mask_false,2.884247,0.083984
decision_latency_mean_ms,a2c__mask_false,dqn__mask_false,2.899284,0.083984
decision_latency_mean_ms,a2c__mask_false,dqn__mask_false,2.914320,0.083984
decision_latency_mean_ms,a2c__mask_false,dqn__mask_false,2.929357,0.083984
decision_latency_mean_ms,a2c__mask_false,dqn__mask_false,2.944393,0.083984
decision_latency_mean_ms,a2c__mask_false,dqn__mask_false,2.959430,0.083984
decision_latency_mean_ms,a2c__mask_false,dqn__mask_false,2.974466,0.083984
decision_latency_mean_ms,a2c__mask_false,dqn__mask_false,2.989503,0.083984
decision_latency_mean_ms,a2c__mask_false,dqn__mask_false,3.004539,0.083984
decision_latency_mean_ms,a2c__mask_false,dqn__mask_false,3.019576,0.083984
decision_latency_mean_ms,a2c__mask_false,dqn__mask_false,3.034613,0.083984
decision_latency_mean_ms,a2c__mask_false,dqn__mask_false,3.049649,0.083984
decision_latency_mean_ms,a2c__mask_false,dqn__mask_false,3.064686,0.083984
decision_latency_mean_ms,a2c__mask_false,dqn__mask_false,3.079722,0.083984
decision_latency_mean_ms,a2c__mask_false,dqn__mask_false,3.094759,0.083984
decision_latency_mean_ms,a2c__mask_false,dqn__mask_false,3.109795,0.083984
decision_latency_mean_ms,a2c__mask_false,dqn__mask_false,3.124832,0.083984
decision_latency_mean_ms,a2c__mask_false,dqn__mask_false,3.139868,0.083984
decision_latency_mean_ms,a2c__mask_false,dqn__mask_false,3.154905,0.083984
decision_latency_mean_ms,a2c__mask_false,dqn__mask_false,3.169941,0.083984
decision_latency_mean_ms,a2c__mask_false,dqn__mask_false,3.184978,0.083984
decision_latency_mean_ms,a2c__mask_false,dqn__mask_false,3.200014,0.083984
decision_latency_mean_ms,a2c__mask_false,dqn__mask_false,3.215051,0.083984
decision_latency_mean_ms,a2c__mask_false,dqn__mask_false,3.230087,0.083984
decision_latency_mean_ms,a2c__mask_false,dqn__mask_false,3.245124,0.083984
decision_latency_mean_ms,a2c__mask_false,dqn__mask_false,3.260161,0.083984
decision_latency_mean_ms,a2c__mask_false,dqn__mask_false,3.275197,0.083984
decision_latency_mean_ms,a2c__mask_false,dqn__mask_false,3.290234,0.083984
decision_latency_mean_ms,a2c__mask_false,dqn__mask_false,3.305270,0.083984
decision_latency_mean_ms,a2c__mask_false,dqn__mask_false,3.320307,0.083984
decision_latency_mean_ms,a2c__mask_false,dqn__mask_false,3.335343,0.083984
decision_latency_mean_ms,a2c__mask_false,dqn__mask_false,3.350380,0.083984
decision_latency_mean_ms,a2c__mask_false,dqn__mask_false,3.365416,0.083984
decision_latency_mean_ms,a2c__mask_false,dqn__mask_false,3.380453,0.083984
decision_latency_mean_ms,a2c__mask_false,dqn__mask_false,3.395489,0.083984
decision_latency_mean_ms,a2c__mask_false,dqn__mask_false,3.410526,0.083984
decision_latency_mean_ms,a2c__mask_false,dqn__mask_false,3.425562,0.083984
decision_latency_mean_ms,a2c__mask_false,dqn__mask_false,3.440599,0.083984
decision_latency_mean_ms,a2c__mask_false,dqn__mask_false,3.455635,0.083984
decision_latency_mean_ms,a2c__mask_false,dqn__mask_false,3.470672,0.083984
decision_latency_mean_ms,a2c__mask_false,dqn__mask_false,3.485708,0.083984
decision_latency_mean_ms,a2c__mask_false,dqn__mask_false,3.500745,0.083984
decision_latency_mean_ms,a2c__mask_false,dqn__mask_false,3.515782,0.083984
decision_latency_mean_ms,a2c__mask_false,dqn__mask_false,3.530818,0.083984
decision_latency_mean_ms,a2c__mask_false,dqn__mask_false,3.545855,0.083984
decision_latency_mean_ms,a2c__mask_false,dqn__mask_false,3.560891,0.083984
decision_latency_mean_ms,a2c__mask_false,dqn__mask_false,3.575928,0.083984
decision_latency_mean_ms,a2c__mask_false,dqn__mask_false,3.590964,0.083984
decision_latency_mean_ms,a2c__mask_false,dqn__mask_false,3.606001,0.083984
decision_latency_mean_ms,a2c__mask_false,dqn__mask_false,3.621037,0.083984
decision_latency_mean_ms,a2c__mask_false,dqn__mask_false,3.636074,0.083984
decision_latency_mean_ms,a2c__mask_false,dqn__mask_false,3.651110,0.083984
decision_latency_mean_ms,a2c__mask_false,dqn__mask_false,3.666147,0.083984
decision_latency_mean_ms,a2c__mask_false,dqn__mask_false,3.681183,0.083984
decision_latency_mean_ms,a2c__mask_false,dqn__mask_false,3.696220,0.083984
decision_latency_mean_ms,a2c__mask_false,dqn__mask_false,3.711256,0.083984
decision_latency_mean_ms,a2c__mask_false,dqn__mask_false,3.726293,0.083984
decision_latency_mean_ms,a2c__mask_false,dqn__mask_false,3.741329,0.083984
decision_latency_mean_ms,a2c__mask_false,dqn__mask_false,3.756366,0.083984
decision_latency_mean_ms,a2c__mask_false,dqn__mask_false,3.771403,0.083984
decision_latency_mean_ms,a2c__mask_false,dqn__mask_false,3.786439,0.083984
decision_latency_mean_ms,a2c__mask_false,dqn__mask_false,3.801476,0.083984
decision_latency_mean_ms,a2c__mask_false,dqn__mask_false,3.816512,0.083984
decision_latency_mean_ms,a2c__mask_false,dqn__mask_false,3.831549,0.083984
decision_latency_mean_ms,a2c__mask_false,dqn__mask_false,3.846585,0.083984
decision_latency_mean_ms,a2c__mask_false,dqn__mask_false,3.861622,0.083984
decision_latency_mean_ms,a2c__mask_false,dqn__mask_false,3.876658,0.083984
decision_latency_mean_ms,a2c__mask_false,dqn__mask_false,3.891695,0.083984
decision_latency_mean_ms,a2c__mask_false,dqn__mask_false,3.906731,0.083984
decision_latency_mean_ms,a2c__mask_false,dqn__mask_false,3.921768,0.083984
decision_latency_mean_ms,a2c__mask_false,dqn__mask_false,3.936804,0.083984
decision_latency_mean_ms,a2c__mask_false,dqn__mask_false,3.951841,0.083984
decision_latency_mean_ms,a2c__mask_false,dqn__mask_false,3.966877,0.083984
decision_latency_mean_ms,a2c__mask_false,dqn__mask_false,3.981914,0.083984
decision_latency_mean_ms,a2c__mask_false,dqn__mask_false,3.996951,0.083984
decision_latency_mean_ms,a2c__mask_false,dqn__mask_false,4.011987,0.193359
decision_latency_mean_ms,a2c__mask_false,dqn__mask_false,4.027024,0.275391
decision_latency_mean_ms,a2c__mask_false,dqn__mask_false,4.042060,0.625000
decision_latency_mean_ms,a2c__mask_false,dqn__mask_false,4.057097,0.625000
decision_latency_mean_ms,a2c__mask_false,dqn__mask_false,4.072133,1.000000
decision_latency_mean_ms,a2c__mask_false,dqn__mask_false,4.087170,0.769531
decision_latency_mean_ms,a2c__mask_false,dqn__mask_false,4.102206,0.625000
decision_latency_mean_ms,a2c__mask_false,dqn__mask_false,4.117243,0.492188
decision_latency_mean_ms,a2c__mask_false,dqn__mask_false,4.132279,0.431641
decision_latency_mean_ms,a2c__mask_false,dqn__mask_false,4.147316,0.375000
decision_latency_mean_ms,a2c__mask_false,dqn__mask_false,4.162352,0.193359
decision_latency_mean_ms,a2c__mask_false,dqn__mask_false,4.177389,0.193359
decision_latency_mean_ms,a2c__mask_false,dqn__mask_false,4.192425,0.064453
decision_latency_mean_ms,a2c__mask_false,dqn__mask_false,4.207462,0.064453
decision_latency_mean_ms,a2c__mask_false,dqn__mask_false,4.222498,0.027344
decision_latency_mean_ms,a2c__mask_false,dqn__mask_false,4.237535,0.019531
decision_latency_mean_ms,a2c__mask_false,dqn__mask_false,4.252572,0.013672
decision_latency_mean_ms,a2c__mask_false,dqn__mask_false,4.267608,0.009766
decision_latency_mean_ms,a2c__mask_false,dqn__mask_false,4.282645,0.009766
decision_latency_mean_ms,a2c__mask_false,dqn__mask_false,4.297681,0.009766
decision_latency_mean_ms,a2c__mask_false,dqn__mask_false,4.312718,0.005859
decision_latency_mean_ms,a2c__mask_false,dqn__mask_false,4.327754,0.005859
decision_latency_mean_ms,a2c__mask_false,dqn__mask_false,4.342791,0.003906
decision_latency_mean_ms,a2c__mask_false,dqn__mask_false,4.357827,0.003906
decision_latency_mean_ms,dqn__mask_false,maskable_a2c__mask_true,-5.560482,0.003906
decision_latency_mean_ms,dqn__mask_false,maskable_a2c__mask_true,-5.533820,0.003906
decision_latency_mean_ms,dqn__mask_false,maskable_a2c__mask_true,-5.507157,0.003906
decision_latency_mean_ms,dqn__mask_false,maskable_a2c__mask_true,-5.480495,0.003906
decision_latency_mean_ms,dqn__mask_false,maskable_a2c__mask_true,-5.453833,0.003906
decision_latency_mean_ms,dqn__mask_false,maskable_a2c__mask_true,-5.427171,0.003906
decision_latency_mean_ms,dqn__mask_false,maskable_a2c__mask_true,-5.400509,0.003906
decision_latency_mean_ms,dqn__mask_false,maskable_a2c__mask_true,-5.373847,0.003906
decision_latency_mean_ms,dqn__mask_false,maskable_a2c__mask_true,-5.347185,0.003906
decision_latency_mean_ms,dqn__mask_false,maskable_a2c__mask_true,-5.320522,0.003906
decision_latency_mean_ms,dqn__mask_false,maskable_a2c__mask_true,-5.293860,0.003906
decision_latency_mean_ms,dqn__mask_false,maskable_a2c__mask_true,-5.267198,0.003906
decision_latency_mean_ms,dqn__mask_false,maskable_a2c__mask_true,-5.240536,0.003906
decision_latency_mean_ms,dqn__mask_false,maskable_a2c__mask_true,-5.213874,0.003906
decision_latency_mean_ms,dqn__mask_false,maskable_a2c__mask_true,-5.187212,0.003906
decision_latency_mean_ms,dqn__mask_false,maskable_a2c__mask_true,-5.160549,0.005859
decision_latency_mean_ms,dqn__mask_false,maskable_a2c__mask_true,-5.133887,0.005859
decision_latency_mean_ms,dqn__mask_false,maskable_a2c__mask_true,-5.107225,0.005859
decision_latency_mean_ms,dqn__mask_false,maskable_a2c__mask_true,-5.080563,0.005859
decision_latency_mean_ms,dqn__mask_false,maskable_a2c__mask_true,-5.053901,0.005859
decision_latency_mean_ms,dqn__mask_false,maskable_a2c__mask_true,-5.027239,0.005859
decision_latency_mean_ms,dqn__mask_false,maskable_a2c__mask_true,-5.000577,0.005859
decision_latency_mean_ms,dqn__mask_false,maskable_a2c__mask_true,-4.973914,0.013672
decision_latency_mean_ms,dqn__mask_false,maskable_a2c__mask_true,-4.947252,0.019531
decision_latency_mean_ms,dqn__mask_false,maskable_a2c__mask_true,-4.920590,0.027344
decision_latency_mean_ms,dqn__mask_false,maskable_a2c__mask_true,-4.893928,0.048828
decision_latency_mean_ms,dqn__mask_false,maskable_a2c__mask_true,-4.867266,0.064453
decision_latency_mean_ms,dqn__mask_false,maskable_a2c__mask_true,-4.840604,0.064453
decision_latency_mean_ms,dqn__mask_false,maskable_a2c__mask_true,-4.813942,0.064453
decision_latency_mean_ms,dqn__mask_false,maskable_a2c__mask_true,-4.787279,0.064453
decision_latency_mean_ms,dqn__mask_false,maskable_a2c__mask_true,-4.760617,0.064453
decision_latency_mean_ms,dqn__mask_false,maskable_a2c__mask_true,-4.733955,0.064453
decision_latency_mean_ms,dqn__mask_false,maskable_a2c__mask_true,-4.707293,0.083984
decision_latency_mean_ms,dqn__mask_false,maskable_a2c__mask_true,-4.680631,0.083984
decision_latency_mean_ms,dqn__mask_false,maskable_a2c__mask_true,-4.653969,0.083984
decision_latency_mean_ms,dqn__mask_false,maskable_a2c__mask_true,-4.627306,0.083984
decision_latency_mean_ms,dqn__mask_false,maskable_a2c__mask_true,-4.600644,0.083984
decision_latency_mean_ms,dqn__mask_false,maskable_a2c__mask_true,-4.573982,0.083984
decision_latency_mean_ms,dqn__mask_false,maskable_a2c__mask_true,-4.547320,0.083984
decision_latency_mean_ms,dqn__mask_false,maskable_a2c__mask_true,-4.520658,0.130859
decision_latency_mean_ms,dqn__mask_false,maskable_a2c__mask_true,-4.493996,0.160156
decision_latency_mean_ms,dqn__mask_false,maskable_a2c__mask_true,-4.467334,0.193359
decision_latency_mean_ms,dqn__mask_false,maskable_a2c__mask_true,-4.440671,0.275391
decision_latency_mean_ms,dqn__mask_false,maskable_a2c__mask_true,-4.414009,0.322266
decision_latency_mean_ms,dqn__mask_false,maskable_a2c__mask_true,-4.387347,0.322266
decision_latency_mean_ms,dqn__mask_false,maskable_a2c__mask_true,-4.360685,0.322266
decision_latency_mean_ms,dqn__mask_false,maskable_a2c__mask_true,-4.334023,0.492188
decision_latency_mean_ms,dqn__mask_false,maskable_a2c__mask_true,-4.307361,0.492188
decision_latency_mean_ms,dqn__mask_false,maskable_a2c__mask_true,-4.280699,0.769531
decision_latency_mean_ms,dqn__mask_false,maskable_a2c__mask_true,-4.254036,1.000000
decision_latency_mean_ms,dqn__mask_false,maskable_a2c__mask_true,-4.227374,0.695312
decision_latency_mean_ms,dqn__mask_false,maskable_a2c__mask_true,-4.200712,0.431641
decision_latency_mean_ms,dqn__mask_false,maskable_a2c__mask_true,-4.174050,0.232422
decision_latency_mean_ms,dqn__mask_false,maskable_a2c__mask_true,-4.147388,0.130859
decision_latency_mean_ms,dqn__mask_false,maskable_a2c__mask_true,-4.120726,0.083984
decision_latency_mean_ms,dqn__mask_false,maskable_a2c__mask_true,-4.094063,0.083984
decision_latency_mean_ms,dqn__mask_false,maskable_a2c__mask_true,-4.067401,0.083984
decision_latency_mean_ms,dqn__mask_false,maskable_a2c__mask_true,-4.040739,0.083984
decision_latency_mean_ms,dqn__mask_false,maskable_a2c__mask_true,-4.014077,0.083984
decision_latency_mean_ms,dqn__mask_false,maskable_a2c__mask_true,-3.987415,0.083984
decision_latency_mean_ms,dqn__mask_false,maskable_a2c__mask_true,-3.960753,0.083984
decision_latency_mean_ms,dqn__mask_false,maskable_a2c__mask_true,-3.934091,0.083984
decision_latency_mean_ms,dqn__mask_false,maskable_a2c__mask_true,-3.907428,0.083984
decision_latency_mean_ms,dqn__mask_false,maskable_a2c__mask_true,-3.880766,0.083984
decision_latency_mean_ms,dqn__mask_false,maskable_a2c__mask_true,-3.854104,0.083984
decision_latency_mean_ms,dqn__mask_false,maskable_a2c__mask_true,-3.827442,0.083984
decision_latency_mean_ms,dqn__mask_false,maskable_a2c__mask_true,-3.800780,0.083984
decision_latency_mean_ms,dqn__mask_false,maskable_a2c__mask_true,-3.774118,0.083984
decision_latency_mean_ms,dqn__mask_false,maskable_a2c__mask_true,-3.747456,0.083984
decision_latency_mean_ms,dqn__mask_false,maskable_a2c__mask_true,-3.720793,0.083984
decision_latency_mean_ms,dqn__mask_false,maskable_a2c__mask_true,-3.694131,0.083984
decision_latency_mean_ms,dqn__mask_false,maskable_a2c__mask_true,-3.667469,0.083984
decision_latency_mean_ms,dqn__mask_false,maskable_a2c__mask_true,-3.640807,0.083984
decision_latency_mean_ms,dqn__mask_false,maskable_a2c__mask_true,-3.614145,0.083984
decision_latency_mean_ms,dqn__mask_false,maskable_a2c__mask_true,-3.587483,0.083984
decision_latency_mean_ms,dqn__mask_false,maskable_a2c__mask_true,-3.560820,0.083984
decision_latency_mean_ms,dqn__mask_false,maskable_a2c__mask_true,-3.534158,0.083984
decision_latency_mean_ms,dqn__mask_false,maskable_a2c__mask_true,-3.507496,0.083984
decision_latency_mean_ms,dqn__mask_false,maskable_a2c__mask_true,-3.480834,0.083984
decision_latency_mean_ms,dqn__mask_false,maskable_a2c__mask_true,-3.454172,0.083984
decision_latency_mean_ms,dqn__mask_false,maskable_a2c__mask_true,-3.427510,0.083984
decision_latency_mean_ms,dqn__mask_false,maskable_a2c__mask_true,-3.400848,0.083984
decision_latency_mean_ms,dqn__mask_false,maskable_a2c__mask_true,-3.374185,0.083984
decision_latency_mean_ms,dqn__mask_false,maskable_a2c__mask_true,-3.347523,0.083984
decision_latency_mean_ms,dqn__mask_false,maskable_a2c__mask_true,-3.320861,0.083984
decision_latency_mean_ms,dqn__mask_false,maskable_a2c__mask_true,-3.294199,0.083984
decision_latency_mean_ms,dqn__mask_false,maskable_a2c__mask_true,-3.267537,0.083984
decision_latency_mean_ms,dqn__mask_false,maskable_a2c__mask_true,-3.240875,0.083984
decision_latency_mean_ms,dqn__mask_false,maskable_a2c__mask_true,-3.214213,0.083984
decision_latency_mean_ms,dqn__mask_false,maskable_a2c__mask_true,-3.187550,0.083984
decision_latency_mean_ms,dqn__mask_false,maskable_a2c__mask_true,-3.160888,0.083984
decision_latency_mean_ms,dqn__mask_false,maskable_a2c__mask_true,-3.134226,0.083984
decision_latency_mean_ms,dqn__mask_false,maskable_a2c__mask_true,-3.107564,0.083984
decision_latency_mean_ms,dqn__mask_false,maskable_a2c__mask_true,-3.080902,0.083984
decision_latency_mean_ms,dqn__mask_false,maskable_a2c__mask_true,-3.054240,0.083984
decision_latency_mean_ms,dqn__mask_false,maskable_a2c__mask_true,-3.027578,0.083984
decision_latency_mean_ms,dqn__mask_false,maskable_a2c__mask_true,-3.000915,0.083984
decision_latency_mean_ms,dqn__mask_false,maskable_a2c__mask_true,-2.974253,0.083984
decision_latency_mean_ms,dqn__mask_false,maskable_a2c__mask_true,-2.947591,0.083984
decision_latency_mean_ms,dqn__mask_false,maskable_a2c__mask_true,-2.920929,0.083984
decision_latency_mean_ms,dqn__mask_false,maskable_a2c__mask_true,-2.894267,0.083984
decision_latency_mean_ms,dqn__mask_false,maskable_a2c__mask_true,-2.867605,0.083984
decision_latency_mean_ms,dqn__mask_false,maskable_a2c__mask_true,-2.840942,0.083984
decision_latency_mean_ms,dqn__mask_false,maskable_a2c__mask_true,-2.814280,0.083984
decision_latency_mean_ms,dqn__mask_false,maskable_a2c__mask_true,-2.787618,0.083984
decision_latency_mean_ms,dqn__mask_false,maskable_a2c__mask_true,-2.760956,0.083984
decision_latency_mean_ms,dqn__mask_false,maskable_a2c__mask_true,-2.734294,0.064453
decision_latency_mean_ms,dqn__mask_false,maskable_a2c__mask_true,-2.707632,0.064453
decision_latency_mean_ms,dqn__mask_false,maskable_a2c__mask_true,-2.680970,0.064453
decision_latency_mean_ms,dqn__mask_false,maskable_a2c__mask_true,-2.654307,0.064453
decision_latency_mean_ms,dqn__mask_false,maskable_a2c__mask_true,-2.627645,0.064453
decision_latency_mean_ms,dqn__mask_false,maskable_a2c__mask_true,-2.600983,0.064453
decision_latency_mean_ms,dqn__mask_false,maskable_a2c__mask_true,-2.574321,0.064453
decision_latency_mean_ms,dqn__mask_false,maskable_a2c__mask_true,-2.547659,0.064453
decision_latency_mean_ms,dqn__mask_false,maskable_a2c__mask_true,-2.520997,0.064453
decision_latency_mean_ms,dqn__mask_false,maskable_a2c__mask_true,-2.494335,0.064453
decision_latency_mean_ms,dqn__mask_false,maskable_a2c__mask_true,-2.467672,0.064453
decision_latency_mean_ms,dqn__mask_false,maskable_a2c__mask_true,-2.441010,0.064453
decision_latency_mean_ms,dqn__mask_false,maskable_a2c__mask_true,-2.414348,0.064453
decision_latency_mean_ms,dqn__mask_false,maskable_a2c__mask_true,-2.387686,0.064453
decision_latency_mean_ms,dqn__mask_false,maskable_a2c__mask_true,-2.361024,0.064453
decision_latency_mean_ms,dqn__mask_false,maskable_a2c__mask_true,-2.334362,0.064453
decision_latency_mean_ms,dqn__mask_false,maskable_a2c__mask_true,-2.307699,0.064453
decision_latency_mean_ms,dqn__mask_false,maskable_a2c__mask_true,-2.281037,0.048828
decision_latency_mean_ms,dqn__mask_false,maskable_a2c__mask_true,-2.254375,0.048828
decision_latency_mean_ms,dqn__mask_false,maskable_a2c__mask_true,-2.227713,0.048828
decision_latency_mean_ms,dqn__mask_false,maskable_a2c__mask_true,-2.201051,0.048828
decision_latency_mean_ms,dqn__mask_false,maskable_a2c__mask_true,-2.174389,0.048828
decision_latency_mean_ms,dqn__mask_false,maskable_a2c__mask_true,-2.147727,0.048828
decision_latency_mean_ms,dqn__mask_false,maskable_a2c__mask_true,-2.121064,0.048828
decision_latency_mean_ms,dqn__mask_false,maskable_a2c__mask_true,-2.094402,0.027344
decision_latency_mean_ms,dqn__mask_false,maskable_a2c__mask_true,-2.067740,0.027344
decision_latency_mean_ms,dqn__mask_false,maskable_a2c__mask_true,-2.041078,0.013672
decision_latency_mean_ms,dqn__mask_false,maskable_a2c__mask_true,-2.014416,0.009766
decision_latency_mean_ms,dqn__mask_false,maskable_a2c__mask_true,-1.987754,0.003906
decision_latency_mean_ms,dqn__mask_false,maskable_a2c__mask_true,-1.961092,0.003906
decision_latency_mean_ms,dqn__mask_false,maskable_a2c__mask_true,-1.934429,0.003906
decision_latency_mean_ms,dqn__mask_false,maskable_a2c__mask_true,-1.907767,0.003906
decision_latency_mean_ms,dqn__mask_false,maskable_a2c__mask_true,-1.881105,0.003906
decision_latency_mean_ms,dqn__mask_false,maskable_a2c__mask_true,-1.854443,0.003906
decision_latency_mean_ms,dqn__mask_false,maskable_a2c__mask_true,-1.827781,0.003906
decision_latency_mean_ms,dqn__mask_false,maskable_a2c__mask_true,-1.801119,0.003906
decision_latency_mean_ms,dqn__mask_false,maskable_a2c__mask_true,-1.774456,0.003906
decision_latency_mean_ms,dqn__mask_false,maskable_a2c__mask_true,-1.747794,0.003906
decision_latency_mean_ms,dqn__mask_false,maskable_a2c__mask_true,-1.721132,0.003906
decision_latency_mean_ms,dqn__mask_false,maskable_a2c__mask_true,-1.694470,0.003906
decision_latency_mean_ms,dqn__mask_false,maskable_a2c__mask_true,-1.667808,0.003906
decision_latency_mean_ms,dqn__mask_false,maskable_a2c__mask_true,-1.641146,0.003906
decision_latency_mean_ms,dqn__mask_false,maskable_a2c__mask_true,-1.614484,0.003906
decision_latency_mean_ms,dqn__mask_false,maskable_a2c__mask_true,-1.587821,0.003906
decision_latency_mean_ms,dqn__mask_false,maskable_a2c__mask_true,-1.561159,0.003906
decision_latency_mean_ms,dqn__mask_false,maskable_a2c__mask_true,-1.534497,0.003906
decision_latency_mean_ms,dqn__mask_false,maskable_a2c__mask_true,-1.507835,0.003906
decision_latency_mean_ms,dqn__mask_false,maskable_a2c__mask_true,-1.481173,0.003906
decision_latency_mean_ms,dqn__mask_false,maskable_a2c__mask_true,-1.454511,0.003906
decision_latency_mean_ms,dqn__mask_false,maskable_a2c__mask_true,-1.427849,0.003906
decision_latency_mean_ms,dqn__mask_false,maskable_a2c__mask_true,-1.401186,0.003906
decision_latency_mean_ms,dqn__mask_false,maskable_a2c__mask_true,-1.374524,0.003906
decision_latency_mean_ms,dqn__mask_false,maskable_a2c__mask_true,-1.347862,0.003906
decision_latency_mean_ms,dqn__mask_false,maskable_a2c__mask_true,-1.321200,0.003906
decision_latency_mean_ms,dqn__mask_false,maskable_a2c__mask_true,-1.294538,0.003906
decision_latency_mean_ms,dqn__mask_false,maskable_a2c__mask_true,-1.267876,0.003906
decision_latency_mean_ms,dqn__mask_false,maskable_a2c__mask_true,-1.241213,0.003906
decision_latency_mean_ms,dqn__mask_false,maskable_a2c__mask_true,-1.214551,0.003906
decision_latency_mean_ms,dqn__mask_false,maskable_a2c__mask_true,-1.187889,0.003906
decision_latency_mean_ms,dqn__mask_false,maskable_a2c__mask_true,-1.161227,0.003906
decision_latency_mean_ms,dqn__mask_false,maskable_a2c__mask_true,-1.134565,0.003906
decision_latency_mean_ms,dqn__mask_false,maskable_a2c__mask_true,-1.107903,0.003906
decision_latency_mean_ms,dqn__mask_false,maskable_a2c__mask_true,-1.081241,0.003906
decision_latency_mean_ms,dqn__mask_false,maskable_a2c__mask_true,-1.054578,0.003906
decision_latency_mean_ms,dqn__mask_false,maskable_a2c__mask_true,-1.027916,0.003906
decision_latency_mean_ms,dqn__mask_false,maskable_a2c__mask_true,-1.001254,0.003906
decision_latency_mean_ms,dqn__mask_false,maskable_a2c__mask_true,-0.974592,0.003906
decision_latency_mean_ms,dqn__mask_false,maskable_a2c__mask_true,-0.947930,0.003906
decision_latency_mean_ms,dqn__mask_false,maskable_a2c__mask_true,-0.921268,0.003906
decision_latency_mean_ms,dqn__mask_false,maskable_a2c__mask_true,-0.894606,0.003906
decision_latency_mean_ms,dqn__mask_false,maskable_a2c__mask_true,-0.867943,0.003906
decision_latency_mean_ms,dqn__mask_false,maskable_a2c__mask_true,-0.841281,0.003906
decision_latency_mean_ms,dqn__mask_false,maskable_a2c__mask_true,-0.814619,0.003906
decision_latency_mean_ms,dqn__mask_false,maskable_a2c__mask_true,-0.787957,0.003906
decision_latency_mean_ms,dqn__mask_false,maskable_a2c__mask_true,-0.761295,0.003906
decision_latency_mean_ms,dqn__mask_false,maskable_a2c__mask_true,-0.734633,0.003906
decision_latency_mean_ms,dqn__mask_false,maskable_a2c__mask_true,-0.707970,0.003906
decision_latency_mean_ms,dqn__mask_false,maskable_a2c__mask_true,-0.681308,0.003906
decision_latency_mean_ms,dqn__mask_false,maskable_a2c__mask_true,-0.654646,0.003906
decision_latency_mean_ms,dqn__mask_false,maskable_a2c__mask_true,-0.627984,0.003906
decision_latency_mean_ms,dqn__mask_false,maskable_a2c__mask_true,-0.601322,0.003906
decision_latency_mean_ms,dqn__mask_false,maskable_a2c__mask_true,-0.574660,0.003906
decision_latency_mean_ms,dqn__mask_false,maskable_a2c__mask_true,-0.547998,0.003906
decision_latency_mean_ms,dqn__mask_false,maskable_a2c__mask_true,-0.521335,0.003906
decision_latency_mean_ms,dqn__mask_false,maskable_a2c__mask_true,-0.494673,0.003906
decision_latency_mean_ms,dqn__mask_false,maskable_a2c__mask_true,-0.468011,0.003906
decision_latency_mean_ms,dqn__mask_false,maskable_a2c__mask_true,-0.441349,0.003906
decision_latency_mean_ms,dqn__mask_false,maskable_a2c__mask_true,-0.414687,0.003906
decision_latency_mean_ms,dqn__mask_false,maskable_a2c__mask_true,-0.388025,0.003906
decision_latency_mean_ms,dqn__mask_false,maskable_a2c__mask_true,-0.361363,0.003906
decision_latency_mean_ms,dqn__mask_false,maskable_a2c__mask_true,-0.334700,0.003906
decision_latency_mean_ms,dqn__mask_false,maskable_a2c__mask_true,-0.308038,0.003906
decision_latency_mean_ms,dqn__mask_false,maskable_a2c__mask_true,-0.281376,0.003906
decision_latency_mean_ms,dqn__mask_false,maskable_a2c__mask_true,-0.254714,0.003906
decision_latency_mean_ms,dqn__mask_false,maskable_ppo__mask_true,-4.618635,0.003906
decision_latency_mean_ms,dqn__mask_false,maskable_ppo__mask_true,-4.596598,0.005859
decision_latency_mean_ms,dqn__mask_false,maskable_ppo__mask_true,-4.574560,0.009766
decision_latency_mean_ms,dqn__mask_false,maskable_ppo__mask_true,-4.552523,0.037109
decision_latency_mean_ms,dqn__mask_false,maskable_ppo__mask_true,-4.530486,0.064453
decision_latency_mean_ms,dqn__mask_false,maskable_ppo__mask_true,-4.508448,0.083984
decision_latency_mean_ms,dqn__mask_false,maskable_ppo__mask_true,-4.486411,0.083984
decision_latency_mean_ms,dqn__mask_false,maskable_ppo__mask_true,-4.464373,0.083984
decision_latency_mean_ms,dqn__mask_false,maskable_ppo__mask_true,-4.442336,0.083984
decision_latency_mean_ms,dqn__mask_false,maskable_ppo__mask_true,-4.420298,0.083984
decision_latency_mean_ms,dqn__mask_false,maskable_ppo__mask_true,-4.398261,0.130859
decision_latency_mean_ms,dqn__mask_false,maskable_ppo__mask_true,-4.376223,0.322266
decision_latency_mean_ms,dqn__mask_false,maskable_ppo__mask_true,-4.354186,0.556641
decision_latency_mean_ms,dqn__mask_false,maskable_ppo__mask_true,-4.332148,1.000000
decision_latency_mean_ms,dqn__mask_false,maskable_ppo__mask_true,-4.310111,0.845703
decision_latency_mean_ms,dqn__mask_false,maskable_ppo__mask_true,-4.288073,0.845703
decision_latency_mean_ms,dqn__mask_false,maskable_ppo__mask_true,-4.266036,0.845703
decision_latency_mean_ms,dqn__mask_false,maskable_ppo__mask_true,-4.243998,0.845703
decision_latency_mean_ms,dqn__mask_false,maskable_ppo__mask_true,-4.221961,0.845703
decision_latency_mean_ms,dqn__mask_false,maskable_ppo__mask_true,-4.199923,0.769531
decision_latency_mean_ms,dqn__mask_false,maskable_ppo__mask_true,-4.177886,0.625000
decision_latency_mean_ms,dqn__mask_false,maskable_ppo__mask_true,-4.155849,0.322266
decision_latency_mean_ms,dqn__mask_false,maskable_ppo__mask_true,-4.133811,0.160156
decision_latency_mean_ms,dqn__mask_false,maskable_ppo__mask_true,-4.111774,0.083984
decision_latency_mean_ms,dqn__mask_false,maskable_ppo__mask_true,-4.089736,0.083984
decision_latency_mean_ms,dqn__mask_false,maskable_ppo__mask_true,-4.067699,0.083984
decision_latency_mean_ms,dqn__mask_false,maskable_ppo__mask_true,-4.045661,0.083984
decision_latency_mean_ms,dqn__mask_false,maskable_ppo__mask_true,-4.023624,0.083984
decision_latency_mean_ms,dqn__mask_false,maskable_ppo__mask_true,-4.001586,0.083984
decision_latency_mean_ms,dqn__mask_false,maskable_ppo__mask_true,-3.979549,0.083984
decision_latency_mean_ms,dqn__mask_false,maskable_ppo__mask_true,-3.957511,0.083984
decision_latency_mean_ms,dqn__mask_false,maskable_ppo__mask_true,-3.935474,0.083984
decision_latency_mean_ms,dqn__mask_false,maskable_ppo__mask_true,-3.913436,0.083984
decision_latency_mean_ms,dqn__mask_false,maskable_ppo__mask_true,-3.891399,0.083984
decision_latency_mean_ms,dqn__mask_false,maskable_ppo__mask_true,-3.869361,0.083984
decision_latency_mean_ms,dqn__mask_false,maskable_ppo__mask_true,-3.847324,0.083984
decision_latency_mean_ms,dqn__mask_false,maskable_ppo__mask_true,-3.825286,0.083984
decision_latency_mean_ms,dqn__mask_false,maskable_ppo__mask_true,-3.803249,0.083984
decision_latency_mean_ms,dqn__mask_false,maskable_ppo__mask_true,-3.781212,0.083984
decision_latency_mean_ms,dqn__mask_false,maskable_ppo__mask_true,-3.759174,0.083984
decision_latency_mean_ms,dqn__mask_false,maskable_ppo__mask_true,-3.737137,0.083984
decision_latency_mean_ms,dqn__mask_false,maskable_ppo__mask_true,-3.715099,0.083984
decision_latency_mean_ms,dqn__mask_false,maskable_ppo__mask_true,-3.693062,0.083984
decision_latency_mean_ms,dqn__mask_false,maskable_ppo__mask_true,-3.671024,0.083984
decision_latency_mean_ms,dqn__mask_false,maskable_ppo__mask_true,-3.648987,0.083984
decision_latency_mean_ms,dqn__mask_false,maskable_ppo__mask_true,-3.626949,0.083984
decision_latency_mean_ms,dqn__mask_false,maskable_ppo__mask_true,-3.604912,0.083984
decision_latency_mean_ms,dqn__mask_false,maskable_ppo__mask_true,-3.582874,0.083984
decision_latency_mean_ms,dqn__mask_false,maskable_ppo__mask_true,-3.560837,0.083984
decision_latency_mean_ms,dqn__mask_false,maskable_ppo__mask_true,-3.538799,0.083984
decision_latency_mean_ms,dqn__mask_false,maskable_ppo__mask_true,-3.516762,0.083984
decision_latency_mean_ms,dqn__mask_false,maskable_ppo__mask_true,-3.494724,0.083984
decision_latency_mean_ms,dqn__mask_false,maskable_ppo__mask_true,-3.472687,0.083984
decision_latency_mean_ms,dqn__mask_false,maskable_ppo__mask_true,-3.450649,0.083984
decision_latency_mean_ms,dqn__mask_false,maskable_ppo__mask_true,-3.428612,0.083984
decision_latency_mean_ms,dqn__mask_false,maskable_ppo__mask_true,-3.406575,0.083984
decision_latency_mean_ms,dqn__mask_false,maskable_ppo__mask_true,-3.384537,0.083984
decision_latency_mean_ms,dqn__mask_false,maskable_ppo__mask_true,-3.362500,0.083984
decision_latency_mean_ms,dqn__mask_false,maskable_ppo__mask_true,-3.340462,0.083984
decision_latency_mean_ms,dqn__mask_false,maskable_ppo__mask_true,-3.318425,0.083984
decision_latency_mean_ms,dqn__mask_false,maskable_ppo__mask_true,-3.296387,0.083984
decision_latency_mean_ms,dqn__mask_false,maskable_ppo__mask_true,-3.274350,0.083984
decision_latency_mean_ms,dqn__mask_false,maskable_ppo__mask_true,-3.252312,0.083984
decision_latency_mean_ms,dqn__mask_false,maskable_ppo__mask_true,-3.230275,0.083984
decision_latency_mean_ms,dqn__mask_false,maskable_ppo__mask_true,-3.208237,0.083984
decision_latency_mean_ms,dqn__mask_false,maskable_ppo__mask_true,-3.186200,0.083984
decision_latency_mean_ms,dqn__mask_false,maskable_ppo__mask_true,-3.164162,0.083984
decision_latency_mean_ms,dqn__mask_false,maskable_ppo__mask_true,-3.142125,0.083984
decision_latency_mean_ms,dqn__mask_false,maskable_ppo__mask_true,-3.120087,0.083984
decision_latency_mean_ms,dqn__mask_false,maskable_ppo__mask_true,-3.098050,0.083984
decision_latency_mean_ms,dqn__mask_false,maskable_ppo__mask_true,-3.076013,0.083984
decision_latency_mean_ms,dqn__mask_false,maskable_ppo__mask_true,-3.053975,0.083984
decision_latency_mean_ms,dqn__mask_false,maskable_ppo__mask_true,-3.031938,0.083984
decision_latency_mean_ms,dqn__mask_false,maskable_ppo__mask_true,-3.009900,0.083984
decision_latency_mean_ms,dqn__mask_false,maskable_ppo__mask_true,-2.987863,0.083984
decision_latency_mean_ms,dqn__mask_false,maskable_ppo__mask_true,-2.965825,0.083984
decision_latency_mean_ms,dqn__mask_false,maskable_ppo__mask_true,-2.943788,0.083984
decision_latency_mean_ms,dqn__mask_false,maskable_ppo__mask_true,-2.921750,0.083984
decision_latency_mean_ms,dqn__mask_false,maskable_ppo__mask_true,-2.899713,0.083984
decision_latency_mean_ms,dqn__mask_false,maskable_ppo__mask_true,-2.877675,0.083984
decision_latency_mean_ms,dqn__mask_false,maskable_ppo__mask_true,-2.855638,0.083984
decision_latency_mean_ms,dqn__mask_false,maskable_ppo__mask_true,-2.833600,0.083984
decision_latency_mean_ms,dqn__mask_false,maskable_ppo__mask_true,-2.811563,0.083984
decision_latency_mean_ms,dqn__mask_false,maskable_ppo__mask_true,-2.789525,0.083984
decision_latency_mean_ms,dqn__mask_false,maskable_ppo__mask_true,-2.767488,0.083984
decision_latency_mean_ms,dqn__mask_false,maskable_ppo__mask_true,-2.745450,0.083984
decision_latency_mean_ms,dqn__mask_false,maskable_ppo__mask_true,-2.723413,0.083984
decision_latency_mean_ms,dqn__mask_false,maskable_ppo__mask_true,-2.701376,0.083984
decision_latency_mean_ms,dqn__mask_false,maskable_ppo__mask_true,-2.679338,0.083984
decision_latency_mean_ms,dqn__mask_false,maskable_ppo__mask_true,-2.657301,0.083984
decision_latency_mean_ms,dqn__mask_false,maskable_ppo__mask_true,-2.635263,0.083984
decision_latency_mean_ms,dqn__mask_false,maskable_ppo__mask_true,-2.613226,0.083984
decision_latency_mean_ms,dqn__mask_false,maskable_ppo__mask_true,-2.591188,0.083984
decision_latency_mean_ms,dqn__mask_false,maskable_ppo__mask_true,-2.569151,0.083984
decision_latency_mean_ms,dqn__mask_false,maskable_ppo__mask_true,-2.547113,0.083984
decision_latency_mean_ms,dqn__mask_false,maskable_ppo__mask_true,-2.525076,0.083984
decision_latency_mean_ms,dqn__mask_false,maskable_ppo__mask_true,-2.503038,0.083984
decision_latency_mean_ms,dqn__mask_false,maskable_ppo__mask_true,-2.481001,0.083984
decision_latency_mean_ms,dqn__mask_false,maskable_ppo__mask_true,-2.458963,0.083984
decision_latency_mean_ms,dqn__mask_false,maskable_ppo__mask_true,-2.436926,0.083984
decision_latency_mean_ms,dqn__mask_false,maskable_ppo__mask_true,-2.414888,0.083984
decision_latency_mean_ms,dqn__mask_false,maskable_ppo__mask_true,-2.392851,0.083984
decision_latency_mean_ms,dqn__mask_false,maskable_ppo__mask_true,-2.370813,0.083984
decision_latency_mean_ms,dqn__mask_false,maskable_ppo__mask_true,-2.348776,0.083984
decision_latency_mean_ms,dqn__mask_false,maskable_ppo__mask_true,-2.326739,0.083984
decision_latency_mean_ms,dqn__mask_false,maskable_ppo__mask_true,-2.304701,0.083984
decision_latency_mean_ms,dqn__mask_false,maskable_ppo__mask_true,-2.282664,0.083984
decision_latency_mean_ms,dqn__mask_false,maskable_ppo__mask_true,-2.260626,0.083984
decision_latency_mean_ms,dqn__mask_false,maskable_ppo__mask_true,-2.238589,0.083984
decision_latency_mean_ms,dqn__mask_false,maskable_ppo__mask_true,-2.216551,0.064453
decision_latency_mean_ms,dqn__mask_false,maskable_ppo__mask_true,-2.194514,0.037109
decision_latency_mean_ms,dqn__mask_false,maskable_ppo__mask_true,-2.172476,0.027344
decision_latency_mean_ms,dqn__mask_false,maskable_ppo__mask_true,-2.150439,0.027344
decision_latency_mean_ms,dqn__mask_false,maskable_ppo__mask_true,-2.128401,0.027344
decision_latency_mean_ms,dqn__mask_false,maskable_ppo__mask_true,-2.106364,0.027344
decision_latency_mean_ms,dqn__mask_false,maskable_ppo__mask_true,-2.084326,0.027344
decision_latency_mean_ms,dqn__mask_false,maskable_ppo__mask_true,-2.062289,0.027344
decision_latency_mean_ms,dqn__mask_false,maskable_ppo__mask_true,-2.040251,0.027344
decision_latency_mean_ms,dqn__mask_false,maskable_ppo__mask_true,-2.018214,0.013672
decision_latency_mean_ms,dqn__mask_false,maskable_ppo__mask_true,-1.996176,0.009766
decision_latency_mean_ms,dqn__mask_false,maskable_ppo__mask_true,-1.974139,0.003906
decision_latency_mean_ms,dqn__mask_false,maskable_ppo__mask_true,-1.952102,0.003906
decision_latency_mean_ms,dqn__mask_false,maskable_ppo__mask_true,-1.930064,0.003906
decision_latency_mean_ms,dqn__mask_false,maskable_ppo__mask_true,-1.908027,0.003906
decision_latency_mean_ms,dqn__mask_false,maskable_ppo__mask_true,-1.885989,0.003906
decision_latency_mean_ms,dqn__mask_false,maskable_ppo__mask_true,-1.863952,0.003906
decision_latency_mean_ms,dqn__mask_false,maskable_ppo__mask_true,-1.841914,0.003906
decision_latency_mean_ms,dqn__mask_false,maskable_ppo__mask_true,-1.819877,0.003906
decision_latency_mean_ms,dqn__mask_false,maskable_ppo__mask_true,-1.797839,0.003906
decision_latency_mean_ms,dqn__mask_false,maskable_ppo__mask_true,-1.775802,0.003906
decision_latency_mean_ms,dqn__mask_false,maskable_ppo__mask_true,-1.753764,0.003906
decision_latency_mean_ms,dqn__mask_false,maskable_ppo__mask_true,-1.731727,0.003906
decision_latency_mean_ms,dqn__mask_false,maskable_ppo__mask_true,-1.709689,0.003906
decision_latency_mean_ms,dqn__mask_false,maskable_ppo__mask_true,-1.687652,0.003906
decision_latency_mean_ms,dqn__mask_false,maskable_ppo__mask_true,-1.665614,0.003906
decision_latency_mean_ms,dqn__mask_false,maskable_ppo__mask_true,-1.643577,0.003906
decision_latency_mean_ms,dqn__mask_false,maskable_ppo__mask_true,-1.621540,0.003906
decision_latency_mean_ms,dqn__mask_false,maskable_ppo__mask_true,-1.599502,0.003906
decision_latency_mean_ms,dqn__mask_false,maskable_ppo__mask_true,-1.577465,0.003906
decision_latency_mean_ms,dqn__mask_false,maskable_ppo__mask_true,-1.555427,0.003906
decision_latency_mean_ms,dqn__mask_false,maskable_ppo__mask_true,-1.533390,0.003906
decision_latency_mean_ms,dqn__mask_false,maskable_ppo__mask_true,-1.511352,0.003906
decision_latency_mean_ms,dqn__mask_false,maskable_ppo__mask_true,-1.489315,0.003906
decision_latency_mean_ms,dqn__mask_false,maskable_ppo__mask_true,-1.467277,0.003906
decision_latency_mean_ms,dqn__mask_false,maskable_ppo__mask_true,-1.445240,0.003906
decision_latency_mean_ms,dqn__mask_false,maskable_ppo__mask_true,-1.423202,0.003906
decision_latency_mean_ms,dqn__mask_false,maskable_ppo__mask_true,-1.401165,0.003906
decision_latency_mean_ms,dqn__mask_false,maskable_ppo__mask_true,-1.379127,0.003906
decision_latency_mean_ms,dqn__mask_false,maskable_ppo__mask_true,-1.357090,0.003906
decision_latency_mean_ms,dqn__mask_false,maskable_ppo__mask_true,-1.335052,0.003906
decision_latency_mean_ms,dqn__mask_false,maskable_ppo__mask_true,-1.313015,0.003906
decision_latency_mean_ms,dqn__mask_false,maskable_ppo__mask_true,-1.290977,0.003906
decision_latency_mean_ms,dqn__mask_false,maskable_ppo__mask_true,-1.268940,0.003906
decision_latency_mean_ms,dqn__mask_false,maskable_ppo__mask_true,-1.246903,0.003906
decision_latency_mean_ms,dqn__mask_false,maskable_ppo__mask_true,-1.224865,0.003906
decision_latency_mean_ms,dqn__mask_false,maskable_ppo__mask_true,-1.202828,0.003906
decision_latency_mean_ms,dqn__mask_false,maskable_ppo__mask_true,-1.180790,0.003906
decision_latency_mean_ms,dqn__mask_false,maskable_ppo__mask_true,-1.158753,0.003906
decision_latency_mean_ms,dqn__mask_false,maskable_ppo__mask_true,-1.136715,0.003906
decision_latency_mean_ms,dqn__mask_false,maskable_ppo__mask_true,-1.114678,0.003906
decision_latency_mean_ms,dqn__mask_false,maskable_ppo__mask_true,-1.092640,0.003906
decision_latency_mean_ms,dqn__mask_false,maskable_ppo__mask_true,-1.070603,0.003906
decision_latency_mean_ms,dqn__mask_false,maskable_ppo__mask_true,-1.048565,0.003906
decision_latency_mean_ms,dqn__mask_false,maskable_ppo__mask_true,-1.026528,0.003906
decision_latency_mean_ms,dqn__mask_false,maskable_ppo__mask_true,-1.004490,0.003906
decision_latency_mean_ms,dqn__mask_false,maskable_ppo__mask_true,-0.982453,0.003906
decision_latency_mean_ms,dqn__mask_false,maskable_ppo__mask_true,-0.960415,0.003906
decision_latency_mean_ms,dqn__mask_false,maskable_ppo__mask_true,-0.938378,0.003906
decision_latency_mean_ms,dqn__mask_false,maskable_ppo__mask_true,-0.916340,0.003906
decision_latency_mean_ms,dqn__mask_false,maskable_ppo__mask_true,-0.894303,0.003906
decision_latency_mean_ms,dqn__mask_false,maskable_ppo__mask_true,-0.872266,0.003906
decision_latency_mean_ms,dqn__mask_false,maskable_ppo__mask_true,-0.850228,0.003906
decision_latency_mean_ms,dqn__mask_false,maskable_ppo__mask_true,-0.828191,0.003906
decision_latency_mean_ms,dqn__mask_false,maskable_ppo__mask_true,-0.806153,0.003906
decision_latency_mean_ms,dqn__mask_false,maskable_ppo__mask_true,-0.784116,0.003906
decision_latency_mean_ms,dqn__mask_false,maskable_ppo__mask_true,-0.762078,0.003906
decision_latency_mean_ms,dqn__mask_false,maskable_ppo__mask_true,-0.740041,0.003906
decision_latency_mean_ms,dqn__mask_false,maskable_ppo__mask_true,-0.718003,0.003906
decision_latency_mean_ms,dqn__mask_false,maskable_ppo__mask_true,-0.695966,0.003906
decision_latency_mean_ms,dqn__mask_false,maskable_ppo__mask_true,-0.673928,0.003906
decision_latency_mean_ms,dqn__mask_false,maskable_ppo__mask_true,-0.651891,0.003906
decision_latency_mean_ms,dqn__mask_false,maskable_ppo__mask_true,-0.629853,0.003906
decision_latency_mean_ms,dqn__mask_false,maskable_ppo__mask_true,-0.607816,0.003906
decision_latency_mean_ms,dqn__mask_false,maskable_ppo__mask_true,-0.585778,0.003906
decision_latency_mean_ms,dqn__mask_false,maskable_ppo__mask_true,-0.563741,0.003906
decision_latency_mean_ms,dqn__mask_false,maskable_ppo__mask_true,-0.541703,0.003906
decision_latency_mean_ms,dqn__mask_false,maskable_ppo__mask_true,-0.519666,0.003906
decision_latency_mean_ms,dqn__mask_false,maskable_ppo__mask_true,-0.497629,0.003906
decision_latency_mean_ms,dqn__mask_false,maskable_ppo__mask_true,-0.475591,0.003906
decision_latency_mean_ms,dqn__mask_false,maskable_ppo__mask_true,-0.453554,0.003906
decision_latency_mean_ms,dqn__mask_false,maskable_ppo__mask_true,-0.431516,0.003906
decision_latency_mean_ms,dqn__mask_false,maskable_ppo__mask_true,-0.409479,0.003906
decision_latency_mean_ms,dqn__mask_false,maskable_ppo__mask_true,-0.387441,0.003906
decision_latency_mean_ms,dqn__mask_false,maskable_ppo__mask_true,-0.365404,0.003906
decision_latency_mean_ms,dqn__mask_false,maskable_ppo__mask_true,-0.343366,0.003906
decision_latency_mean_ms,dqn__mask_false,maskable_ppo__mask_true,-0.321329,0.003906
decision_latency_mean_ms,dqn__mask_false,maskable_ppo__mask_true,-0.299291,0.003906
decision_latency_mean_ms,dqn__mask_false,maskable_ppo__mask_true,-0.277254,0.003906
decision_latency_mean_ms,dqn__mask_false,maskable_ppo__mask_true,-0.255216,0.003906
decision_latency_mean_ms,dqn__mask_false,maskable_ppo__mask_true,-0.233179,0.003906
decision_latency_mean_ms,maskable_a2c__mask_true,maskable_dqn__mask_true,4.099622,0.003906
decision_latency_mean_ms,maskable_a2c__mask_true,maskable_dqn__mask_true,4.106794,0.005859
decision_latency_mean_ms,maskable_a2c__mask_true,maskable_dqn__mask_true,4.113967,0.009766
decision_latency_mean_ms,maskable_a2c__mask_true,maskable_dqn__mask_true,4.121139,0.009766
decision_latency_mean_ms,maskable_a2c__mask_true,maskable_dqn__mask_true,4.128312,0.009766
decision_latency_mean_ms,maskable_a2c__mask_true,maskable_dqn__mask_true,4.135484,0.013672
decision_latency_mean_ms,maskable_a2c__mask_true,maskable_dqn__mask_true,4.142657,0.019531
decision_latency_mean_ms,maskable_a2c__mask_true,maskable_dqn__mask_true,4.149829,0.019531
decision_latency_mean_ms,maskable_a2c__mask_true,maskable_dqn__mask_true,4.157002,0.048828
decision_latency_mean_ms,maskable_a2c__mask_true,maskable_dqn__mask_true,4.164174,0.130859
decision_latency_mean_ms,maskable_a2c__mask_true,maskable_dqn__mask_true,4.171346,0.130859
decision_latency_mean_ms,maskable_a2c__mask_true,maskable_dqn__mask_true,4.178519,0.130859
decision_latency_mean_ms,maskable_a2c__mask_true,maskable_dqn__mask_true,4.185691,0.193359
decision_latency_mean_ms,maskable_a2c__mask_true,maskable_dqn__mask_true,4.192864,0.232422
decision_latency_mean_ms,maskable_a2c__mask_true,maskable_dqn__mask_true,4.200036,0.232422
decision_latency_mean_ms,maskable_a2c__mask_true,maskable_dqn__mask_true,4.207209,0.375000
decision_latency_mean_ms,maskable_a2c__mask_true,maskable_dqn__mask_true,4.214381,0.556641
decision_latency_mean_ms,maskable_a2c__mask_true,maskable_dqn__mask_true,4.221554,0.769531
decision_latency_mean_ms,maskable_a2c__mask_true,maskable_dqn__mask_true,4.228726,0.845703
decision_latency_mean_ms,maskable_a2c__mask_true,maskable_dqn__mask_true,4.235899,0.845703
decision_latency_mean_ms,maskable_a2c__mask_true,maskable_dqn__mask_true,4.243071,0.921875
decision_latency_mean_ms,maskable_a2c__mask_true,maskable_dqn__mask_true,4.250243,1.000000
decision_latency_mean_ms,maskable_a2c__mask_true,maskable_dqn__mask_true,4.257416,1.000000
decision_latency_mean_ms,maskable_a2c__mask_true,maskable_dqn__mask_true,4.264588,0.921875
decision_latency_mean_ms,maskable_a2c__mask_true,maskable_dqn__mask_true,4.271761,0.695312
decision_latency_mean_ms,maskable_a2c__mask_true,maskable_dqn__mask_true,4.278933,0.625000
decision_latency_mean_ms,maskable_a2c__mask_true,maskable_dqn__mask_true,4.286106,0.625000
decision_latency_mean_ms,maskable_a2c__mask_true,maskable_dqn__mask_true,4.293278,0.625000
decision_latency_mean_ms,maskable_a2c__mask_true,maskable_dqn__mask_true,4.300451,0.625000
decision_latency_mean_ms,maskable_a2c__mask_true,maskable_dqn__mask_true,4.307623,0.625000
decision_latency_mean_ms,maskable_a2c__mask_true,maskable_dqn__mask_true,4.314796,0.625000
decision_latency_mean_ms,maskable_a2c__mask_true,maskable_dqn__mask_true,4.321968,0.556641
decision_latency_mean_ms,maskable_a2c__mask_true,maskable_dqn__mask_true,4.329141,0.492188
decision_latency_mean_ms,maskable_a2c__mask_true,maskable_dqn__mask_true,4.336313,0.431641
decision_latency_mean_ms,maskable_a2c__mask_true,maskable_dqn__mask_true,4.343485,0.431641
decision_latency_mean_ms,maskable_a2c__mask_true,maskable_dqn__mask_true,4.350658,0.431641
decision_latency_mean_ms,maskable_a2c__mask_true,maskable_dqn__mask_true,4.357830,0.431641
decision_latency_mean_ms,maskable_a2c__mask_true,maskable_dqn__mask_true,4.365003,0.431641
decision_latency_mean_ms,maskable_a2c__mask_true,maskable_dqn__mask_true,4.372175,0.431641
decision_latency_mean_ms,maskable_a2c__mask_true,maskable_dqn__mask_true,4.379348,0.431641
decision_latency_mean_ms,maskable_a2c__mask_true,maskable_dqn__mask_true,4.386520,0.431641
decision_latency_mean_ms,maskable_a2c__mask_true,maskable_dqn__mask_true,4.393693,0.431641
decision_latency_mean_ms,maskable_a2c__mask_true,maskable_dqn__mask_true,4.400865,0.375000
decision_latency_mean_ms,maskable_a2c__mask_true,maskable_dqn__mask_true,4.408038,0.322266
decision_latency_mean_ms,maskable_a2c__mask_true,maskable_dqn__mask_true,4.415210,0.322266
decision_latency_mean_ms,maskable_a2c__mask_true,maskable_dqn__mask_true,4.422382,0.322266
decision_latency_mean_ms,maskable_a2c__mask_true,maskable_dqn__mask_true,4.429555,0.275391
decision_latency_mean_ms,maskable_a2c__mask_true,maskable_dqn__mask_true,4.436727,0.275391
decision_latency_mean_ms,maskable_a2c__mask_true,maskable_dqn__mask_true,4.443900,0.275391
decision_latency_mean_ms,maskable_a2c__mask_true,maskable_dqn__mask_true,4.451072,0.232422
decision_latency_mean_ms,maskable_a2c__mask_true,maskable_dqn__mask_true,4.458245,0.160156
decision_latency_mean_ms,maskable_a2c__mask_true,maskable_dqn__mask_true,4.465417,0.160156
decision_latency_mean_ms,maskable_a2c__mask_true,maskable_dqn__mask_true,4.472590,0.160156
decision_latency_mean_ms,maskable_a2c__mask_true,maskable_dqn__mask_true,4.479762,0.160156
decision_latency_mean_ms,maskable_a2c__mask_true,maskable_dqn__mask_true,4.486935,0.160156
decision_latency_mean_ms,maskable_a2c__mask_true,maskable_dqn__mask_true,4.494107,0.160156
decision_latency_mean_ms,maskable_a2c__mask_true,maskable_dqn__mask_true,4.501279,0.160156
decision_latency_mean_ms,maskable_a2c__mask_true,maskable_dqn__mask_true,4.508452,0.160156
decision_latency_mean_ms,maskable_a2c__mask_true,maskable_dqn__mask_true,4.515624,0.105469
decision_latency_mean_ms,maskable_a2c__mask_true,maskable_dqn__mask_true,4.522797,0.105469
decision_latency_mean_ms,maskable_a2c__mask_true,maskable_dqn__mask_true,4.529969,0.105469
decision_latency_mean_ms,maskable_a2c__mask_true,maskable_dqn__mask_true,4.537142,0.105469
decision_latency_mean_ms,maskable_a2c__mask_true,maskable_dqn__mask_true,4.544314,0.105469
decision_latency_mean_ms,maskable_a2c__mask_true,maskable_dqn__mask_true,4.551487,0.105469
decision_latency_mean_ms,maskable_a2c__mask_true,maskable_dqn__mask_true,4.558659,0.105469
decision_latency_mean_ms,maskable_a2c__mask_true,maskable_dqn__mask_true,4.565832,0.105469
decision_latency_mean_ms,maskable_a2c__mask_true,maskable_dqn__mask_true,4.573004,0.105469
decision_latency_mean_ms,maskable_a2c__mask_true,maskable_dqn__mask_true,4.580176,0.105469
decision_latency_mean_ms,maskable_a2c__mask_true,maskable_dqn__mask_true,4.587349,0.105469
decision_latency_mean_ms,maskable_a2c__mask_true,maskable_dqn__mask_true,4.594521,0.105469
decision_latency_mean_ms,maskable_a2c__mask_true,maskable_dqn__mask_true,4.601694,0.105469
decision_latency_mean_ms,maskable_a2c__mask_true,maskable_dqn__mask_true,4.608866,0.105469
decision_latency_mean_ms,maskable_a2c__mask_true,maskable_dqn__mask_true,4.616039,0.105469
decision_latency_mean_ms,maskable_a2c__mask_true,maskable_dqn__mask_true,4.623211,0.105469
decision_latency_mean_ms,maskable_a2c__mask_true,maskable_dqn__mask_true,4.630384,0.105469
decision_latency_mean_ms,maskable_a2c__mask_true,maskable_dqn__mask_true,4.637556,0.105469
decision_latency_mean_ms,maskable_a2c__mask_true,maskable_dqn__mask_true,4.644729,0.105469
decision_latency_mean_ms,maskable_a2c__mask_true,maskable_dqn__mask_true,4.651901,0.105469
decision_latency_mean_ms,maskable_a2c__mask_true,maskable_dqn__mask_true,4.659074,0.105469
decision_latency_mean_ms,maskable_a2c__mask_true,maskable_dqn__mask_true,4.666246,0.105469
decision_latency_mean_ms,maskable_a2c__mask_true,maskable_dqn__mask_true,4.673418,0.105469
decision_latency_mean_ms,maskable_a2c__mask_true,maskable_dqn__mask_true,4.680591,0.105469
decision_latency_mean_ms,maskable_a2c__mask_true,maskable_dqn__mask_true,4.687763,0.105469
decision_latency_mean_ms,maskable_a2c__mask_true,maskable_dqn__mask_true,4.694936,0.105469
decision_latency_mean_ms,maskable_a2c__mask_true,maskable_dqn__mask_true,4.702108,0.083984
decision_latency_mean_ms,maskable_a2c__mask_true,maskable_dqn__mask_true,4.709281,0.083984
decision_latency_mean_ms,maskable_a2c__mask_true,maskable_dqn__mask_true,4.716453,0.083984
decision_latency_mean_ms,maskable_a2c__mask_true,maskable_dqn__mask_true,4.723626,0.083984
decision_latency_mean_ms,maskable_a2c__mask_true,maskable_dqn__mask_true,4.730798,0.083984
decision_latency_mean_ms,maskable_a2c__mask_true,maskable_dqn__mask_true,4.737971,0.083984
decision_latency_mean_ms,maskable_a2c__mask_true,maskable_dqn__mask_true,4.745143,0.083984
decision_latency_mean_ms,maskable_a2c__mask_true,maskable_dqn__mask_true,4.752315,0.083984
decision_latency_mean_ms,maskable_a2c__mask_true,maskable_dqn__mask_true,4.759488,0.083984
decision_latency_mean_ms,maskable_a2c__mask_true,maskable_dqn__mask_true,4.766660,0.083984
decision_latency_mean_ms,maskable_a2c__mask_true,maskable_dqn__mask_true,4.773833,0.083984
decision_latency_mean_ms,maskable_a2c__mask_true,maskable_dqn__mask_true,4.781005,0.083984
decision_latency_mean_ms,maskable_a2c__mask_true,maskable_dqn__mask_true,4.788178,0.083984
decision_latency_mean_ms,maskable_a2c__mask_true,maskable_dqn__mask_true,4.795350,0.083984
decision_latency_mean_ms,maskable_a2c__mask_true,maskable_dqn__mask_true,4.802523,0.083984
decision_latency_mean_ms,maskable_a2c__mask_true,maskable_dqn__mask_true,4.809695,0.083984
decision_latency_mean_ms,maskable_a2c__mask_true,maskable_dqn__mask_true,4.816868,0.083984
decision_latency_mean_ms,maskable_a2c__mask_true,maskable_dqn__mask_true,4.824040,0.083984
decision_latency_mean_ms,maskable_a2c__mask_true,maskable_dqn__mask_true,4.831212,0.083984
decision_latency_mean_ms,maskable_a2c__mask_true,maskable_dqn__mask_true,4.838385,0.083984
decision_latency_mean_ms,maskable_a2c__mask_true,maskable_dqn__mask_true,4.845557,0.083984
decision_latency_mean_ms,maskable_a2c__mask_true,maskable_dqn__mask_true,4.852730,0.083984
decision_latency_mean_ms,maskable_a2c__mask_true,maskable_dqn__mask_true,4.859902,0.048828
decision_latency_mean_ms,maskable_a2c__mask_true,maskable_dqn__mask_true,4.867075,0.048828
decision_latency_mean_ms,maskable_a2c__mask_true,maskable_dqn__mask_true,4.874247,0.048828
decision_latency_mean_ms,maskable_a2c__mask_true,maskable_dqn__mask_true,4.881420,0.048828
decision_latency_mean_ms,maskable_a2c__mask_true,maskable_dqn__mask_true,4.888592,0.037109
decision_latency_mean_ms,maskable_a2c__mask_true,maskable_dqn__mask_true,4.895765,0.037109
decision_latency_mean_ms,maskable_a2c__mask_true,maskable_dqn__mask_true,4.902937,0.037109
decision_latency_mean_ms,maskable_a2c__mask_true,maskable_dqn__mask_true,4.910110,0.019531
decision_latency_mean_ms,maskable_a2c__mask_true,maskable_dqn__mask_true,4.917282,0.013672
decision_latency_mean_ms,maskable_a2c__mask_true,maskable_dqn__mask_true,4.924454,0.013672
decision_latency_mean_ms,maskable_a2c__mask_true,maskable_dqn__mask_true,4.931627,0.013672
decision_latency_mean_ms,maskable_a2c__mask_true,maskable_dqn__mask_true,4.938799,0.013672
decision_latency_mean_ms,maskable_a2c__mask_true,maskable_dqn__mask_true,4.945972,0.013672
decision_latency_mean_ms,maskable_a2c__mask_true,maskable_dqn__mask_true,4.953144,0.013672
decision_latency_mean_ms,maskable_a2c__mask_true,maskable_dqn__mask_true,4.960317,0.013672
decision_latency_mean_ms,maskable_a2c__mask_true,maskable_dqn__mask_true,4.967489,0.009766
decision_latency_mean_ms,maskable_a2c__mask_true,maskable_dqn__mask_true,4.974662,0.005859
decision_latency_mean_ms,maskable_a2c__mask_true,maskable_dqn__mask_true,4.981834,0.005859
decision_latency_mean_ms,maskable_a2c__mask_true,maskable_dqn__mask_true,4.989007,0.005859
decision_latency_mean_ms,maskable_a2c__mask_true,maskable_dqn__mask_true,4.996179,0.005859
decision_latency_mean_ms,maskable_a2c__mask_true,maskable_dqn__mask_true,5.003351,0.005859
decision_latency_mean_ms,maskable_a2c__mask_true,maskable_dqn__mask_true,5.010524,0.005859
decision_latency_mean_ms,maskable_a2c__mask_true,maskable_dqn__mask_true,5.017696,0.005859
decision_latency_mean_ms,maskable_a2c__mask_true,maskable_dqn__mask_true,5.024869,0.005859
decision_latency_mean_ms,maskable_a2c__mask_true,maskable_dqn__mask_true,5.032041,0.005859
decision_latency_mean_ms,maskable_a2c__mask_true,maskable_dqn__mask_true,5.039214,0.005859
decision_latency_mean_ms,maskable_a2c__mask_true,maskable_dqn__mask_true,5.046386,0.005859
decision_latency_mean_ms,maskable_a2c__mask_true,maskable_dqn__mask_true,5.053559,0.005859
decision_latency_mean_ms,maskable_a2c__mask_true,maskable_dqn__mask_true,5.060731,0.005859
decision_latency_mean_ms,maskable_a2c__mask_true,maskable_dqn__mask_true,5.067904,0.005859
decision_latency_mean_ms,maskable_a2c__mask_true,maskable_dqn__mask_true,5.075076,0.005859
decision_latency_mean_ms,maskable_a2c__mask_true,maskable_dqn__mask_true,5.082248,0.005859
decision_latency_mean_ms,maskable_a2c__mask_true,maskable_dqn__mask_true,5.089421,0.005859
decision_latency_mean_ms,maskable_a2c__mask_true,maskable_dqn__mask_true,5.096593,0.005859
decision_latency_mean_ms,maskable_a2c__mask_true,maskable_dqn__mask_true,5.103766,0.005859
decision_latency_mean_ms,maskable_a2c__mask_true,maskable_dqn__mask_true,5.110938,0.005859
decision_latency_mean_ms,maskable_a2c__mask_true,maskable_dqn__mask_true,5.118111,0.005859
decision_latency_mean_ms,maskable_a2c__mask_true,maskable_dqn__mask_true,5.125283,0.005859
decision_latency_mean_ms,maskable_a2c__mask_true,maskable_dqn__mask_true,5.132456,0.005859
decision_latency_mean_ms,maskable_a2c__mask_true,maskable_dqn__mask_true,5.139628,0.005859
decision_latency_mean_ms,maskable_a2c__mask_true,maskable_dqn__mask_true,5.146801,0.005859
decision_latency_mean_ms,maskable_a2c__mask_true,maskable_dqn__mask_true,5.153973,0.003906
decision_latency_mean_ms,maskable_a2c__mask_true,maskable_dqn__mask_true,5.161145,0.003906
decision_latency_mean_ms,maskable_a2c__mask_true,maskable_dqn__mask_true,5.168318,0.003906
decision_latency_mean_ms,maskable_a2c__mask_true,maskable_dqn__mask_true,5.175490,0.003906
decision_latency_mean_ms,maskable_a2c__mask_true,maskable_dqn__mask_true,5.182663,0.003906
decision_latency_mean_ms,maskable_a2c__mask_true,maskable_dqn__mask_true,5.189835,0.003906
decision_latency_mean_ms,maskable_a2c__mask_true,maskable_dqn__mask_true,5.197008,0.003906
decision_latency_mean_ms,maskable_a2c__mask_true,maskable_dqn__mask_true,5.204180,0.003906
decision_latency_mean_ms,maskable_a2c__mask_true,maskable_dqn__mask_true,5.211353,0.003906
decision_latency_mean_ms,maskable_a2c__mask_true,maskable_dqn__mask_true,5.218525,0.003906
decision_latency_mean_ms,maskable_a2c__mask_true,maskable_dqn__mask_true,5.225698,0.003906
decision_latency_mean_ms,maskable_a2c__mask_true,maskable_dqn__mask_true,5.232870,0.003906
decision_latency_mean_ms,maskable_a2c__mask_true,maskable_dqn__mask_true,5.240043,0.003906
decision_latency_mean_ms,maskable_a2c__mask_true,maskable_dqn__mask_true,5.247215,0.003906
decision_latency_mean_ms,maskable_a2c__mask_true,maskable_dqn__mask_true,5.254387,0.003906
decision_latency_mean_ms,maskable_a2c__mask_true,maskable_dqn__mask_true,5.261560,0.003906
decision_latency_mean_ms,maskable_a2c__mask_true,maskable_dqn__mask_true,5.268732,0.003906
decision_latency_mean_ms,maskable_a2c__mask_true,maskable_dqn__mask_true,5.275905,0.003906
decision_latency_mean_ms,maskable_a2c__mask_true,maskable_dqn__mask_true,5.283077,0.003906
decision_latency_mean_ms,maskable_a2c__mask_true,maskable_dqn__mask_true,5.290250,0.003906
decision_latency_mean_ms,maskable_a2c__mask_true,maskable_dqn__mask_true,5.297422,0.003906
decision_latency_mean_ms,maskable_a2c__mask_true,maskable_dqn__mask_true,5.304595,0.003906
decision_latency_mean_ms,maskable_a2c__mask_true,maskable_dqn__mask_true,5.311767,0.003906
decision_latency_mean_ms,maskable_a2c__mask_true,maskable_dqn__mask_true,5.318940,0.003906
decision_latency_mean_ms,maskable_a2c__mask_true,maskable_dqn__mask_true,5.326112,0.003906
decision_latency_mean_ms,maskable_a2c__mask_true,maskable_dqn__mask_true,5.333284,0.003906
decision_latency_mean_ms,maskable_a2c__mask_true,maskable_dqn__mask_true,5.340457,0.003906
decision_latency_mean_ms,maskable_a2c__mask_true,maskable_dqn__mask_true,5.347629,0.003906
decision_latency_mean_ms,maskable_a2c__mask_true,maskable_dqn__mask_true,5.354802,0.003906
decision_latency_mean_ms,maskable_a2c__mask_true,maskable_dqn__mask_true,5.361974,0.003906
decision_latency_mean_ms,maskable_a2c__mask_true,maskable_dqn__mask_true,5.369147,0.003906
decision_latency_mean_ms,maskable_a2c__mask_true,maskable_dqn__mask_true,5.376319,0.003906
decision_latency_mean_ms,maskable_a2c__mask_true,maskable_dqn__mask_true,5.383492,0.003906
decision_latency_mean_ms,maskable_a2c__mask_true,maskable_dqn__mask_true,5.390664,0.003906
decision_latency_mean_ms,maskable_a2c__mask_true,maskable_dqn__mask_true,5.397837,0.003906
decision_latency_mean_ms,maskable_a2c__mask_true,maskable_dqn__mask_true,5.405009,0.003906
decision_latency_mean_ms,maskable_a2c__mask_true,maskable_dqn__mask_true,5.412181,0.003906
decision_latency_mean_ms,maskable_a2c__mask_true,maskable_dqn__mask_true,5.419354,0.003906
decision_latency_mean_ms,maskable_a2c__mask_true,maskable_dqn__mask_true,5.426526,0.003906
decision_latency_mean_ms,maskable_a2c__mask_true,maskable_dqn__mask_true,5.433699,0.003906
decision_latency_mean_ms,maskable_a2c__mask_true,maskable_dqn__mask_true,5.440871,0.003906
decision_latency_mean_ms,maskable_a2c__mask_true,maskable_dqn__mask_true,5.448044,0.003906
decision_latency_mean_ms,maskable_a2c__mask_true,maskable_dqn__mask_true,5.455216,0.003906
decision_latency_mean_ms,maskable_a2c__mask_true,maskable_dqn__mask_true,5.462389,0.003906
decision_latency_mean_ms,maskable_a2c__mask_true,maskable_dqn__mask_true,5.469561,0.003906
decision_latency_mean_ms,maskable_a2c__mask_true,maskable_dqn__mask_true,5.476734,0.003906
decision_latency_mean_ms,maskable_a2c__mask_true,maskable_dqn__mask_true,5.483906,0.003906
decision_latency_mean_ms,maskable_a2c__mask_true,maskable_dqn__mask_true,5.491078,0.003906
decision_latency_mean_ms,maskable_a2c__mask_true,maskable_dqn__mask_true,5.498251,0.003906
decision_latency_mean_ms,maskable_a2c__mask_true,maskable_dqn__mask_true,5.505423,0.003906
decision_latency_mean_ms,maskable_a2c__mask_true,maskable_dqn__mask_true,5.512596,0.003906
decision_latency_mean_ms,maskable_a2c__mask_true,maskable_dqn__mask_true,5.519768,0.003906
decision_latency_mean_ms,maskable_a2c__mask_true,maskable_dqn__mask_true,5.526941,0.003906
decision_latency_mean_ms,maskable_dqn__mask_true,maskable_ppo__mask_true,-4.594093,0.003906
decision_latency_mean_ms,maskable_dqn__mask_true,maskable_ppo__mask_true,-4.591593,0.003906
decision_latency_mean_ms,maskable_dqn__mask_true,maskable_ppo__mask_true,-4.589093,0.003906
decision_latency_mean_ms,maskable_dqn__mask_true,maskable_ppo__mask_true,-4.586593,0.003906
decision_latency_mean_ms,maskable_dqn__mask_true,maskable_ppo__mask_true,-4.584093,0.003906
decision_latency_mean_ms,maskable_dqn__mask_true,maskable_ppo__mask_true,-4.581594,0.003906
decision_latency_mean_ms,maskable_dqn__mask_true,maskable_ppo__mask_true,-4.579094,0.003906
decision_latency_mean_ms,maskable_dqn__mask_true,maskable_ppo__mask_true,-4.576594,0.003906
decision_latency_mean_ms,maskable_dqn__mask_true,maskable_ppo__mask_true,-4.574094,0.003906
decision_latency_mean_ms,maskable_dqn__mask_true,maskable_ppo__mask_true,-4.571594,0.003906
decision_latency_mean_ms,maskable_dqn__mask_true,maskable_ppo__mask_true,-4.569094,0.003906
decision_latency_mean_ms,maskable_dqn__mask_true,maskable_ppo__mask_true,-4.566594,0.003906
decision_latency_mean_ms,maskable_dqn__mask_true,maskable_ppo__mask_true,-4.564095,0.005859
decision_latency_mean_ms,maskable_dqn__mask_true,maskable_ppo__mask_true,-4.561595,0.009766
decision_latency_mean_ms,maskable_dqn__mask_true,maskable_ppo__mask_true,-4.559095,0.009766
decision_latency_mean_ms,maskable_dqn__mask_true,maskable_ppo__mask_true,-4.556595,0.009766
decision_latency_mean_ms,maskable_dqn__mask_true,maskable_ppo__mask_true,-4.554095,0.009766
decision_latency_mean_ms,maskable_dqn__mask_true,maskable_ppo__mask_true,-4.551595,0.009766
decision_latency_mean_ms,maskable_dqn__mask_true,maskable_ppo__mask_true,-4.549096,0.009766
decision_latency_mean_ms,maskable_dqn__mask_true,maskable_ppo__mask_true,-4.546596,0.009766
decision_latency_mean_ms,maskable_dqn__mask_true,maskable_ppo__mask_true,-4.544096,0.009766
decision_latency_mean_ms,maskable_dqn__mask_true,maskable_ppo__mask_true,-4.541596,0.009766
decision_latency_mean_ms,maskable_dqn__mask_true,maskable_ppo__mask_true,-4.539096,0.009766
decision_latency_mean_ms,maskable_dqn__mask_true,maskable_ppo__mask_true,-4.536596,0.013672
decision_latency_mean_ms,maskable_dqn__mask_true,maskable_ppo__mask_true,-4.534096,0.013672
decision_latency_mean_ms,maskable_dqn__mask_true,maskable_ppo__mask_true,-4.531597,0.013672
decision_latency_mean_ms,maskable_dqn__mask_true,maskable_ppo__mask_true,-4.529097,0.027344
decision_latency_mean_ms,maskable_dqn__mask_true,maskable_ppo__mask_true,-4.526597,0.037109
decision_latency_mean_ms,maskable_dqn__mask_true,maskable_ppo__mask_true,-4.524097,0.037109
decision_latency_mean_ms,maskable_dqn__mask_true,maskable_ppo__mask_true,-4.521597,0.037109
decision_latency_mean_ms,maskable_dqn__mask_true,maskable_ppo__mask_true,-4.519097,0.037109
decision_latency_mean_ms,maskable_dqn__mask_true,maskable_ppo__mask_true,-4.516598,0.037109
decision_latency_mean_ms,maskable_dqn__mask_true,maskable_ppo__mask_true,-4.514098,0.037109
decision_latency_mean_ms,maskable_dqn__mask_true,maskable_ppo__mask_true,-4.511598,0.037109
decision_latency_mean_ms,maskable_dqn__mask_true,maskable_ppo__mask_true,-4.509098,0.037109
decision_latency_mean_ms,maskable_dqn__mask_true,maskable_ppo__mask_true,-4.506598,0.037109
decision_latency_mean_ms,maskable_dqn__mask_true,maskable_ppo__mask_true,-4.504098,0.037109
decision_latency_mean_ms,maskable_dqn__mask_true,maskable_ppo__mask_true,-4.501599,0.048828
decision_latency_mean_ms,maskable_dqn__mask_true,maskable_ppo__mask_true,-4.499099,0.064453
decision_latency_mean_ms,maskable_dqn__mask_true,maskable_ppo__mask_true,-4.496599,0.064453
decision_latency_mean_ms,maskable_dqn__mask_true,maskable_ppo__mask_true,-4.494099,0.064453
decision_latency_mean_ms,maskable_dqn__mask_true,maskable_ppo__mask_true,-4.491599,0.064453
decision_latency_mean_ms,maskable_dqn__mask_true,maskable_ppo__mask_true,-4.489099,0.064453
decision_latency_mean_ms,maskable_dqn__mask_true,maskable_ppo__mask_true,-4.486599,0.064453
decision_latency_mean_ms,maskable_dqn__mask_true,maskable_ppo__mask_true,-4.484100,0.064453
decision_latency_mean_ms,maskable_dqn__mask_true,maskable_ppo__mask_true,-4.481600,0.064453
decision_latency_mean_ms,maskable_dqn__mask_true,maskable_ppo__mask_true,-4.479100,0.064453
decision_latency_mean_ms,maskable_dqn__mask_true,maskable_ppo__mask_true,-4.476600,0.064453
decision_latency_mean_ms,maskable_dqn__mask_true,maskable_ppo__mask_true,-4.474100,0.064453
decision_latency_mean_ms,maskable_dqn__mask_true,maskable_ppo__mask_true,-4.471600,0.083984
decision_latency_mean_ms,maskable_dqn__mask_true,maskable_ppo__mask_true,-4.469101,0.083984
decision_latency_mean_ms,maskable_dqn__mask_true,maskable_ppo__mask_true,-4.466601,0.083984
decision_latency_mean_ms,maskable_dqn__mask_true,maskable_ppo__mask_true,-4.464101,0.083984
decision_latency_mean_ms,maskable_dqn__mask_true,maskable_ppo__mask_true,-4.461601,0.083984
decision_latency_mean_ms,maskable_dqn__mask_true,maskable_ppo__mask_true,-4.459101,0.083984
decision_latency_mean_ms,maskable_dqn__mask_true,maskable_ppo__mask_true,-4.456601,0.083984
decision_latency_mean_ms,maskable_dqn__mask_true,maskable_ppo__mask_true,-4.454101,0.083984
decision_latency_mean_ms,maskable_dqn__mask_true,maskable_ppo__mask_true,-4.451602,0.083984
decision_latency_mean_ms,maskable_dqn__mask_true,maskable_ppo__mask_true,-4.449102,0.083984
decision_latency_mean_ms,maskable_dqn__mask_true,maskable_ppo__mask_true,-4.446602,0.083984
decision_latency_mean_ms,maskable_dqn__mask_true,maskable_ppo__mask_true,-4.444102,0.083984
decision_latency_mean_ms,maskable_dqn__mask_true,maskable_ppo__mask_true,-4.441602,0.083984
decision_latency_mean_ms,maskable_dqn__mask_true,maskable_ppo__mask_true,-4.439102,0.083984
decision_latency_mean_ms,maskable_dqn__mask_true,maskable_ppo__mask_true,-4.436603,0.083984
decision_latency_mean_ms,maskable_dqn__mask_true,maskable_ppo__mask_true,-4.434103,0.083984
decision_latency_mean_ms,maskable_dqn__mask_true,maskable_ppo__mask_true,-4.431603,0.083984
decision_latency_mean_ms,maskable_dqn__mask_true,maskable_ppo__mask_true,-4.429103,0.083984
decision_latency_mean_ms,maskable_dqn__mask_true,maskable_ppo__mask_true,-4.426603,0.083984
decision_latency_mean_ms,maskable_dqn__mask_true,maskable_ppo__mask_true,-4.424103,0.083984
decision_latency_mean_ms,maskable_dqn__mask_true,maskable_ppo__mask_true,-4.421603,0.083984
decision_latency_mean_ms,maskable_dqn__mask_true,maskable_ppo__mask_true,-4.419104,0.083984
decision_latency_mean_ms,maskable_dqn__mask_true,maskable_ppo__mask_true,-4.416604,0.083984
decision_latency_mean_ms,maskable_dqn__mask_true,maskable_ppo__mask_true,-4.414104,0.083984
decision_latency_mean_ms,maskable_dqn__mask_true,maskable_ppo__mask_true,-4.411604,0.083984
decision_latency_mean_ms,maskable_dqn__mask_true,maskable_ppo__mask_true,-4.409104,0.083984
decision_latency_mean_ms,maskable_dqn__mask_true,maskable_ppo__mask_true,-4.406604,0.083984
decision_latency_mean_ms,maskable_dqn__mask_true,maskable_ppo__mask_true,-4.404105,0.083984
decision_latency_mean_ms,maskable_dqn__mask_true,maskable_ppo__mask_true,-4.401605,0.083984
decision_latency_mean_ms,maskable_dqn__mask_true,maskable_ppo__mask_true,-4.399105,0.083984
decision_latency_mean_ms,maskable_dqn__mask_true,maskable_ppo__mask_true,-4.396605,0.083984
decision_latency_mean_ms,maskable_dqn__mask_true,maskable_ppo__mask_true,-4.394105,0.083984
decision_latency_mean_ms,maskable_dqn__mask_true,maskable_ppo__mask_true,-4.391605,0.105469
decision_latency_mean_ms,maskable_dqn__mask_true,maskable_ppo__mask_true,-4.389105,0.130859
decision_latency_mean_ms,maskable_dqn__mask_true,maskable_ppo__mask_true,-4.386606,0.130859
decision_latency_mean_ms,maskable_dqn__mask_true,maskable_ppo__mask_true,-4.384106,0.130859
decision_latency_mean_ms,maskable_dqn__mask_true,maskable_ppo__mask_true,-4.381606,0.130859
decision_latency_mean_ms,maskable_dqn__mask_true,maskable_ppo__mask_true,-4.379106,0.130859
decision_latency_mean_ms,maskable_dqn__mask_true,maskable_ppo__mask_true,-4.376606,0.160156
decision_latency_mean_ms,maskable_dqn__mask_true,maskable_ppo__mask_true,-4.374106,0.160156
decision_latency_mean_ms,maskable_dqn__mask_true,maskable_ppo__mask_true,-4.371607,0.160156
decision_latency_mean_ms,maskable_dqn__mask_true,maskable_ppo__mask_true,-4.369107,0.160156
decision_latency_mean_ms,maskable_dqn__mask_true,maskable_ppo__mask_true,-4.366607,0.160156
decision_latency_mean_ms,maskable_dqn__mask_true,maskable_ppo__mask_true,-4.364107,0.160156
decision_latency_mean_ms,maskable_dqn__mask_true,maskable_ppo__mask_true,-4.361607,0.160156
decision_latency_mean_ms,maskable_dqn__mask_true,maskable_ppo__mask_true,-4.359107,0.193359
decision_latency_mean_ms,maskable_dqn__mask_true,maskable_ppo__mask_true,-4.356607,0.275391
decision_latency_mean_ms,maskable_dqn__mask_true,maskable_ppo__mask_true,-4.354108,0.322266
decision_latency_mean_ms,maskable_dqn__mask_true,maskable_ppo__mask_true,-4.351608,0.375000
decision_latency_mean_ms,maskable_dqn__mask_true,maskable_ppo__mask_true,-4.349108,0.431641
decision_latency_mean_ms,maskable_dqn__mask_true,maskable_ppo__mask_true,-4.346608,0.492188
decision_latency_mean_ms,maskable_dqn__mask_true,maskable_ppo__mask_true,-4.344108,0.492188
decision_latency_mean_ms,maskable_dqn__mask_true,maskable_ppo__mask_true,-4.341608,0.625000
decision_latency_mean_ms,maskable_dqn__mask_true,maskable_ppo__mask_true,-4.339109,0.625000
decision_latency_mean_ms,maskable_dqn__mask_true,maskable_ppo__mask_true,-4.336609,0.625000
decision_latency_mean_ms,maskable_dqn__mask_true,maskable_ppo__mask_true,-4.334109,0.625000
decision_latency_mean_ms,maskable_dqn__mask_true,maskable_ppo__mask_true,-4.331609,0.625000
decision_latency_mean_ms,maskable_dqn__mask_true,maskable_ppo__mask_true,-4.329109,0.695312
decision_latency_mean_ms,maskable_dqn__mask_true,maskable_ppo__mask_true,-4.326609,0.769531
decision_latency_mean_ms,maskable_dqn__mask_true,maskable_ppo__mask_true,-4.324109,0.845703
decision_latency_mean_ms,maskable_dqn__mask_true,maskable_ppo__mask_true,-4.321610,0.921875
decision_latency_mean_ms,maskable_dqn__mask_true,maskable_ppo__mask_true,-4.319110,0.921875
decision_latency_mean_ms,maskable_dqn__mask_true,maskable_ppo__mask_true,-4.316610,0.921875
decision_latency_mean_ms,maskable_dqn__mask_true,maskable_ppo__mask_true,-4.314110,1.000000
decision_latency_mean_ms,maskable_dqn__mask_true,maskable_ppo__mask_true,-4.311610,0.769531
decision_latency_mean_ms,maskable_dqn__mask_true,maskable_ppo__mask_true,-4.309110,0.769531
decision_latency_mean_ms,maskable_dqn__mask_true,maskable_ppo__mask_true,-4.306611,0.769531
decision_latency_mean_ms,maskable_dqn__mask_true,maskable_ppo__mask_true,-4.304111,0.769531
decision_latency_mean_ms,maskable_dqn__mask_true,maskable_ppo__mask_true,-4.301611,0.769531
decision_latency_mean_ms,maskable_dqn__mask_true,maskable_ppo__mask_true,-4.299111,0.769531
decision_latency_mean_ms,maskable_dqn__mask_true,maskable_ppo__mask_true,-4.296611,0.769531
decision_latency_mean_ms,maskable_dqn__mask_true,maskable_ppo__mask_true,-4.294111,0.695312
decision_latency_mean_ms,maskable_dqn__mask_true,maskable_ppo__mask_true,-4.291611,0.695312
decision_latency_mean_ms,maskable_dqn__mask_true,maskable_ppo__mask_true,-4.289112,0.695312
decision_latency_mean_ms,maskable_dqn__mask_true,maskable_ppo__mask_true,-4.286612,0.625000
decision_latency_mean_ms,maskable_dqn__mask_true,maskable_ppo__mask_true,-4.284112,0.556641
decision_latency_mean_ms,maskable_dqn__mask_true,maskable_ppo__mask_true,-4.281612,0.556641
decision_latency_mean_ms,maskable_dqn__mask_true,maskable_ppo__mask_true,-4.279112,0.556641
decision_latency_mean_ms,maskable_dqn__mask_true,maskable_ppo__mask_true,-4.276612,0.556641
decision_latency_mean_ms,maskable_dqn__mask_true,maskable_ppo__mask_true,-4.274113,0.556641
decision_latency_mean_ms,maskable_dqn__mask_true,maskable_ppo__mask_true,-4.271613,0.556641
decision_latency_mean_ms,maskable_dqn__mask_true,maskable_ppo__mask_true,-4.269113,0.556641
decision_latency_mean_ms,maskable_dqn__mask_true,maskable_ppo__mask_true,-4.266613,0.556641
decision_latency_mean_ms,maskable_dqn__mask_true,maskable_ppo__mask_true,-4.264113,0.556641
decision_latency_mean_ms,maskable_dqn__mask_true,maskable_ppo__mask_true,-4.261613,0.556641
decision_latency_mean_ms,maskable_dqn__mask_true,maskable_ppo__mask_true,-4.259113,0.556641
decision_latency_mean_ms,maskable_dqn__mask_true,maskable_ppo__mask_true,-4.256614,0.556641
decision_latency_mean_ms,maskable_dqn__mask_true,maskable_ppo__mask_true,-4.254114,0.556641
decision_latency_mean_ms,maskable_dqn__mask_true,maskable_ppo__mask_true,-4.251614,0.556641
decision_latency_mean_ms,maskable_dqn__mask_true,maskable_ppo__mask_true,-4.249114,0.556641
decision_latency_mean_ms,maskable_dqn__mask_true,maskable_ppo__mask_true,-4.246614,0.556641
decision_latency_mean_ms,maskable_dqn__mask_true,maskable_ppo__mask_true,-4.244114,0.556641
decision_latency_mean_ms,maskable_dqn__mask_true,maskable_ppo__mask_true,-4.241615,0.556641
decision_latency_mean_ms,maskable_dqn__mask_true,maskable_ppo__mask_true,-4.239115,0.556641
decision_latency_mean_ms,maskable_dqn__mask_true,maskable_ppo__mask_true,-4.236615,0.556641
decision_latency_mean_ms,maskable_dqn__mask_true,maskable_ppo__mask_true,-4.234115,0.556641
decision_latency_mean_ms,maskable_dqn__mask_true,maskable_ppo__mask_true,-4.231615,0.556641
decision_latency_mean_ms,maskable_dqn__mask_true,maskable_ppo__mask_true,-4.229115,0.556641
decision_latency_mean_ms,maskable_dqn__mask_true,maskable_ppo__mask_true,-4.226615,0.556641
decision_latency_mean_ms,maskable_dqn__mask_true,maskable_ppo__mask_true,-4.224116,0.556641
decision_latency_mean_ms,maskable_dqn__mask_true,maskable_ppo__mask_true,-4.221616,0.556641
decision_latency_mean_ms,maskable_dqn__mask_true,maskable_ppo__mask_true,-4.219116,0.556641
decision_latency_mean_ms,maskable_dqn__mask_true,maskable_ppo__mask_true,-4.216616,0.556641
decision_latency_mean_ms,maskable_dqn__mask_true,maskable_ppo__mask_true,-4.214116,0.556641
decision_latency_mean_ms,maskable_dqn__mask_true,maskable_ppo__mask_true,-4.211616,0.556641
decision_latency_mean_ms,maskable_dqn__mask_true,maskable_ppo__mask_true,-4.209117,0.556641
decision_latency_mean_ms,maskable_dqn__mask_true,maskable_ppo__mask_true,-4.206617,0.556641
decision_latency_mean_ms,maskable_dqn__mask_true,maskable_ppo__mask_true,-4.204117,0.556641
decision_latency_mean_ms,maskable_dqn__mask_true,maskable_ppo__mask_true,-4.201617,0.556641
decision_latency_mean_ms,maskable_dqn__mask_true,maskable_ppo__mask_true,-4.199117,0.556641
decision_latency_mean_ms,maskable_dqn__mask_true,maskable_ppo__mask_true,-4.196617,0.556641
decision_latency_mean_ms,maskable_dqn__mask_true,maskable_ppo__mask_true,-4.194117,0.556641
decision_latency_mean_ms,maskable_dqn__mask_true,maskable_ppo__mask_true,-4.191618,0.556641
decision_latency_mean_ms,maskable_dqn__mask_true,maskable_ppo__mask_true,-4.189118,0.556641
decision_latency_mean_ms,maskable_dqn__mask_true,maskable_ppo__mask_true,-4.186618,0.556641
decision_latency_mean_ms,maskable_dqn__mask_true,maskable_ppo__mask_true,-4.184118,0.492188
decision_latency_mean_ms,maskable_dqn__mask_true,maskable_ppo__mask_true,-4.181618,0.431641
decision_latency_mean_ms,maskable_dqn__mask_true,maskable_ppo__mask_true,-4.179118,0.375000
decision_latency_mean_ms,maskable_dqn__mask_true,maskable_ppo__mask_true,-4.176619,0.375000
decision_latency_mean_ms,maskable_dqn__mask_true,maskable_ppo__mask_true,-4.174119,0.375000
decision_latency_mean_ms,maskable_dqn__mask_true,maskable_ppo__mask_true,-4.171619,0.375000
decision_latency_mean_ms,maskable_dqn__mask_true,maskable_ppo__mask_true,-4.169119,0.322266
decision_latency_mean_ms,maskable_dqn__mask_true,maskable_ppo__mask_true,-4.166619,0.275391
decision_latency_mean_ms,maskable_dqn__mask_true,maskable_ppo__mask_true,-4.164119,0.275391
decision_latency_mean_ms,maskable_dqn__mask_true,maskable_ppo__mask_true,-4.161620,0.275391
decision_latency_mean_ms,maskable_dqn__mask_true,maskable_ppo__mask_true,-4.159120,0.275391
decision_latency_mean_ms,maskable_dqn__mask_true,maskable_ppo__mask_true,-4.156620,0.275391
decision_latency_mean_ms,maskable_dqn__mask_true,maskable_ppo__mask_true,-4.154120,0.232422
decision_latency_mean_ms,maskable_dqn__mask_true,maskable_ppo__mask_true,-4.151620,0.193359
decision_latency_mean_ms,maskable_dqn__mask_true,maskable_ppo__mask_true,-4.149120,0.160156
decision_latency_mean_ms,maskable_dqn__mask_true,maskable_ppo__mask_true,-4.146620,0.160156
decision_latency_mean_ms,maskable_dqn__mask_true,maskable_ppo__mask_true,-4.144121,0.160156
decision_latency_mean_ms,maskable_dqn__mask_true,maskable_ppo__mask_true,-4.141621,0.130859
decision_latency_mean_ms,maskable_dqn__mask_true,maskable_ppo__mask_true,-4.139121,0.083984
decision_latency_mean_ms,maskable_dqn__mask_true,maskable_ppo__mask_true,-4.136621,0.048828
decision_latency_mean_ms,maskable_dqn__mask_true,maskable_ppo__mask_true,-4.134121,0.048828
decision_latency_mean_ms,maskable_dqn__mask_true,maskable_ppo__mask_true,-4.131621,0.048828
decision_latency_mean_ms,maskable_dqn__mask_true,maskable_ppo__mask_true,-4.129122,0.048828
decision_latency_mean_ms,maskable_dqn__mask_true,maskable_ppo__mask_true,-4.126622,0.037109
decision_latency_mean_ms,maskable_dqn__mask_true,maskable_ppo__mask_true,-4.124122,0.027344
decision_latency_mean_ms,maskable_dqn__mask_true,maskable_ppo__mask_true,-4.121622,0.027344
decision_latency_mean_ms,maskable_dqn__mask_true,maskable_ppo__mask_true,-4.119122,0.027344
decision_latency_mean_ms,maskable_dqn__mask_true,maskable_ppo__mask_true,-4.116622,0.019531
decision_latency_mean_ms,maskable_dqn__mask_true,maskable_ppo__mask_true,-4.114122,0.019531
decision_latency_mean_ms,maskable_dqn__mask_true,maskable_ppo__mask_true,-4.111623,0.019531
decision_latency_mean_ms,maskable_dqn__mask_true,maskable_ppo__mask_true,-4.109123,0.013672
decision_latency_mean_ms,maskable_dqn__mask_true,maskable_ppo__mask_true,-4.106623,0.009766
decision_latency_mean_ms,maskable_dqn__mask_true,maskable_ppo__mask_true,-4.104123,0.009766
decision_latency_mean_ms,maskable_dqn__mask_true,maskable_ppo__mask_true,-4.101623,0.009766
decision_latency_mean_ms,maskable_dqn__mask_true,maskable_ppo__mask_true,-4.099123,0.005859
decision_latency_mean_ms,maskable_dqn__mask_true,maskable_ppo__mask_true,-4.096624,0.003906
eval_wall_s,a2c__mask_false,maskable_a2c__mask_true,420.246841,0.003906
eval_wall_s,a2c__mask_false,maskable_a2c__mask_true,445.794272,0.003906
eval_wall_s,a2c__mask_false,maskable_a2c__mask_true,471.341703,0.003906
eval_wall_s,a2c__mask_false,maskable_a2c__mask_true,496.889134,0.003906
eval_wall_s,a2c__mask_false,maskable_a2c__mask_true,522.436564,0.003906
eval_wall_s,a2c__mask_false,maskable_a2c__mask_true,547.983995,0.003906
eval_wall_s,a2c__mask_false,maskable_a2c__mask_true,573.531426,0.003906
eval_wall_s,a2c__mask_false,maskable_a2c__mask_true,599.078857,0.003906
eval_wall_s,a2c__mask_false,maskable_a2c__mask_true,624.626288,0.003906
eval_wall_s,a2c__mask_false,maskable_a2c__mask_true,650.173719,0.003906
eval_wall_s,a2c__mask_false,maskable_a2c__mask_true,675.721150,0.003906
eval_wall_s,a2c__mask_false,maskable_a2c__mask_true,701.268581,0.003906
eval_wall_s,a2c__mask_false,maskable_a2c__mask_true,726.816012,0.003906
eval_wall_s,a2c__mask_false,maskable_a2c__mask_true,752.363443,0.003906
eval_wall_s,a2c__mask_false,maskable_a2c__mask_true,777.910874,0.003906
eval_wall_s,a2c__mask_false,maskable_a2c__mask_true,803.458305,0.003906
eval_wall_s,a2c__mask_false,maskable_a2c__mask_true,829.005736,0.003906
eval_wall_s,a2c__mask_false,maskable_a2c__mask_true,854.553167,0.003906
eval_wall_s,a2c__mask_false,maskable_a2c__mask_true,880.100598,0.003906
eval_wall_s,a2c__mask_false,maskable_a2c__mask_true,905.648028,0.003906
eval_wall_s,a2c__mask_false,maskable_a2c__mask_true,931.195459,0.003906
eval_wall_s,a2c__mask_false,maskable_a2c__mask_true,956.742890,0.003906
eval_wall_s,a2c__mask_false,maskable_a2c__mask_true,982.290321,0.003906
eval_wall_s,a2c__mask_false,maskable_a2c__mask_true,1007.837752,0.003906
eval_wall_s,a2c__mask_false,maskable_a2c__mask_true,1033.385183,0.003906
eval_wall_s,a2c__mask_false,maskable_a2c__mask_true,1058.932614,0.003906
eval_wall_s,a2c__mask_false,maskable_a2c__mask_true,1084.480045,0.003906
eval_wall_s,a2c__mask_false,maskable_a2c__mask_true,1110.027476,0.003906
eval_wall_s,a2c__mask_false,maskable_a2c__mask_true,1135.574907,0.003906
eval_wall_s,a2c__mask_false,maskable_a2c__mask_true,1161.122338,0.003906
eval_wall_s,a2c__mask_false,maskable_a2c__mask_true,1186.669769,0.003906
eval_wall_s,a2c__mask_false,maskable_a2c__mask_true,1212.217200,0.003906
eval_wall_s,a2c__mask_false,maskable_a2c__mask_true,1237.764631,0.003906
eval_wall_s,a2c__mask_false,maskable_a2c__mask_true,1263.312061,0.003906
eval_wall_s,a2c__mask_false,maskable_a2c__mask_true,1288.859492,0.003906
eval_wall_s,a2c__mask_false,maskable_a2c__mask_true,1314.406923,0.003906
eval_wall_s,a2c__mask_false,maskable_a2c__mask_true,1339.954354,0.003906
eval_wall_s,a2c__mask_false,maskable_a2c__mask_true,1365.501785,0.003906
eval_wall_s,a2c__mask_false,maskable_a2c__mask_true,1391.049216,0.003906
eval_wall_s,a2c__mask_false,maskable_a2c__mask_true,1416.596647,0.003906
eval_wall_s,a2c__mask_false,maskable_a2c__mask_true,1442.144078,0.003906
eval_wall_s,a2c__mask_false,maskable_a2c__mask_true,1467.691509,0.003906
eval_wall_s,a2c__mask_false,maskable_a2c__mask_true,1493.238940,0.003906
eval_wall_s,a2c__mask_false,maskable_a2c__mask_true,1518.786371,0.005859
eval_wall_s,a2c__mask_false,maskable_a2c__mask_true,1544.333802,0.005859
eval_wall_s,a2c__mask_false,maskable_a2c__mask_true,1569.881233,0.005859
eval_wall_s,a2c__mask_false,maskable_a2c__mask_true,1595.428664,0.005859
eval_wall_s,a2c__mask_false,maskable_a2c__mask_true,1620.976095,0.005859
eval_wall_s,a2c__mask_false,maskable_a2c__mask_true,1646.523525,0.005859
eval_wall_s,a2c__mask_false,maskable_a2c__mask_true,1672.070956,0.005859
eval_wall_s,a2c__mask_false,maskable_a2c__mask_true,1697.618387,0.005859
eval_wall_s,a2c__mask_false,maskable_a2c__mask_true,1723.165818,0.005859
eval_wall_s,a2c__mask_false,maskable_a2c__mask_true,1748.713249,0.009766
eval_wall_s,a2c__mask_false,maskable_a2c__mask_true,1774.260680,0.009766
eval_wall_s,a2c__mask_false,maskable_a2c__mask_true,1799.808111,0.009766
eval_wall_s,a2c__mask_false,maskable_a2c__mask_true,1825.355542,0.009766
eval_wall_s,a2c__mask_false,maskable_a2c__mask_true,1850.902973,0.009766
eval_wall_s,a2c__mask_false,maskable_a2c__mask_true,1876.450404,0.009766
eval_wall_s,a2c__mask_false,maskable_a2c__mask_true,1901.997835,0.009766
eval_wall_s,a2c__mask_false,maskable_a2c__mask_true,1927.545266,0.009766
eval_wall_s,a2c__mask_false,maskable_a2c__mask_true,1953.092697,0.009766
eval_wall_s,a2c__mask_false,maskable_a2c__mask_true,1978.640128,0.009766
eval_wall_s,a2c__mask_false,maskable_a2c__mask_true,2004.187559,0.013672
eval_wall_s,a2c__mask_false,maskable_a2c__mask_true,2029.734989,0.013672
eval_wall_s,a2c__mask_false,maskable_a2c__mask_true,2055.282420,0.019531
eval_wall_s,a2c__mask_false,maskable_a2c__mask_true,2080.829851,0.019531
eval_wall_s,a2c__mask_false,maskable_a2c__mask_true,2106.377282,0.019531
eval_wall_s,a2c__mask_false,maskable_a2c__mask_true,2131.924713,0.019531
eval_wall_s,a2c__mask_false,maskable_a2c__mask_true,2157.472144,0.019531
eval_wall_s,a2c__mask_false,maskable_a2c__mask_true,2183.019575,0.019531
eval_wall_s,a2c__mask_false,maskable_a2c__mask_true,2208.567006,0.027344
eval_wall_s,a2c__mask_false,maskable_a2c__mask_true,2234.114437,0.027344
eval_wall_s,a2c__mask_false,maskable_a2c__mask_true,2259.661868,0.027344
eval_wall_s,a2c__mask_false,maskable_a2c__mask_true,2285.209299,0.027344
eval_wall_s,a2c__mask_false,maskable_a2c__mask_true,2310.756730,0.027344
eval_wall_s,a2c__mask_false,maskable_a2c__mask_true,2336.304161,0.027344
eval_wall_s,a2c__mask_false,maskable_a2c__mask_true,2361.851592,0.027344
eval_wall_s,a2c__mask_false,maskable_a2c__mask_true,2387.399022,0.027344
eval_wall_s,a2c__mask_false,maskable_a2c__mask_true,2412.946453,0.048828
eval_wall_s,a2c__mask_false,maskable_a2c__mask_true,2438.493884,0.048828
eval_wall_s,a2c__mask_false,maskable_a2c__mask_true,2464.041315,0.048828
eval_wall_s,a2c__mask_false,maskable_a2c__mask_true,2489.588746,0.048828
eval_wall_s,a2c__mask_false,maskable_a2c__mask_true,2515.136177,0.048828
eval_wall_s,a2c__mask_false,maskable_a2c__mask_true,2540.683608,0.048828
eval_wall_s,a2c__mask_false,maskable_a2c__mask_true,2566.231039,0.048828
eval_wall_s,a2c__mask_false,maskable_a2c__mask_true,2591.778470,0.048828
eval_wall_s,a2c__mask_false,maskable_a2c__mask_true,2617.325901,0.048828
eval_wall_s,a2c__mask_false,maskable_a2c__mask_true,2642.873332,0.048828
eval_wall_s,a2c__mask_false,maskable_a2c__mask_true,2668.420763,0.048828
eval_wall_s,a2c__mask_false,maskable_a2c__mask_true,2693.968194,0.064453
eval_wall_s,a2c__mask_false,maskable_a2c__mask_true,2719.515625,0.064453
eval_wall_s,a2c__mask_false,maskable_a2c__mask_true,2745.063056,0.064453
eval_wall_s,a2c__mask_false,maskable_a2c__mask_true,2770.610486,0.064453
eval_wall_s,a2c__mask_false,maskable_a2c__mask_true,2796.157917,0.064453
eval_wall_s,a2c__mask_false,maskable_a2c__mask_true,2821.705348,0.064453
eval_wall_s,a2c__mask_false,maskable_a2c__mask_true,2847.252779,0.083984
eval_wall_s,a2c__mask_false,maskable_a2c__mask_true,2872.800210,0.105469
eval_wall_s,a2c__mask_false,maskable_a2c__mask_true,2898.347641,0.105469
eval_wall_s,a2c__mask_false,maskable_a2c__mask_true,2923.895072,0.105469
eval_wall_s,a2c__mask_false,maskable_a2c__mask_true,2949.442503,0.105469
eval_wall_s,a2c__mask_false,maskable_a2c__mask_true,2974.989934,0.105469
eval_wall_s,a2c__mask_false,maskable_a2c__mask_true,3000.537365,0.105469
eval_wall_s,a2c__mask_false,maskable_a2c__mask_true,3026.084796,0.105469
eval_wall_s,a2c__mask_false,maskable_a2c__mask_true,3051.632227,0.130859
eval_wall_s,a2c__mask_false,maskable_a2c__mask_true,3077.179658,0.130859
eval_wall_s,a2c__mask_false,maskable_a2c__mask_true,3102.727089,0.130859
eval_wall_s,a2c__mask_false,maskable_a2c__mask_true,3128.274519,0.130859
eval_wall_s,a2c__mask_false,maskable_a2c__mask_true,3153.821950,0.130859
eval_wall_s,a2c__mask_false,maskable_a2c__mask_true,3179.369381,0.130859
eval_wall_s,a2c__mask_false,maskable_a2c__mask_true,3204.916812,0.130859
eval_wall_s,a2c__mask_false,maskable_a2c__mask_true,3230.464243,0.130859
eval_wall_s,a2c__mask_false,maskable_a2c__mask_true,3256.011674,0.130859
eval_wall_s,a2c__mask_false,maskable_a2c__mask_true,3281.559105,0.160156
eval_wall_s,a2c__mask_false,maskable_a2c__mask_true,3307.106536,0.160156
eval_wall_s,a2c__mask_false,maskable_a2c__mask_true,3332.653967,0.193359
eval_wall_s,a2c__mask_false,maskable_a2c__mask_true,3358.201398,0.193359
eval_wall_s,a2c__mask_false,maskable_a2c__mask_true,3383.748829,0.232422
eval_wall_s,a2c__mask_false,maskable_a2c__mask_true,3409.296260,0.232422
eval_wall_s,a2c__mask_false,maskable_a2c__mask_true,3434.843691,0.232422
eval_wall_s,a2c__mask_false,maskable_a2c__mask_true,3460.391122,0.232422
eval_wall_s,a2c__mask_false,maskable_a2c__mask_true,3485.938553,0.232422
eval_wall_s,a2c__mask_false,maskable_a2c__mask_true,3511.485983,0.232422
eval_wall_s,a2c__mask_false,maskable_a2c__mask_true,3537.033414,0.275391
eval_wall_s,a2c__mask_false,maskable_a2c__mask_true,3562.580845,0.322266
eval_wall_s,a2c__mask_false,maskable_a2c__mask_true,3588.128276,0.375000
eval_wall_s,a2c__mask_false,maskable_a2c__mask_true,3613.675707,0.375000
eval_wall_s,a2c__mask_false,maskable_a2c__mask_true,3639.223138,0.375000
eval_wall_s,a2c__mask_false,maskable_a2c__mask_true,3664.770569,0.375000
eval_wall_s,a2c__mask_false,maskable_a2c__mask_true,3690.318000,0.375000
eval_wall_s,a2c__mask_false,maskable_a2c__mask_true,3715.865431,0.375000
eval_wall_s,a2c__mask_false,maskable_a2c__mask_true,3741.412862,0.556641
eval_wall_s,a2c__mask_false,maskable_a2c__mask_true,3766.960293,0.556641
eval_wall_s,a2c__mask_false,maskable_a2c__mask_true,3792.507724,0.556641
eval_wall_s,a2c__mask_false,maskable_a2c__mask_true,3818.055155,0.556641
eval_wall_s,a2c__mask_false,maskable_a2c__mask_true,3843.602586,0.625000
eval_wall_s,a2c__mask_false,maskable_a2c__mask_true,3869.150017,0.695312
eval_wall_s,a2c__mask_false,maskable_a2c__mask_true,3894.697447,0.695312
eval_wall_s,a2c__mask_false,maskable_a2c__mask_true,3920.244878,0.769531
eval_wall_s,a2c__mask_false,maskable_a2c__mask_true,3945.792309,0.769531
eval_wall_s,a2c__mask_false,maskable_a2c__mask_true,3971.339740,0.921875
eval_wall_s,a2c__mask_false,maskable_a2c__mask_true,3996.887171,0.921875
eval_wall_s,a2c__mask_false,maskable_a2c__mask_true,4022.434602,1.000000
eval_wall_s,a2c__mask_false,maskable_a2c__mask_true,4047.982033,1.000000
eval_wall_s,a2c__mask_false,maskable_a2c__mask_true,4073.529464,0.921875
eval_wall_s,a2c__mask_false,maskable_a2c__mask_true,4099.076895,0.921875
eval_wall_s,a2c__mask_false,maskable_a2c__mask_true,4124.624326,0.921875
eval_wall_s,a2c__mask_false,maskable_a2c__mask_true,4150.171757,0.921875
eval_wall_s,a2c__mask_false,maskable_a2c__mask_true,4175.719188,0.921875
eval_wall_s,a2c__mask_false,maskable_a2c__mask_true,4201.266619,0.845703
eval_wall_s,a2c__mask_false,maskable_a2c__mask_true,4226.814050,0.695312
eval_wall_s,a2c__mask_false,maskable_a2c__mask_true,4252.361480,0.556641
eval_wall_s,a2c__mask_false,maskable_a2c__mask_true,4277.908911,0.431641
eval_wall_s,a2c__mask_false,maskable_a2c__mask_true,4303.456342,0.431641
eval_wall_s,a2c__mask_false,maskable_a2c__mask_true,4329.003773,0.431641
eval_wall_s,a2c__mask_false,maskable_a2c__mask_true,4354.551204,0.431641
eval_wall_s,a2c__mask_false,maskable_a2c__mask_true,4380.098635,0.431641
eval_wall_s,a2c__mask_false,maskable_a2c__mask_true,4405.646066,0.375000
eval_wall_s,a2c__mask_false,maskable_a2c__mask_true,4431.193497,0.275391
eval_wall_s,a2c__mask_false,maskable_a2c__mask_true,4456.740928,0.275391
eval_wall_s,a2c__mask_false,maskable_a2c__mask_true,4482.288359,0.275391
eval_wall_s,a2c__mask_false,maskable_a2c__mask_true,4507.835790,0.232422
eval_wall_s,a2c__mask_false,maskable_a2c__mask_true,4533.383221,0.232422
eval_wall_s,a2c__mask_false,maskable_a2c__mask_true,4558.930652,0.193359
eval_wall_s,a2c__mask_false,maskable_a2c__mask_true,4584.478083,0.193359
eval_wall_s,a2c__mask_false,maskable_a2c__mask_true,4610.025514,0.193359
eval_wall_s,a2c__mask_false,maskable_a2c__mask_true,4635.572944,0.193359
eval_wall_s,a2c__mask_false,maskable_a2c__mask_true,4661.120375,0.105469
eval_wall_s,a2c__mask_false,maskable_a2c__mask_true,4686.667806,0.083984
eval_wall_s,a2c__mask_false,maskable_a2c__mask_true,4712.215237,0.064453
eval_wall_s,a2c__mask_false,maskable_a2c__mask_true,4737.762668,0.048828
eval_wall_s,a2c__mask_false,maskable_a2c__mask_true,4763.310099,0.048828
eval_wall_s,a2c__mask_false,maskable_a2c__mask_true,4788.857530,0.048828
eval_wall_s,a2c__mask_false,maskable_a2c__mask_true,4814.404961,0.048828
eval_wall_s,a2c__mask_false,maskable_a2c__mask_true,4839.952392,0.048828
eval_wall_s,a2c__mask_false,maskable_a2c__mask_true,4865.499823,0.048828
eval_wall_s,a2c__mask_false,maskable_a2c__mask_true,4891.047254,0.037109
eval_wall_s,a2c__mask_false,maskable_a2c__mask_true,4916.594685,0.019531
eval_wall_s,a2c__mask_false,maskable_a2c__mask_true,4942.142116,0.019531
eval_wall_s,a2c__mask_false,maskable_a2c__mask_true,4967.689547,0.019531
eval_wall_s,a2c__mask_false,maskable_a2c__mask_true,4993.236977,0.019531
eval_wall_s,a2c__mask_false,maskable_a2c__mask_true,5018.784408,0.019531
eval_wall_s,a2c__mask_false,maskable_a2c__mask_true,5044.331839,0.019531
eval_wall_s,a2c__mask_false,maskable_a2c__mask_true,5069.879270,0.019531
eval_wall_s,a2c__mask_false,maskable_a2c__mask_true,5095.426701,0.009766
eval_wall_s,a2c__mask_false,maskable_a2c__mask_true,5120.974132,0.009766
eval_wall_s,a2c__mask_false,maskable_a2c__mask_true,5146.521563,0.009766
eval_wall_s,a2c__mask_false,maskable_a2c__mask_true,5172.068994,0.005859
eval_wall_s,a2c__mask_false,maskable_a2c__mask_true,5197.616425,0.005859
eval_wall_s,a2c__mask_false,maskable_a2c__mask_true,5223.163856,0.005859
eval_wall_s,a2c__mask_false,maskable_a2c__mask_true,5248.711287,0.005859
eval_wall_s,a2c__mask_false,maskable_a2c__mask_true,5274.258718,0.005859
eval_wall_s,a2c__mask_false,maskable_a2c__mask_true,5299.806149,0.005859
eval_wall_s,a2c__mask_false,maskable_a2c__mask_true,5325.353580,0.005859
eval_wall_s,a2c__mask_false,maskable_a2c__mask_true,5350.901011,0.005859
eval_wall_s,a2c__mask_false,maskable_a2c__mask_true,5376.448441,0.003906
eval_wall_s,a2c__mask_false,maskable_a2c__mask_true,5401.995872,0.003906
eval_wall_s,a2c__mask_false,maskable_a2c__mask_true,5427.543303,0.003906
eval_wall_s,a2c__mask_false,maskable_a2c__mask_true,5453.090734,0.003906
eval_wall_s,a2c__mask_false,maskable_a2c__mask_true,5478.638165,0.003906
eval_wall_s,a2c__mask_false,maskable_a2c__mask_true,5504.185596,0.003906
eval_wall_s,a2c__mask_false,maskable_dqn__mask_true,3095.158039,0.003906
eval_wall_s,a2c__mask_false,maskable_dqn__mask_true,3109.070994,0.003906
eval_wall_s,a2c__mask_false,maskable_dqn__mask_true,3122.983948,0.003906
eval_wall_s,a2c__mask_false,maskable_dqn__mask_true,3136.896903,0.003906
eval_wall_s,a2c__mask_false,maskable_dqn__mask_true,3150.809857,0.003906
eval_wall_s,a2c__mask_false,maskable_dqn__mask_true,3164.722812,0.003906
eval_wall_s,a2c__mask_false,maskable_dqn__mask_true,3178.635766,0.003906
eval_wall_s,a2c__mask_false,maskable_dqn__mask_true,3192.548721,0.003906
eval_wall_s,a2c__mask_false,maskable_dqn__mask_true,3206.461676,0.003906
eval_wall_s,a2c__mask_false,maskable_dqn__mask_true,3220.374630,0.003906
eval_wall_s,a2c__mask_false,maskable_dqn__mask_true,3234.287585,0.005859
eval_wall_s,a2c__mask_false,maskable_dqn__mask_true,3248.200539,0.005859
eval_wall_s,a2c__mask_false,maskable_dqn__mask_true,3262.113494,0.005859
eval_wall_s,a2c__mask_false,maskable_dqn__mask_true,3276.026448,0.005859
eval_wall_s,a2c__mask_false,maskable_dqn__mask_true,3289.939403,0.005859
eval_wall_s,a2c__mask_false,maskable_dqn__mask_true,3303.852357,0.005859
eval_wall_s,a2c__mask_false,maskable_dqn__mask_true,3317.765312,0.005859
eval_wall_s,a2c__mask_false,maskable_dqn__mask_true,3331.678267,0.005859
eval_wall_s,a2c__mask_false,maskable_dqn__mask_true,3345.591221,0.005859
eval_wall_s,a2c__mask_false,maskable_dqn__mask_true,3359.504176,0.005859
eval_wall_s,a2c__mask_false,maskable_dqn__mask_true,3373.417130,0.005859
eval_wall_s,a2c__mask_false,maskable_dqn__mask_true,3387.330085,0.005859
eval_wall_s,a2c__mask_false,maskable_dqn__mask_true,3401.243039,0.009766
eval_wall_s,a2c__mask_false,maskable_dqn__mask_true,3415.155994,0.009766
eval_wall_s,a2c__mask_false,maskable_dqn__mask_true,3429.068948,0.009766
eval_wall_s,a2c__mask_false,maskable_dqn__mask_true,3442.981903,0.009766
eval_wall_s,a2c__mask_false,maskable_dqn__mask_true,3456.894857,0.009766
eval_wall_s,a2c__mask_false,maskable_dqn__mask_true,3470.807812,0.009766
eval_wall_s,a2c__mask_false,maskable_dqn__mask_true,3484.720767,0.009766
eval_wall_s,a2c__mask_false,maskable_dqn__mask_true,3498.633721,0.009766
eval_wall_s,a2c__mask_false,maskable_dqn__mask_true,3512.546676,0.009766
eval_wall_s,a2c__mask_false,maskable_dqn__mask_true,3526.459630,0.009766
eval_wall_s,a2c__mask_false,maskable_dqn__mask_true,3540.372585,0.009766
eval_wall_s,a2c__mask_false,maskable_dqn__mask_true,3554.285539,0.009766
eval_wall_s,a2c__mask_false,maskable_dqn__mask_true,3568.198494,0.009766
eval_wall_s,a2c__mask_false,maskable_dqn__mask_true,3582.111448,0.009766
eval_wall_s,a2c__mask_false,maskable_dqn__mask_true,3596.024403,0.009766
eval_wall_s,a2c__mask_false,maskable_dqn__mask_true,3609.937358,0.009766
eval_wall_s,a2c__mask_false,maskable_dqn__mask_true,3623.850312,0.013672
eval_wall_s,a2c__mask_false,maskable_dqn__mask_true,3637.763267,0.019531
eval_wall_s,a2c__mask_false,maskable_dqn__mask_true,3651.676221,0.019531
eval_wall_s,a2c__mask_false,maskable_dqn__mask_true,3665.589176,0.019531
eval_wall_s,a2c__mask_false,maskable_dqn__mask_true,3679.502130,0.019531
eval_wall_s,a2c__mask_false,maskable_dqn__mask_true,3693.415085,0.019531
eval_wall_s,a2c__mask_false,maskable_dqn__mask_true,3707.328039,0.019531
eval_wall_s,a2c__mask_false,maskable_dqn__mask_true,3721.240994,0.019531
eval_wall_s,a2c__mask_false,maskable_dqn__mask_true,3735.153949,0.019531
eval_wall_s,a2c__mask_false,maskable_dqn__mask_true,3749.066903,0.019531
eval_wall_s,a2c__mask_false,maskable_dqn__mask_true,3762.979858,0.019531
eval_wall_s,a2c__mask_false,maskable_dqn__mask_true,3776.892812,0.019531
eval_wall_s,a2c__mask_false,maskable_dqn__mask_true,3790.805767,0.027344
eval_wall_s,a2c__mask_false,maskable_dqn__mask_true,3804.718721,0.037109
eval_wall_s,a2c__mask_false,maskable_dqn__mask_true,3818.631676,0.037109
eval_wall_s,a2c__mask_false,maskable_dqn__mask_true,3832.544630,0.037109
eval_wall_s,a2c__mask_false,maskable_dqn__mask_true,3846.457585,0.037109
eval_wall_s,a2c__mask_false,maskable_dqn__mask_true,3860.370540,0.037109
eval_wall_s,a2c__mask_false,maskable_dqn__mask_true,3874.283494,0.037109
eval_wall_s,a2c__mask_false,maskable_dqn__mask_true,3888.196449,0.037109
eval_wall_s,a2c__mask_false,maskable_dqn__mask_true,3902.109403,0.037109
eval_wall_s,a2c__mask_false,maskable_dqn__mask_true,3916.022358,0.037109
eval_wall_s,a2c__mask_false,maskable_dqn__mask_true,3929.935312,0.037109
eval_wall_s,a2c__mask_false,maskable_dqn__mask_true,3943.848267,0.037109
eval_wall_s,a2c__mask_false,maskable_dqn__mask_true,3957.761221,0.037109
eval_wall_s,a2c__mask_false,maskable_dqn__mask_true,3971.674176,0.037109
eval_wall_s,a2c__mask_false,maskable_dqn__mask_true,3985.587131,0.037109
eval_wall_s,a2c__mask_false,maskable_dqn__mask_true,3999.500085,0.037109
eval_wall_s,a2c__mask_false,maskable_dqn__mask_true,4013.413040,0.037109
eval_wall_s,a2c__mask_false,maskable_dqn__mask_true,4027.325994,0.037109
eval_wall_s,a2c__mask_false,maskable_dqn__mask_true,4041.238949,0.037109
eval_wall_s,a2c__mask_false,maskable_dqn__mask_true,4055.151903,0.048828
eval_wall_s,a2c__mask_false,maskable_dqn__mask_true,4069.064858,0.048828
eval_wall_s,a2c__mask_false,maskable_dqn__mask_true,4082.977812,0.064453
eval_wall_s,a2c__mask_false,maskable_dqn__mask_true,4096.890767,0.064453
eval_wall_s,a2c__mask_false,maskable_dqn__mask_true,4110.803722,0.064453
eval_wall_s,a2c__mask_false,maskable_dqn__mask_true,4124.716676,0.083984
eval_wall_s,a2c__mask_false,maskable_dqn__mask_true,4138.629631,0.083984
eval_wall_s,a2c__mask_false,maskable_dqn__mask_true,4152.542585,0.083984
eval_wall_s,a2c__mask_false,maskable_dqn__mask_true,4166.455540,0.130859
eval_wall_s,a2c__mask_false,maskable_dqn__mask_true,4180.368494,0.160156
eval_wall_s,a2c__mask_false,maskable_dqn__mask_true,4194.281449,0.193359
eval_wall_s,a2c__mask_false,maskable_dqn__mask_true,4208.194403,0.193359
eval_wall_s,a2c__mask_false,maskable_dqn__mask_true,4222.107358,0.232422
eval_wall_s,a2c__mask_false,maskable_dqn__mask_true,4236.020313,0.232422
eval_wall_s,a2c__mask_false,maskable_dqn__mask_true,4249.933267,0.322266
eval_wall_s,a2c__mask_false,maskable_dqn__mask_true,4263.846222,0.322266
eval_wall_s,a2c__mask_false,maskable_dqn__mask_true,4277.759176,0.322266
eval_wall_s,a2c__mask_false,maskable_dqn__mask_true,4291.672131,0.375000
eval_wall_s,a2c__mask_false,maskable_dqn__mask_true,4305.585085,0.375000
eval_wall_s,a2c__mask_false,maskable_dqn__mask_true,4319.498040,0.375000
eval_wall_s,a2c__mask_false,maskable_dqn__mask_true,4333.410994,0.431641
eval_wall_s,a2c__mask_false,maskable_dqn__mask_true,4347.323949,0.431641
eval_wall_s,a2c__mask_false,maskable_dqn__mask_true,4361.236904,0.431641
eval_wall_s,a2c__mask_false,maskable_dqn__mask_true,4375.149858,0.431641
eval_wall_s,a2c__mask_false,maskable_dqn__mask_true,4389.062813,0.431641
eval_wall_s,a2c__mask_false,maskable_dqn__mask_true,4402.975767,0.492188
eval_wall_s,a2c__mask_false,maskable_dqn__mask_true,4416.888722,0.492188
eval_wall_s,a2c__mask_false,maskable_dqn__mask_true,4430.801676,0.492188
eval_wall_s,a2c__mask_false,maskable_dqn__mask_true,4444.714631,0.492188
eval_wall_s,a2c__mask_false,maskable_dqn__mask_true,4458.627585,0.492188
eval_wall_s,a2c__mask_false,maskable_dqn__mask_true,4472.540540,0.492188
eval_wall_s,a2c__mask_false,maskable_dqn__mask_true,4486.453495,0.492188
eval_wall_s,a2c__mask_false,maskable_dqn__mask_true,4500.366449,0.556641
eval_wall_s,a2c__mask_false,maskable_dqn__mask_true,4514.279404,0.556641
eval_wall_s,a2c__mask_false,maskable_dqn__mask_true,4528.192358,0.556641
eval_wall_s,a2c__mask_false,maskable_dqn__mask_true,4542.105313,0.556641
eval_wall_s,a2c__mask_false,maskable_dqn__mask_true,4556.018267,0.556641
eval_wall_s,a2c__mask_false,maskable_dqn__mask_true,4569.931222,0.556641
eval_wall_s,a2c__mask_false,maskable_dqn__mask_true,4583.844176,0.556641
eval_wall_s,a2c__mask_false,maskable_dqn__mask_true,4597.757131,0.556641
eval_wall_s,a2c__mask_false,maskable_dqn__mask_true,4611.670085,0.625000
eval_wall_s,a2c__mask_false,maskable_dqn__mask_true,4625.583040,0.695312
eval_wall_s,a2c__mask_false,maskable_dqn__mask_true,4639.495995,0.769531
eval_wall_s,a2c__mask_false,maskable_dqn__mask_true,4653.408949,0.921875
eval_wall_s,a2c__mask_false,maskable_dqn__mask_true,4667.321904,1.000000
eval_wall_s,a2c__mask_false,maskable_dqn__mask_true,4681.234858,1.000000
eval_wall_s,a2c__mask_false,maskable_dqn__mask_true,4695.147813,1.000000
eval_wall_s,a2c__mask_false,maskable_dqn__mask_true,4709.060767,1.000000
eval_wall_s,a2c__mask_false,maskable_dqn__mask_true,4722.973722,0.921875
eval_wall_s,a2c__mask_false,maskable_dqn__mask_true,4736.886676,0.845703
eval_wall_s,a2c__mask_false,maskable_dqn__mask_true,4750.799631,0.845703
eval_wall_s,a2c__mask_false,maskable_dqn__mask_true,4764.712586,0.845703
eval_wall_s,a2c__mask_false,maskable_dqn__mask_true,4778.625540,0.845703
eval_wall_s,a2c__mask_false,maskable_dqn__mask_true,4792.538495,0.769531
eval_wall_s,a2c__mask_false,maskable_dqn__mask_true,4806.451449,0.695312
eval_wall_s,a2c__mask_false,maskable_dqn__mask_true,4820.364404,0.695312
eval_wall_s,a2c__mask_false,maskable_dqn__mask_true,4834.277358,0.695312
eval_wall_s,a2c__mask_false,maskable_dqn__mask_true,4848.190313,0.695312
eval_wall_s,a2c__mask_false,maskable_dqn__mask_true,4862.103267,0.695312
eval_wall_s,a2c__mask_false,maskable_dqn__mask_true,4876.016222,0.695312
eval_wall_s,a2c__mask_false,maskable_dqn__mask_true,4889.929177,0.695312
eval_wall_s,a2c__mask_false,maskable_dqn__mask_true,4903.842131,0.695312
eval_wall_s,a2c__mask_false,maskable_dqn__mask_true,4917.755086,0.695312
eval_wall_s,a2c__mask_false,maskable_dqn__mask_true,4931.668040,0.695312
eval_wall_s,a2c__mask_false,maskable_dqn__mask_true,4945.580995,0.695312
eval_wall_s,a2c__mask_false,maskable_dqn__mask_true,4959.493949,0.695312
eval_wall_s,a2c__mask_false,maskable_dqn__mask_true,4973.406904,0.695312
eval_wall_s,a2c__mask_false,maskable_dqn__mask_true,4987.319858,0.695312
eval_wall_s,a2c__mask_false,maskable_dqn__mask_true,5001.232813,0.695312
eval_wall_s,a2c__mask_false,maskable_dqn__mask_true,5015.145768,0.695312
eval_wall_s,a2c__mask_false,maskable_dqn__mask_true,5029.058722,0.695312
eval_wall_s,a2c__mask_false,maskable_dqn__mask_true,5042.971677,0.625000
eval_wall_s,a2c__mask_false,maskable_dqn__mask_true,5056.884631,0.492188
eval_wall_s,a2c__mask_false,maskable_dqn__mask_true,5070.797586,0.431641
eval_wall_s,a2c__mask_false,maskable_dqn__mask_true,5084.710540,0.431641
eval_wall_s,a2c__mask_false,maskable_dqn__mask_true,5098.623495,0.375000
eval_wall_s,a2c__mask_false,maskable_dqn__mask_true,5112.536449,0.322266
eval_wall_s,a2c__mask_false,maskable_dqn__mask_true,5126.449404,0.322266
eval_wall_s,a2c__mask_false,maskable_dqn__mask_true,5140.362359,0.275391
eval_wall_s,a2c__mask_false,maskable_dqn__mask_true,5154.275313,0.232422
eval_wall_s,a2c__mask_false,maskable_dqn__mask_true,5168.188268,0.193359
eval_wall_s,a2c__mask_false,maskable_dqn__mask_true,5182.101222,0.160156
eval_wall_s,a2c__mask_false,maskable_dqn__mask_true,5196.014177,0.160156
eval_wall_s,a2c__mask_false,maskable_dqn__mask_true,5209.927131,0.160156
eval_wall_s,a2c__mask_false,maskable_dqn__mask_true,5223.840086,0.130859
eval_wall_s,a2c__mask_false,maskable_dqn__mask_true,5237.753040,0.105469
eval_wall_s,a2c__mask_false,maskable_dqn__mask_true,5251.665995,0.105469
eval_wall_s,a2c__mask_false,maskable_dqn__mask_true,5265.578950,0.064453
eval_wall_s,a2c__mask_false,maskable_dqn__mask_true,5279.491904,0.064453
eval_wall_s,a2c__mask_false,maskable_dqn__mask_true,5293.404859,0.048828
eval_wall_s,a2c__mask_false,maskable_dqn__mask_true,5307.317813,0.048828
eval_wall_s,a2c__mask_false,maskable_dqn__mask_true,5321.230768,0.048828
eval_wall_s,a2c__mask_false,maskable_dqn__mask_true,5335.143722,0.048828
eval_wall_s,a2c__mask_false,maskable_dqn__mask_true,5349.056677,0.037109
eval_wall_s,a2c__mask_false,maskable_dqn__mask_true,5362.969631,0.037109
eval_wall_s,a2c__mask_false,maskable_dqn__mask_true,5376.882586,0.037109
eval_wall_s,a2c__mask_false,maskable_dqn__mask_true,5390.795541,0.037109
eval_wall_s,a2c__mask_false,maskable_dqn__mask_true,5404.708495,0.037109
eval_wall_s,a2c__mask_false,maskable_dqn__mask_true,5418.621450,0.027344
eval_wall_s,a2c__mask_false,maskable_dqn__mask_true,5432.534404,0.027344
eval_wall_s,a2c__mask_false,maskable_dqn__mask_true,5446.447359,0.027344
eval_wall_s,a2c__mask_false,maskable_dqn__mask_true,5460.360313,0.027344
eval_wall_s,a2c__mask_false,maskable_dqn__mask_true,5474.273268,0.027344
eval_wall_s,a2c__mask_false,maskable_dqn__mask_true,5488.186222,0.019531
eval_wall_s,a2c__mask_false,maskable_dqn__mask_true,5502.099177,0.019531
eval_wall_s,a2c__mask_false,maskable_dqn__mask_true,5516.012132,0.013672
eval_wall_s,a2c__mask_false,maskable_dqn__mask_true,5529.925086,0.013672
eval_wall_s,a2c__mask_false,maskable_dqn__mask_true,5543.838041,0.009766
eval_wall_s,a2c__mask_false,maskable_dqn__mask_true,5557.750995,0.009766
eval_wall_s,a2c__mask_false,maskable_dqn__mask_true,5571.663950,0.009766
eval_wall_s,a2c__mask_false,maskable_dqn__mask_true,5585.576904,0.009766
eval_wall_s,a2c__mask_false,maskable_dqn__mask_true,5599.489859,0.005859
eval_wall_s,a2c__mask_false,maskable_dqn__mask_true,5613.402813,0.005859
eval_wall_s,a2c__mask_false,maskable_dqn__mask_true,5627.315768,0.005859
eval_wall_s,a2c__mask_false,maskable_dqn__mask_true,5641.228722,0.005859
eval_wall_s,a2c__mask_false,maskable_dqn__mask_true,5655.141677,0.005859
eval_wall_s,a2c__mask_false,maskable_dqn__mask_true,5669.054632,0.003906
eval_wall_s,a2c__mask_false,maskable_dqn__mask_true,5682.967586,0.003906
eval_wall_s,a2c__mask_false,maskable_dqn__mask_true,5696.880541,0.003906
eval_wall_s,a2c__mask_false,maskable_dqn__mask_true,5710.793495,0.003906
eval_wall_s,a2c__mask_false,maskable_dqn__mask_true,5724.706450,0.003906
eval_wall_s,a2c__mask_false,maskable_dqn__mask_true,5738.619404,0.003906
eval_wall_s,a2c__mask_false,maskable_dqn__mask_true,5752.532359,0.003906
eval_wall_s,a2c__mask_false,maskable_dqn__mask_true,5766.445313,0.003906
eval_wall_s,a2c__mask_false,maskable_dqn__mask_true,5780.358268,0.003906
eval_wall_s,a2c__mask_false,maskable_dqn__mask_true,5794.271223,0.003906
eval_wall_s,a2c__mask_false,maskable_dqn__mask_true,5808.184177,0.003906
eval_wall_s,a2c__mask_false,maskable_dqn__mask_true,5822.097132,0.003906
eval_wall_s,a2c__mask_false,maskable_dqn__mask_true,5836.010086,0.003906
eval_wall_s,a2c__mask_false,maskable_dqn__mask_true,5849.923041,0.003906
eval_wall_s,a2c__mask_false,maskable_dqn__mask_true,5863.835995,0.003906
eval_wall_s,a2c__mask_false,maskable_ppo__mask_true,2845.055614,0.003906
eval_wall_s,a2c__mask_false,maskable_ppo__mask_true,2858.437151,0.003906
eval_wall_s,a2c__mask_false,maskable_ppo__mask_true,2871.818687,0.003906
eval_wall_s,a2c__mask_false,maskable_ppo__mask_true,2885.200224,0.003906
eval_wall_s,a2c__mask_false,maskable_ppo__mask_true,2898.581760,0.003906
eval_wall_s,a2c__mask_false,maskable_ppo__mask_true,2911.963297,0.003906
eval_wall_s,a2c__mask_false,maskable_ppo__mask_true,2925.344833,0.003906
eval_wall_s,a2c__mask_false,maskable_ppo__mask_true,2938.726370,0.003906
eval_wall_s,a2c__mask_false,maskable_ppo__mask_true,2952.107907,0.003906
eval_wall_s,a2c__mask_false,maskable_ppo__mask_true,2965.489443,0.003906
eval_wall_s,a2c__mask_false,maskable_ppo__mask_true,2978.870980,0.003906
eval_wall_s,a2c__mask_false,maskable_ppo__mask_true,2992.252516,0.003906
eval_wall_s,a2c__mask_false,maskable_ppo__mask_true,3005.634053,0.003906
eval_wall_s,a2c__mask_false,maskable_ppo__mask_true,3019.015589,0.003906
eval_wall_s,a2c__mask_false,maskable_ppo__mask_true,3032.397126,0.003906
eval_wall_s,a2c__mask_false,maskable_ppo__mask_true,3045.778662,0.005859
eval_wall_s,a2c__mask_false,maskable_ppo__mask_true,3059.160199,0.005859
eval_wall_s,a2c__mask_false,maskable_ppo__mask_true,3072.541735,0.005859
eval_wall_s,a2c__mask_false,maskable_ppo__mask_true,3085.923272,0.005859
eval_wall_s,a2c__mask_false,maskable_ppo__mask_true,3099.304809,0.005859
eval_wall_s,a2c__mask_false,maskable_ppo__mask_true,3112.686345,0.005859
eval_wall_s,a2c__mask_false,maskable_ppo__mask_true,3126.067882,0.005859
eval_wall_s,a2c__mask_false,maskable_ppo__mask_true,3139.449418,0.005859
eval_wall_s,a2c__mask_false,maskable_ppo__mask_true,3152.830955,0.005859
eval_wall_s,a2c__mask_false,maskable_ppo__mask_true,3166.212491,0.005859
eval_wall_s,a2c__mask_false,maskable_ppo__mask_true,3179.594028,0.005859
eval_wall_s,a2c__mask_false,maskable_ppo__mask_true,3192.975564,0.005859
eval_wall_s,a2c__mask_false,maskable_ppo__mask_true,3206.357101,0.005859
eval_wall_s,a2c__mask_false,maskable_ppo__mask_true,3219.738637,0.005859
eval_wall_s,a2c__mask_false,maskable_ppo__mask_true,3233.120174,0.005859
eval_wall_s,a2c__mask_false,maskable_ppo__mask_true,3246.501711,0.005859
eval_wall_s,a2c__mask_false,maskable_ppo__mask_true,3259.883247,0.005859
eval_wall_s,a2c__mask_false,maskable_ppo__mask_true,3273.264784,0.005859
eval_wall_s,a2c__mask_false,maskable_ppo__mask_true,3286.646320,0.009766
eval_wall_s,a2c__mask_false,maskable_ppo__mask_true,3300.027857,0.013672
eval_wall_s,a2c__mask_false,maskable_ppo__mask_true,3313.409393,0.013672
eval_wall_s,a2c__mask_false,maskable_ppo__mask_true,3326.790930,0.013672
eval_wall_s,a2c__mask_false,maskable_ppo__mask_true,3340.172466,0.013672
eval_wall_s,a2c__mask_false,maskable_ppo__mask_true,3353.554003,0.013672
eval_wall_s,a2c__mask_false,maskable_ppo__mask_true,3366.935539,0.019531
eval_wall_s,a2c__mask_false,maskable_ppo__mask_true,3380.317076,0.019531
eval_wall_s,a2c__mask_false,maskable_ppo__mask_true,3393.698613,0.019531
eval_wall_s,a2c__mask_false,maskable_ppo__mask_true,3407.080149,0.019531
eval_wall_s,a2c__mask_false,maskable_ppo__mask_true,3420.461686,0.019531
eval_wall_s,a2c__mask_false,maskable_ppo__mask_true,3433.843222,0.019531
eval_wall_s,a2c__mask_false,maskable_ppo__mask_true,3447.224759,0.019531
eval_wall_s,a2c__mask_false,maskable_ppo__mask_true,3460.606295,0.019531
eval_wall_s,a2c__mask_false,maskable_ppo__mask_true,3473.987832,0.019531
eval_wall_s,a2c__mask_false,maskable_ppo__mask_true,3487.369368,0.019531
eval_wall_s,a2c__mask_false,maskable_ppo__mask_true,3500.750905,0.019531
eval_wall_s,a2c__mask_false,maskable_ppo__mask_true,3514.132441,0.019531
eval_wall_s,a2c__mask_false,maskable_ppo__mask_true,3527.513978,0.019531
eval_wall_s,a2c__mask_false,maskable_ppo__mask_true,3540.895515,0.027344
eval_wall_s,a2c__mask_false,maskable_ppo__mask_true,3554.277051,0.027344
eval_wall_s,a2c__mask_false,maskable_ppo__mask_true,3567.658588,0.027344
eval_wall_s,a2c__mask_false,maskable_ppo__mask_true,3581.040124,0.027344
eval_wall_s,a2c__mask_false,maskable_ppo__mask_true,3594.421661,0.027344
eval_wall_s,a2c__mask_false,maskable_ppo__mask_true,3607.803197,0.037109
eval_wall_s,a2c__mask_false,maskable_ppo__mask_true,3621.184734,0.037109
eval_wall_s,a2c__mask_false,maskable_ppo__mask_true,3634.566270,0.037109
eval_wall_s,a2c__mask_false,maskable_ppo__mask_true,3647.947807,0.037109
eval_wall_s,a2c__mask_false,maskable_ppo__mask_true,3661.329343,0.037109
eval_wall_s,a2c__mask_false,maskable_ppo__mask_true,3674.710880,0.037109
eval_wall_s,a2c__mask_false,maskable_ppo__mask_true,3688.092417,0.037109
eval_wall_s,a2c__mask_false,maskable_ppo__mask_true,3701.473953,0.037109
eval_wall_s,a2c__mask_false,maskable_ppo__mask_true,3714.855490,0.037109
eval_wall_s,a2c__mask_false,maskable_ppo__mask_true,3728.237026,0.048828
eval_wall_s,a2c__mask_false,maskable_ppo__mask_true,3741.618563,0.048828
eval_wall_s,a2c__mask_false,maskable_ppo__mask_true,3755.000099,0.048828
eval_wall_s,a2c__mask_false,maskable_ppo__mask_true,3768.381636,0.048828
eval_wall_s,a2c__mask_false,maskable_ppo__mask_true,3781.763172,0.048828
eval_wall_s,a2c__mask_false,maskable_ppo__mask_true,3795.144709,0.083984
eval_wall_s,a2c__mask_false,maskable_ppo__mask_true,3808.526245,0.105469
eval_wall_s,a2c__mask_false,maskable_ppo__mask_true,3821.907782,0.105469
eval_wall_s,a2c__mask_false,maskable_ppo__mask_true,3835.289319,0.105469
eval_wall_s,a2c__mask_false,maskable_ppo__mask_true,3848.670855,0.105469
eval_wall_s,a2c__mask_false,maskable_ppo__mask_true,3862.052392,0.130859
eval_wall_s,a2c__mask_false,maskable_ppo__mask_true,3875.433928,0.130859
eval_wall_s,a2c__mask_false,maskable_ppo__mask_true,3888.815465,0.130859
eval_wall_s,a2c__mask_false,maskable_ppo__mask_true,3902.197001,0.130859
eval_wall_s,a2c__mask_false,maskable_ppo__mask_true,3915.578538,0.130859
eval_wall_s,a2c__mask_false,maskable_ppo__mask_true,3928.960074,0.160156
eval_wall_s,a2c__mask_false,maskable_ppo__mask_true,3942.341611,0.160156
eval_wall_s,a2c__mask_false,maskable_ppo__mask_true,3955.723147,0.160156
eval_wall_s,a2c__mask_false,maskable_ppo__mask_true,3969.104684,0.193359
eval_wall_s,a2c__mask_false,maskable_ppo__mask_true,3982.486221,0.193359
eval_wall_s,a2c__mask_false,maskable_ppo__mask_true,3995.867757,0.232422
eval_wall_s,a2c__mask_false,maskable_ppo__mask_true,4009.249294,0.275391
eval_wall_s,a2c__mask_false,maskable_ppo__mask_true,4022.630830,0.275391
eval_wall_s,a2c__mask_false,maskable_ppo__mask_true,4036.012367,0.322266
eval_wall_s,a2c__mask_false,maskable_ppo__mask_true,4049.393903,0.375000
eval_wall_s,a2c__mask_false,maskable_ppo__mask_true,4062.775440,0.375000
eval_wall_s,a2c__mask_false,maskable_ppo__mask_true,4076.156976,0.375000
eval_wall_s,a2c__mask_false,maskable_ppo__mask_true,4089.538513,0.375000
eval_wall_s,a2c__mask_false,maskable_ppo__mask_true,4102.920049,0.375000
eval_wall_s,a2c__mask_false,maskable_ppo__mask_true,4116.301586,0.375000
eval_wall_s,a2c__mask_false,maskable_ppo__mask_true,4129.683122,0.375000
eval_wall_s,a2c__mask_false,maskable_ppo__mask_true,4143.064659,0.375000
eval_wall_s,a2c__mask_false,maskable_ppo__mask_true,4156.446196,0.375000
eval_wall_s,a2c__mask_false,maskable_ppo__mask_true,4169.827732,0.375000
eval_wall_s,a2c__mask_false,maskable_ppo__mask_true,4183.209269,0.431641
eval_wall_s,a2c__mask_false,maskable_ppo__mask_true,4196.590805,0.431641
eval_wall_s,a2c__mask_false,maskable_ppo__mask_true,4209.972342,0.431641
eval_wall_s,a2c__mask_false,maskable_ppo__mask_true,4223.353878,0.492188
eval_wall_s,a2c__mask_false,maskable_ppo__mask_true,4236.735415,0.556641
eval_wall_s,a2c__mask_false,maskable_ppo__mask_true,4250.116951,0.625000
eval_wall_s,a2c__mask_false,maskable_ppo__mask_true,4263.498488,0.625000
eval_wall_s,a2c__mask_false,maskable_ppo__mask_true,4276.880024,0.625000
eval_wall_s,a2c__mask_false,maskable_ppo__mask_true,4290.261561,0.769531
eval_wall_s,a2c__mask_false,maskable_ppo__mask_true,4303.643098,0.845703
eval_wall_s,a2c__mask_false,maskable_ppo__mask_true,4317.024634,0.845703
eval_wall_s,a2c__mask_false,maskable_ppo__mask_true,4330.406171,0.845703
eval_wall_s,a2c__mask_false,maskable_ppo__mask_true,4343.787707,0.845703
eval_wall_s,a2c__mask_false,maskable_ppo__mask_true,4357.169244,0.921875
eval_wall_s,a2c__mask_false,maskable_ppo__mask_true,4370.550780,1.000000
eval_wall_s,a2c__mask_false,maskable_ppo__mask_true,4383.932317,1.000000
eval_wall_s,a2c__mask_false,maskable_ppo__mask_true,4397.313853,1.000000
eval_wall_s,a2c__mask_false,maskable_ppo__mask_true,4410.695390,1.000000
eval_wall_s,a2c__mask_false,maskable_ppo__mask_true,4424.076926,1.000000
eval_wall_s,a2c__mask_false,maskable_ppo__mask_true,4437.458463,1.000000
eval_wall_s,a2c__mask_false,maskable_ppo__mask_true,4450.840000,1.000000
eval_wall_s,a2c__mask_false,maskable_ppo__mask_true,4464.221536,1.000000
eval_wall_s,a2c__mask_false,maskable_ppo__mask_true,4477.603073,1.000000
eval_wall_s,a2c__mask_false,maskable_ppo__mask_true,4490.984609,0.921875
eval_wall_s,a2c__mask_false,maskable_ppo__mask_true,4504.366146,0.845703
eval_wall_s,a2c__mask_false,maskable_ppo__mask_true,4517.747682,0.845703
eval_wall_s,a2c__mask_false,maskable_ppo__mask_true,4531.129219,0.845703
eval_wall_s,a2c__mask_false,maskable_ppo__mask_true,4544.510755,0.845703
eval_wall_s,a2c__mask_false,maskable_ppo__mask_true,4557.892292,0.769531
eval_wall_s,a2c__mask_false,maskable_ppo__mask_true,4571.273828,0.695312
eval_wall_s,a2c__mask_false,maskable_ppo__mask_true,4584.655365,0.695312
eval_wall_s,a2c__mask_false,maskable_ppo__mask_true,4598.036902,0.695312
eval_wall_s,a2c__mask_false,maskable_ppo__mask_true,4611.418438,0.695312
eval_wall_s,a2c__mask_false,maskable_ppo__mask_true,4624.799975,0.695312
eval_wall_s,a2c__mask_false,maskable_ppo__mask_true,4638.181511,0.695312
eval_wall_s,a2c__mask_false,maskable_ppo__mask_true,4651.563048,0.625000
eval_wall_s,a2c__mask_false,maskable_ppo__mask_true,4664.944584,0.625000
eval_wall_s,a2c__mask_false,maskable_ppo__mask_true,4678.326121,0.556641
eval_wall_s,a2c__mask_false,maskable_ppo__mask_true,4691.707657,0.556641
eval_wall_s,a2c__mask_false,maskable_ppo__mask_true,4705.089194,0.556641
eval_wall_s,a2c__mask_false,maskable_ppo__mask_true,4718.470730,0.492188
eval_wall_s,a2c__mask_false,maskable_ppo__mask_true,4731.852267,0.375000
eval_wall_s,a2c__mask_false,maskable_ppo__mask_true,4745.233804,0.375000
eval_wall_s,a2c__mask_false,maskable_ppo__mask_true,4758.615340,0.375000
eval_wall_s,a2c__mask_false,maskable_ppo__mask_true,4771.996877,0.322266
eval_wall_s,a2c__mask_false,maskable_ppo__mask_true,4785.378413,0.322266
eval_wall_s,a2c__mask_false,maskable_ppo__mask_true,4798.759950,0.275391
eval_wall_s,a2c__mask_false,maskable_ppo__mask_true,4812.141486,0.232422
eval_wall_s,a2c__mask_false,maskable_ppo__mask_true,4825.523023,0.232422
eval_wall_s,a2c__mask_false,maskable_ppo__mask_true,4838.904559,0.232422
eval_wall_s,a2c__mask_false,maskable_ppo__mask_true,4852.286096,0.232422
eval_wall_s,a2c__mask_false,maskable_ppo__mask_true,4865.667632,0.232422
eval_wall_s,a2c__mask_false,maskable_ppo__mask_true,4879.049169,0.232422
eval_wall_s,a2c__mask_false,maskable_ppo__mask_true,4892.430706,0.232422
eval_wall_s,a2c__mask_false,maskable_ppo__mask_true,4905.812242,0.193359
eval_wall_s,a2c__mask_false,maskable_ppo__mask_true,4919.193779,0.193359
eval_wall_s,a2c__mask_false,maskable_ppo__mask_true,4932.575315,0.160156
eval_wall_s,a2c__mask_false,maskable_ppo__mask_true,4945.956852,0.160156
eval_wall_s,a2c__mask_false,maskable_ppo__mask_true,4959.338388,0.160156
eval_wall_s,a2c__mask_false,maskable_ppo__mask_true,4972.719925,0.130859
eval_wall_s,a2c__mask_false,maskable_ppo__mask_true,4986.101461,0.105469
eval_wall_s,a2c__mask_false,maskable_ppo__mask_true,4999.482998,0.083984
eval_wall_s,a2c__mask_false,maskable_ppo__mask_true,5012.864534,0.064453
eval_wall_s,a2c__mask_false,maskable_ppo__mask_true,5026.246071,0.064453
eval_wall_s,a2c__mask_false,maskable_ppo__mask_true,5039.627608,0.064453
eval_wall_s,a2c__mask_false,maskable_ppo__mask_true,5053.009144,0.064453
eval_wall_s,a2c__mask_false,maskable_ppo__mask_true,5066.390681,0.064453
eval_wall_s,a2c__mask_false,maskable_ppo__mask_true,5079.772217,0.064453
eval_wall_s,a2c__mask_false,maskable_ppo__mask_true,5093.153754,0.048828
eval_wall_s,a2c__mask_false,maskable_ppo__mask_true,5106.535290,0.048828
eval_wall_s,a2c__mask_false,maskable_ppo__mask_true,5119.916827,0.048828
eval_wall_s,a2c__mask_false,maskable_ppo__mask_true,5133.298363,0.048828
eval_wall_s,a2c__mask_false,maskable_ppo__mask_true,5146.679900,0.048828
eval_wall_s,a2c__mask_false,maskable_ppo__mask_true,5160.061436,0.037109
eval_wall_s,a2c__mask_false,maskable_ppo__mask_true,5173.442973,0.027344
eval_wall_s,a2c__mask_false,maskable_ppo__mask_true,5186.824510,0.013672
eval_wall_s,a2c__mask_false,maskable_ppo__mask_true,5200.206046,0.009766
eval_wall_s,a2c__mask_false,maskable_ppo__mask_true,5213.587583,0.009766
eval_wall_s,a2c__mask_false,maskable_ppo__mask_true,5226.969119,0.009766
eval_wall_s,a2c__mask_false,maskable_ppo__mask_true,5240.350656,0.009766
eval_wall_s,a2c__mask_false,maskable_ppo__mask_true,5253.732192,0.009766
eval_wall_s,a2c__mask_false,maskable_ppo__mask_true,5267.113729,0.009766
eval_wall_s,a2c__mask_false,maskable_ppo__mask_true,5280.495265,0.009766
eval_wall_s,a2c__mask_false,maskable_ppo__mask_true,5293.876802,0.009766
eval_wall_s,a2c__mask_false,maskable_ppo__mask_true,5307.258338,0.009766
eval_wall_s,a2c__mask_false,maskable_ppo__mask_true,5320.639875,0.009766
eval_wall_s,a2c__mask_false,maskable_ppo__mask_true,5334.021412,0.009766
eval_wall_s,a2c__mask_false,maskable_ppo__mask_true,5347.402948,0.009766
eval_wall_s,a2c__mask_false,maskable_ppo__mask_true,5360.784485,0.005859
eval_wall_s,a2c__mask_false,maskable_ppo__mask_true,5374.166021,0.003906
eval_wall_s,a2c__mask_false,maskable_ppo__mask_true,5387.547558,0.003906
eval_wall_s,a2c__mask_false,maskable_ppo__mask_true,5400.929094,0.003906
eval_wall_s,a2c__mask_false,maskable_ppo__mask_true,5414.310631,0.003906
eval_wall_s,a2c__mask_false,maskable_ppo__mask_true,5427.692167,0.003906
eval_wall_s,a2c__mask_false,maskable_ppo__mask_true,5441.073704,0.003906
eval_wall_s,a2c__mask_false,maskable_ppo__mask_true,5454.455240,0.003906
eval_wall_s,a2c__mask_false,maskable_ppo__mask_true,5467.836777,0.003906
eval_wall_s,a2c__mask_false,maskable_ppo__mask_true,5481.218314,0.003906
eval_wall_s,a2c__mask_false,maskable_ppo__mask_true,5494.599850,0.003906
eval_wall_s,a2c__mask_false,maskable_ppo__mask_true,5507.981387,0.003906
eval_wall_s,dqn__mask_false,maskable_dqn__mask_true,759.962332,0.003906
eval_wall_s,dqn__mask_false,maskable_dqn__mask_true,774.844729,0.003906
eval_wall_s,dqn__mask_false,maskable_dqn__mask_true,789.727126,0.003906
eval_wall_s,dqn__mask_false,maskable_dqn__mask_true,804.609524,0.003906
eval_wall_s,dqn__mask_false,maskable_dqn__mask_true,819.491921,0.003906
eval_wall_s,dqn__mask_false,maskable_dqn__mask_true,834.374318,0.003906
eval_wall_s,dqn__mask_false,maskable_dqn__mask_true,849.256715,0.003906
eval_wall_s,dqn__mask_false,maskable_dqn__mask_true,864.139112,0.003906
eval_wall_s,dqn__mask_false,maskable_dqn__mask_true,879.021510,0.003906
eval_wall_s,dqn__mask_false,maskable_dqn__mask_true,893.903907,0.003906
eval_wall_s,dqn__mask_false,maskable_dqn__mask_true,908.786304,0.003906
eval_wall_s,dqn__mask_false,maskable_dqn__mask_true,923.668701,0.003906
eval_wall_s,dqn__mask_false,maskable_dqn__mask_true,938.551099,0.003906
eval_wall_s,dqn__mask_false,maskable_dqn__mask_true,953.433496,0.003906
eval_wall_s,dqn__mask_false,maskable_dqn__mask_true,968.315893,0.003906
eval_wall_s,dqn__mask_false,maskable_dqn__mask_true,983.198290,0.005859
eval_wall_s,dqn__mask_false,maskable_dqn__mask_true,998.080688,0.005859
eval_wall_s,dqn__mask_false,maskable_dqn__mask_true,1012.963085,0.005859
eval_wall_s,dqn__mask_false,maskable_dqn__mask_true,1027.845482,0.005859
eval_wall_s,dqn__mask_false,maskable_dqn__mask_true,1042.727879,0.005859
eval_wall_s,dqn__mask_false,maskable_dqn__mask_true,1057.610276,0.005859
eval_wall_s,dqn__mask_false,maskable_dqn__mask_true,1072.492674,0.005859
eval_wall_s,dqn__mask_false,maskable_dqn__mask_true,1087.375071,0.005859
eval_wall_s,dqn__mask_false,maskable_dqn__mask_true,1102.257468,0.005859
eval_wall_s,dqn__mask_false,maskable_dqn__mask_true,1117.139865,0.009766
eval_wall_s,dqn__mask_false,maskable_dqn__mask_true,1132.022263,0.009766
eval_wall_s,dqn__mask_false,maskable_dqn__mask_true,1146.904660,0.009766
eval_wall_s,dqn__mask_false,maskable_dqn__mask_true,1161.787057,0.009766
eval_wall_s,dqn__mask_false,maskable_dqn__mask_true,1176.669454,0.009766
eval_wall_s,dqn__mask_false,maskable_dqn__mask_true,1191.551852,0.009766
eval_wall_s,dqn__mask_false,maskable_dqn__mask_true,1206.434249,0.009766
eval_wall_s,dqn__mask_false,maskable_dqn__mask_true,1221.316646,0.009766
eval_wall_s,dqn__mask_false,maskable_dqn__mask_true,1236.199043,0.013672
eval_wall_s,dqn__mask_false,maskable_dqn__mask_true,1251.081440,0.019531
eval_wall_s,dqn__mask_false,maskable_dqn__mask_true,1265.963838,0.019531
eval_wall_s,dqn__mask_false,maskable_dqn__mask_true,1280.846235,0.019531
eval_wall_s,dqn__mask_false,maskable_dqn__mask_true,1295.728632,0.019531
eval_wall_s,dqn__mask_false,maskable_dqn__mask_true,1310.611029,0.019531
eval_wall_s,dqn__mask_false,maskable_dqn__mask_true,1325.493427,0.019531
eval_wall_s,dqn__mask_false,maskable_dqn__mask_true,1340.375824,0.019531
eval_wall_s,dqn__mask_false,maskable_dqn__mask_true,1355.258221,0.019531
eval_wall_s,dqn__mask_false,maskable_dqn__mask_true,1370.140618,0.019531
eval_wall_s,dqn__mask_false,maskable_dqn__mask_true,1385.023016,0.027344
eval_wall_s,dqn__mask_false,maskable_dqn__mask_true,1399.905413,0.027344
eval_wall_s,dqn__mask_false,maskable_dqn__mask_true,1414.787810,0.027344
eval_wall_s,dqn__mask_false,maskable_dqn__mask_true,1429.670207,0.037109
eval_wall_s,dqn__mask_false,maskable_dqn__mask_true,1444.552604,0.037109
eval_wall_s,dqn__mask_false,maskable_dqn__mask_true,1459.435002,0.037109
eval_wall_s,dqn__mask_false,maskable_dqn__mask_true,1474.317399,0.037109
eval_wall_s,dqn__mask_false,maskable_dqn__mask_true,1489.199796,0.037109
eval_wall_s,dqn__mask_false,maskable_dqn__mask_true,1504.082193,0.048828
eval_wall_s,dqn__mask_false,maskable_dqn__mask_true,1518.964591,0.064453
eval_wall_s,dqn__mask_false,maskable_dqn__mask_true,1533.846988,0.064453
eval_wall_s,dqn__mask_false,maskable_dqn__mask_true,1548.729385,0.064453
eval_wall_s,dqn__mask_false,maskable_dqn__mask_true,1563.611782,0.105469
eval_wall_s,dqn__mask_false,maskable_dqn__mask_true,1578.494180,0.105469
eval_wall_s,dqn__mask_false,maskable_dqn__mask_true,1593.376577,0.105469
eval_wall_s,dqn__mask_false,maskable_dqn__mask_true,1608.258974,0.105469
eval_wall_s,dqn__mask_false,maskable_dqn__mask_true,1623.141371,0.105469
eval_wall_s,dqn__mask_false,maskable_dqn__mask_true,1638.023768,0.130859
eval_wall_s,dqn__mask_false,maskable_dqn__mask_true,1652.906166,0.130859
eval_wall_s,dqn__mask_false,maskable_dqn__mask_true,1667.788563,0.130859
eval_wall_s,dqn__mask_false,maskable_dqn__mask_true,1682.670960,0.130859
eval_wall_s,dqn__mask_false,maskable_dqn__mask_true,1697.553357,0.193359
eval_wall_s,dqn__mask_false,maskable_dqn__mask_true,1712.435755,0.193359
eval_wall_s,dqn__mask_false,maskable_dqn__mask_true,1727.318152,0.193359
eval_wall_s,dqn__mask_false,maskable_dqn__mask_true,1742.200549,0.193359
eval_wall_s,dqn__mask_false,maskable_dqn__mask_true,1757.082946,0.232422
eval_wall_s,dqn__mask_false,maskable_dqn__mask_true,1771.965344,0.232422
eval_wall_s,dqn__mask_false,maskable_dqn__mask_true,1786.847741,0.232422
eval_wall_s,dqn__mask_false,maskable_dqn__mask_true,1801.730138,0.232422
eval_wall_s,dqn__mask_false,maskable_dqn__mask_true,1816.612535,0.232422
eval_wall_s,dqn__mask_false,maskable_dqn__mask_true,1831.494932,0.375000
eval_wall_s,dqn__mask_false,maskable_dqn__mask_true,1846.377330,0.431641
eval_wall_s,dqn__mask_false,maskable_dqn__mask_true,1861.259727,0.431641
eval_wall_s,dqn__mask_false,maskable_dqn__mask_true,1876.142124,0.431641
eval_wall_s,dqn__mask_false,maskable_dqn__mask_true,1891.024521,0.431641
eval_wall_s,dqn__mask_false,maskable_dqn__mask_true,1905.906919,0.431641
eval_wall_s,dqn__mask_false,maskable_dqn__mask_true,1920.789316,0.431641
eval_wall_s,dqn__mask_false,maskable_dqn__mask_true,1935.671713,0.431641
eval_wall_s,dqn__mask_false,maskable_dqn__mask_true,1950.554110,0.492188
eval_wall_s,dqn__mask_false,maskable_dqn__mask_true,1965.436508,0.695312
eval_wall_s,dqn__mask_false,maskable_dqn__mask_true,1980.318905,0.695312
eval_wall_s,dqn__mask_false,maskable_dqn__mask_true,1995.201302,0.695312
eval_wall_s,dqn__mask_false,maskable_dqn__mask_true,2010.083699,0.695312
eval_wall_s,dqn__mask_false,maskable_dqn__mask_true,2024.966096,0.695312
eval_wall_s,dqn__mask_false,maskable_dqn__mask_true,2039.848494,0.695312
eval_wall_s,dqn__mask_false,maskable_dqn__mask_true,2054.730891,0.695312
eval_wall_s,dqn__mask_false,maskable_dqn__mask_true,2069.613288,0.695312
eval_wall_s,dqn__mask_false,maskable_dqn__mask_true,2084.495685,0.845703
eval_wall_s,dqn__mask_false,maskable_dqn__mask_true,2099.378083,1.000000
eval_wall_s,dqn__mask_false,maskable_dqn__mask_true,2114.260480,1.000000
eval_wall_s,dqn__mask_false,maskable_dqn__mask_true,2129.142877,1.000000
eval_wall_s,dqn__mask_false,maskable_dqn__mask_true,2144.025274,1.000000
eval_wall_s,dqn__mask_false,maskable_dqn__mask_true,2158.907672,1.000000
eval_wall_s,dqn__mask_false,maskable_dqn__mask_true,2173.790069,1.000000
eval_wall_s,dqn__mask_false,maskable_dqn__mask_true,2188.672466,1.000000
eval_wall_s,dqn__mask_false,maskable_dqn__mask_true,2203.554863,1.000000
eval_wall_s,dqn__mask_false,maskable_dqn__mask_true,2218.437260,0.921875
eval_wall_s,dqn__mask_false,maskable_dqn__mask_true,2233.319658,0.845703
eval_wall_s,dqn__mask_false,maskable_dqn__mask_true,2248.202055,0.845703
eval_wall_s,dqn__mask_false,maskable_dqn__mask_true,2263.084452,0.695312
eval_wall_s,dqn__mask_false,maskable_dqn__mask_true,2277.966849,0.625000
eval_wall_s,dqn__mask_false,maskable_dqn__mask_true,2292.849247,0.625000
eval_wall_s,dqn__mask_false,maskable_dqn__mask_true,2307.731644,0.625000
eval_wall_s,dqn__mask_false,maskable_dqn__mask_true,2322.614041,0.625000
eval_wall_s,dqn__mask_false,maskable_dqn__mask_true,2337.496438,0.625000
eval_wall_s,dqn__mask_false,maskable_dqn__mask_true,2352.378836,0.556641
eval_wall_s,dqn__mask_false,maskable_dqn__mask_true,2367.261233,0.556641
eval_wall_s,dqn__mask_false,maskable_dqn__mask_true,2382.143630,0.556641
eval_wall_s,dqn__mask_false,maskable_dqn__mask_true,2397.026027,0.492188
eval_wall_s,dqn__mask_false,maskable_dqn__mask_true,2411.908424,0.375000
eval_wall_s,dqn__mask_false,maskable_dqn__mask_true,2426.790822,0.322266
eval_wall_s,dqn__mask_false,maskable_dqn__mask_true,2441.673219,0.322266
eval_wall_s,dqn__mask_false,maskable_dqn__mask_true,2456.555616,0.322266
eval_wall_s,dqn__mask_false,maskable_dqn__mask_true,2471.438013,0.322266
eval_wall_s,dqn__mask_false,maskable_dqn__mask_true,2486.320411,0.322266
eval_wall_s,dqn__mask_false,maskable_dqn__mask_true,2501.202808,0.322266
eval_wall_s,dqn__mask_false,maskable_dqn__mask_true,2516.085205,0.322266
eval_wall_s,dqn__mask_false,maskable_dqn__mask_true,2530.967602,0.275391
eval_wall_s,dqn__mask_false,maskable_dqn__mask_true,2545.850000,0.160156
eval_wall_s,dqn__mask_false,maskable_dqn__mask_true,2560.732397,0.160156
eval_wall_s,dqn__mask_false,maskable_dqn__mask_true,2575.614794,0.160156
eval_wall_s,dqn__mask_false,maskable_dqn__mask_true,2590.497191,0.160156
eval_wall_s,dqn__mask_false,maskable_dqn__mask_true,2605.379589,0.160156
eval_wall_s,dqn__mask_false,maskable_dqn__mask_true,2620.261986,0.160156
eval_wall_s,dqn__mask_false,maskable_dqn__mask_true,2635.144383,0.160156
eval_wall_s,dqn__mask_false,maskable_dqn__mask_true,2650.026780,0.160156
eval_wall_s,dqn__mask_false,maskable_dqn__mask_true,2664.909177,0.130859
eval_wall_s,dqn__mask_false,maskable_dqn__mask_true,2679.791575,0.083984
eval_wall_s,dqn__mask_false,maskable_dqn__mask_true,2694.673972,0.064453
eval_wall_s,dqn__mask_false,maskable_dqn__mask_true,2709.556369,0.064453
eval_wall_s,dqn__mask_false,maskable_dqn__mask_true,2724.438766,0.064453
eval_wall_s,dqn__mask_false,maskable_dqn__mask_true,2739.321164,0.064453
eval_wall_s,dqn__mask_false,maskable_dqn__mask_true,2754.203561,0.064453
eval_wall_s,dqn__mask_false,maskable_dqn__mask_true,2769.085958,0.064453
eval_wall_s,dqn__mask_false,maskable_dqn__mask_true,2783.968355,0.048828
eval_wall_s,dqn__mask_false,maskable_dqn__mask_true,2798.850753,0.048828
eval_wall_s,dqn__mask_false,maskable_dqn__mask_true,2813.733150,0.037109
eval_wall_s,dqn__mask_false,maskable_dqn__mask_true,2828.615547,0.037109
eval_wall_s,dqn__mask_false,maskable_dqn__mask_true,2843.497944,0.037109
eval_wall_s,dqn__mask_false,maskable_dqn__mask_true,2858.380341,0.037109
eval_wall_s,dqn__mask_false,maskable_dqn__mask_true,2873.262739,0.037109
eval_wall_s,dqn__mask_false,maskable_dqn__mask_true,2888.145136,0.037109
eval_wall_s,dqn__mask_false,maskable_dqn__mask_true,2903.027533,0.037109
eval_wall_s,dqn__mask_false,maskable_dqn__mask_true,2917.909930,0.037109
eval_wall_s,dqn__mask_false,maskable_dqn__mask_true,2932.792328,0.037109
eval_wall_s,dqn__mask_false,maskable_dqn__mask_true,2947.674725,0.037109
eval_wall_s,dqn__mask_false,maskable_dqn__mask_true,2962.557122,0.027344
eval_wall_s,dqn__mask_false,maskable_dqn__mask_true,2977.439519,0.019531
eval_wall_s,dqn__mask_false,maskable_dqn__mask_true,2992.321917,0.019531
eval_wall_s,dqn__mask_false,maskable_dqn__mask_true,3007.204314,0.019531
eval_wall_s,dqn__mask_false,maskable_dqn__mask_true,3022.086711,0.019531
eval_wall_s,dqn__mask_false,maskable_dqn__mask_true,3036.969108,0.019531
eval_wall_s,dqn__mask_false,maskable_dqn__mask_true,3051.851505,0.019531
eval_wall_s,dqn__mask_false,maskable_dqn__mask_true,3066.733903,0.019531
eval_wall_s,dqn__mask_false,maskable_dqn__mask_true,3081.616300,0.019531
eval_wall_s,dqn__mask_false,maskable_dqn__mask_true,3096.498697,0.019531
eval_wall_s,dqn__mask_false,maskable_dqn__mask_true,3111.381094,0.009766
eval_wall_s,dqn__mask_false,maskable_dqn__mask_true,3126.263492,0.009766
eval_wall_s,dqn__mask_false,maskable_dqn__mask_true,3141.145889,0.009766
eval_wall_s,dqn__mask_false,maskable_dqn__mask_true,3156.028286,0.009766
eval_wall_s,dqn__mask_false,maskable_dqn__mask_true,3170.910683,0.009766
eval_wall_s,dqn__mask_false,maskable_dqn__mask_true,3185.793081,0.009766
eval_wall_s,dqn__mask_false,maskable_dqn__mask_true,3200.675478,0.009766
eval_wall_s,dqn__mask_false,maskable_dqn__mask_true,3215.557875,0.009766
eval_wall_s,dqn__mask_false,maskable_dqn__mask_true,3230.440272,0.009766
eval_wall_s,dqn__mask_false,maskable_dqn__mask_true,3245.322669,0.005859
eval_wall_s,dqn__mask_false,maskable_dqn__mask_true,3260.205067,0.005859
eval_wall_s,dqn__mask_false,maskable_dqn__mask_true,3275.087464,0.005859
eval_wall_s,dqn__mask_false,maskable_dqn__mask_true,3289.969861,0.005859
eval_wall_s,dqn__mask_false,maskable_dqn__mask_true,3304.852258,0.005859
eval_wall_s,dqn__mask_false,maskable_dqn__mask_true,3319.734656,0.005859
eval_wall_s,dqn__mask_false,maskable_dqn__mask_true,3334.617053,0.005859
eval_wall_s,dqn__mask_false,maskable_dqn__mask_true,3349.499450,0.005859
eval_wall_s,dqn__mask_false,maskable_dqn__mask_true,3364.381847,0.005859
eval_wall_s,dqn__mask_false,maskable_dqn__mask_true,3379.264245,0.003906
eval_wall_s,dqn__mask_false,maskable_dqn__mask_true,3394.146642,0.003906
eval_wall_s,dqn__mask_false,maskable_dqn__mask_true,3409.029039,0.003906
eval_wall_s,dqn__mask_false,maskable_dqn__mask_true,3423.911436,0.003906
eval_wall_s,dqn__mask_false,maskable_dqn__mask_true,3438.793833,0.003906
eval_wall_s,dqn__mask_false,maskable_dqn__mask_true,3453.676231,0.003906
eval_wall_s,dqn__mask_false,maskable_dqn__mask_true,3468.558628,0.003906
eval_wall_s,dqn__mask_false,maskable_dqn__mask_true,3483.441025,0.003906
eval_wall_s,dqn__mask_false,maskable_dqn__mask_true,3498.323422,0.003906
eval_wall_s,dqn__mask_false,maskable_dqn__mask_true,3513.205820,0.003906
eval_wall_s,dqn__mask_false,maskable_dqn__mask_true,3528.088217,0.003906
eval_wall_s,dqn__mask_false,maskable_dqn__mask_true,3542.970614,0.003906
eval_wall_s,dqn__mask_false,maskable_dqn__mask_true,3557.853011,0.003906
eval_wall_s,dqn__mask_false,maskable_dqn__mask_true,3572.735409,0.003906
eval_wall_s,dqn__mask_false,maskable_dqn__mask_true,3587.617806,0.003906
eval_wall_s,dqn__mask_false,maskable_dqn__mask_true,3602.500203,0.003906
eval_wall_s,dqn__mask_false,maskable_dqn__mask_true,3617.382600,0.003906
eval_wall_s,dqn__mask_false,maskable_dqn__mask_true,3632.264997,0.003906
eval_wall_s,dqn__mask_false,maskable_dqn__mask_true,3647.147395,0.003906
eval_wall_s,dqn__mask_false,maskable_dqn__mask_true,3662.029792,0.003906
eval_wall_s,dqn__mask_false,maskable_dqn__mask_true,3676.912189,0.003906
eval_wall_s,dqn__mask_false,maskable_dqn__mask_true,3691.794586,0.003906
eval_wall_s,dqn__mask_false,maskable_dqn__mask_true,3706.676984,0.003906
eval_wall_s,dqn__mask_false,maskable_dqn__mask_true,3721.559381,0.003906
eval_wall_s,maskable_dqn__mask_true,ppo__mask_false,-5436.567464,0.003906
eval_wall_s,maskable_dqn__mask_true,ppo__mask_false,-5424.585980,0.003906
eval_wall_s,maskable_dqn__mask_true,ppo__mask_false,-5412.604497,0.003906
eval_wall_s,maskable_dqn__mask_true,ppo__mask_false,-5400.623013,0.003906
eval_wall_s,maskable_dqn__mask_true,ppo__mask_false,-5388.641530,0.003906
eval_wall_s,maskable_dqn__mask_true,ppo__mask_false,-5376.660046,0.003906
eval_wall_s,maskable_dqn__mask_true,ppo__mask_false,-5364.678563,0.003906
eval_wall_s,maskable_dqn__mask_true,ppo__mask_false,-5352.697079,0.003906
eval_wall_s,maskable_dqn__mask_true,ppo__mask_false,-5340.715596,0.003906
eval_wall_s,maskable_dqn__mask_true,ppo__mask_false,-5328.734112,0.003906
eval_wall_s,maskable_dqn__mask_true,ppo__mask_false,-5316.752629,0.003906
eval_wall_s,maskable_dqn__mask_true,ppo__mask_false,-5304.771145,0.003906
eval_wall_s,maskable_dqn__mask_true,ppo__mask_false,-5292.789662,0.003906
eval_wall_s,maskable_dqn__mask_true,ppo__mask_false,-5280.808178,0.003906
eval_wall_s,maskable_dqn__mask_true,ppo__mask_false,-5268.826695,0.003906
eval_wall_s,maskable_dqn__mask_true,ppo__mask_false,-5256.845211,0.003906
eval_wall_s,maskable_dqn__mask_true,ppo__mask_false,-5244.863728,0.003906
eval_wall_s,maskable_dqn__mask_true,ppo__mask_false,-5232.882244,0.003906
eval_wall_s,maskable_dqn__mask_true,ppo__mask_false,-5220.900760,0.003906
eval_wall_s,maskable_dqn__mask_true,ppo__mask_false,-5208.919277,0.005859
eval_wall_s,maskable_dqn__mask_true,ppo__mask_false,-5196.937793,0.005859
eval_wall_s,maskable_dqn__mask_true,ppo__mask_false,-5184.956310,0.005859
eval_wall_s,maskable_dqn__mask_true,ppo__mask_false,-5172.974826,0.005859
eval_wall_s,maskable_dqn__mask_true,ppo__mask_false,-5160.993343,0.005859
eval_wall_s,maskable_dqn__mask_true,ppo__mask_false,-5149.011859,0.005859
eval_wall_s,maskable_dqn__mask_true,ppo__mask_false,-5137.030376,0.005859
eval_wall_s,maskable_dqn__mask_true,ppo__mask_false,-5125.048892,0.005859
eval_wall_s,maskable_dqn__mask_true,ppo__mask_false,-5113.067409,0.005859
eval_wall_s,maskable_dqn__mask_true,ppo__mask_false,-5101.085925,0.005859
eval_wall_s,maskable_dqn__mask_true,ppo__mask_false,-5089.104442,0.009766
eval_wall_s,maskable_dqn__mask_true,ppo__mask_false,-5077.122958,0.009766
eval_wall_s,maskable_dqn__mask_true,ppo__mask_false,-5065.141475,0.009766
eval_wall_s,maskable_dqn__mask_true,ppo__mask_false,-5053.159991,0.009766
eval_wall_s,maskable_dqn__mask_true,ppo__mask_false,-5041.178508,0.009766
eval_wall_s,maskable_dqn__mask_true,ppo__mask_false,-5029.197024,0.013672
eval_wall_s,maskable_dqn__mask_true,ppo__mask_false,-5017.215541,0.013672
eval_wall_s,maskable_dqn__mask_true,ppo__mask_false,-5005.234057,0.013672
eval_wall_s,maskable_dqn__mask_true,ppo__mask_false,-4993.252573,0.019531
eval_wall_s,maskable_dqn__mask_true,ppo__mask_false,-4981.271090,0.027344
eval_wall_s,maskable_dqn__mask_true,ppo__mask_false,-4969.289606,0.027344
eval_wall_s,maskable_dqn__mask_true,ppo__mask_false,-4957.308123,0.027344
eval_wall_s,maskable_dqn__mask_true,ppo__mask_false,-4945.326639,0.027344
eval_wall_s,maskable_dqn__mask_true,ppo__mask_false,-4933.345156,0.037109
eval_wall_s,maskable_dqn__mask_true,ppo__mask_false,-4921.363672,0.037109
eval_wall_s,maskable_dqn__mask_true,ppo__mask_false,-4909.382189,0.037109
eval_wall_s,maskable_dqn__mask_true,ppo__mask_false,-4897.400705,0.037109
eval_wall_s,maskable_dqn__mask_true,ppo__mask_false,-4885.419222,0.037109
eval_wall_s,maskable_dqn__mask_true,ppo__mask_false,-4873.437738,0.037109
eval_wall_s,maskable_dqn__mask_true,ppo__mask_false,-4861.456255,0.037109
eval_wall_s,maskable_dqn__mask_true,ppo__mask_false,-4849.474771,0.037109
eval_wall_s,maskable_dqn__mask_true,ppo__mask_false,-4837.493288,0.037109
eval_wall_s,maskable_dqn__mask_true,ppo__mask_false,-4825.511804,0.037109
eval_wall_s,maskable_dqn__mask_true,ppo__mask_false,-4813.530321,0.048828
eval_wall_s,maskable_dqn__mask_true,ppo__mask_false,-4801.548837,0.048828
eval_wall_s,maskable_dqn__mask_true,ppo__mask_false,-4789.567354,0.048828
eval_wall_s,maskable_dqn__mask_true,ppo__mask_false,-4777.585870,0.048828
eval_wall_s,maskable_dqn__mask_true,ppo__mask_false,-4765.604387,0.048828
eval_wall_s,maskable_dqn__mask_true,ppo__mask_false,-4753.622903,0.064453
eval_wall_s,maskable_dqn__mask_true,ppo__mask_false,-4741.641419,0.064453
eval_wall_s,maskable_dqn__mask_true,ppo__mask_false,-4729.659936,0.064453
eval_wall_s,maskable_dqn__mask_true,ppo__mask_false,-4717.678452,0.083984
eval_wall_s,maskable_dqn__mask_true,ppo__mask_false,-4705.696969,0.105469
eval_wall_s,maskable_dqn__mask_true,ppo__mask_false,-4693.715485,0.130859
eval_wall_s,maskable_dqn__mask_true,ppo__mask_false,-4681.734002,0.130859
eval_wall_s,maskable_dqn__mask_true,ppo__mask_false,-4669.752518,0.130859
eval_wall_s,maskable_dqn__mask_true,ppo__mask_false,-4657.771035,0.130859
eval_wall_s,maskable_dqn__mask_true,ppo__mask_false,-4645.789551,0.130859
eval_wall_s,maskable_dqn__mask_true,ppo__mask_false,-4633.808068,0.160156
eval_wall_s,maskable_dqn__mask_true,ppo__mask_false,-4621.826584,0.160156
eval_wall_s,maskable_dqn__mask_true,ppo__mask_false,-4609.845101,0.160156
eval_wall_s,maskable_dqn__mask_true,ppo__mask_false,-4597.863617,0.193359
eval_wall_s,maskable_dqn__mask_true,ppo__mask_false,-4585.882134,0.275391
eval_wall_s,maskable_dqn__mask_true,ppo__mask_false,-4573.900650,0.275391
eval_wall_s,maskable_dqn__mask_true,ppo__mask_false,-4561.919167,0.322266
eval_wall_s,maskable_dqn__mask_true,ppo__mask_false,-4549.937683,0.375000
eval_wall_s,maskable_dqn__mask_true,ppo__mask_false,-4537.956200,0.375000
eval_wall_s,maskable_dqn__mask_true,ppo__mask_false,-4525.974716,0.431641
eval_wall_s,maskable_dqn__mask_true,ppo__mask_false,-4513.993232,0.492188
eval_wall_s,maskable_dqn__mask_true,ppo__mask_false,-4502.011749,0.492188
eval_wall_s,maskable_dqn__mask_true,ppo__mask_false,-4490.030265,0.556641
eval_wall_s,maskable_dqn__mask_true,ppo__mask_false,-4478.048782,0.625000
eval_wall_s,maskable_dqn__mask_true,ppo__mask_false,-4466.067298,0.625000
eval_wall_s,maskable_dqn__mask_true,ppo__mask_false,-4454.085815,0.625000
eval_wall_s,maskable_dqn__mask_true,ppo__mask_false,-4442.104331,0.625000
eval_wall_s,maskable_dqn__mask_true,ppo__mask_false,-4430.122848,0.625000
eval_wall_s,maskable_dqn__mask_true,ppo__mask_false,-4418.141364,0.625000
eval_wall_s,maskable_dqn__mask_true,ppo__mask_false,-4406.159881,0.625000
eval_wall_s,maskable_dqn__mask_true,ppo__mask_false,-4394.178397,0.625000
eval_wall_s,maskable_dqn__mask_true,ppo__mask_false,-4382.196914,0.625000
eval_wall_s,maskable_dqn__mask_true,ppo__mask_false,-4370.215430,0.769531
eval_wall_s,maskable_dqn__mask_true,ppo__mask_false,-4358.233947,0.769531
eval_wall_s,maskable_dqn__mask_true,ppo__mask_false,-4346.252463,0.769531
eval_wall_s,maskable_dqn__mask_true,ppo__mask_false,-4334.270980,0.769531
eval_wall_s,maskable_dqn__mask_true,ppo__mask_false,-4322.289496,0.769531
eval_wall_s,maskable_dqn__mask_true,ppo__mask_false,-4310.308013,0.769531
eval_wall_s,maskable_dqn__mask_true,ppo__mask_false,-4298.326529,0.769531
eval_wall_s,maskable_dqn__mask_true,ppo__mask_false,-4286.345045,0.845703
eval_wall_s,maskable_dqn__mask_true,ppo__mask_false,-4274.363562,0.845703
eval_wall_s,maskable_dqn__mask_true,ppo__mask_false,-4262.382078,0.845703
eval_wall_s,maskable_dqn__mask_true,ppo__mask_false,-4250.400595,0.921875
eval_wall_s,maskable_dqn__mask_true,ppo__mask_false,-4238.419111,0.921875
eval_wall_s,maskable_dqn__mask_true,ppo__mask_false,-4226.437628,0.921875
eval_wall_s,maskable_dqn__mask_true,ppo__mask_false,-4214.456144,0.921875
eval_wall_s,maskable_dqn__mask_true,ppo__mask_false,-4202.474661,0.921875
eval_wall_s,maskable_dqn__mask_true,ppo__mask_false,-4190.493177,0.921875
eval_wall_s,maskable_dqn__mask_true,ppo__mask_false,-4178.511694,0.921875
eval_wall_s,maskable_dqn__mask_true,ppo__mask_false,-4166.530210,1.000000
eval_wall_s,maskable_dqn__mask_true,ppo__mask_false,-4154.548727,1.000000
eval_wall_s,maskable_dqn__mask_true,ppo__mask_false,-4142.567243,1.000000
eval_wall_s,maskable_dqn__mask_true,ppo__mask_false,-4130.585760,1.000000
eval_wall_s,maskable_dqn__mask_true,ppo__mask_false,-4118.604276,1.000000
eval_wall_s,maskable_dqn__mask_true,ppo__mask_false,-4106.622793,1.000000
eval_wall_s,maskable_dqn__mask_true,ppo__mask_false,-4094.641309,0.845703
eval_wall_s,maskable_dqn__mask_true,ppo__mask_false,-4082.659826,0.845703
eval_wall_s,maskable_dqn__mask_true,ppo__mask_false,-4070.678342,0.769531
eval_wall_s,maskable_dqn__mask_true,ppo__mask_false,-4058.696859,0.695312
eval_wall_s,maskable_dqn__mask_true,ppo__mask_false,-4046.715375,0.695312
eval_wall_s,maskable_dqn__mask_true,ppo__mask_false,-4034.733891,0.695312
eval_wall_s,maskable_dqn__mask_true,ppo__mask_false,-4022.752408,0.695312
eval_wall_s,maskable_dqn__mask_true,ppo__mask_false,-4010.770924,0.695312
eval_wall_s,maskable_dqn__mask_true,ppo__mask_false,-3998.789441,0.695312
eval_wall_s,maskable_dqn__mask_true,ppo__mask_false,-3986.807957,0.695312
eval_wall_s,maskable_dqn__mask_true,ppo__mask_false,-3974.826474,0.492188
eval_wall_s,maskable_dqn__mask_true,ppo__mask_false,-3962.844990,0.492188
eval_wall_s,maskable_dqn__mask_true,ppo__mask_false,-3950.863507,0.492188
eval_wall_s,maskable_dqn__mask_true,ppo__mask_false,-3938.882023,0.492188
eval_wall_s,maskable_dqn__mask_true,ppo__mask_false,-3926.900540,0.492188
eval_wall_s,maskable_dqn__mask_true,ppo__mask_false,-3914.919056,0.375000
eval_wall_s,maskable_dqn__mask_true,ppo__mask_false,-3902.937573,0.375000
eval_wall_s,maskable_dqn__mask_true,ppo__mask_false,-3890.956089,0.375000
eval_wall_s,maskable_dqn__mask_true,ppo__mask_false,-3878.974606,0.275391
eval_wall_s,maskable_dqn__mask_true,ppo__mask_false,-3866.993122,0.193359
eval_wall_s,maskable_dqn__mask_true,ppo__mask_false,-3855.011639,0.160156
eval_wall_s,maskable_dqn__mask_true,ppo__mask_false,-3843.030155,0.160156
eval_wall_s,maskable_dqn__mask_true,ppo__mask_false,-3831.048672,0.160156
eval_wall_s,maskable_dqn__mask_true,ppo__mask_false,-3819.067188,0.160156
eval_wall_s,maskable_dqn__mask_true,ppo__mask_false,-3807.085704,0.130859
eval_wall_s,maskable_dqn__mask_true,ppo__mask_false,-3795.104221,0.130859
eval_wall_s,maskable_dqn__mask_true,ppo__mask_false,-3783.122737,0.130859
eval_wall_s,maskable_dqn__mask_true,ppo__mask_false,-3771.141254,0.105469
eval_wall_s,maskable_dqn__mask_true,ppo__mask_false,-3759.159770,0.105469
eval_wall_s,maskable_dqn__mask_true,ppo__mask_false,-3747.178287,0.083984
eval_wall_s,maskable_dqn__mask_true,ppo__mask_false,-3735.196803,0.083984
eval_wall_s,maskable_dqn__mask_true,ppo__mask_false,-3723.215320,0.083984
eval_wall_s,maskable_dqn__mask_true,ppo__mask_false,-3711.233836,0.083984
eval_wall_s,maskable_dqn__mask_true,ppo__mask_false,-3699.252353,0.083984
eval_wall_s,maskable_dqn__mask_true,ppo__mask_false,-3687.270869,0.083984
eval_wall_s,maskable_dqn__mask_true,ppo__mask_false,-3675.289386,0.083984
eval_wall_s,maskable_dqn__mask_true,ppo__mask_false,-3663.307902,0.083984
eval_wall_s,maskable_dqn__mask_true,ppo__mask_false,-3651.326419,0.083984
eval_wall_s,maskable_dqn__mask_true,ppo__mask_false,-3639.344935,0.064453
eval_wall_s,maskable_dqn__mask_true,ppo__mask_false,-3627.363452,0.064453
eval_wall_s,maskable_dqn__mask_true,ppo__mask_false,-3615.381968,0.064453
eval_wall_s,maskable_dqn__mask_true,ppo__mask_false,-3603.400485,0.064453
eval_wall_s,maskable_dqn__mask_true,ppo__mask_false,-3591.419001,0.064453
eval_wall_s,maskable_dqn__mask_true,ppo__mask_false,-3579.437517,0.064453
eval_wall_s,maskable_dqn__mask_true,ppo__mask_false,-3567.456034,0.064453
eval_wall_s,maskable_dqn__mask_true,ppo__mask_false,-3555.474550,0.064453
eval_wall_s,maskable_dqn__mask_true,ppo__mask_false,-3543.493067,0.064453
eval_wall_s,maskable_dqn__mask_true,ppo__mask_false,-3531.511583,0.064453
eval_wall_s,maskable_dqn__mask_true,ppo__mask_false,-3519.530100,0.064453
eval_wall_s,maskable_dqn__mask_true,ppo__mask_false,-3507.548616,0.064453
eval_wall_s,maskable_dqn__mask_true,ppo__mask_false,-3495.567133,0.064453
eval_wall_s,maskable_dqn__mask_true,ppo__mask_false,-3483.585649,0.064453
eval_wall_s,maskable_dqn__mask_true,ppo__mask_false,-3471.604166,0.064453
eval_wall_s,maskable_dqn__mask_true,ppo__mask_false,-3459.622682,0.064453
eval_wall_s,maskable_dqn__mask_true,ppo__mask_false,-3447.641199,0.037109
eval_wall_s,maskable_dqn__mask_true,ppo__mask_false,-3435.659715,0.037109
eval_wall_s,maskable_dqn__mask_true,ppo__mask_false,-3423.678232,0.037109
eval_wall_s,maskable_dqn__mask_true,ppo__mask_false,-3411.696748,0.037109
eval_wall_s,maskable_dqn__mask_true,ppo__mask_false,-3399.715265,0.037109
eval_wall_s,maskable_dqn__mask_true,ppo__mask_false,-3387.733781,0.037109
eval_wall_s,maskable_dqn__mask_true,ppo__mask_false,-3375.752298,0.037109
eval_wall_s,maskable_dqn__mask_true,ppo__mask_false,-3363.770814,0.037109
eval_wall_s,maskable_dqn__mask_true,ppo__mask_false,-3351.789330,0.037109
eval_wall_s,maskable_dqn__mask_true,ppo__mask_false,-3339.807847,0.037109
eval_wall_s,maskable_dqn__mask_true,ppo__mask_false,-3327.826363,0.027344
eval_wall_s,maskable_dqn__mask_true,ppo__mask_false,-3315.844880,0.027344
eval_wall_s,maskable_dqn__mask_true,ppo__mask_false,-3303.863396,0.027344
eval_wall_s,maskable_dqn__mask_true,ppo__mask_false,-3291.881913,0.027344
eval_wall_s,maskable_dqn__mask_true,ppo__mask_false,-3279.900429,0.027344
eval_wall_s,maskable_dqn__mask_true,ppo__mask_false,-3267.918946,0.027344
eval_wall_s,maskable_dqn__mask_true,ppo__mask_false,-3255.937462,0.009766
eval_wall_s,maskable_dqn__mask_true,ppo__mask_false,-3243.955979,0.009766
eval_wall_s,maskable_dqn__mask_true,ppo__mask_false,-3231.974495,0.009766
eval_wall_s,maskable_dqn__mask_true,ppo__mask_false,-3219.993012,0.009766
eval_wall_s,maskable_dqn__mask_true,ppo__mask_false,-3208.011528,0.009766
eval_wall_s,maskable_dqn__mask_true,ppo__mask_false,-3196.030045,0.009766
eval_wall_s,maskable_dqn__mask_true,ppo__mask_false,-3184.048561,0.009766
eval_wall_s,maskable_dqn__mask_true,ppo__mask_false,-3172.067078,0.009766
eval_wall_s,maskable_dqn__mask_true,ppo__mask_false,-3160.085594,0.009766
eval_wall_s,maskable_dqn__mask_true,ppo__mask_false,-3148.104111,0.009766
eval_wall_s,maskable_dqn__mask_true,ppo__mask_false,-3136.122627,0.003906
eval_wall_s,maskable_dqn__mask_true,ppo__mask_false,-3124.141144,0.003906
eval_wall_s,maskable_dqn__mask_true,ppo__mask_false,-3112.159660,0.003906
eval_wall_s,maskable_dqn__mask_true,ppo__mask_false,-3100.178176,0.003906
eval_wall_s,maskable_dqn__mask_true,ppo__mask_false,-3088.196693,0.003906
eval_wall_s,maskable_dqn__mask_true,ppo__mask_false,-3076.215209,0.003906
eval_wall_s,maskable_dqn__mask_true,ppo__mask_false,-3064.233726,0.003906
eval_wall_s,maskable_dqn__mask_true,ppo__mask_false,-3052.252242,0.003906
eval_wall_s,maskable_ppo__mask_true,ppo__mask_false,-5186.465039,0.003906
eval_wall_s,maskable_ppo__mask_true,ppo__mask_false,-5174.458699,0.003906
eval_wall_s,maskable_ppo__mask_true,ppo__mask_false,-5162.452358,0.003906
eval_wall_s,maskable_ppo__mask_true,ppo__mask_false,-5150.446018,0.003906
eval_wall_s,maskable_ppo__mask_true,ppo__mask_false,-5138.439678,0.003906
eval_wall_s,maskable_ppo__mask_true,ppo__mask_false,-5126.433337,0.003906
eval_wall_s,maskable_ppo__mask_true,ppo__mask_false,-5114.426997,0.003906
eval_wall_s,maskable_ppo__mask_true,ppo__mask_false,-5102.420656,0.003906
eval_wall_s,maskable_ppo__mask_true,ppo__mask_false,-5090.414316,0.003906
eval_wall_s,maskable_ppo__mask_true,ppo__mask_false,-5078.407976,0.003906
eval_wall_s,maskable_ppo__mask_true,ppo__mask_false,-5066.401635,0.003906
eval_wall_s,maskable_ppo__mask_true,ppo__mask_false,-5054.395295,0.003906
eval_wall_s,maskable_ppo__mask_true,ppo__mask_false,-5042.388955,0.003906
eval_wall_s,maskable_ppo__mask_true,ppo__mask_false,-5030.382614,0.003906
eval_wall_s,maskable_ppo__mask_true,ppo__mask_false,-5018.376274,0.005859
eval_wall_s,maskable_ppo__mask_true,ppo__mask_false,-5006.369934,0.005859
eval_wall_s,maskable_ppo__mask_true,ppo__mask_false,-4994.363593,0.005859
eval_wall_s,maskable_ppo__mask_true,ppo__mask_false,-4982.357253,0.005859
eval_wall_s,maskable_ppo__mask_true,ppo__mask_false,-4970.350912,0.005859
eval_wall_s,maskable_ppo__mask_true,ppo__mask_false,-4958.344572,0.005859
eval_wall_s,maskable_ppo__mask_true,ppo__mask_false,-4946.338232,0.005859
eval_wall_s,maskable_ppo__mask_true,ppo__mask_false,-4934.331891,0.005859
eval_wall_s,maskable_ppo__mask_true,ppo__mask_false,-4922.325551,0.005859
eval_wall_s,maskable_ppo__mask_true,ppo__mask_false,-4910.319211,0.005859
eval_wall_s,maskable_ppo__mask_true,ppo__mask_false,-4898.312870,0.005859
eval_wall_s,maskable_ppo__mask_true,ppo__mask_false,-4886.306530,0.005859
eval_wall_s,maskable_ppo__mask_true,ppo__mask_false,-4874.300190,0.005859
eval_wall_s,maskable_ppo__mask_true,ppo__mask_false,-4862.293849,0.005859
eval_wall_s,maskable_ppo__mask_true,ppo__mask_false,-4850.287509,0.005859
eval_wall_s,maskable_ppo__mask_true,ppo__mask_false,-4838.281168,0.005859
eval_wall_s,maskable_ppo__mask_true,ppo__mask_false,-4826.274828,0.005859
eval_wall_s,maskable_ppo__mask_true,ppo__mask_false,-4814.268488,0.013672
eval_wall_s,maskable_ppo__mask_true,ppo__mask_false,-4802.262147,0.013672
eval_wall_s,maskable_ppo__mask_true,ppo__mask_false,-4790.255807,0.013672
eval_wall_s,maskable_ppo__mask_true,ppo__mask_false,-4778.249467,0.013672
eval_wall_s,maskable_ppo__mask_true,ppo__mask_false,-4766.243126,0.013672
eval_wall_s,maskable_ppo__mask_true,ppo__mask_false,-4754.236786,0.013672
eval_wall_s,maskable_ppo__mask_true,ppo__mask_false,-4742.230446,0.013672
eval_wall_s,maskable_ppo__mask_true,ppo__mask_false,-4730.224105,0.019531
eval_wall_s,maskable_ppo__mask_true,ppo__mask_false,-4718.217765,0.027344
eval_wall_s,maskable_ppo__mask_true,ppo__mask_false,-4706.211424,0.027344
eval_wall_s,maskable_ppo__mask_true,ppo__mask_false,-4694.205084,0.027344
eval_wall_s,maskable_ppo__mask_true,ppo__mask_false,-4682.198744,0.037109
eval_wall_s,maskable_ppo__mask_true,ppo__mask_false,-4670.192403,0.037109
eval_wall_s,maskable_ppo__mask_true,ppo__mask_false,-4658.186063,0.037109
eval_wall_s,maskable_ppo__mask_true,ppo__mask_false,-4646.179723,0.037109
eval_wall_s,maskable_ppo__mask_true,ppo__mask_false,-4634.173382,0.037109
eval_wall_s,maskable_ppo__mask_true,ppo__mask_false,-4622.167042,0.037109
eval_wall_s,maskable_ppo__mask_true,ppo__mask_false,-4610.160701,0.048828
eval_wall_s,maskable_ppo__mask_true,ppo__mask_false,-4598.154361,0.048828
eval_wall_s,maskable_ppo__mask_true,ppo__mask_false,-4586.148021,0.048828
eval_wall_s,maskable_ppo__mask_true,ppo__mask_false,-4574.141680,0.048828
eval_wall_s,maskable_ppo__mask_true,ppo__mask_false,-4562.135340,0.048828
eval_wall_s,maskable_ppo__mask_true,ppo__mask_false,-4550.129000,0.048828
eval_wall_s,maskable_ppo__mask_true,ppo__mask_false,-4538.122659,0.048828
eval_wall_s,maskable_ppo__mask_true,ppo__mask_false,-4526.116319,0.064453
eval_wall_s,maskable_ppo__mask_true,ppo__mask_false,-4514.109979,0.083984
eval_wall_s,maskable_ppo__mask_true,ppo__mask_false,-4502.103638,0.083984
eval_wall_s,maskable_ppo__mask_true,ppo__mask_false,-4490.097298,0.083984
eval_wall_s,maskable_ppo__mask_true,ppo__mask_false,-4478.090957,0.105469
eval_wall_s,maskable_ppo__mask_true,ppo__mask_false,-4466.084617,0.105469
eval_wall_s,maskable_ppo__mask_true,ppo__mask_false,-4454.078277,0.105469
eval_wall_s,maskable_ppo__mask_true,ppo__mask_false,-4442.071936,0.105469
eval_wall_s,maskable_ppo__mask_true,ppo__mask_false,-4430.065596,0.105469
eval_wall_s,maskable_ppo__mask_true,ppo__mask_false,-4418.059256,0.105469
eval_wall_s,maskable_ppo__mask_true,ppo__mask_false,-4406.052915,0.130859
eval_wall_s,maskable_ppo__mask_true,ppo__mask_false,-4394.046575,0.130859
eval_wall_s,maskable_ppo__mask_true,ppo__mask_false,-4382.040235,0.130859
eval_wall_s,maskable_ppo__mask_true,ppo__mask_false,-4370.033894,0.130859
eval_wall_s,maskable_ppo__mask_true,ppo__mask_false,-4358.027554,0.130859
eval_wall_s,maskable_ppo__mask_true,ppo__mask_false,-4346.021213,0.130859
eval_wall_s,maskable_ppo__mask_true,ppo__mask_false,-4334.014873,0.130859
eval_wall_s,maskable_ppo__mask_true,ppo__mask_false,-4322.008533,0.160156
eval_wall_s,maskable_ppo__mask_true,ppo__mask_false,-4310.002192,0.232422
eval_wall_s,maskable_ppo__mask_true,ppo__mask_false,-4297.995852,0.232422
eval_wall_s,maskable_ppo__mask_true,ppo__mask_false,-4285.989512,0.232422
eval_wall_s,maskable_ppo__mask_true,ppo__mask_false,-4273.983171,0.275391
eval_wall_s,maskable_ppo__mask_true,ppo__mask_false,-4261.976831,0.275391
eval_wall_s,maskable_ppo__mask_true,ppo__mask_false,-4249.970490,0.275391
eval_wall_s,maskable_ppo__mask_true,ppo__mask_false,-4237.964150,0.322266
eval_wall_s,maskable_ppo__mask_true,ppo__mask_false,-4225.957810,0.375000
eval_wall_s,maskable_ppo__mask_true,ppo__mask_false,-4213.951469,0.431641
eval_wall_s,maskable_ppo__mask_true,ppo__mask_false,-4201.945129,0.431641
eval_wall_s,maskable_ppo__mask_true,ppo__mask_false,-4189.938789,0.492188
eval_wall_s,maskable_ppo__mask_true,ppo__mask_false,-4177.932448,0.556641
eval_wall_s,maskable_ppo__mask_true,ppo__mask_false,-4165.926108,0.556641
eval_wall_s,maskable_ppo__mask_true,ppo__mask_false,-4153.919768,0.556641
eval_wall_s,maskable_ppo__mask_true,ppo__mask_false,-4141.913427,0.625000
eval_wall_s,maskable_ppo__mask_true,ppo__mask_false,-4129.907087,0.625000
eval_wall_s,maskable_ppo__mask_true,ppo__mask_false,-4117.900746,0.625000
eval_wall_s,maskable_ppo__mask_true,ppo__mask_false,-4105.894406,0.769531
eval_wall_s,maskable_ppo__mask_true,ppo__mask_false,-4093.888066,0.769531
eval_wall_s,maskable_ppo__mask_true,ppo__mask_false,-4081.881725,0.769531
eval_wall_s,maskable_ppo__mask_true,ppo__mask_false,-4069.875385,0.769531
eval_wall_s,maskable_ppo__mask_true,ppo__mask_false,-4057.869045,0.769531
eval_wall_s,maskable_ppo__mask_true,ppo__mask_false,-4045.862704,0.769531
eval_wall_s,maskable_ppo__mask_true,ppo__mask_false,-4033.856364,0.845703
eval_wall_s,maskable_ppo__mask_true,ppo__mask_false,-4021.850024,0.845703
eval_wall_s,maskable_ppo__mask_true,ppo__mask_false,-4009.843683,0.845703
eval_wall_s,maskable_ppo__mask_true,ppo__mask_false,-3997.837343,0.921875
eval_wall_s,maskable_ppo__mask_true,ppo__mask_false,-3985.831002,0.921875
eval_wall_s,maskable_ppo__mask_true,ppo__mask_false,-3973.824662,0.921875
eval_wall_s,maskable_ppo__mask_true,ppo__mask_false,-3961.818322,0.921875
eval_wall_s,maskable_ppo__mask_true,ppo__mask_false,-3949.811981,0.921875
eval_wall_s,maskable_ppo__mask_true,ppo__mask_false,-3937.805641,0.921875
eval_wall_s,maskable_ppo__mask_true,ppo__mask_false,-3925.799301,0.921875
eval_wall_s,maskable_ppo__mask_true,ppo__mask_false,-3913.792960,0.921875
eval_wall_s,maskable_ppo__mask_true,ppo__mask_false,-3901.786620,1.000000
eval_wall_s,maskable_ppo__mask_true,ppo__mask_false,-3889.780280,1.000000
eval_wall_s,maskable_ppo__mask_true,ppo__mask_false,-3877.773939,1.000000
eval_wall_s,maskable_ppo__mask_true,ppo__mask_false,-3865.767599,1.000000
eval_wall_s,maskable_ppo__mask_true,ppo__mask_false,-3853.761258,1.000000
eval_wall_s,maskable_ppo__mask_true,ppo__mask_false,-3841.754918,0.921875
eval_wall_s,maskable_ppo__mask_true,ppo__mask_false,-3829.748578,0.921875
eval_wall_s,maskable_ppo__mask_true,ppo__mask_false,-3817.742237,0.769531
eval_wall_s,maskable_ppo__mask_true,ppo__mask_false,-3805.735897,0.769531
eval_wall_s,maskable_ppo__mask_true,ppo__mask_false,-3793.729557,0.695312
eval_wall_s,maskable_ppo__mask_true,ppo__mask_false,-3781.723216,0.695312
eval_wall_s,maskable_ppo__mask_true,ppo__mask_false,-3769.716876,0.625000
eval_wall_s,maskable_ppo__mask_true,ppo__mask_false,-3757.710535,0.625000
eval_wall_s,maskable_ppo__mask_true,ppo__mask_false,-3745.704195,0.625000
eval_wall_s,maskable_ppo__mask_true,ppo__mask_false,-3733.697855,0.625000
eval_wall_s,maskable_ppo__mask_true,ppo__mask_false,-3721.691514,0.625000
eval_wall_s,maskable_ppo__mask_true,ppo__mask_false,-3709.685174,0.625000
eval_wall_s,maskable_ppo__mask_true,ppo__mask_false,-3697.678834,0.556641
eval_wall_s,maskable_ppo__mask_true,ppo__mask_false,-3685.672493,0.556641
eval_wall_s,maskable_ppo__mask_true,ppo__mask_false,-3673.666153,0.556641
eval_wall_s,maskable_ppo__mask_true,ppo__mask_false,-3661.659813,0.556641
eval_wall_s,maskable_ppo__mask_true,ppo__mask_false,-3649.653472,0.556641
eval_wall_s,maskable_ppo__mask_true,ppo__mask_false,-3637.647132,0.492188
eval_wall_s,maskable_ppo__mask_true,ppo__mask_false,-3625.640791,0.492188
eval_wall_s,maskable_ppo__mask_true,ppo__mask_false,-3613.634451,0.431641
eval_wall_s,maskable_ppo__mask_true,ppo__mask_false,-3601.628111,0.322266
eval_wall_s,maskable_ppo__mask_true,ppo__mask_false,-3589.621770,0.322266
eval_wall_s,maskable_ppo__mask_true,ppo__mask_false,-3577.615430,0.322266
eval_wall_s,maskable_ppo__mask_true,ppo__mask_false,-3565.609090,0.275391
eval_wall_s,maskable_ppo__mask_true,ppo__mask_false,-3553.602749,0.275391
eval_wall_s,maskable_ppo__mask_true,ppo__mask_false,-3541.596409,0.193359
eval_wall_s,maskable_ppo__mask_true,ppo__mask_false,-3529.590069,0.193359
eval_wall_s,maskable_ppo__mask_true,ppo__mask_false,-3517.583728,0.193359
eval_wall_s,maskable_ppo__mask_true,ppo__mask_false,-3505.577388,0.105469
eval_wall_s,maskable_ppo__mask_true,ppo__mask_false,-3493.571047,0.105469
eval_wall_s,maskable_ppo__mask_true,ppo__mask_false,-3481.564707,0.105469
eval_wall_s,maskable_ppo__mask_true,ppo__mask_false,-3469.558367,0.105469
eval_wall_s,maskable_ppo__mask_true,ppo__mask_false,-3457.552026,0.083984
eval_wall_s,maskable_ppo__mask_true,ppo__mask_false,-3445.545686,0.083984
eval_wall_s,maskable_ppo__mask_true,ppo__mask_false,-3433.539346,0.083984
eval_wall_s,maskable_ppo__mask_true,ppo__mask_false,-3421.533005,0.083984
eval_wall_s,maskable_ppo__mask_true,ppo__mask_false,-3409.526665,0.064453
eval_wall_s,maskable_ppo__mask_true,ppo__mask_false,-3397.520324,0.064453
eval_wall_s,maskable_ppo__mask_true,ppo__mask_false,-3385.513984,0.064453
eval_wall_s,maskable_ppo__mask_true,ppo__mask_false,-3373.507644,0.064453
eval_wall_s,maskable_ppo__mask_true,ppo__mask_false,-3361.501303,0.064453
eval_wall_s,maskable_ppo__mask_true,ppo__mask_false,-3349.494963,0.064453
eval_wall_s,maskable_ppo__mask_true,ppo__mask_false,-3337.488623,0.064453
eval_wall_s,maskable_ppo__mask_true,ppo__mask_false,-3325.482282,0.064453
eval_wall_s,maskable_ppo__mask_true,ppo__mask_false,-3313.475942,0.064453
eval_wall_s,maskable_ppo__mask_true,ppo__mask_false,-3301.469602,0.064453
eval_wall_s,maskable_ppo__mask_true,ppo__mask_false,-3289.463261,0.064453
eval_wall_s,maskable_ppo__mask_true,ppo__mask_false,-3277.456921,0.064453
eval_wall_s,maskable_ppo__mask_true,ppo__mask_false,-3265.450580,0.064453
eval_wall_s,maskable_ppo__mask_true,ppo__mask_false,-3253.444240,0.064453
eval_wall_s,maskable_ppo__mask_true,ppo__mask_false,-3241.437900,0.064453
eval_wall_s,maskable_ppo__mask_true,ppo__mask_false,-3229.431559,0.064453
eval_wall_s,maskable_ppo__mask_true,ppo__mask_false,-3217.425219,0.064453
eval_wall_s,maskable_ppo__mask_true,ppo__mask_false,-3205.418879,0.064453
eval_wall_s,maskable_ppo__mask_true,ppo__mask_false,-3193.412538,0.048828
eval_wall_s,maskable_ppo__mask_true,ppo__mask_false,-3181.406198,0.048828
eval_wall_s,maskable_ppo__mask_true,ppo__mask_false,-3169.399858,0.048828
eval_wall_s,maskable_ppo__mask_true,ppo__mask_false,-3157.393517,0.048828
eval_wall_s,maskable_ppo__mask_true,ppo__mask_false,-3145.387177,0.048828
eval_wall_s,maskable_ppo__mask_true,ppo__mask_false,-3133.380836,0.037109
eval_wall_s,maskable_ppo__mask_true,ppo__mask_false,-3121.374496,0.037109
eval_wall_s,maskable_ppo__mask_true,ppo__mask_false,-3109.368156,0.037109
eval_wall_s,maskable_ppo__mask_true,ppo__mask_false,-3097.361815,0.027344
eval_wall_s,maskable_ppo__mask_true,ppo__mask_false,-3085.355475,0.027344
eval_wall_s,maskable_ppo__mask_true,ppo__mask_false,-3073.349135,0.027344
eval_wall_s,maskable_ppo__mask_true,ppo__mask_false,-3061.342794,0.027344
eval_wall_s,maskable_ppo__mask_true,ppo__mask_false,-3049.336454,0.027344
eval_wall_s,maskable_ppo__mask_true,ppo__mask_false,-3037.330114,0.027344
eval_wall_s,maskable_ppo__mask_true,ppo__mask_false,-3025.323773,0.027344
eval_wall_s,maskable_ppo__mask_true,ppo__mask_false,-3013.317433,0.027344
eval_wall_s,maskable_ppo__mask_true,ppo__mask_false,-3001.311092,0.027344
eval_wall_s,maskable_ppo__mask_true,ppo__mask_false,-2989.304752,0.019531
eval_wall_s,maskable_ppo__mask_true,ppo__mask_false,-2977.298412,0.019531
eval_wall_s,maskable_ppo__mask_true,ppo__mask_false,-2965.292071,0.019531
eval_wall_s,maskable_ppo__mask_true,ppo__mask_false,-2953.285731,0.019531
eval_wall_s,maskable_ppo__mask_true,ppo__mask_false,-2941.279391,0.019531
eval_wall_s,maskable_ppo__mask_true,ppo__mask_false,-2929.273050,0.013672
eval_wall_s,maskable_ppo__mask_true,ppo__mask_false,-2917.266710,0.013672
eval_wall_s,maskable_ppo__mask_true,ppo__mask_false,-2905.260369,0.013672
eval_wall_s,maskable_ppo__mask_true,ppo__mask_false,-2893.254029,0.013672
eval_wall_s,maskable_ppo__mask_true,ppo__mask_false,-2881.247689,0.009766
eval_wall_s,maskable_ppo__mask_true,ppo__mask_false,-2869.241348,0.009766
eval_wall_s,maskable_ppo__mask_true,ppo__mask_false,-2857.235008,0.005859
eval_wall_s,maskable_ppo__mask_true,ppo__mask_false,-2845.228668,0.005859
eval_wall_s,maskable_ppo__mask_true,ppo__mask_false,-2833.222327,0.005859
eval_wall_s,maskable_ppo__mask_true,ppo__mask_false,-2821.215987,0.003906
eval_wall_s,maskable_ppo__mask_true,ppo__mask_false,-2809.209647,0.003906
eval_wall_s,maskable_ppo__mask_true,ppo__mask_false,-2797.203306,0.003906
